# Blender 5.0.1
# www.blender.org
mtllib MesaS4.mtl
o MesaS4
v -1.436958 3.755707 0.263241
v -1.436910 3.728229 0.263199
v -2.739085 3.728291 0.374542
v -2.739134 3.755768 0.374584
v -2.615162 3.728510 0.374642
v -2.615211 3.755987 0.374684
v -2.688218 3.730679 0.330774
v -2.688112 3.670655 0.330684
v -2.682707 3.667589 0.335628
v -2.682819 3.730681 0.335723
v -2.687939 3.600301 0.270075
v -2.682455 3.597267 0.274690
v -2.671375 3.730701 0.335732
v -2.671263 3.667609 0.335637
v -2.665861 3.670694 0.330701
v -2.665967 3.730718 0.330792
v -2.671249 3.597334 0.274741
v -2.665688 3.600340 0.270092
v -2.682444 3.593954 0.268031
v -2.671158 3.593974 0.268040
v -1.435137 3.759223 -2.008432
v -1.435089 3.731745 -2.008475
v -2.737084 3.732154 -2.121905
v -2.737133 3.759632 -2.121862
v -2.613161 3.732373 -2.121805
v -2.613210 3.759851 -2.121763
v -2.686287 3.734407 -2.078048
v -2.686181 3.674383 -2.078144
v -2.680768 3.671333 -2.083089
v -2.680880 3.734424 -2.082989
v -2.686105 3.603842 -2.017752
v -2.680613 3.600822 -2.022369
v -2.669436 3.734444 -2.082980
v -2.669324 3.671353 -2.083079
v -2.663930 3.674423 -2.078125
v -2.664036 3.734446 -2.078031
v -2.669407 3.600890 -2.022401
v -2.663854 3.603881 -2.017735
v -2.680613 3.597488 -2.015720
v -2.669327 3.597508 -2.015711
v -2.687253 3.732543 -0.873637
v -2.664896 3.672558 -0.873712
v -2.664771 3.602110 -0.873821
v -2.681528 3.595721 -0.873844
v -2.687022 3.602071 -0.873839
v -2.670282 3.595741 -0.873835
v -2.687147 3.672519 -0.873730
v -2.665001 3.732582 -0.873619
v -2.738133 3.757700 -0.873639
v -2.614210 3.757919 -0.873539
v -2.614162 3.730441 -0.873582
v -2.738085 3.730222 -0.873681
v -1.435999 3.729987 -0.872638
v -1.436048 3.757465 -0.872595
v -2.716227 3.651170 0.057236
v -2.716268 3.671785 0.063599
v -2.721845 3.671775 0.063594
v -2.721804 3.651160 0.057232
v -2.716300 3.692419 0.057300
v -2.721877 3.692409 0.057296
v -2.716302 3.700985 0.042030
v -2.721879 3.700975 0.042026
v -2.716275 3.692466 0.026734
v -2.721852 3.692456 0.026730
v -2.716234 3.671852 0.020372
v -2.721811 3.671842 0.020368
v -2.716202 3.651217 0.026670
v -2.721779 3.651207 0.026666
v -2.716199 3.642650 0.041940
v -2.721776 3.642641 0.041936
v -2.733780 3.662656 0.048716
v -2.733799 3.671773 0.051530
v -2.733791 3.671787 0.041971
v -2.733812 3.680898 0.048744
v -2.733814 3.684686 0.041991
v -2.733801 3.680918 0.035227
v -2.733783 3.671802 0.032413
v -2.733769 3.662677 0.035198
v -2.733768 3.658888 0.041951
v -2.727498 3.671776 0.056868
v -2.727469 3.657572 0.052484
v -2.727519 3.685993 0.052528
v -2.727521 3.691895 0.042007
v -2.727502 3.686025 0.031468
v -2.727474 3.671822 0.027085
v -2.727452 3.657604 0.031424
v -2.727450 3.651702 0.041945
v -2.737431 3.671758 0.056860
v -2.737402 3.657554 0.052476
v -2.737453 3.685976 0.052520
v -2.737454 3.691877 0.041999
v -2.737436 3.686008 0.031460
v -2.737407 3.671804 0.027077
v -2.737385 3.657587 0.031416
v -2.737383 3.651684 0.041937
v -2.737427 3.671767 0.051527
v -2.737408 3.662650 0.048713
v -2.737441 3.680891 0.048741
v -2.737442 3.684680 0.041988
v -2.737430 3.680912 0.035224
v -2.737411 3.671796 0.032410
v -2.737398 3.662670 0.035195
v -2.737396 3.658882 0.041948
v -2.753471 -0.001853 -1.933809
v -2.753376 -0.001669 -2.052529
v -2.680005 -0.001539 -2.052470
v -2.680100 -0.001723 -1.933750
v -2.788706 -0.001823 -1.993197
v -2.780759 -0.001763 -2.022871
v -2.780807 -0.001855 -1.963511
v -2.710280 3.668296 0.078689
v -2.714994 3.672299 0.075618
v -2.706925 0.036517 -1.968662
v -2.702275 0.035177 -1.964340
v -2.710242 3.676562 0.078525
v -2.692965 3.668279 0.078684
v -2.692927 3.676548 0.078558
v -2.710371 3.693539 0.070975
v -2.715019 3.689965 0.067585
v -2.688208 3.672346 0.075640
v -2.688232 3.690012 0.067607
v -2.692898 3.693569 0.070989
v -2.684797 0.035253 -1.964328
v -2.680139 0.036565 -1.968640
v -2.710321 3.714383 0.025963
v -2.715017 3.708810 0.024883
v -2.715031 3.708726 0.041615
v -2.710385 3.714486 0.042011
v -2.710260 3.710099 0.020723
v -2.692999 3.714412 0.026015
v -2.692937 3.710174 0.020756
v -2.702327 0.093872 -2.022245
v -2.706985 0.092436 -2.017982
v -2.688231 3.708857 0.024904
v -2.680198 0.092481 -2.017952
v -2.684858 0.093856 -2.022231
v -2.692912 3.714517 0.042025
v -2.688245 3.708773 0.041636
v -2.706911 0.028412 -1.968355
v -2.702258 0.028414 -1.964085
v -2.684785 0.028445 -1.964071
v -2.680115 0.022709 -1.968117
v -2.686653 0.028403 -1.939370
v -2.680143 0.022656 -1.933712
v -2.710391 3.710236 0.058637
v -2.715036 3.704908 0.056543
v -2.688250 3.704955 0.056565
v -2.692917 3.710266 0.058651
v -2.680076 0.022787 -2.017776
v -2.684739 0.028535 -2.022064
v -2.702212 0.028504 -2.022078
v -2.706872 0.028490 -2.017820
v -2.680048 0.022840 -2.052432
v -2.686567 0.028570 -2.046767
v -2.753419 0.022711 -2.052491
v -2.749475 0.028459 -2.046818
v -2.775174 0.028372 -2.019989
v -2.780802 0.022616 -2.022833
v -2.788749 0.022557 -1.993160
v -2.781436 0.028320 -1.993145
v -2.775217 0.028289 -1.966290
v -2.780849 0.022524 -1.963473
v -2.753514 0.022526 -1.933771
v -2.749561 0.028292 -1.939420
v -2.666441 3.692507 0.057384
v -2.666409 3.671872 0.063682
v -2.660832 3.671882 0.063686
v -2.660863 3.692517 0.057388
v -2.666368 3.651258 0.057320
v -2.660790 3.651268 0.057324
v -2.666340 3.642739 0.042024
v -2.660763 3.642748 0.042028
v -2.666343 3.651305 0.026754
v -2.660766 3.651315 0.026758
v -2.666375 3.671939 0.020455
v -2.660798 3.671949 0.020460
v -2.666416 3.692554 0.026817
v -2.660839 3.692564 0.026822
v -2.666444 3.701073 0.042114
v -2.660866 3.701083 0.042118
v -2.648873 3.681048 0.048855
v -2.648860 3.671922 0.051641
v -2.648852 3.671937 0.042083
v -2.648841 3.662806 0.048827
v -2.648829 3.659038 0.042063
v -2.648830 3.662827 0.035310
v -2.648844 3.671952 0.032524
v -2.648862 3.681068 0.035338
v -2.648874 3.684836 0.042103
v -2.655169 3.671903 0.056969
v -2.655190 3.686120 0.052630
v -2.655140 3.657700 0.052586
v -2.655121 3.651829 0.042047
v -2.655123 3.657732 0.031526
v -2.655145 3.671949 0.027186
v -2.655174 3.686152 0.031570
v -2.655192 3.692022 0.042109
v -2.645236 3.671920 0.056977
v -2.645257 3.686137 0.052638
v -2.645207 3.657717 0.052594
v -2.645188 3.651847 0.042055
v -2.645190 3.657750 0.031534
v -2.645212 3.671966 0.027194
v -2.645240 3.686170 0.031578
v -2.645259 3.692040 0.042117
v -2.645231 3.671928 0.051644
v -2.645245 3.681054 0.048858
v -2.645213 3.662813 0.048830
v -2.645201 3.659045 0.042066
v -2.645202 3.662833 0.035313
v -2.645216 3.671958 0.032527
v -2.645234 3.681075 0.035341
v -2.645246 3.684842 0.042106
v -2.685792 0.671232 -1.667381
v -2.685765 0.656113 -1.668447
v -2.685756 0.646800 -1.659138
v -2.685775 0.652867 -1.648811
v -2.685954 0.734221 -1.605417
v -2.685981 0.749340 -1.604351
v -2.685990 0.758653 -1.613660
v -2.685971 0.752586 -1.623987
v -2.685610 3.654104 -1.804780
v -2.685642 3.674738 -1.811078
v -2.691219 3.674728 -1.811083
v -2.691187 3.654094 -1.804785
v -2.685683 3.695352 -1.804716
v -2.691260 3.695343 -1.804721
v -2.685711 3.703872 -1.789420
v -2.691288 3.703862 -1.789424
v -2.685708 3.695305 -1.774150
v -2.691285 3.695295 -1.774155
v -2.685676 3.674672 -1.767852
v -2.691253 3.674662 -1.767856
v -2.685635 3.654057 -1.774214
v -2.691212 3.654047 -1.774219
v -2.685608 3.645537 -1.789510
v -2.691185 3.645527 -1.789515
v -2.703178 3.665563 -1.796252
v -2.703192 3.674688 -1.799037
v -2.703199 3.674674 -1.789479
v -2.703210 3.683804 -1.796224
v -2.703222 3.687572 -1.789459
v -2.703221 3.683784 -1.782706
v -2.703207 3.674659 -1.779921
v -2.703188 3.665542 -1.782734
v -2.703176 3.661775 -1.789499
v -2.696882 3.674708 -1.804366
v -2.696861 3.660491 -1.800026
v -2.696911 3.688911 -1.799982
v -2.696930 3.694781 -1.789443
v -2.696928 3.688879 -1.778922
v -2.696906 3.674662 -1.774582
v -2.696877 3.660458 -1.778966
v -2.696859 3.654588 -1.789505
v -2.706815 3.674690 -1.804374
v -2.706794 3.660473 -1.800034
v -2.706844 3.688894 -1.799990
v -2.706863 3.694764 -1.789451
v -2.706861 3.688862 -1.778930
v -2.706839 3.674644 -1.774590
v -2.706810 3.660441 -1.778974
v -2.706792 3.654571 -1.789513
v -2.706820 3.674682 -1.799040
v -2.706806 3.665556 -1.796255
v -2.706838 3.683798 -1.796227
v -2.706850 3.687566 -1.789462
v -2.706849 3.683778 -1.782709
v -2.706835 3.674653 -1.779924
v -2.706817 3.665536 -1.782737
v -2.706805 3.661768 -1.789502
v -2.704307 -0.005027 0.174902
v -2.704402 -0.005211 0.293622
v -2.631032 -0.005081 0.293681
v -2.630936 -0.004897 0.174961
v -2.739638 -0.005181 0.234233
v -2.731738 -0.005213 0.263920
v -2.731690 -0.005121 0.204560
v -2.657899 3.671333 -1.826152
v -2.662618 3.675327 -1.823077
v -2.657818 0.033235 0.209948
v -2.653160 0.031908 0.205630
v -2.657861 3.679599 -1.825963
v -2.640584 3.671317 -1.826120
v -2.640546 3.679585 -1.825968
v -2.658002 3.696553 -1.818361
v -2.662655 3.692968 -1.814989
v -2.635832 3.675374 -1.823055
v -2.635870 3.693016 -1.814968
v -2.640529 3.696584 -1.818347
v -2.635683 0.031985 0.205646
v -2.631032 0.033283 0.209969
v -2.658025 3.717258 -1.773284
v -2.662723 3.711682 -1.772229
v -2.662709 3.711649 -1.788961
v -2.658063 3.717411 -1.789332
v -2.657971 3.712958 -1.768058
v -2.640702 3.717288 -1.773308
v -2.640649 3.713033 -1.768062
v -2.653306 0.090423 0.263716
v -2.657956 0.089001 0.259441
v -2.635937 3.711729 -1.772207
v -2.631170 0.089046 0.259454
v -2.635837 0.090408 0.263729
v -2.640590 3.717442 -1.789318
v -2.635923 3.711697 -1.788939
v -2.657803 0.025131 0.209616
v -2.653143 0.025146 0.205353
v -2.635670 0.025177 0.205367
v -2.631007 0.019429 0.209403
v -2.637499 0.025212 0.180663
v -2.630980 0.019482 0.174999
v -2.658042 3.713211 -1.805971
v -2.662691 3.707877 -1.803901
v -2.635905 3.707924 -1.803880
v -2.640569 3.713242 -1.805957
v -2.631047 0.019352 0.259062
v -2.635717 0.025088 0.263361
v -2.653190 0.025057 0.263347
v -2.657843 0.025055 0.259081
v -2.631074 0.019299 0.293718
v -2.637585 0.025046 0.288061
v -2.704446 0.019169 0.293659
v -2.700492 0.024935 0.288011
v -2.726149 0.024931 0.261141
v -2.731781 0.019167 0.263958
v -2.739681 0.019199 0.234271
v -2.732368 0.024962 0.234286
v -2.726105 0.025014 0.207441
v -2.731734 0.019258 0.204597
v -2.704350 0.019352 0.174940
v -2.700407 0.025101 0.180613
v -2.637966 3.695437 -1.804721
v -2.637924 3.674821 -1.811083
v -2.632347 3.674831 -1.811079
v -2.632389 3.695446 -1.804716
v -2.637893 3.654188 -1.804785
v -2.632316 3.654198 -1.804780
v -2.637890 3.645622 -1.789515
v -2.632313 3.645631 -1.789510
v -2.637917 3.654141 -1.774219
v -2.632340 3.654151 -1.774214
v -2.637959 3.674755 -1.767856
v -2.632382 3.674765 -1.767852
v -2.637990 3.695390 -1.774155
v -2.632413 3.695400 -1.774150
v -2.637993 3.703956 -1.789425
v -2.632416 3.703966 -1.789420
v -2.620412 3.683951 -1.796200
v -2.620394 3.674834 -1.799014
v -2.620401 3.674820 -1.789456
v -2.620380 3.665709 -1.796228
v -2.620378 3.661921 -1.789476
v -2.620391 3.665689 -1.782711
v -2.620409 3.674805 -1.779897
v -2.620423 3.683930 -1.782683
v -2.620424 3.687719 -1.789436
v -2.626695 3.674831 -1.804353
v -2.626723 3.689034 -1.799969
v -2.626673 3.660614 -1.800013
v -2.626671 3.654712 -1.789492
v -2.626690 3.660583 -1.778953
v -2.626719 3.674785 -1.774569
v -2.626740 3.689003 -1.778909
v -2.626742 3.694905 -1.789430
v -2.616761 3.674848 -1.804345
v -2.616790 3.689052 -1.799961
v -2.616740 3.660632 -1.800005
v -2.616738 3.654730 -1.789484
v -2.616756 3.660600 -1.778945
v -2.616785 3.674803 -1.774561
v -2.616807 3.689020 -1.778901
v -2.616809 3.694923 -1.789422
v -2.616765 3.674840 -1.799011
v -2.616784 3.683957 -1.796197
v -2.616752 3.665716 -1.796226
v -2.616750 3.661928 -1.789473
v -2.616763 3.665695 -1.782708
v -2.616781 3.674811 -1.779894
v -2.616795 3.683937 -1.782680
v -2.616796 3.687725 -1.789433
v -2.636204 0.668880 -0.089332
v -2.636178 0.653757 -0.088313
v -2.636154 0.644473 -0.097651
v -2.636156 0.650572 -0.107959
v -2.636265 0.732060 -0.151101
v -2.636291 0.747182 -0.152120
v -2.636315 0.756466 -0.142783
v -2.636312 0.750367 -0.132474
v -2.659904 2.065043 -0.868451
v -2.691675 2.064987 -0.868477
v -2.691641 2.046006 -0.868506
v -2.659870 2.046062 -0.868481
v -2.691615 2.036535 -0.880701
v -2.659844 2.036591 -0.880676
v -2.691622 2.046044 -0.892867
v -2.659851 2.046100 -0.892842
v -2.691655 2.065024 -0.892838
v -2.659884 2.065080 -0.892812
v -2.691682 2.074496 -0.880643
v -2.659911 2.074552 -0.880617
v -2.712020 2.034831 -0.865437
v -2.712061 2.055445 -0.859075
v -2.717638 2.055436 -0.859079
v -2.717597 2.034821 -0.865442
v -2.712093 2.076079 -0.865373
v -2.717669 2.076070 -0.865378
v -2.712096 2.084646 -0.880643
v -2.717673 2.084636 -0.880648
v -2.712068 2.076127 -0.895939
v -2.717645 2.076117 -0.895944
v -2.712027 2.055512 -0.902302
v -2.717604 2.055503 -0.902306
v -2.711995 2.034878 -0.896003
v -2.717572 2.034869 -0.896008
v -2.711993 2.026312 -0.880733
v -2.717569 2.026302 -0.880738
v -2.729573 2.046317 -0.873958
v -2.729592 2.055433 -0.871144
v -2.729584 2.055448 -0.880702
v -2.729606 2.064558 -0.873930
v -2.729607 2.068347 -0.880682
v -2.729595 2.064579 -0.887447
v -2.729576 2.055463 -0.890261
v -2.729562 2.046338 -0.887475
v -2.729561 2.042549 -0.880722
v -2.723291 2.055436 -0.865806
v -2.723262 2.041233 -0.870189
v -2.723312 2.069653 -0.870145
v -2.723314 2.075555 -0.880666
v -2.723296 2.069686 -0.891205
v -2.723267 2.055482 -0.895589
v -2.723245 2.041265 -0.891249
v -2.723243 2.035362 -0.880728
v -2.733224 2.055418 -0.865813
v -2.733196 2.041215 -0.870197
v -2.733246 2.069636 -0.870153
v -2.733248 2.075538 -0.880674
v -2.733229 2.069668 -0.891213
v -2.733200 2.055465 -0.895597
v -2.733179 2.041248 -0.891257
v -2.733177 2.035345 -0.880736
v -2.733220 2.055427 -0.871147
v -2.733202 2.046310 -0.873961
v -2.733234 2.064552 -0.873932
v -2.733235 2.068341 -0.880685
v -2.733223 2.064573 -0.887450
v -2.733204 2.055456 -0.890264
v -2.733191 2.046331 -0.887478
v -2.733190 2.042543 -0.880725
v -2.621579 2.076239 -0.865301
v -2.621548 2.055605 -0.859002
v -2.615971 2.055615 -0.858998
v -2.616002 2.076249 -0.865296
v -2.621506 2.034991 -0.865364
v -2.615929 2.035001 -0.865360
v -2.621479 2.026471 -0.880661
v -2.615902 2.026481 -0.880656
v -2.621482 2.035038 -0.895930
v -2.615905 2.035048 -0.895926
v -2.621513 2.055672 -0.902229
v -2.615936 2.055682 -0.902224
v -2.621555 2.076287 -0.895867
v -2.615978 2.076297 -0.895862
v -2.621582 2.084806 -0.880570
v -2.616005 2.084816 -0.880566
v -2.604012 2.064780 -0.873829
v -2.603998 2.055655 -0.871043
v -2.603990 2.055670 -0.880601
v -2.603980 2.046538 -0.873857
v -2.603968 2.042771 -0.880621
v -2.603969 2.046559 -0.887374
v -2.603982 2.055684 -0.890160
v -2.604001 2.064801 -0.887346
v -2.604013 2.068569 -0.880581
v -2.610307 2.055635 -0.865715
v -2.610329 2.069853 -0.870054
v -2.610279 2.041432 -0.870098
v -2.610260 2.035562 -0.880638
v -2.610262 2.041465 -0.891158
v -2.610283 2.055681 -0.895498
v -2.610312 2.069885 -0.891114
v -2.610331 2.075755 -0.880575
v -2.600374 2.055653 -0.865707
v -2.600396 2.069870 -0.870046
v -2.600346 2.041450 -0.870090
v -2.600327 2.035580 -0.880630
v -2.600329 2.041482 -0.891150
v -2.600350 2.055699 -0.895490
v -2.600379 2.069903 -0.891106
v -2.600398 2.075773 -0.880567
v -2.600370 2.055661 -0.871040
v -2.600384 2.064786 -0.873826
v -2.600351 2.046545 -0.873854
v -2.600339 2.042777 -0.880618
v -2.600341 2.046566 -0.887371
v -2.600354 2.055691 -0.890157
v -2.600373 2.064807 -0.887343
v -2.600385 2.068575 -0.880579
v -2.627144 2.120160 -0.905510
v -1.441629 3.719405 -0.902084
v -1.433164 3.709424 -0.902093
v -2.618676 2.108510 -0.905522
v -1.441670 3.719326 -0.851257
v -2.627185 2.120081 -0.854683
v -2.618717 2.108431 -0.854694
v -1.433204 3.709346 -0.851266
v -2.632286 2.009815 -0.871884
v -2.632273 2.009841 -0.888659
v -2.620616 2.009862 -0.888649
v -2.620630 2.009836 -0.871875
v -1.425614 3.727865 -0.902058
v -1.423241 3.713717 -0.902078
v -1.423282 3.713638 -0.851251
v -1.425655 3.727787 -0.851231
v -2.632258 2.105933 -0.854709
v -2.621018 2.101917 -0.854706
v -2.620977 2.101996 -0.905533
v -2.632218 2.106012 -0.905536
v -2.632342 2.033534 -0.854821
v -2.620685 2.033554 -0.854812
v -2.620645 2.033633 -0.905639
v -2.632301 2.033612 -0.905648
v -2.632309 2.018626 -0.862896
v -2.620653 2.018646 -0.862887
v -2.620625 2.018700 -0.897610
v -2.632281 2.018679 -0.897620
v -1.374997 3.755817 0.263291
v -1.374948 3.728339 0.263249
v -1.313035 3.755926 0.263341
v -1.312987 3.728448 0.263299
v -0.011000 3.733111 0.376737
v -0.011049 3.760588 0.376779
v -0.134923 3.732892 0.376637
v -0.134972 3.760369 0.376679
v -0.061805 3.735319 0.332887
v -0.061699 3.675295 0.332796
v -0.067101 3.672210 0.337732
v -0.067213 3.735302 0.337827
v -0.061526 3.604941 0.272188
v -0.067007 3.601888 0.276794
v -0.078657 3.735282 0.337818
v -0.078545 3.672190 0.337723
v -0.083950 3.675256 0.332779
v -0.084056 3.735280 0.332869
v -0.078213 3.601916 0.276827
v -0.083777 3.604902 0.272170
v -0.066996 3.598575 0.270135
v -0.078281 3.598555 0.270126
v -1.373176 3.759332 -2.008382
v -1.373127 3.731854 -2.008425
v -1.311214 3.759442 -2.008333
v -1.311166 3.731964 -2.008375
v -0.008999 3.736974 -2.119710
v -0.009048 3.764452 -2.119668
v -0.132922 3.736755 -2.119810
v -0.132970 3.764233 -2.119767
v -0.059874 3.739048 -2.075936
v -0.059768 3.679024 -2.076031
v -0.065162 3.675954 -2.080985
v -0.065274 3.739046 -2.080884
v -0.059692 3.608482 -2.015640
v -0.065166 3.605443 -2.020265
v -0.076718 3.739025 -2.080894
v -0.076606 3.675934 -2.080994
v -0.082019 3.678985 -2.076049
v -0.082125 3.739008 -2.075953
v -0.076372 3.605471 -2.020315
v -0.081943 3.608443 -2.015657
v -0.065165 3.602109 -2.013616
v -0.076451 3.602089 -2.013625
v -0.060839 3.737183 -0.871524
v -0.082985 3.677120 -0.871635
v -0.082860 3.606673 -0.871744
v -0.066080 3.600342 -0.871740
v -0.060609 3.606712 -0.871726
v -0.077326 3.600322 -0.871749
v -0.060733 3.677160 -0.871617
v -0.083091 3.737144 -0.871542
v -0.010048 3.762520 -0.871444
v -0.133971 3.762301 -0.871544
v -0.133923 3.734823 -0.871587
v -0.010000 3.735042 -0.871487
v -1.374038 3.730096 -0.872588
v -1.374086 3.757575 -0.872546
v -1.312076 3.730206 -0.872538
v -1.312125 3.757684 -0.872496
v -0.033076 3.655911 0.059395
v -0.033117 3.676526 0.065757
v -0.027540 3.676536 0.065762
v -0.027499 3.655921 0.059399
v -0.033149 3.697160 0.059458
v -0.027572 3.697170 0.059463
v -0.033152 3.705726 0.044189
v -0.027575 3.705736 0.044193
v -0.033124 3.697207 0.028893
v -0.027547 3.697217 0.028897
v -0.033083 3.676593 0.022530
v -0.027506 3.676602 0.022535
v -0.033051 3.655958 0.028829
v -0.027474 3.655968 0.028833
v -0.033048 3.647391 0.044098
v -0.027471 3.647401 0.044103
v -0.015549 3.667459 0.050902
v -0.015568 3.676576 0.053716
v -0.015560 3.676590 0.044158
v -0.015582 3.685700 0.050931
v -0.015583 3.689489 0.044178
v -0.015571 3.685721 0.037413
v -0.015552 3.676605 0.034600
v -0.015539 3.667480 0.037385
v -0.015537 3.663691 0.044138
v -0.021877 3.676556 0.059045
v -0.021848 3.662353 0.054661
v -0.021899 3.690774 0.054705
v -0.021901 3.696675 0.044184
v -0.021882 3.690806 0.033645
v -0.021853 3.676602 0.029261
v -0.021831 3.662385 0.033601
v -0.021829 3.656482 0.044122
v -0.011944 3.676574 0.059053
v -0.011915 3.662370 0.054669
v -0.011965 3.690791 0.054713
v -0.011967 3.696693 0.044192
v -0.011948 3.690823 0.033653
v -0.011920 3.676620 0.029269
v -0.011898 3.662402 0.033609
v -0.011896 3.656500 0.044130
v -0.011940 3.676582 0.053719
v -0.011921 3.667465 0.050905
v -0.011953 3.685707 0.050934
v -0.011955 3.689495 0.044181
v -0.011943 3.685728 0.037416
v -0.011924 3.676611 0.034602
v -0.011910 3.667486 0.037388
v -0.011909 3.663697 0.044141
v 0.020280 0.003048 -1.931578
v 0.020375 0.003232 -2.050297
v -0.052996 0.003102 -2.050356
v -0.053091 0.002918 -1.931637
v 0.055611 0.003202 -1.990909
v 0.047711 0.003234 -2.020596
v 0.047663 0.003143 -1.961236
v -0.039118 3.673015 0.080838
v -0.034413 3.677035 0.077775
v -0.026345 0.041254 -1.966505
v -0.030997 0.039896 -1.962191
v -0.039185 3.681281 0.080674
v -0.056432 3.672938 0.080805
v -0.056499 3.681206 0.080679
v -0.039103 3.698258 0.073124
v -0.034438 3.694701 0.069742
v -0.061199 3.676987 0.077753
v -0.061224 3.694654 0.069720
v -0.056576 3.698227 0.073110
v -0.048475 0.039912 -1.962207
v -0.053131 0.041207 -1.966527
v -0.039154 3.719102 0.028112
v -0.034437 3.713546 0.027039
v -0.034450 3.713462 0.043771
v -0.039117 3.719206 0.044160
v -0.039192 3.714818 0.022872
v -0.056477 3.719071 0.028136
v -0.056515 3.714833 0.022877
v -0.031060 0.098591 -2.020096
v -0.026404 0.097173 -2.015825
v -0.061223 3.713499 0.027018
v -0.053190 0.097123 -2.015838
v -0.048528 0.098514 -2.020110
v -0.056590 3.719175 0.044146
v -0.061236 3.713415 0.043750
v -0.026331 0.033149 -1.966199
v -0.030991 0.033134 -1.961936
v -0.048464 0.033103 -1.961950
v -0.053107 0.027351 -1.966003
v -0.046635 0.033068 -1.937246
v -0.053134 0.027298 -1.931599
v -0.039123 3.714955 0.060786
v -0.034455 3.709644 0.058700
v -0.061241 3.709597 0.058678
v -0.056596 3.714925 0.060771
v -0.053067 0.027428 -2.015663
v -0.048417 0.033193 -2.019943
v -0.030944 0.033224 -2.019929
v -0.026291 0.033226 -2.015664
v -0.053039 0.027482 -2.050318
v -0.046549 0.033234 -2.044644
v 0.020332 0.027611 -2.050260
v 0.016359 0.033346 -2.044593
v 0.042014 0.033350 -2.017723
v 0.047668 0.027614 -2.020558
v 0.055567 0.027582 -1.990871
v 0.048234 0.033319 -1.990869
v 0.041971 0.033266 -1.964024
v 0.047620 0.027521 -1.961198
v 0.020237 0.027427 -1.931540
v 0.016273 0.033179 -1.937195
v -0.083008 3.697072 0.059462
v -0.082976 3.676437 0.065760
v -0.088553 3.676427 0.065756
v -0.088585 3.697062 0.059457
v -0.082935 3.655823 0.059398
v -0.088512 3.655813 0.059393
v -0.082907 3.647303 0.044102
v -0.088485 3.647293 0.044097
v -0.082910 3.655870 0.028832
v -0.088487 3.655860 0.028827
v -0.082942 3.676504 0.022533
v -0.088519 3.676494 0.022529
v -0.082983 3.697119 0.028896
v -0.088560 3.697109 0.028891
v -0.083010 3.705638 0.044192
v -0.088588 3.705628 0.044187
v -0.100521 3.685550 0.050905
v -0.100507 3.676425 0.053691
v -0.100499 3.676439 0.044133
v -0.100488 3.667309 0.050877
v -0.100476 3.663541 0.044113
v -0.100478 3.667329 0.037360
v -0.100491 3.676454 0.034574
v -0.100510 3.685571 0.037388
v -0.100522 3.689338 0.044153
v -0.094206 3.676428 0.059030
v -0.094228 3.690645 0.054690
v -0.094177 3.662225 0.054646
v -0.094158 3.656354 0.044107
v -0.094160 3.662257 0.033586
v -0.094182 3.676473 0.029246
v -0.094211 3.690677 0.033630
v -0.094230 3.696547 0.044169
v -0.104139 3.676410 0.059022
v -0.104161 3.690627 0.054682
v -0.104111 3.662207 0.054638
v -0.104092 3.656337 0.044099
v -0.104094 3.662240 0.033578
v -0.104115 3.676456 0.029238
v -0.104144 3.690660 0.033622
v -0.104163 3.696530 0.044161
v -0.104135 3.676418 0.053688
v -0.104149 3.685544 0.050903
v -0.104117 3.667302 0.050874
v -0.104105 3.663534 0.044110
v -0.104106 3.667323 0.037357
v -0.104120 3.676448 0.034572
v -0.104138 3.685565 0.037385
v -0.104150 3.689332 0.044150
v -1.367971 0.658441 -1.667387
v -1.367999 0.673561 -1.666321
v -1.367962 0.649129 -1.658078
v -1.367981 0.655196 -1.647751
v -1.368160 0.736549 -1.604357
v -1.368187 0.751668 -1.603291
v -1.368196 0.760981 -1.612600
v -1.368177 0.754914 -1.622927
v -0.050205 0.675889 -1.665261
v -0.050177 0.660770 -1.666327
v -0.050169 0.651457 -1.657018
v -0.050188 0.657524 -1.646691
v -0.050366 0.738878 -1.603297
v -0.050394 0.753997 -1.602231
v -0.050403 0.763309 -1.611540
v -0.050384 0.757243 -1.621867
v -0.060707 3.658742 -1.802668
v -0.060738 3.679376 -1.808967
v -0.055161 3.679386 -1.808962
v -0.055130 3.658751 -1.802664
v -0.060780 3.699990 -1.802605
v -0.055203 3.700000 -1.802600
v -0.060807 3.708510 -1.787308
v -0.055230 3.708520 -1.787304
v -0.060804 3.699943 -1.772039
v -0.055227 3.699953 -1.772034
v -0.060773 3.679309 -1.765740
v -0.055196 3.679319 -1.765736
v -0.060731 3.658695 -1.772102
v -0.055154 3.658705 -1.772098
v -0.060704 3.650175 -1.787399
v -0.055127 3.650185 -1.787394
v -0.043194 3.670263 -1.794112
v -0.043208 3.679388 -1.796898
v -0.043215 3.679374 -1.787339
v -0.043226 3.688504 -1.794084
v -0.043238 3.692272 -1.787319
v -0.043237 3.688484 -1.780566
v -0.043223 3.679359 -1.777781
v -0.043205 3.670242 -1.780595
v -0.043193 3.666475 -1.787359
v -0.049509 3.679385 -1.802236
v -0.049487 3.665168 -1.797896
v -0.049537 3.693589 -1.797853
v -0.049556 3.699459 -1.787313
v -0.049554 3.693557 -1.776793
v -0.049533 3.679340 -1.772453
v -0.049504 3.665136 -1.776837
v -0.049485 3.659266 -1.787376
v -0.039575 3.679403 -1.802228
v -0.039554 3.665186 -1.797889
v -0.039604 3.693607 -1.797845
v -0.039623 3.699476 -1.787305
v -0.039621 3.693574 -1.776785
v -0.039599 3.679357 -1.772445
v -0.039571 3.665154 -1.776829
v -0.039552 3.659284 -1.787368
v -0.039580 3.679395 -1.796895
v -0.039566 3.670269 -1.794109
v -0.039598 3.688510 -1.794081
v -0.039610 3.692279 -1.787317
v -0.039609 3.688490 -1.780564
v -0.039595 3.679365 -1.777778
v -0.039577 3.670249 -1.780592
v -0.039564 3.666481 -1.787356
v -0.032264 -0.000306 0.177052
v -0.032360 -0.000489 0.295771
v -0.105731 -0.000619 0.295712
v -0.105635 -0.000435 0.176993
v 0.002971 -0.000335 0.236440
v -0.004977 -0.000395 0.266114
v -0.004929 -0.000303 0.206754
v -0.088445 3.675873 -1.824085
v -0.083745 3.679883 -1.821002
v -0.078945 0.037792 0.212022
v -0.083591 0.036448 0.207697
v -0.088512 3.684139 -1.823896
v -0.105760 3.675796 -1.824081
v -0.105827 3.684064 -1.823929
v -0.088443 3.701093 -1.816293
v -0.083783 3.697525 -1.812915
v -0.110531 3.679836 -1.821024
v -0.110569 3.697478 -1.812936
v -0.105916 3.701062 -1.816308
v -0.101069 0.036463 0.207685
v -0.105731 0.037745 0.212001
v -0.088566 3.721798 -1.771217
v -0.083850 3.716238 -1.770154
v -0.083836 3.716206 -1.786886
v -0.088503 3.721951 -1.787265
v -0.088612 3.717498 -1.765991
v -0.105888 3.721767 -1.771269
v -0.105935 3.717512 -1.766023
v -0.083746 0.094963 0.265783
v -0.079083 0.093558 0.261515
v -0.110636 3.716191 -1.770176
v -0.105869 0.093508 0.261485
v -0.101214 0.094886 0.265768
v -0.105976 3.721920 -1.787279
v -0.110623 3.716159 -1.786908
v -0.078930 0.029688 0.211691
v -0.083584 0.029687 0.207420
v -0.101057 0.029656 0.207406
v -0.105706 0.023890 0.211435
v -0.099189 0.029697 0.182705
v -0.105679 0.023944 0.177030
v -0.088482 3.717751 -1.803904
v -0.083818 3.712433 -1.801827
v -0.110604 3.712386 -1.801848
v -0.105955 3.717720 -1.803918
v -0.105746 0.023814 0.261094
v -0.101103 0.029566 0.265400
v -0.083630 0.029597 0.265414
v -0.078970 0.029612 0.261156
v -0.105774 0.023761 0.295750
v -0.099275 0.029531 0.290103
v -0.032403 0.023890 0.295809
v -0.036367 0.029642 0.290154
v -0.010668 0.029729 0.263325
v -0.005020 0.023984 0.266151
v 0.002928 0.024045 0.236478
v -0.004406 0.029782 0.236481
v -0.010625 0.029812 0.209626
v -0.004972 0.024076 0.206791
v -0.032308 0.024074 0.177089
v -0.036281 0.029808 0.182756
v -0.108497 3.699906 -1.802686
v -0.108456 3.679291 -1.809048
v -0.114033 3.679281 -1.809053
v -0.114074 3.699896 -1.802691
v -0.108424 3.658658 -1.802750
v -0.114001 3.658648 -1.802754
v -0.108422 3.650091 -1.787480
v -0.113999 3.650081 -1.787485
v -0.108449 3.658610 -1.772184
v -0.114026 3.658601 -1.772188
v -0.108490 3.679224 -1.765822
v -0.114067 3.679215 -1.765826
v -0.108522 3.699859 -1.772120
v -0.114099 3.699849 -1.772125
v -0.108525 3.708426 -1.787390
v -0.114102 3.708416 -1.787394
v -0.126024 3.688358 -1.794194
v -0.126006 3.679241 -1.797007
v -0.126013 3.679227 -1.787449
v -0.125992 3.670116 -1.794222
v -0.125990 3.666328 -1.787469
v -0.126003 3.670096 -1.780704
v -0.126021 3.679212 -1.777891
v -0.126035 3.688338 -1.780676
v -0.126036 3.692126 -1.787429
v -0.119696 3.679260 -1.802336
v -0.119725 3.693464 -1.797952
v -0.119675 3.665044 -1.797996
v -0.119673 3.659142 -1.787475
v -0.119691 3.665012 -1.776936
v -0.119720 3.679215 -1.772552
v -0.119742 3.693432 -1.776892
v -0.119744 3.699335 -1.787413
v -0.129629 3.679243 -1.802344
v -0.129658 3.693447 -1.797960
v -0.129608 3.665027 -1.798004
v -0.129606 3.659124 -1.787483
v -0.129625 3.664994 -1.776944
v -0.129653 3.679198 -1.772560
v -0.129675 3.693415 -1.776900
v -0.129677 3.699317 -1.787421
v -0.129634 3.679235 -1.797010
v -0.129652 3.688351 -1.794197
v -0.129620 3.670110 -1.794225
v -0.129619 3.666322 -1.787472
v -0.129631 3.670090 -1.780707
v -0.129649 3.679206 -1.777894
v -0.129663 3.688331 -1.780679
v -0.129664 3.692120 -1.787432
v -1.369238 0.655996 -0.087294
v -1.369264 0.671118 -0.088313
v -1.369214 0.646712 -0.096631
v -1.369216 0.652811 -0.106940
v -1.369326 0.734298 -0.150082
v -1.369352 0.749421 -0.151101
v -1.369375 0.758704 -0.141763
v -1.369373 0.752606 -0.131455
v -0.102324 0.673357 -0.087294
v -0.102298 0.658234 -0.086275
v -0.102274 0.648950 -0.095612
v -0.102277 0.655049 -0.105921
v -0.102386 0.736537 -0.149063
v -0.102412 0.751659 -0.150082
v -0.102436 0.760943 -0.140744
v -0.102433 0.754844 -0.130436
v -1.373985 3.713657 -0.902039
v -1.373998 3.720868 -0.902028
v -1.374011 3.728103 -0.902017
v -1.374026 3.713578 -0.851212
v -1.374051 3.728024 -0.851189
v -1.374038 3.720797 -0.851200
v -0.082304 2.069597 -0.866378
v -0.050533 2.069653 -0.866352
v -0.050500 2.050673 -0.866381
v -0.082271 2.050616 -0.866407
v -0.050473 2.041201 -0.878577
v -0.082244 2.041145 -0.878602
v -0.050480 2.050710 -0.890742
v -0.082251 2.050654 -0.890768
v -0.050514 2.069691 -0.890713
v -0.082285 2.069635 -0.890739
v -0.050540 2.079162 -0.878518
v -0.082311 2.079106 -0.878543
v -0.030087 2.039570 -0.863280
v -0.030128 2.060184 -0.856917
v -0.024551 2.060194 -0.856913
v -0.024510 2.039580 -0.863275
v -0.030160 2.080818 -0.863216
v -0.024583 2.080828 -0.863212
v -0.030162 2.089385 -0.878486
v -0.024585 2.089395 -0.878481
v -0.030135 2.080865 -0.893782
v -0.024558 2.080875 -0.893777
v -0.030093 2.060251 -0.900144
v -0.024516 2.060261 -0.900140
v -0.030062 2.039617 -0.893846
v -0.024485 2.039627 -0.893841
v -0.030059 2.031050 -0.878576
v -0.024482 2.031060 -0.878572
v -0.012560 2.051117 -0.871772
v -0.012578 2.060234 -0.868958
v -0.012571 2.060249 -0.878517
v -0.012592 2.069359 -0.871744
v -0.012594 2.073148 -0.878497
v -0.012582 2.069380 -0.885261
v -0.012563 2.060263 -0.888075
v -0.012549 2.051138 -0.885290
v -0.012548 2.047350 -0.878537
v -0.018888 2.060214 -0.863630
v -0.018859 2.046011 -0.868014
v -0.018909 2.074432 -0.867970
v -0.018911 2.080334 -0.878491
v -0.018893 2.074464 -0.889030
v -0.018864 2.060261 -0.893414
v -0.018842 2.046044 -0.889074
v -0.018840 2.040141 -0.878553
v -0.008955 2.060232 -0.863622
v -0.008926 2.046028 -0.868006
v -0.008976 2.074449 -0.867962
v -0.008978 2.080351 -0.878483
v -0.008959 2.074482 -0.889022
v -0.008931 2.060278 -0.893406
v -0.008909 2.046061 -0.889066
v -0.008907 2.040159 -0.878545
v -0.008950 2.060240 -0.868955
v -0.008932 2.051124 -0.871769
v -0.008964 2.069365 -0.871741
v -0.008965 2.073154 -0.878494
v -0.008953 2.069386 -0.885258
v -0.008935 2.060270 -0.888072
v -0.008921 2.051145 -0.885287
v -0.008920 2.047356 -0.878534
v -0.120673 2.080658 -0.863289
v -0.120642 2.060024 -0.856990
v -0.126219 2.060014 -0.856995
v -0.126250 2.080648 -0.863293
v -0.120600 2.039410 -0.863353
v -0.126177 2.039400 -0.863357
v -0.120573 2.030890 -0.878649
v -0.126150 2.030880 -0.878653
v -0.120576 2.039457 -0.893919
v -0.126153 2.039447 -0.893923
v -0.120607 2.060091 -0.900217
v -0.126184 2.060081 -0.900221
v -0.120649 2.080705 -0.893855
v -0.126226 2.080696 -0.893859
v -0.120676 2.089225 -0.878559
v -0.126253 2.089215 -0.878563
v -0.138186 2.069137 -0.871845
v -0.138172 2.060012 -0.869059
v -0.138165 2.060026 -0.878618
v -0.138154 2.050895 -0.871873
v -0.138142 2.047128 -0.878638
v -0.138143 2.050916 -0.885391
v -0.138157 2.060041 -0.888176
v -0.138175 2.069158 -0.885362
v -0.138187 2.072926 -0.878598
v -0.131871 2.060014 -0.863721
v -0.131893 2.074232 -0.868061
v -0.131843 2.045811 -0.868105
v -0.131824 2.039941 -0.878644
v -0.131826 2.045844 -0.889165
v -0.131848 2.060061 -0.893505
v -0.131876 2.074264 -0.889121
v -0.131895 2.080134 -0.878582
v -0.141805 2.059997 -0.863729
v -0.141826 2.074214 -0.868069
v -0.141776 2.045794 -0.868113
v -0.141757 2.039924 -0.878652
v -0.141759 2.045826 -0.889173
v -0.141781 2.060043 -0.893512
v -0.141809 2.074247 -0.889129
v -0.141828 2.080117 -0.878590
v -0.141800 2.060005 -0.869062
v -0.141814 2.069130 -0.871848
v -0.141782 2.050889 -0.871876
v -0.141770 2.047121 -0.878641
v -0.141771 2.050910 -0.885393
v -0.141785 2.060035 -0.888179
v -0.141803 2.069151 -0.885365
v -0.141815 2.072919 -0.878601
v -0.115199 2.124598 -0.903490
v -1.306361 3.719644 -0.901976
v -1.314792 3.709633 -0.901998
v -0.123626 2.112919 -0.903514
v -1.306402 3.719565 -0.851148
v -0.115240 2.124519 -0.852662
v -0.123666 2.112840 -0.852687
v -1.314833 3.709555 -0.851171
v -0.109721 2.014272 -0.869855
v -0.109707 2.014298 -0.886629
v -0.121364 2.014278 -0.886639
v -0.121377 2.014252 -0.869864
v -1.322406 3.728048 -0.901975
v -1.324730 3.713891 -0.901999
v -1.324770 3.713812 -0.851172
v -1.322447 3.727969 -0.851148
v -0.110116 2.110389 -0.852680
v -0.121342 2.106334 -0.852695
v -0.121301 2.106412 -0.903523
v -0.110075 2.110468 -0.903507
v -0.109776 2.037991 -0.852792
v -0.121433 2.037970 -0.852801
v -0.121392 2.038049 -0.903628
v -0.109735 2.038069 -0.903619
v -0.109743 2.023083 -0.860867
v -0.121400 2.023062 -0.860876
v -0.121372 2.023116 -0.895600
v -0.109716 2.023136 -0.895590
v -2.478016 3.742457 -1.344321
v -2.486843 3.742452 -1.351474
v -2.486632 3.742859 -1.614081
v -2.477794 3.742886 -1.621220
v -0.269130 3.746788 -1.619444
v -0.260304 3.746793 -1.612290
v -0.260514 3.746386 -1.349683
v -0.269352 3.746359 -1.342544
v -2.478178 3.837309 -1.351320
v -2.478165 3.826391 -1.344191
v -0.269501 3.830294 -1.342414
v -0.269514 3.841211 -1.349543
v -2.486991 3.826387 -1.351344
v -2.477968 3.837715 -1.613928
v -2.486781 3.826793 -1.613952
v -2.477943 3.826820 -1.621090
v -0.269304 3.841618 -1.612151
v -0.269279 3.830722 -1.619314
v -2.477772 3.742928 -1.648562
v -2.486599 3.742923 -1.655716
v -2.486389 3.743330 -1.918323
v -2.477551 3.743356 -1.925462
v -0.268887 3.747259 -1.923685
v -0.260060 3.747263 -1.916532
v -0.260270 3.746857 -1.653925
v -0.269108 3.746830 -1.646785
v -2.477934 3.837780 -1.655562
v -2.477921 3.826862 -1.648432
v -0.269257 3.830765 -1.646656
v -0.269270 3.841682 -1.653785
v -2.486748 3.826858 -1.655586
v -2.477724 3.838186 -1.918169
v -2.486537 3.827264 -1.918193
v -2.477699 3.827291 -1.925332
v -0.269060 3.842089 -1.916393
v -0.269035 3.831193 -1.923555
v -2.784778 3.743283 -2.229294
v -2.786952 3.739085 0.482546
v -2.856865 3.739061 0.418467
v -2.854794 3.743060 -2.165329
v -2.487523 3.829028 -2.220906
v -2.496303 3.839831 -2.220897
v -2.498464 3.835659 0.474910
v -2.489684 3.824856 0.474900
v -2.496277 3.829025 -2.228930
v -2.487372 3.743796 -2.221038
v -2.496127 3.743793 -2.229062
v -2.498451 3.824828 0.482910
v -2.498301 3.739595 0.482778
v -2.489533 3.739623 0.474768
v -2.776194 3.839336 -2.221122
v -2.778355 3.835164 0.474685
v -2.854944 3.828292 -2.165197
v -2.784929 3.828515 -2.229162
v -2.846209 3.839113 -2.157156
v -2.848267 3.835140 0.410606
v -2.857016 3.824294 0.418599
v -2.787103 3.824318 0.482678
v -2.477529 3.743399 -1.952804
v -2.486355 3.743394 -1.959957
v -2.486145 3.743801 -2.222565
v -2.477306 3.743828 -2.229704
v -0.268643 3.747730 -2.227927
v -0.259816 3.747735 -2.220774
v -0.260026 3.747328 -1.958166
v -0.268865 3.747301 -1.951027
v -2.477690 3.838251 -1.959803
v -2.477677 3.827333 -1.952674
v -0.269013 3.831235 -1.950898
v -0.269027 3.842153 -1.958027
v -2.486504 3.827328 -1.959827
v -2.477480 3.838657 -2.222411
v -2.486293 3.827735 -2.222435
v -2.477455 3.827762 -2.229574
v -0.268816 3.842560 -2.220634
v -0.268791 3.831664 -2.227798
v -2.478748 3.741044 -0.431595
v -2.487575 3.741039 -0.438749
v -2.487364 3.741446 -0.701356
v -2.478526 3.741472 -0.708495
v -0.269862 3.745375 -0.706719
v -0.261035 3.745379 -0.699565
v -0.261246 3.744973 -0.436958
v -0.270084 3.744946 -0.429819
v -2.478910 3.835896 -0.438595
v -2.478896 3.824978 -0.431466
v -0.270232 3.828881 -0.429689
v -0.270246 3.839798 -0.436818
v -2.487723 3.824974 -0.438619
v -2.478699 3.836303 -0.701203
v -2.487513 3.825380 -0.701226
v -2.478674 3.825407 -0.708365
v -0.270036 3.840205 -0.699426
v -0.270011 3.829309 -0.706589
v -2.478260 3.741986 -1.040079
v -2.487087 3.741981 -1.047232
v -2.486876 3.742388 -1.309840
v -2.478038 3.742414 -1.316979
v -0.269374 3.746317 -1.315202
v -0.260547 3.746321 -1.308049
v -0.260758 3.745915 -1.045441
v -0.269596 3.745888 -1.038302
v -2.478422 3.836838 -1.047078
v -2.478408 3.825920 -1.039949
v -0.269745 3.829823 -1.038172
v -0.269758 3.840740 -1.045302
v -2.487235 3.825916 -1.047102
v -2.478212 3.837245 -1.309686
v -2.487025 3.826322 -1.309710
v -2.478187 3.826349 -1.316849
v -0.269548 3.841147 -1.307909
v -0.269523 3.830251 -1.315072
v -2.478504 3.741515 -0.735837
v -2.487331 3.741510 -0.742990
v -2.487120 3.741917 -1.005598
v -2.478282 3.741944 -1.012737
v -0.269618 3.745846 -1.010960
v -0.260791 3.745851 -1.003807
v -0.261002 3.745444 -0.741200
v -0.269840 3.745417 -0.734060
v -2.478666 3.836367 -0.742837
v -2.478652 3.825449 -0.735707
v -0.269989 3.829352 -0.733931
v -0.270002 3.840269 -0.741060
v -2.487479 3.825445 -0.742861
v -2.478456 3.836773 -1.005444
v -2.487268 3.825851 -1.005468
v -2.478430 3.825878 -1.012607
v -0.269792 3.840676 -1.003668
v -0.269767 3.829780 -1.010830
v -2.478992 3.740573 -0.127353
v -2.487819 3.740568 -0.134507
v -2.487608 3.740975 -0.397115
v -2.478770 3.741002 -0.404253
v -0.270106 3.744904 -0.402477
v -0.261279 3.744909 -0.395324
v -0.261490 3.744502 -0.132716
v -0.270328 3.744475 -0.125577
v -2.479154 3.835425 -0.134353
v -2.479140 3.824507 -0.127224
v -0.270476 3.828410 -0.125447
v -0.270490 3.839327 -0.132577
v -2.487967 3.824503 -0.134377
v -2.478943 3.835832 -0.396961
v -2.487756 3.824909 -0.396985
v -2.478918 3.824936 -0.404124
v -0.270279 3.839734 -0.395184
v -0.270254 3.828838 -0.402347
v -2.479236 3.740102 0.176888
v -2.488062 3.740098 0.169735
v -2.487852 3.740504 -0.092873
v -2.479014 3.740531 -0.100012
v -0.270350 3.744433 -0.098235
v -0.261523 3.744438 -0.091082
v -0.261734 3.744031 0.171526
v -0.270572 3.744004 0.178665
v -2.479398 3.834955 0.169889
v -2.479384 3.824037 0.177018
v -0.270720 3.827939 0.178795
v -0.270734 3.838857 0.171665
v -2.488211 3.824032 0.169865
v -2.479187 3.835361 -0.092719
v -2.488000 3.824438 -0.092743
v -2.479162 3.824465 -0.099882
v -0.270523 3.839263 -0.090942
v -0.270498 3.828367 -0.098105
v -2.479480 3.739631 0.481130
v -2.488307 3.739626 0.473976
v -2.488096 3.740033 0.211369
v -2.479258 3.740060 0.204230
v -0.270594 3.743962 0.206007
v -0.261767 3.743967 0.213160
v -0.261977 3.743560 0.475767
v -0.270816 3.743533 0.482906
v -2.479642 3.834484 0.474130
v -2.479628 3.823565 0.481260
v -0.270964 3.827468 0.483036
v -0.270978 3.838386 0.475907
v -2.488455 3.823561 0.474106
v -2.479431 3.834890 0.211523
v -2.488244 3.823967 0.211499
v -2.479406 3.823994 0.204360
v -0.270767 3.838793 0.213299
v -0.270742 3.827897 0.206136
v -0.260662 3.830320 -1.349553
v -0.260452 3.830727 -1.612161
v -0.260419 3.830791 -1.653795
v -0.260208 3.831198 -1.916402
v 0.038828 3.748272 -2.227023
v 0.108741 3.748297 -2.162945
v 0.106670 3.744297 0.420851
v 0.036654 3.744074 0.484817
v -0.258741 3.832966 -2.219113
v -0.260902 3.828794 0.476693
v -0.252161 3.839628 0.476717
v -0.250000 3.843800 -2.219090
v -0.249974 3.832994 -2.227123
v -0.249823 3.747762 -2.227255
v -0.258591 3.747734 -2.219245
v -0.260752 3.743561 0.476561
v -0.251997 3.743564 0.484585
v -0.252148 3.828797 0.484717
v 0.027730 3.840122 0.476942
v 0.029891 3.844294 -2.218864
v 0.108590 3.833529 -2.162813
v 0.038678 3.833504 -2.226891
v 0.099804 3.844319 -2.154786
v 0.036504 3.829307 0.484949
v 0.106519 3.829530 0.420983
v 0.097746 3.840345 0.412976
v -0.260175 3.831262 -1.958036
v -0.259964 3.831669 -2.220644
v -0.261394 3.828907 -0.436828
v -0.261184 3.829314 -0.699436
v -0.260906 3.829849 -1.045311
v -0.260696 3.830256 -1.307919
v -0.261150 3.829378 -0.741070
v -0.260940 3.829785 -1.003677
v -0.261638 3.828436 -0.132586
v -0.261428 3.828843 -0.395194
v -0.261882 3.827966 0.171656
v -0.261672 3.828372 -0.090952
v -0.262126 3.827495 0.475897
v -0.261915 3.827901 0.213290
vn -0.0008 -0.0015 1.0000
vn 0.0018 -1.0000 -0.0015
vn -1.0000 -0.0017 -0.0008
vn -1.0000 -0.0018 -0.0008
vn -0.6757 -0.0023 0.7372
vn -0.7271 -0.4510 0.5176
vn -0.7077 -0.4622 0.5343
vn -0.7281 -0.4504 0.5167
vn 0.6744 0.0001 0.7383
vn 0.7037 -0.4629 0.5391
vn 0.7275 -0.4491 0.5186
vn 0.7289 -0.4483 0.5175
vn 0.0025 -0.8948 0.4465
vn 0.0020 -0.8944 0.4472
vn 0.0033 -0.8953 0.4454
vn 1.0000 0.0018 0.0008
vn 0.0005 -0.6549 0.7557
vn 0.0005 -0.6549 0.7558
vn -0.6562 -0.6760 0.3353
vn 0.6534 -0.6731 0.3464
vn 0.7586 -0.6516 -0.0004
vn 0.7562 -0.6543 -0.0004
vn -0.7563 -0.6543 -0.0016
vn -0.7563 -0.6542 -0.0016
vn -0.0018 1.0000 0.0015
vn 0.0008 0.0016 -1.0000
vn 0.0008 0.0015 -1.0000
vn -0.6746 -0.0000 -0.7382
vn -0.7262 -0.4494 -0.5202
vn -0.7069 -0.4605 -0.5369
vn -0.7058 -0.4612 -0.5378
vn 0.6757 0.0024 -0.7372
vn 0.7284 -0.4475 -0.5189
vn 0.7044 -0.4613 -0.5394
vn 0.7297 -0.4467 -0.5177
vn 0.0033 -0.8934 -0.4493
vn 0.0028 -0.8930 -0.4500
vn 0.0019 -0.8925 -0.4511
vn 0.0009 0.0016 -1.0000
vn 1.0000 0.0017 0.0008
vn 0.0018 -0.6525 -0.7578
vn -0.6557 -0.6749 -0.3384
vn 0.6540 -0.6720 -0.3476
vn 0.7562 -0.6544 -0.0004
vn 0.0005 -0.5958 0.8031
vn -0.0009 -0.0016 1.0000
vn 0.0005 -0.5966 0.8025
vn -0.0017 0.5933 0.8050
vn -0.0016 0.5941 0.8044
vn -0.0004 0.5958 -0.8031
vn 0.0007 0.0016 -1.0000
vn -0.0005 0.5966 -0.8025
vn 0.0017 -0.5936 -0.8048
vn 0.0016 -1.0000 -0.0015
vn 0.0016 -0.5936 -0.8047
vn -1.0000 -0.0020 -0.0004
vn -1.0000 -0.0018 -0.0009
vn -0.7655 -0.0023 0.6434
vn -0.8033 -0.3566 0.4770
vn -0.8033 -0.3566 0.4771
vn -0.8045 0.3524 0.4781
vn -0.8045 0.3522 0.4782
vn -0.8494 0.5278 0.0001
vn -0.8038 0.3537 -0.4784
vn -0.7645 -0.0003 -0.6446
vn -0.8038 0.3538 -0.4783
vn -0.8025 -0.3552 -0.4794
vn -0.8025 -0.3551 -0.4795
vn -0.8475 -0.5307 -0.0015
vn -0.8475 -0.5308 -0.0015
vn -0.0002 -0.2949 0.9555
vn -0.0013 0.2920 0.9564
vn -0.0013 0.2919 0.9564
vn -0.0019 0.8722 0.4892
vn -0.0019 0.8722 0.4891
vn -0.0011 0.8736 -0.4866
vn -0.0012 0.8736 -0.4866
vn 0.0003 0.2949 -0.9555
vn 0.0002 0.2949 -0.9555
vn 0.0013 -0.2919 -0.9565
vn 0.0019 -0.8721 -0.4893
vn 0.0012 -0.8736 0.4866
vn -1.0000 -0.0016 -0.0008
vn -1.0000 -0.0019 -0.0009
vn -0.0004 0.5972 -0.8021
vn -0.0003 0.5972 -0.8021
vn 0.0018 -0.5951 -0.8036
vn 0.0017 -1.0000 -0.0015
vn 0.0018 -0.5942 -0.8043
vn 0.0004 -0.5972 0.8021
vn 0.0016 -1.0000 -0.0016
vn -0.0008 -0.0016 1.0000
vn 0.0003 -0.5973 0.8020
vn -0.0017 0.5951 0.8037
vn -0.0017 1.0000 0.0016
vn -0.0018 0.5941 0.8044
vn -0.1732 -0.0614 0.9830
vn -0.9976 -0.0349 0.0600
vn -0.2027 -0.4799 0.8536
vn -0.3179 0.4015 0.8589
vn 0.2027 -0.4788 0.8542
vn 0.1653 0.2983 0.9401
vn -0.9721 0.1169 0.2032
vn -0.5621 -0.1712 0.8092
vn 0.9714 0.1205 0.2045
vn 0.2041 0.4969 0.8434
vn 0.9977 -0.0313 0.0603
vn 0.5837 0.2222 0.7810
vn -0.2240 0.8714 -0.4365
vn -0.9802 0.1968 0.0233
vn -0.2498 0.9608 0.1204
vn -0.4323 0.4116 -0.8023
vn 0.2109 0.9619 -0.1740
vn 0.1908 0.4858 -0.8530
vn -0.9974 0.0310 -0.0656
vn -0.6461 0.7307 -0.2206
vn 0.9973 0.0349 -0.0648
vn 0.2035 0.4823 -0.8520
vn 0.9794 0.2003 0.0246
vn 0.6313 0.5136 -0.5811
vn -0.9998 -0.0011 0.0185
vn -0.2011 0.0365 0.9789
vn 0.2519 0.0369 0.9670
vn 0.2547 0.0365 0.9663
vn 0.7615 0.6466 0.0451
vn 0.6779 0.7351 0.0086
vn 0.6610 0.7504 0.0017
vn -0.3465 0.3149 0.8836
vn -0.8703 0.3990 0.2888
vn 0.8684 0.4021 0.2901
vn 0.2280 0.7886 0.5711
vn -0.3675 0.6665 0.6486
vn 0.3894 0.9185 -0.0694
vn 0.2018 -0.0021 -0.9794
vn 0.1982 -0.0021 -0.9802
vn -0.1940 -0.0028 -0.9810
vn -0.9899 -0.0033 -0.1415
vn 0.7589 0.6512 -0.0049
vn 0.6725 0.7392 -0.0347
vn 0.6366 0.7698 -0.0460
vn -0.0007 0.7027 -0.7115
vn -0.1824 0.7516 -0.6339
vn -0.1819 0.7528 -0.6326
vn -0.5798 0.7425 -0.3355
vn -0.6283 0.7780 0.0007
vn -0.5838 0.7402 -0.3336
vn -0.5843 0.7391 0.3350
vn -0.1834 0.7496 0.6360
vn -0.1830 0.7508 0.6346
vn -0.0018 0.7005 0.7136
vn 0.1973 -0.4802 0.8547
vn -0.1987 0.4818 -0.8535
vn 0.9914 0.0014 -0.1312
vn 0.9997 0.0026 0.0238
vn -0.1869 -0.0033 -0.9824
vn -0.2794 0.0010 -0.9602
vn -0.2819 0.0010 -0.9594
vn -0.8591 -0.0007 -0.5117
vn -0.2816 -0.0020 0.9595
vn -0.8599 -0.0023 0.5105
vn -0.2822 -0.0020 0.9593
vn -0.0017 1.0000 0.0015
vn -0.0018 1.0000 0.0016
vn -0.8591 -0.0007 -0.5118
vn -0.5803 0.7414 0.3370
vn -0.8600 -0.0023 0.5103
vn -0.0016 0.5936 0.8048
vn -0.0007 -0.0016 1.0000
vn -0.0017 0.5937 0.8047
vn 0.0004 -0.5967 0.8025
vn 0.0016 -0.5936 -0.8048
vn 0.0009 0.0015 -1.0000
vn -0.0004 0.5962 -0.8028
vn 1.0000 0.0018 0.0009
vn 1.0000 0.0017 0.0009
vn 0.7645 0.0003 0.6446
vn 0.8025 0.3552 0.4794
vn 0.8025 0.3551 0.4795
vn 0.8038 -0.3538 0.4783
vn 0.7646 0.0004 0.6446
vn 0.8038 -0.3537 0.4784
vn 0.8494 -0.5277 -0.0001
vn 0.8045 -0.3522 -0.4782
vn 0.8494 -0.5278 -0.0001
vn 0.7655 0.0024 -0.6434
vn 0.8046 -0.3523 -0.4781
vn 0.8033 0.3565 -0.4770
vn 0.8033 0.3565 -0.4771
vn 0.8476 0.5307 0.0015
vn 0.8475 0.5307 0.0015
vn -0.0003 -0.2949 0.9555
vn 0.0011 -0.8736 0.4866
vn 0.0011 -0.8736 0.4867
vn 0.0020 -0.8721 -0.4893
vn 0.0013 -0.2920 -0.9564
vn -0.0019 0.8721 0.4893
vn -0.0020 0.8722 0.4892
vn 0.0017 -0.5951 -0.8037
vn 0.0017 -0.5941 -0.8044
vn -0.0004 0.5976 -0.8018
vn -0.0019 1.0000 0.0015
vn 0.0005 -0.5972 0.8021
vn 0.0017 -1.0000 -0.0016
vn -0.0000 0.4156 -0.9095
vn 0.0013 -0.3215 -0.9469
vn 0.0013 -0.3196 -0.9475
vn 0.0019 -0.9871 -0.1600
vn 0.0019 -0.9866 -0.1631
vn 0.0002 -0.5284 0.8490
vn 0.0002 -0.5279 0.8493
vn -0.0000 -0.4152 0.9097
vn -0.0000 -0.4185 0.9082
vn -0.0013 0.3216 0.9469
vn -0.0019 0.9871 0.1604
vn -0.0019 0.9866 0.1631
vn -0.0003 0.5307 -0.8475
vn 0.1497 0.2737 -0.9501
vn 0.0018 -0.5936 -0.8048
vn 0.0017 -0.5936 -0.8047
vn -0.0003 0.5961 -0.8029
vn -0.0018 0.5936 0.8048
vn 0.0004 -0.5961 0.8029
vn 0.0003 -0.5961 0.8029
vn 0.0018 -1.0000 -0.0016
vn -1.0000 -0.0018 -0.0007
vn -0.8025 -0.3552 -0.4793
vn -0.8025 -0.3551 -0.4794
vn -0.8494 0.5277 0.0001
vn -0.8494 0.5277 0.0002
vn -0.8045 0.3523 0.4781
vn -0.8033 -0.3565 0.4771
vn -0.0019 0.8721 0.4892
vn 0.0014 -0.8736 0.4867
vn -1.0000 -0.0019 -0.0007
vn -0.0017 0.5947 0.8039
vn -0.0018 0.5947 0.8039
vn 0.0020 -1.0000 -0.0015
vn 0.0016 -0.5947 -0.8040
vn 0.0017 -0.5948 -0.8039
vn -0.0020 1.0000 0.0015
vn -0.2033 -0.4746 -0.8564
vn -0.9975 -0.0348 -0.0616
vn -0.9975 -0.0319 -0.0626
vn -0.1529 0.2223 -0.9629
vn 0.2042 -0.4761 -0.8554
vn -0.9020 0.3460 -0.2582
vn 0.4393 0.0856 -0.8942
vn 0.9717 0.1212 -0.2026
vn 0.9977 -0.0288 -0.0613
vn 0.9978 -0.0311 -0.0586
vn -0.2835 0.9514 0.1201
vn -0.9801 0.1968 -0.0242
vn -0.9978 0.0335 0.0574
vn -0.1396 0.5448 0.8269
vn 0.2109 0.9613 0.1773
vn -0.9975 0.0310 0.0640
vn 0.4408 0.7036 0.5574
vn 0.9972 0.0347 0.0664
vn 0.9976 0.0363 0.0587
vn 0.9413 0.2803 -0.1879
vn -0.9998 -0.0011 -0.0201
vn -0.1995 0.0402 -0.9791
vn -0.2019 0.0395 -0.9786
vn 0.2535 0.0400 -0.9665
vn 0.9998 0.0027 -0.0221
vn 0.7616 0.6467 -0.0419
vn 0.6779 0.7351 -0.0052
vn 0.7948 0.6041 -0.0580
vn -0.9123 0.2595 -0.3168
vn -0.3297 0.3237 -0.8868
vn 0.3452 0.3187 -0.8828
vn 0.8688 0.4030 -0.2876
vn -0.3761 0.6644 -0.6458
vn 0.3652 0.6698 -0.6465
vn 0.2004 -0.0052 0.9797
vn 0.1966 -0.0048 0.9805
vn -0.1958 -0.0059 0.9806
vn -0.1887 -0.0059 0.9820
vn 0.7590 0.6511 0.0081
vn 0.6725 0.7392 0.0381
vn 0.7761 0.6306 0.0016
vn -0.0018 0.7005 0.7137
vn -0.1834 0.7497 0.6359
vn -0.5803 0.7415 0.3369
vn -0.5843 0.7392 0.3350
vn -0.5837 0.7402 -0.3337
vn -0.5797 0.7425 -0.3356
vn -0.0007 0.7026 -0.7116
vn -0.2013 -0.4777 -0.8552
vn -0.5328 0.8173 -0.2194
vn 0.4223 0.8619 -0.2808
vn 0.2022 0.4793 0.8541
vn 0.9911 0.0004 0.1328
vn -0.9901 -0.0026 0.1400
vn -0.2809 -0.0020 0.9597
vn -0.2800 0.0009 -0.9600
vn -0.2807 0.0010 -0.9598
vn -0.8592 -0.0008 -0.5117
vn -0.1830 0.7508 0.6347
vn -0.6189 0.7854 0.0007
vn -0.0003 0.5958 -0.8031
vn -0.0003 0.5966 -0.8025
vn 0.0017 -0.5933 -0.8050
vn 0.0018 -0.5941 -0.8044
vn -0.0007 -0.0015 1.0000
vn -0.0018 0.5933 0.8050
vn 1.0000 0.0018 0.0007
vn 0.8033 0.3566 -0.4770
vn 0.7656 0.0023 -0.6434
vn 0.8033 0.3566 -0.4771
vn 0.8045 -0.3523 -0.4781
vn 0.8494 -0.5277 -0.0002
vn 0.7646 0.0003 0.6446
vn 0.8026 0.3552 0.4793
vn 0.8025 0.3551 0.4794
vn 0.8475 0.5307 0.0014
vn 0.0020 -0.8721 -0.4892
vn 0.0020 -0.8722 -0.4892
vn 0.0012 -0.8736 0.4867
vn -0.0012 0.8736 -0.4867
vn 1.0000 0.0019 0.0007
vn 0.0003 -0.5976 0.8018
vn -0.0016 0.5952 0.8036
vn -0.0016 0.5942 0.8043
vn -0.0019 1.0000 0.0016
vn -0.0003 0.5973 -0.8020
vn 0.0019 -0.5947 -0.8039
vn 0.0018 -0.5946 -0.8040
vn -0.0002 -0.3238 0.9461
vn -0.0015 0.4122 0.9111
vn -0.0015 0.4156 0.9095
vn 0.0016 -0.9874 0.1581
vn -0.0308 -0.3526 0.9353
vn 0.0016 -0.5281 -0.8492
vn -0.0337 -0.9917 0.1237
vn -0.1456 -0.2809 -0.9486
vn 0.0015 -0.4156 -0.9095
vn 0.0002 0.3237 -0.9461
vn -0.0016 0.9874 -0.1581
vn -0.0311 0.3526 -0.9353
vn -0.0016 0.5282 0.8491
vn -0.0361 0.9917 -0.1238
vn -0.0014 0.3924 0.9198
vn -0.0000 -0.3957 0.9184
vn -0.0000 -0.3948 0.9188
vn 0.0014 -0.3926 -0.9197
vn 0.0014 -0.3924 -0.9198
vn -0.0000 0.3957 -0.9184
vn 0.0001 0.3948 -0.9188
vn -0.0014 0.3926 0.9197
vn 0.0004 -0.5958 0.8031
vn 0.0004 -0.5966 0.8025
vn -0.0017 0.5936 0.8048
vn -0.0004 0.5966 -0.8025
vn 0.0007 0.0015 -1.0000
vn -0.7656 -0.0023 0.6433
vn -0.8033 -0.3567 0.4770
vn -0.7656 -0.0024 0.6433
vn -0.8495 0.5277 0.0001
vn -0.7645 -0.0004 -0.6446
vn -0.0012 0.2919 0.9564
vn -0.0011 0.8737 -0.4865
vn -1.0000 -0.0017 -0.0007
vn -0.0005 0.5972 -0.8021
vn -0.0005 0.5971 -0.8021
vn 0.0014 -0.5941 -0.8044
vn -0.0018 0.5946 0.8040
vn -0.0004 0.5961 -0.8029
vn 0.7645 0.0004 0.6446
vn 0.7655 0.0023 -0.6434
vn 0.8033 0.3567 -0.4769
vn -0.0013 0.2919 0.9565
vn 0.0012 -0.8737 0.4865
vn 1.0000 0.0016 0.0008
vn -0.0009 -0.0015 1.0000
vn 0.0017 -1.0000 -0.0017
vn 0.0014 -0.9467 0.3222
vn 0.0020 -0.9456 -0.3253
vn 0.0014 -0.9465 0.3227
vn 0.7994 -0.6007 -0.0003
vn 0.8039 -0.5947 -0.0003
vn 0.8043 -0.5942 -0.0003
vn -0.8010 0.5987 0.0003
vn -0.8040 0.5946 0.0003
vn -0.8054 0.5927 0.0003
vn 0.3971 -0.9178 -0.0011
vn 0.8053 -0.5929 -0.0001
vn -0.4671 0.8842 0.0010
vn -0.0012 -1.0000 -0.0016
vn -0.0012 -1.0000 -0.0015
vn -0.0046 1.0000 0.0015
vn 0.9997 -0.0250 0.0007
vn -0.9982 0.0601 -0.0007
vn -0.0006 -0.0955 0.9954
vn 1.0000 0.0036 0.0008
vn 0.9997 -0.0263 0.0008
vn 0.0014 -0.0920 -0.9958
vn -1.0000 -0.0000 -0.0008
vn -0.9982 0.0595 -0.0007
vn 0.0004 -0.5839 0.8118
vn -0.0011 -0.0962 0.9954
vn 0.0017 -0.5814 -0.8136
vn 0.0009 -0.0939 -0.9956
vn 0.0020 -0.9455 -0.3256
vn 0.7279 -0.4484 0.5188
vn 0.7084 -0.4598 0.5355
vn 0.7073 -0.4604 0.5365
vn -0.7268 -0.4517 0.5175
vn -0.7028 -0.4654 0.5380
vn -0.7281 -0.4509 0.5163
vn -0.0001 -0.8948 0.4465
vn 0.0004 -0.8944 0.4472
vn 0.0012 -0.8939 0.4483
vn 0.0006 -0.6549 0.7557
vn 0.6579 -0.6738 0.3363
vn -0.6515 -0.6754 0.3455
vn -0.7562 -0.6543 -0.0016
vn -0.7539 -0.6569 -0.0016
vn 0.7585 -0.6517 -0.0004
vn 0.7586 -0.6515 -0.0004
vn 0.6756 0.0024 -0.7373
vn 0.7287 -0.4468 -0.5190
vn 0.7093 -0.4581 -0.5358
vn 0.7297 -0.4462 -0.5181
vn -0.7020 -0.4637 -0.5405
vn -0.7259 -0.4500 -0.5201
vn -0.7273 -0.4493 -0.5189
vn 0.0006 -0.8934 -0.4493
vn 0.0011 -0.8930 -0.4501
vn -0.0002 -0.8939 -0.4482
vn 0.0017 -0.6525 -0.7578
vn 0.6585 -0.6727 -0.3374
vn -0.6511 -0.6742 -0.3485
vn -0.0005 0.5961 -0.8029
vn 0.8025 0.3552 0.4793
vn 0.8033 0.3567 -0.4770
vn -0.0012 0.8737 -0.4865
vn 0.0019 -0.8721 -0.4894
vn 1.0000 0.0024 0.0008
vn -0.0004 0.5973 -0.8020
vn 0.0018 -0.5951 -0.8037
vn 0.0005 -0.5976 0.8018
vn -0.0006 -0.0016 1.0000
vn -0.0006 -0.0015 1.0000
vn -0.0016 0.5948 0.8039
vn -0.0018 0.5947 0.8040
vn -0.0021 1.0000 0.0014
vn -0.0016 1.0000 0.0015
vn 0.2050 -0.4764 0.8550
vn 0.9976 -0.0314 0.0615
vn 0.9976 -0.0284 0.0625
vn 0.1522 0.2199 0.9636
vn -0.2024 -0.4795 0.8539
vn 0.9008 0.3484 0.2592
vn -0.4395 0.0814 0.8946
vn -0.9722 0.1172 0.2029
vn -0.9976 -0.0325 0.0612
vn -0.9977 -0.0348 0.0587
vn 0.2802 0.9528 -0.1172
vn 0.9794 0.2002 0.0248
vn 0.9977 0.0373 -0.0572
vn 0.1377 0.5478 -0.8252
vn -0.2141 0.9611 -0.1743
vn 0.9974 0.0347 -0.0638
vn -0.4434 0.7038 -0.5550
vn -0.9973 0.0314 -0.0663
vn -0.9977 0.0331 -0.0586
vn -0.9423 0.2764 0.1887
vn 0.9998 0.0025 0.0201
vn 0.1994 0.0377 0.9792
vn 0.2016 0.0371 0.9788
vn -0.2537 0.0361 0.9666
vn -0.9998 -0.0009 0.0221
vn -0.7638 0.6439 0.0439
vn -0.6805 0.7327 0.0075
vn -0.7969 0.6011 0.0599
vn 0.9114 0.2617 0.3176
vn 0.3290 0.3232 0.8873
vn -0.3460 0.3140 0.8841
vn 0.3737 0.6638 0.6479
vn -0.2003 -0.0028 -0.9797
vn -0.1966 -0.0024 -0.9805
vn 0.1957 -0.0021 -0.9807
vn 0.1885 -0.0022 -0.9821
vn -0.7612 0.6485 -0.0061
vn -0.6750 0.7369 -0.0358
vn -0.7782 0.6280 0.0003
vn -0.0007 0.7026 -0.7115
vn 0.1808 0.7522 -0.6336
vn 0.6256 0.7802 0.0017
vn 0.5776 0.7446 -0.3346
vn 0.5816 0.7423 -0.3327
vn 0.5811 0.7412 0.3360
vn 0.1797 0.7502 0.6363
vn 0.5771 0.7435 0.3379
vn 0.2030 -0.4796 0.8537
vn 0.5306 0.8178 0.2228
vn -0.4253 0.8602 0.2813
vn -0.2039 0.4812 -0.8526
vn -0.9911 -0.0027 -0.1328
vn 0.9901 0.0014 -0.1401
vn 0.2810 0.0020 -0.9597
vn 0.2834 0.0020 -0.9590
vn 0.8599 0.0023 -0.5105
vn 0.2800 -0.0010 0.9600
vn 0.2807 -0.0010 0.9598
vn 0.8591 0.0007 0.5119
vn 0.8592 0.0007 0.5116
vn 0.1803 0.7534 -0.6323
vn 0.8600 0.0023 -0.5103
vn 0.6162 0.7876 0.0017
vn -0.7655 -0.0024 0.6434
vn -0.8476 -0.5307 -0.0015
vn -0.0019 0.8736 -0.4866
vn -0.0018 0.8736 -0.4866
vn 0.0015 -0.5948 -0.8039
vn -0.0005 0.5973 -0.8020
vn -0.0017 0.5947 0.8040
vn -0.0016 0.5947 0.8039
vn 0.0004 -0.5973 0.8020
vn 0.0003 -0.5972 0.8021
vn 0.0016 -0.5947 -0.8039
vn 0.0001 0.4142 -0.9102
vn 0.0013 -0.3197 -0.9475
vn 0.0003 -0.5279 0.8493
vn -0.0000 -0.4157 0.9095
vn 0.0293 0.3497 0.9364
vn -0.0019 0.9869 0.1612
vn -0.0013 0.3198 0.9475
vn -0.0002 0.5283 -0.8491
vn -0.0011 0.8279 -0.5608
vn 0.0015 -0.5936 -0.8048
vn 0.7656 0.0023 -0.6433
vn 0.0013 -0.2919 -0.9564
vn 0.0012 -0.2919 -0.9564
vn -0.0012 0.2920 0.9564
vn -0.0017 0.5946 0.8040
vn 0.0019 -1.0000 -0.0015
vn 0.0003 -0.5966 0.8025
vn 0.0016 -0.5951 -0.8037
vn 0.0019 -1.0000 -0.0016
vn 0.0015 -0.5941 -0.8044
vn -0.0005 0.5976 -0.8018
vn -0.0020 1.0000 0.0014
vn -0.0005 0.5967 -0.8025
vn 0.1734 -0.0579 -0.9831
vn 0.9977 -0.0312 -0.0602
vn 0.2041 -0.4766 -0.8551
vn 0.3165 0.4052 -0.8577
vn -0.2010 -0.4769 -0.8557
vn -0.1663 0.3006 -0.9391
vn 0.9717 0.1210 -0.2029
vn 0.5626 -0.1669 -0.8097
vn -0.9718 0.1177 -0.2042
vn -0.2059 0.4988 -0.8419
vn -0.9976 -0.0346 -0.0601
vn -0.5845 0.2226 -0.7803
vn 0.2207 0.8708 0.4393
vn 0.9795 0.2003 -0.0226
vn 0.2448 0.9624 -0.1175
vn 0.4308 0.4107 0.8036
vn -0.2144 0.9605 0.1771
vn -0.1927 0.4824 0.8545
vn 0.9972 0.0345 0.0656
vn 0.6435 0.7323 0.2228
vn -0.9974 0.0312 0.0649
vn -0.2051 0.4789 0.8536
vn -0.9801 0.1971 -0.0240
vn -0.6332 0.5095 0.5826
vn 0.9998 0.0026 -0.0185
vn 0.2011 0.0403 -0.9787
vn -0.2520 0.0390 -0.9669
vn -0.2548 0.0388 -0.9662
vn -0.7639 0.6439 -0.0431
vn -0.6805 0.7327 -0.0063
vn -0.6637 0.7480 0.0007
vn 0.3454 0.3187 -0.8827
vn 0.8689 0.4030 -0.2875
vn -0.8698 0.3999 -0.2889
vn -0.2296 0.7896 -0.5691
vn 0.3655 0.6710 -0.6451
vn -0.3930 0.9169 0.0699
vn -0.2018 -0.0059 0.9794
vn -0.1981 -0.0059 0.9802
vn 0.1941 -0.0052 0.9810
vn 0.9899 -0.0002 0.1417
vn -0.7612 0.6484 0.0069
vn -0.6751 0.7368 0.0370
vn -0.6393 0.7674 0.0484
vn 0.1797 0.7503 0.6362
vn 0.1793 0.7515 0.6349
vn 0.6255 0.7802 0.0017
vn 0.5817 0.7422 -0.3328
vn 0.1809 0.7522 -0.6336
vn 0.1803 0.7535 -0.6323
vn -0.1957 -0.4783 -0.8561
vn 0.1970 0.4798 0.8550
vn -0.9914 -0.0025 0.1312
vn -0.9997 -0.0008 -0.0238
vn 0.1869 -0.0056 0.9824
vn 0.8592 0.0007 0.5117
vn 0.2816 0.0020 -0.9595
vn 0.2822 0.0020 -0.9593
vn 0.8591 0.0007 0.5118
vn 0.5776 0.7445 -0.3347
vn 0.0005 -0.5973 0.8020
vn -0.0004 0.5973 -0.8021
vn -0.0002 -0.3237 0.9461
vn -0.0015 0.4130 0.9107
vn 0.0016 -0.9876 0.1569
vn -0.2053 -0.6756 -0.7081
vn 0.0015 -0.5209 -0.8536
vn 0.0015 -0.4130 -0.9107
vn 0.0002 0.3245 -0.9459
vn -0.0016 0.9874 -0.1580
vn -0.2086 0.6749 0.7078
vn -0.0017 0.5210 0.8536
vn -0.0014 0.3928 0.9196
vn -0.0014 0.3919 0.9200
vn 0.0001 0.3957 -0.9184
vn -0.0000 0.3948 -0.9188
vn 0.0018 -0.5933 -0.8050
vn 0.7656 0.0024 -0.6433
vn 0.0017 -0.5947 -0.8039
vn 0.0004 -0.5976 0.8018
vn -0.7645 -0.0004 -0.6447
vn -0.8038 0.3537 -0.4783
vn 0.0012 -0.2920 -0.9564
vn -0.0020 0.8721 0.4892
vn 0.0018 -0.5948 -0.8039
vn -0.0015 0.5951 0.8037
vn 0.0015 -1.0000 -0.0014
vn 0.0017 -0.5947 -0.8040
vn 0.0019 -0.9456 -0.3253
vn -0.8019 -0.5975 -0.0016
vn -0.8006 -0.5993 -0.0016
vn -0.7999 -0.6001 -0.0017
vn 0.8019 0.5974 0.0016
vn 0.7989 0.6015 0.0016
vn 0.8033 0.5956 0.0016
vn -0.3938 -0.9192 -0.0017
vn 0.4640 0.8858 0.0018
vn -0.8137 -0.0003 -0.5812
vn 0.0048 -1.0000 -0.0015
vn -0.4041 -0.0022 0.9147
vn 0.0011 1.0000 0.0016
vn -0.9996 -0.0286 -0.0008
vn -0.8022 -0.5970 -0.0017
vn 0.9980 0.0636 0.0009
vn -0.0011 -0.0954 0.9954
vn -1.0000 0.0001 -0.0008
vn 0.0010 -0.0920 -0.9958
vn 0.0014 -0.0939 -0.9956
vn 1.0000 0.0041 0.0008
vn 1.0000 0.0035 0.0008
vn -0.0005 -0.0962 0.9954
vn 0.0017 -0.5815 -0.8135
vn 0.0019 -0.9455 -0.3255
vn 0.0018 -1.0000 -0.0017
vn -0.0016 0.5468 0.8373
vn -0.0016 0.5467 0.8373
vn -0.6296 -0.0023 0.7769
vn -0.0003 0.5493 -0.8356
vn -0.6283 0.0001 -0.7780
vn -0.6284 0.0001 -0.7779
vn -0.5618 0.4518 0.6930
vn -0.5607 0.4539 -0.6925
vn -0.0003 0.5494 -0.8356
vn -0.5618 0.4519 0.6929
vn -0.5608 0.4540 -0.6924
vn 0.7760 0.6307 0.0016
vn 0.6757 0.0023 -0.7372
vn 0.6745 0.0001 0.7383
vn 0.6745 -0.0000 0.7383
vn 0.5921 0.4817 -0.6461
vn 0.5910 0.4797 0.6485
vn -0.6745 -0.0000 -0.7383
vn -0.4565 0.7379 -0.4971
vn -0.4573 0.7364 0.4986
vn -0.4573 0.7363 0.4987
vn -0.7783 0.6280 0.0003
vn -0.0017 0.5941 0.8044
vn -0.6283 0.0001 -0.7779
vn -0.5619 0.4518 0.6930
vn -0.5607 0.4540 -0.6925
vn -0.7782 0.6280 0.0004
vn -0.7783 0.6279 0.0003
vn 0.0018 -1.0000 -0.0014
vn -0.0016 0.5468 0.8372
vn -0.5618 0.4518 0.6929
vn 0.0018 -1.0000 -0.0012
vn 0.6284 -0.0001 0.7779
vn 0.6283 -0.0001 0.7779
vn 0.6297 0.0023 -0.7769
vn 0.6296 0.0023 -0.7769
vn 0.5591 0.4538 0.6939
vn 0.5602 0.4560 -0.6916
vn 0.5592 0.4538 0.6938
vn 0.5602 0.4559 -0.6916
vn -0.6745 -0.0001 -0.7383
vn -0.5927 0.4796 -0.6471
vn -0.5937 0.4776 0.6476
vn 0.4547 0.7395 -0.4964
vn 0.4539 0.7380 0.4994
vn -0.0004 0.5966 -0.8026
vn -0.0004 0.5967 -0.8025
vn -0.0017 0.5942 0.8044
vn 0.6283 -0.0001 0.7780
vn 0.5591 0.4538 0.6938
vn 0.5591 0.4539 0.6938
vn 0.5602 0.4559 -0.6915
vn 0.5603 0.4559 -0.6915
vn 0.0018 -1.0000 -0.0018
vn 0.0018 -1.0000 -0.0013
vn -0.7066 -0.4629 0.5353
vn 0.7023 -0.4637 0.5402
vn 0.0012 -0.8939 0.4482
vn -0.7273 -0.4488 -0.5193
vn 0.7030 -0.4621 -0.5406
vn 0.0041 -0.8939 -0.4482
vn -0.0020 0.8721 0.4893
vn -0.2034 0.0362 0.9784
vn 0.7947 0.6039 0.0611
vn -0.0019 1.0000 0.0013
vn -0.7646 -0.0003 -0.6446
vn -0.0003 0.5967 -0.8025
vn 0.1987 -0.4780 -0.8556
vn -0.2002 0.4787 0.8548
vn 0.2563 0.0400 -0.9658
vn 0.6365 0.7697 0.0494
vn -0.1821 0.7528 -0.6326
vn -0.2834 -0.0020 0.9590
vn 0.0011 -0.8737 0.4865
vn -0.0001 -0.2949 0.9555
vn -0.0019 0.8721 0.4894
vn 0.3970 -0.9178 -0.0011
vn 0.7289 -0.4478 0.5179
vn -0.7014 -0.4662 0.5391
vn -0.0009 -0.8953 0.4454
vn 0.7082 -0.4587 -0.5367
vn -0.7006 -0.4645 -0.5416
vn 0.0019 -0.8924 -0.4512
vn 0.0016 -0.5941 -0.8044
vn 0.0004 -0.5966 0.8026
vn -0.1971 -0.4813 0.8541
vn 0.1983 0.4821 -0.8534
vn -0.2564 0.0360 0.9659
vn -0.6636 0.7481 0.0006
vn -0.6392 0.7676 -0.0471
vn 0.1794 0.7515 0.6349
vn -0.0017 0.8736 -0.4866
vn 0.0019 -0.8722 -0.4892
vn 0.2033 0.0402 -0.9783
vn -0.7969 0.6011 -0.0593
vn 0.6161 0.7876 0.0017
vn -0.0020 0.8721 0.4894
vn -0.7644 -0.0003 -0.6447
vn 0.0001 0.2949 -0.9555
vn -0.0015 0.5941 0.8044
vn -0.9995 -0.0300 -0.0009
vn 0.9980 0.0632 0.0009
vn 0.0004 -0.5840 0.8118
vt 0.779733 0.716713
vt 0.788402 0.713600
vt 0.788402 0.716713
vt 0.780660 0.176128
vt 0.789329 0.002464
vt 0.789329 0.176128
vt 0.987710 0.715574
vt 0.990822 0.524772
vt 0.990823 0.715574
vt 0.119876 0.026113
vt 0.137214 0.029226
vt 0.119876 0.029226
vt 0.444097 0.888598
vt 0.445204 0.895386
vt 0.444116 0.895394
vt 0.435723 0.879952
vt 0.445113 0.888126
vt 0.518118 0.891443
vt 0.519225 0.884653
vt 0.519206 0.891451
vt 0.527589 0.876004
vt 0.518208 0.884181
vt 0.995753 0.887297
vt 0.997320 0.888389
vt 0.995753 0.888381
vt 0.224216 0.072681
vt 0.222615 0.065532
vt 0.224216 0.065532
vt 0.703328 0.884653
vt 0.995745 0.900633
vt 0.997346 0.900632
vt 0.260032 0.888598
vt 0.434855 0.880620
vt 0.434634 0.879551
vt 0.528688 0.875604
vt 0.528469 0.876674
vt 0.997326 0.712723
vt 0.997332 0.887297
vt 0.703328 0.876673
vt 0.260032 0.880616
vt 0.189912 0.808189
vt 0.380757 0.790851
vt 0.380757 0.808189
vt 0.972980 0.721490
vt 0.976095 0.912351
vt 0.972980 0.912351
vt 0.779733 0.713600
vt 0.788401 0.539934
vt 0.791514 0.713600
vt 0.788401 0.363154
vt 0.779732 0.366267
vt 0.779732 0.363154
vt 0.780660 0.349793
vt 0.987710 0.906435
vt 0.465510 0.047792
vt 0.448172 0.050905
vt 0.448172 0.047792
vt 0.074854 0.895388
vt 0.075962 0.888599
vt 0.075942 0.895396
vt 0.084335 0.879952
vt 0.085204 0.880622
vt 0.888535 0.891443
vt 0.887427 0.884654
vt 0.888444 0.884182
vt 0.879064 0.876004
vt 0.995753 0.538114
vt 0.997321 0.537021
vt 0.997332 0.538114
vt 0.148799 0.068744
vt 0.150401 0.061596
vt 0.150401 0.068744
vt 0.887447 0.891451
vt 0.703328 0.891453
vt 0.995745 0.524774
vt 0.995753 0.537029
vt 0.085425 0.879551
vt 0.877964 0.875604
vt 0.878184 0.876675
vt 0.995753 0.712723
vt 0.703328 0.875618
vt 0.571604 0.790851
vt 0.571604 0.808189
vt 0.972981 0.530688
vt 0.976094 0.721490
vt 0.788401 0.366267
vt 0.779732 0.539934
vt 0.791514 0.539934
vt 0.425351 0.072263
vt 0.426131 0.069734
vt 0.426131 0.072263
vt 0.425351 0.067205
vt 0.425351 0.069734
vt 0.426131 0.064676
vt 0.426131 0.067205
vt 0.425351 0.064676
vt 0.426131 0.062147
vt 0.425351 0.059617
vt 0.425351 0.062147
vt 0.425351 0.077322
vt 0.426131 0.079851
vt 0.425351 0.079851
vt 0.425351 0.074793
vt 0.426131 0.077322
vt 0.426131 0.074793
vt 0.456408 0.068236
vt 0.455290 0.068236
vt 0.455849 0.066886
vt 0.454499 0.067445
vt 0.454499 0.066327
vt 0.455290 0.065536
vt 0.456409 0.065536
vt 0.457199 0.066327
vt 0.457199 0.067445
vt 0.285610 0.053674
vt 0.286823 0.055902
vt 0.285583 0.056390
vt 0.288033 0.053001
vt 0.286830 0.054203
vt 0.287536 0.051762
vt 0.289740 0.052993
vt 0.292164 0.053704
vt 0.290264 0.051746
vt 0.292149 0.056418
vt 0.290931 0.054217
vt 0.289709 0.057113
vt 0.290916 0.055918
vt 0.290229 0.058339
vt 0.288016 0.057104
vt 0.287497 0.058339
vt 0.348860 0.061013
vt 0.347117 0.059623
vt 0.348860 0.059623
vt 0.347117 0.061013
vt 0.345375 0.059623
vt 0.345375 0.061013
vt 0.343632 0.059623
vt 0.341890 0.061013
vt 0.343632 0.061013
vt 0.340147 0.059623
vt 0.341890 0.059623
vt 0.354088 0.061013
vt 0.352345 0.059623
vt 0.354088 0.059623
vt 0.352345 0.061013
vt 0.350603 0.059623
vt 0.350603 0.061013
vt 0.102175 0.063826
vt 0.102654 0.062281
vt 0.103407 0.062594
vt 0.100745 0.063072
vt 0.101863 0.063072
vt 0.100433 0.063826
vt 0.099954 0.062282
vt 0.099200 0.060851
vt 0.099200 0.062594
vt 0.100433 0.059619
vt 0.099954 0.061163
vt 0.101863 0.060372
vt 0.100745 0.060372
vt 0.102175 0.059619
vt 0.102654 0.061163
vt 0.103408 0.060851
vt 0.275859 0.069481
vt 0.276977 0.069989
vt 0.275859 0.069989
vt 0.278096 0.069481
vt 0.276977 0.069481
vt 0.279214 0.069989
vt 0.278096 0.069989
vt 0.280333 0.069481
vt 0.279214 0.069481
vt 0.281451 0.069481
vt 0.280333 0.069989
vt 0.272503 0.069481
vt 0.273622 0.069989
vt 0.272503 0.069989
vt 0.274740 0.069481
vt 0.273622 0.069481
vt 0.274740 0.069989
vt 0.507029 0.012728
vt 0.488877 0.002462
vt 0.507029 0.002462
vt 0.493415 0.016555
vt 0.502491 0.016555
vt 0.200910 0.857307
vt 0.718355 0.854792
vt 0.718031 0.855681
vt 0.326888 0.051771
vt 0.327827 0.054188
vt 0.326890 0.054194
vt 0.200077 0.856688
vt 0.200068 0.854227
vt 0.200956 0.856392
vt 0.191191 0.814959
vt 0.191187 0.817425
vt 0.190261 0.817173
vt 0.192019 0.814333
vt 0.709723 0.814116
vt 0.192064 0.815254
vt 0.201544 0.847194
vt 0.200763 0.849740
vt 0.199950 0.849235
vt 0.315994 0.051751
vt 0.316931 0.054169
vt 0.315995 0.054174
vt 0.202483 0.846790
vt 0.717820 0.844944
vt 0.202317 0.847703
vt 0.193635 0.824846
vt 0.709238 0.823970
vt 0.709590 0.824840
vt 0.192692 0.824450
vt 0.191906 0.821910
vt 0.193472 0.823939
vt 0.719095 0.855341
vt 0.709935 0.812819
vt 0.709384 0.813259
vt 0.468072 0.015717
vt 0.469400 0.020043
vt 0.468415 0.021054
vt 0.199144 0.854483
vt 0.199747 0.851845
vt 0.190878 0.819809
vt 0.189927 0.819965
vt 0.198795 0.851694
vt 0.191096 0.822419
vt 0.715560 0.820316
vt 0.724157 0.848562
vt 0.723601 0.849310
vt 0.469062 0.007263
vt 0.468440 0.002473
vt 0.469422 0.003493
vt 0.478837 0.002532
vt 0.478199 0.003576
vt 0.482774 0.007152
vt 0.482656 0.011797
vt 0.481785 0.007686
vt 0.481772 0.015907
vt 0.478804 0.021054
vt 0.478170 0.020005
vt 0.519045 0.930828
vt 0.003237 0.933248
vt 0.003241 0.930793
vt 0.319384 0.051743
vt 0.316930 0.051745
vt 0.980361 0.002480
vt 0.982782 0.517784
vt 0.980343 0.517780
vt 0.324640 0.054197
vt 0.324644 0.051752
vt 0.321971 0.051747
vt 0.319379 0.054187
vt 0.321967 0.054192
vt 0.002465 0.930793
vt 0.715515 0.819175
vt 0.710947 0.813136
vt 0.980346 0.525172
vt 0.397559 0.054505
vt 0.387293 0.051743
vt 0.397559 0.051743
vt 0.554709 0.039424
vt 0.551947 0.034753
vt 0.554709 0.034753
vt 0.489124 0.058439
vt 0.499390 0.055677
vt 0.499390 0.058439
vt 0.554709 0.030081
vt 0.551947 0.024145
vt 0.554709 0.024145
vt 0.066759 0.051740
vt 0.061460 0.054502
vt 0.061460 0.051740
vt 0.079611 0.054502
vt 0.074351 0.051740
vt 0.079611 0.051740
vt 0.472191 0.015575
vt 0.472203 0.007982
vt 0.471536 0.016243
vt 0.469059 0.016279
vt 0.471545 0.007310
vt 0.551947 0.039424
vt 0.554709 0.045361
vt 0.551947 0.045361
vt 0.482759 0.016444
vt 0.551947 0.030081
vt 0.290994 0.063567
vt 0.293524 0.064347
vt 0.290994 0.064347
vt 0.273290 0.063567
vt 0.275819 0.064347
vt 0.273290 0.064347
vt 0.278348 0.063567
vt 0.275819 0.063567
vt 0.280877 0.063567
vt 0.278348 0.064347
vt 0.283407 0.063567
vt 0.280877 0.064347
vt 0.285936 0.063567
vt 0.283407 0.064347
vt 0.288465 0.063567
vt 0.285936 0.064347
vt 0.288465 0.064347
vt 0.071724 0.069418
vt 0.071724 0.068300
vt 0.073074 0.068859
vt 0.072515 0.067509
vt 0.073633 0.067509
vt 0.074424 0.068300
vt 0.074424 0.069418
vt 0.073633 0.070209
vt 0.072515 0.070209
vt 0.144853 0.012321
vt 0.142636 0.013557
vt 0.142136 0.012321
vt 0.145554 0.014742
vt 0.144336 0.013548
vt 0.146787 0.014225
vt 0.145556 0.016444
vt 0.144877 0.018888
vt 0.146798 0.016952
vt 0.142164 0.018888
vt 0.144361 0.017655
vt 0.141449 0.016454
vt 0.142655 0.017651
vt 0.140227 0.016985
vt 0.141444 0.014761
vt 0.140203 0.014253
vt 0.082070 0.061014
vt 0.080328 0.059624
vt 0.082070 0.059624
vt 0.092526 0.061014
vt 0.094269 0.059624
vt 0.094269 0.061014
vt 0.090783 0.061014
vt 0.092526 0.059624
vt 0.089041 0.061014
vt 0.090783 0.059624
vt 0.087298 0.059624
vt 0.089041 0.059624
vt 0.087298 0.061014
vt 0.085556 0.059624
vt 0.083813 0.061014
vt 0.085556 0.061014
vt 0.083813 0.059624
vt 0.617549 0.005440
vt 0.616795 0.004009
vt 0.617549 0.003697
vt 0.616004 0.005919
vt 0.616795 0.005128
vt 0.616316 0.006672
vt 0.614886 0.005919
vt 0.613341 0.005440
vt 0.614574 0.006672
vt 0.613341 0.003697
vt 0.614095 0.005128
vt 0.614886 0.003218
vt 0.614095 0.004009
vt 0.614574 0.002465
vt 0.616004 0.003218
vt 0.616316 0.002465
vt 0.402201 0.066650
vt 0.402709 0.065532
vt 0.402709 0.066650
vt 0.402201 0.074480
vt 0.402709 0.073361
vt 0.402709 0.074480
vt 0.402201 0.072243
vt 0.402201 0.073361
vt 0.402709 0.071124
vt 0.402709 0.072243
vt 0.402201 0.070006
vt 0.402201 0.071124
vt 0.402709 0.068887
vt 0.402709 0.070006
vt 0.402201 0.068887
vt 0.402709 0.067769
vt 0.402201 0.067769
vt 0.155337 0.453820
vt 0.153617 0.638200
vt 0.153617 0.453820
vt 0.151844 0.453820
vt 0.151845 0.638200
vt 0.184978 0.453820
vt 0.183255 0.638200
vt 0.183256 0.453820
vt 0.171903 0.638200
vt 0.171904 0.453820
vt 0.170184 0.453820
vt 0.168411 0.638200
vt 0.168411 0.453820
vt 0.166689 0.453820
vt 0.155337 0.638200
vt 0.233128 0.071148
vt 0.232348 0.073677
vt 0.232348 0.071148
vt 0.233128 0.073677
vt 0.232348 0.076207
vt 0.233128 0.076207
vt 0.232348 0.078736
vt 0.233128 0.081265
vt 0.232348 0.081265
vt 0.233128 0.083794
vt 0.232348 0.083794
vt 0.233128 0.063560
vt 0.232348 0.066090
vt 0.232348 0.063560
vt 0.233128 0.066090
vt 0.232348 0.068619
vt 0.233128 0.068619
vt 0.464032 0.065535
vt 0.463472 0.066886
vt 0.462913 0.065536
vt 0.462122 0.066326
vt 0.462122 0.067445
vt 0.462913 0.068236
vt 0.464032 0.068236
vt 0.464823 0.067445
vt 0.464823 0.066326
vt 0.521559 0.036195
vt 0.522772 0.033967
vt 0.522798 0.036683
vt 0.520349 0.033294
vt 0.520846 0.032055
vt 0.518641 0.033286
vt 0.518118 0.032039
vt 0.516218 0.033997
vt 0.517451 0.034510
vt 0.516233 0.036711
vt 0.518673 0.037406
vt 0.518153 0.038632
vt 0.520366 0.037396
vt 0.520884 0.038632
vt 0.452097 0.059044
vt 0.453839 0.057654
vt 0.453839 0.059044
vt 0.455582 0.059044
vt 0.455582 0.057654
vt 0.457325 0.059044
vt 0.457325 0.057654
vt 0.459067 0.059044
vt 0.460810 0.057654
vt 0.460810 0.059044
vt 0.446869 0.059044
vt 0.448611 0.057654
vt 0.448611 0.059044
vt 0.450354 0.059044
vt 0.450354 0.057654
vt 0.494258 0.064318
vt 0.492828 0.063564
vt 0.494570 0.063564
vt 0.492349 0.065109
vt 0.491595 0.064797
vt 0.492349 0.066227
vt 0.491595 0.066539
vt 0.492828 0.067771
vt 0.493140 0.067018
vt 0.494570 0.067771
vt 0.495049 0.066227
vt 0.495802 0.066539
vt 0.495049 0.065109
vt 0.495802 0.064797
vt 0.345741 0.068015
vt 0.344622 0.067507
vt 0.345741 0.067507
vt 0.343504 0.068015
vt 0.343504 0.067507
vt 0.342385 0.068015
vt 0.342385 0.067507
vt 0.341267 0.067508
vt 0.341267 0.068015
vt 0.340148 0.067507
vt 0.349096 0.068015
vt 0.347978 0.067507
vt 0.349096 0.067507
vt 0.346859 0.068015
vt 0.346859 0.067507
vt 0.448180 0.036377
vt 0.466332 0.026111
vt 0.466332 0.036377
vt 0.461794 0.040204
vt 0.861320 0.004655
vt 0.858794 0.521860
vt 0.860393 0.004700
vt 0.332798 0.062631
vt 0.335216 0.063568
vt 0.332793 0.063567
vt 0.858228 0.003810
vt 0.860692 0.003816
vt 0.815702 0.003786
vt 0.818175 0.003787
vt 0.816004 0.004667
vt 0.814880 0.522059
vt 0.815062 0.004624
vt 0.851193 0.005284
vt 0.853742 0.004505
vt 0.851705 0.006061
vt 0.332773 0.051736
vt 0.335191 0.052672
vt 0.332768 0.052672
vt 0.848950 0.521326
vt 0.850784 0.006229
vt 0.825594 0.006237
vt 0.824728 0.521574
vt 0.824687 0.006074
vt 0.822659 0.004508
vt 0.825199 0.005294
vt 0.859341 0.522597
vt 0.859675 0.521539
vt 0.860079 0.522138
vt 0.813584 0.522271
vt 0.813901 0.523282
vt 0.219917 0.007805
vt 0.221244 0.003479
vt 0.220903 0.007243
vt 0.855846 0.003489
vt 0.858483 0.002884
vt 0.817925 0.002859
vt 0.820560 0.003479
vt 0.855695 0.002538
vt 0.820717 0.002528
vt 0.821076 0.527892
vt 0.825597 0.521927
vt 0.852568 0.527661
vt 0.848083 0.521667
vt 0.220907 0.016259
vt 0.220285 0.021049
vt 0.219913 0.015661
vt 0.221266 0.020029
vt 0.230681 0.020990
vt 0.234501 0.011724
vt 0.234619 0.016369
vt 0.233630 0.015836
vt 0.233616 0.007615
vt 0.230649 0.002467
vt 0.234604 0.007077
vt 0.220260 0.002467
vt 0.002465 0.938696
vt 0.517428 0.941127
vt 0.002459 0.941127
vt 0.332766 0.055126
vt 0.335211 0.055120
vt 0.972990 0.525088
vt 0.975412 0.009852
vt 0.975416 0.525094
vt 0.335223 0.060381
vt 0.335221 0.062631
vt 0.332772 0.057714
vt 0.335217 0.057708
vt 0.332778 0.060386
vt 0.518198 0.938677
vt 0.518197 0.941127
vt 0.819936 0.527847
vt 0.972977 0.002464
vt 0.972973 0.009856
vt 0.853315 0.527104
vt 0.382365 0.051742
vt 0.372100 0.054504
vt 0.372100 0.051742
vt 0.488413 0.032784
vt 0.485651 0.028112
vt 0.488413 0.028112
vt 0.402480 0.054504
vt 0.412745 0.051742
vt 0.412745 0.054504
vt 0.488413 0.043392
vt 0.485651 0.037455
vt 0.488413 0.037455
vt 0.263841 0.051740
vt 0.269139 0.051740
vt 0.269140 0.054502
vt 0.250988 0.054502
vt 0.250988 0.051740
vt 0.256248 0.051740
vt 0.224036 0.007946
vt 0.224047 0.015539
vt 0.223381 0.007278
vt 0.223390 0.016212
vt 0.230015 0.003517
vt 0.230044 0.019945
vt 0.488413 0.022176
vt 0.235730 0.011722
vt 0.485651 0.032784
vt 0.321699 0.072271
vt 0.322479 0.069741
vt 0.322479 0.072271
vt 0.321699 0.067212
vt 0.322479 0.067212
vt 0.322479 0.064683
vt 0.321699 0.064683
vt 0.322479 0.062154
vt 0.321699 0.062154
vt 0.322479 0.059625
vt 0.321699 0.079858
vt 0.322479 0.077329
vt 0.322479 0.079858
vt 0.321699 0.074800
vt 0.322479 0.074800
vt 0.157607 0.003256
vt 0.158957 0.003815
vt 0.157607 0.004374
vt 0.158398 0.005165
vt 0.159517 0.005165
vt 0.160307 0.004374
vt 0.160307 0.003256
vt 0.159516 0.002465
vt 0.158398 0.002465
vt 0.121113 0.038413
vt 0.119884 0.040632
vt 0.119877 0.037916
vt 0.122305 0.041329
vt 0.121790 0.042562
vt 0.124007 0.041328
vt 0.124517 0.042569
vt 0.126450 0.040645
vt 0.125216 0.040130
vt 0.126446 0.037931
vt 0.124009 0.037221
vt 0.124537 0.035997
vt 0.122314 0.037219
vt 0.121804 0.035980
vt 0.471829 0.062425
vt 0.470439 0.060682
vt 0.471829 0.060682
vt 0.470439 0.058939
vt 0.471829 0.058939
vt 0.470439 0.057197
vt 0.471829 0.057197
vt 0.471829 0.055454
vt 0.470439 0.053711
vt 0.471829 0.053711
vt 0.470439 0.067652
vt 0.471829 0.065910
vt 0.471829 0.067653
vt 0.470439 0.065910
vt 0.471829 0.064167
vt 0.470439 0.062425
vt 0.111070 0.054405
vt 0.111823 0.052975
vt 0.111823 0.054717
vt 0.110279 0.052496
vt 0.110591 0.051742
vt 0.109160 0.052496
vt 0.108848 0.051742
vt 0.107616 0.052975
vt 0.108369 0.053287
vt 0.107616 0.054717
vt 0.109160 0.055196
vt 0.108848 0.055949
vt 0.110279 0.055196
vt 0.110591 0.055950
vt 0.359617 0.067509
vt 0.358498 0.068017
vt 0.358498 0.067509
vt 0.357380 0.068017
vt 0.357380 0.067509
vt 0.356261 0.067509
vt 0.356261 0.068017
vt 0.355143 0.067509
vt 0.355143 0.068017
vt 0.354024 0.067509
vt 0.362973 0.067509
vt 0.361854 0.068017
vt 0.361854 0.067509
vt 0.360735 0.068017
vt 0.360735 0.067509
vt 0.735701 0.356975
vt 0.737421 0.179723
vt 0.737422 0.356975
vt 0.733928 0.356975
vt 0.735700 0.179723
vt 0.765339 0.356975
vt 0.767061 0.179723
vt 0.767060 0.356975
vt 0.753988 0.179723
vt 0.753987 0.356975
vt 0.752267 0.356975
vt 0.750494 0.356975
vt 0.752267 0.179723
vt 0.748773 0.356975
vt 0.750494 0.179723
vt 0.457256 0.041313
vt 0.452718 0.040204
vt 0.497953 0.017664
vt 0.488877 0.012728
vt 0.148380 0.006904
vt 0.150530 0.002459
vt 0.150530 0.006904
vt 0.152681 0.006904
vt 0.139778 0.006904
vt 0.141928 0.002459
vt 0.141928 0.006904
vt 0.144079 0.002459
vt 0.144079 0.006904
vt 0.146229 0.006904
vt 0.148380 0.002459
vt 0.431062 0.059618
vt 0.431842 0.062148
vt 0.431062 0.062148
vt 0.431062 0.077323
vt 0.431842 0.079852
vt 0.431062 0.079852
vt 0.431062 0.074794
vt 0.431842 0.077323
vt 0.431062 0.072265
vt 0.431842 0.074794
vt 0.431842 0.069735
vt 0.431842 0.072265
vt 0.431062 0.069735
vt 0.431842 0.067206
vt 0.431062 0.067206
vt 0.431842 0.064677
vt 0.431062 0.064677
vt 0.416977 0.069261
vt 0.415935 0.069365
vt 0.416377 0.068026
vt 0.415151 0.068670
vt 0.415043 0.067624
vt 0.415712 0.066686
vt 0.416895 0.066667
vt 0.417642 0.067448
vt 0.417659 0.068487
vt 0.482195 0.049783
vt 0.479994 0.051002
vt 0.479481 0.049769
vt 0.482907 0.052191
vt 0.481691 0.051010
vt 0.484137 0.051678
vt 0.482932 0.053896
vt 0.482246 0.056327
vt 0.484185 0.054406
vt 0.479528 0.056328
vt 0.481724 0.055099
vt 0.478808 0.053913
vt 0.480026 0.055098
vt 0.477578 0.054437
vt 0.478802 0.052213
vt 0.477559 0.051707
vt 0.131240 0.069850
vt 0.129850 0.071593
vt 0.129850 0.069850
vt 0.131240 0.059394
vt 0.129850 0.057651
vt 0.131240 0.057651
vt 0.131240 0.061137
vt 0.129850 0.059394
vt 0.131240 0.062879
vt 0.129850 0.061137
vt 0.129850 0.064622
vt 0.129850 0.062879
vt 0.131240 0.064622
vt 0.129850 0.066365
vt 0.131240 0.066365
vt 0.129850 0.068107
vt 0.131240 0.068107
vt 0.545641 0.002460
vt 0.545162 0.004005
vt 0.544409 0.003693
vt 0.547072 0.003214
vt 0.545953 0.003214
vt 0.547384 0.002460
vt 0.547863 0.004005
vt 0.548616 0.005435
vt 0.548616 0.003693
vt 0.547384 0.006667
vt 0.547863 0.005123
vt 0.545953 0.005914
vt 0.547072 0.005914
vt 0.545641 0.006667
vt 0.545162 0.005123
vt 0.544409 0.005435
vt 0.415760 0.069897
vt 0.417204 0.069707
vt 0.414555 0.067537
vt 0.414708 0.068905
vt 0.415194 0.066396
vt 0.417156 0.066149
vt 0.415757 0.066051
vt 0.418114 0.067259
vt 0.418119 0.068658
vt 0.396251 0.059619
vt 0.398781 0.060399
vt 0.396251 0.060399
vt 0.401310 0.059619
vt 0.398781 0.059619
vt 0.403839 0.060399
vt 0.401310 0.060399
vt 0.386135 0.059619
vt 0.383605 0.060399
vt 0.383605 0.059619
vt 0.388664 0.059619
vt 0.386135 0.060399
vt 0.391193 0.059619
vt 0.388664 0.060399
vt 0.393722 0.059619
vt 0.391193 0.060399
vt 0.393722 0.060399
vt 0.066004 0.070203
vt 0.064885 0.070203
vt 0.065445 0.068853
vt 0.064094 0.069412
vt 0.064094 0.068293
vt 0.064885 0.067503
vt 0.066004 0.067503
vt 0.066795 0.068293
vt 0.066795 0.069412
vt 0.535213 0.043859
vt 0.533016 0.045085
vt 0.532500 0.043854
vt 0.535933 0.046266
vt 0.534714 0.045088
vt 0.537162 0.045748
vt 0.535963 0.047970
vt 0.535285 0.050403
vt 0.537218 0.048476
vt 0.532567 0.050413
vt 0.534758 0.049176
vt 0.531839 0.048000
vt 0.533061 0.049181
vt 0.530610 0.048527
vt 0.531828 0.046300
vt 0.530583 0.045797
vt 0.478942 0.029602
vt 0.480332 0.031345
vt 0.478942 0.031345
vt 0.480332 0.027860
vt 0.480332 0.029602
vt 0.478942 0.027860
vt 0.480332 0.026117
vt 0.478942 0.040058
vt 0.480332 0.038316
vt 0.480332 0.040058
vt 0.478942 0.036573
vt 0.478942 0.038316
vt 0.478942 0.034830
vt 0.480332 0.036573
vt 0.480332 0.033088
vt 0.480332 0.034830
vt 0.478942 0.033088
vt 0.039737 0.065533
vt 0.038306 0.066286
vt 0.037994 0.065533
vt 0.040216 0.067077
vt 0.039425 0.066286
vt 0.040969 0.066765
vt 0.040216 0.068196
vt 0.039737 0.069740
vt 0.040969 0.068508
vt 0.037994 0.069740
vt 0.039425 0.068986
vt 0.037515 0.068195
vt 0.038306 0.068986
vt 0.036762 0.068508
vt 0.037515 0.067077
vt 0.036762 0.066765
vt 0.336360 0.073925
vt 0.335241 0.073417
vt 0.336360 0.073417
vt 0.334122 0.073925
vt 0.335241 0.073925
vt 0.333004 0.073925
vt 0.334122 0.073417
vt 0.331885 0.073925
vt 0.333004 0.073417
vt 0.330767 0.073417
vt 0.331885 0.073417
vt 0.329648 0.073925
vt 0.330767 0.073925
vt 0.328530 0.073925
vt 0.329648 0.073417
vt 0.327411 0.073925
vt 0.328530 0.073417
vt 0.003213 0.184228
vt 0.170518 0.004573
vt 0.004396 0.185551
vt 0.203500 0.012270
vt 0.370397 0.191997
vt 0.369213 0.193129
vt 0.213105 0.008820
vt 0.214736 0.006256
vt 0.214736 0.008820
vt 0.259584 0.901229
vt 0.013707 0.909001
vt 0.013707 0.901230
vt 0.886983 0.280146
vt 0.894755 0.525885
vt 0.886983 0.525885
vt 0.169335 0.003438
vt 0.171910 0.004088
vt 0.261055 0.901229
vt 0.259584 0.909001
vt 0.371787 0.192484
vt 0.894754 0.277708
vt 0.894754 0.280146
vt 0.178812 0.002465
vt 0.178812 0.004105
vt 0.267946 0.909001
vt 0.261055 0.909001
vt 0.378683 0.192477
vt 0.378680 0.194115
vt 0.371456 0.194088
vt 0.886983 0.270488
vt 0.886983 0.277708
vt 0.202790 0.010670
vt 0.204681 0.010953
vt 0.012901 0.901230
vt 0.002499 0.185831
vt 0.894755 0.527639
vt 0.202772 0.002482
vt 0.204359 0.010216
vt 0.005156 0.909001
vt 0.012901 0.909001
vt 0.004072 0.186289
vt 0.002469 0.194040
vt 0.886983 0.535842
vt 0.886983 0.527639
vt 0.213105 0.010518
vt 0.214736 0.012609
vt 0.213105 0.012609
vt 0.003465 0.902461
vt 0.005156 0.901230
vt 0.214736 0.004558
vt 0.213105 0.002467
vt 0.214736 0.002467
vt 0.894755 0.535842
vt 0.888214 0.537533
vt 0.214736 0.010518
vt 0.002465 0.906398
vt 0.003465 0.907770
vt 0.213105 0.006256
vt 0.213105 0.004558
vt 0.892151 0.538533
vt 0.893524 0.537533
vt 0.771064 0.713600
vt 0.771064 0.716713
vt 0.771991 0.176128
vt 0.780660 0.002464
vt 0.724516 0.863780
vt 0.915377 0.866893
vt 0.724516 0.866893
vt 0.169653 0.014286
vt 0.186990 0.017399
vt 0.169653 0.017399
vt 0.865669 0.376975
vt 0.872457 0.378083
vt 0.865661 0.378063
vt 0.881104 0.386456
vt 0.880434 0.387325
vt 0.882051 0.002490
vt 0.875262 0.003597
vt 0.874791 0.002580
vt 0.866614 0.011958
vt 0.981023 0.544026
vt 0.982591 0.542934
vt 0.982602 0.544026
vt 0.383596 0.065532
vt 0.385197 0.072680
vt 0.383596 0.072680
vt 0.875262 0.187665
vt 0.882058 0.003577
vt 0.882064 0.187666
vt 0.981016 0.530686
vt 0.981023 0.542941
vt 0.872452 0.562154
vt 0.880435 0.562154
vt 0.881505 0.387546
vt 0.866214 0.013058
vt 0.867285 0.012839
vt 0.982596 0.718637
vt 0.981023 0.718637
vt 0.867279 0.187665
vt 0.866221 0.187665
vt 0.189903 0.767206
vt 0.380750 0.784545
vt 0.189903 0.784545
vt 0.098409 0.461701
vt 0.095296 0.652503
vt 0.095297 0.461701
vt 0.771063 0.539934
vt 0.767950 0.539934
vt 0.771063 0.363154
vt 0.771063 0.366267
vt 0.771991 0.349793
vt 0.533712 0.866893
vt 0.493346 0.045821
vt 0.510683 0.048934
vt 0.493346 0.048934
vt 0.872447 0.746218
vt 0.865659 0.747325
vt 0.865651 0.746237
vt 0.881093 0.737845
vt 0.872918 0.747234
vt 0.882050 0.372845
vt 0.875262 0.371738
vt 0.882058 0.371757
vt 0.866614 0.363376
vt 0.874790 0.372754
vt 0.981023 0.893211
vt 0.982591 0.894303
vt 0.981023 0.894295
vt 0.397271 0.065530
vt 0.390123 0.067131
vt 0.390123 0.065530
vt 0.981016 0.906547
vt 0.982617 0.906547
vt 0.880424 0.736977
vt 0.881494 0.736756
vt 0.866214 0.362276
vt 0.867284 0.362496
vt 0.982602 0.893211
vt 0.571595 0.784544
vt 0.380750 0.767206
vt 0.571595 0.767206
vt 0.098410 0.843364
vt 0.095296 0.843364
vt 0.767950 0.366267
vt 0.377888 0.072267
vt 0.378668 0.069737
vt 0.378668 0.072267
vt 0.377888 0.067208
vt 0.378668 0.067208
vt 0.377888 0.064679
vt 0.378668 0.064679
vt 0.378668 0.062150
vt 0.377888 0.062150
vt 0.378668 0.059621
vt 0.377888 0.079854
vt 0.378668 0.077325
vt 0.378668 0.079854
vt 0.377888 0.074796
vt 0.378668 0.074796
vt 0.448778 0.065535
vt 0.448218 0.066886
vt 0.447659 0.065535
vt 0.446868 0.066326
vt 0.446868 0.067445
vt 0.447659 0.068236
vt 0.448778 0.068236
vt 0.449569 0.067445
vt 0.449569 0.066326
vt 0.278210 0.052988
vt 0.275981 0.051774
vt 0.278698 0.051748
vt 0.275309 0.054197
vt 0.274070 0.053700
vt 0.275301 0.055905
vt 0.274054 0.056428
vt 0.276011 0.058328
vt 0.276524 0.057095
vt 0.278725 0.058313
vt 0.279421 0.055873
vt 0.280647 0.056393
vt 0.279411 0.054180
vt 0.280647 0.053662
vt 0.066684 0.061015
vt 0.068426 0.059625
vt 0.068426 0.061015
vt 0.070169 0.059625
vt 0.070169 0.061015
vt 0.071912 0.059625
vt 0.071912 0.061015
vt 0.073654 0.061015
vt 0.073654 0.059625
vt 0.075397 0.061015
vt 0.061456 0.059625
vt 0.063198 0.061015
vt 0.061456 0.061015
vt 0.063198 0.059625
vt 0.064941 0.061015
vt 0.066684 0.059625
vt 0.122776 0.068989
vt 0.124320 0.068510
vt 0.123088 0.069743
vt 0.123567 0.067080
vt 0.124320 0.066768
vt 0.122776 0.066289
vt 0.123088 0.065535
vt 0.121345 0.065535
vt 0.121657 0.066289
vt 0.120113 0.066767
vt 0.120866 0.068198
vt 0.120113 0.068510
vt 0.121657 0.068989
vt 0.121345 0.069742
vt 0.005822 0.071452
vt 0.006940 0.071960
vt 0.005822 0.071960
vt 0.008059 0.071452
vt 0.008059 0.071960
vt 0.009177 0.071960
vt 0.009177 0.071452
vt 0.010296 0.071960
vt 0.011414 0.071452
vt 0.011414 0.071960
vt 0.002466 0.071960
vt 0.003585 0.071452
vt 0.003585 0.071960
vt 0.004703 0.071452
vt 0.004703 0.071960
vt 0.511955 0.002468
vt 0.530107 0.012733
vt 0.511955 0.012733
vt 0.525569 0.016561
vt 0.516493 0.016561
vt 0.843754 0.004656
vt 0.841241 0.521862
vt 0.842827 0.004701
vt 0.366237 0.054167
vt 0.367175 0.051750
vt 0.367174 0.054173
vt 0.840662 0.003811
vt 0.843127 0.003817
vt 0.798671 0.003787
vt 0.801144 0.003788
vt 0.798972 0.004668
vt 0.797849 0.522062
vt 0.798031 0.004625
vt 0.833627 0.005286
vt 0.836176 0.004507
vt 0.834140 0.006063
vt 0.355342 0.054188
vt 0.356280 0.051770
vt 0.356278 0.054193
vt 0.831397 0.521327
vt 0.833219 0.006230
vt 0.808563 0.006238
vt 0.807697 0.521577
vt 0.807656 0.006075
vt 0.805628 0.004509
vt 0.808168 0.005295
vt 0.841788 0.522599
vt 0.842122 0.521541
vt 0.842526 0.522140
vt 0.796553 0.522273
vt 0.796870 0.523284
vt 0.119888 0.007803
vt 0.121216 0.003476
vt 0.120875 0.007241
vt 0.838280 0.003491
vt 0.840917 0.002886
vt 0.800893 0.002860
vt 0.803529 0.003481
vt 0.838129 0.002539
vt 0.803686 0.002529
vt 0.804045 0.527894
vt 0.808566 0.521929
vt 0.835015 0.527663
vt 0.830529 0.521669
vt 0.120878 0.016256
vt 0.120256 0.021047
vt 0.119885 0.015659
vt 0.121238 0.020026
vt 0.130653 0.020988
vt 0.134472 0.011722
vt 0.134590 0.016367
vt 0.133601 0.015834
vt 0.133588 0.007612
vt 0.130620 0.002465
vt 0.134575 0.007075
vt 0.120231 0.002465
vt 0.990143 0.002465
vt 0.987711 0.517428
vt 0.987711 0.002459
vt 0.358732 0.054196
vt 0.358727 0.051751
vt 0.002466 0.915045
vt 0.517705 0.917467
vt 0.002460 0.917471
vt 0.363988 0.051741
vt 0.366238 0.051744
vt 0.361315 0.051746
vt 0.361320 0.054191
vt 0.363993 0.054186
vt 0.990161 0.518198
vt 0.987712 0.518197
vt 0.802905 0.527850
vt 0.525092 0.915031
vt 0.517700 0.915028
vt 0.835762 0.527106
vt 0.340152 0.051742
vt 0.350417 0.054504
vt 0.340152 0.054504
vt 0.471252 0.036723
vt 0.474015 0.032051
vt 0.474015 0.036723
vt 0.417666 0.051742
vt 0.420428 0.062007
vt 0.417666 0.062007
vt 0.474015 0.047331
vt 0.471252 0.041394
vt 0.474015 0.041394
vt 0.089832 0.054502
vt 0.084533 0.054502
vt 0.084533 0.051740
vt 0.102685 0.051740
vt 0.102685 0.054502
vt 0.097424 0.054502
vt 0.124007 0.007944
vt 0.124019 0.015537
vt 0.123352 0.007276
vt 0.123361 0.016209
vt 0.129986 0.003514
vt 0.130015 0.019943
vt 0.471252 0.026115
vt 0.471252 0.032051
vt 0.135702 0.011720
vt 0.409553 0.062155
vt 0.408773 0.059626
vt 0.409553 0.059626
vt 0.408773 0.079859
vt 0.409553 0.077330
vt 0.409553 0.079859
vt 0.408773 0.077330
vt 0.409553 0.074801
vt 0.408773 0.074801
vt 0.409553 0.072272
vt 0.408773 0.069743
vt 0.409553 0.069743
vt 0.408773 0.067213
vt 0.409553 0.067213
vt 0.408773 0.064684
vt 0.409553 0.064684
vt 0.408773 0.062155
vt 0.081261 0.070202
vt 0.080702 0.068852
vt 0.082052 0.069411
vt 0.082052 0.068293
vt 0.081261 0.067502
vt 0.080143 0.067502
vt 0.079352 0.068293
vt 0.079352 0.069411
vt 0.080143 0.070202
vt 0.136925 0.050240
vt 0.135695 0.052458
vt 0.135689 0.049743
vt 0.138117 0.053155
vt 0.137602 0.054389
vt 0.139819 0.053155
vt 0.140329 0.054396
vt 0.142262 0.052472
vt 0.141028 0.051957
vt 0.142258 0.049758
vt 0.139820 0.049048
vt 0.140349 0.047824
vt 0.138126 0.049046
vt 0.137616 0.047806
vt 0.137551 0.071822
vt 0.136162 0.073565
vt 0.136162 0.071822
vt 0.137551 0.059624
vt 0.136162 0.061366
vt 0.136162 0.059624
vt 0.137551 0.063109
vt 0.136162 0.063109
vt 0.136162 0.064852
vt 0.137551 0.064852
vt 0.136162 0.066594
vt 0.137551 0.066594
vt 0.136162 0.068337
vt 0.137551 0.068337
vt 0.136162 0.070079
vt 0.030285 0.066285
vt 0.028854 0.065532
vt 0.030597 0.065532
vt 0.028375 0.067076
vt 0.027622 0.066764
vt 0.028375 0.068195
vt 0.027622 0.068507
vt 0.028854 0.069739
vt 0.029166 0.068985
vt 0.030597 0.069739
vt 0.031076 0.068195
vt 0.031829 0.068507
vt 0.031076 0.067076
vt 0.031829 0.066764
vt 0.367900 0.075336
vt 0.368407 0.076454
vt 0.367900 0.076454
vt 0.367900 0.067506
vt 0.368407 0.068625
vt 0.367900 0.068625
vt 0.368408 0.069743
vt 0.367900 0.069743
vt 0.368408 0.070862
vt 0.367900 0.070862
vt 0.368408 0.071980
vt 0.367900 0.071980
vt 0.368408 0.073099
vt 0.367900 0.073099
vt 0.368408 0.074217
vt 0.367900 0.074217
vt 0.368408 0.075336
vt 0.155338 0.822571
vt 0.151846 0.822571
vt 0.153618 0.822571
vt 0.184976 0.822571
vt 0.184977 0.638200
vt 0.183254 0.822571
vt 0.171903 0.822571
vt 0.170183 0.638200
vt 0.168411 0.822571
vt 0.170182 0.822571
vt 0.166689 0.822571
vt 0.166689 0.638200
vt 0.477531 0.069179
vt 0.476751 0.071709
vt 0.476751 0.069179
vt 0.477531 0.074238
vt 0.477531 0.071709
vt 0.477531 0.076767
vt 0.476751 0.074238
vt 0.477531 0.079296
vt 0.476751 0.076767
vt 0.476751 0.081825
vt 0.476751 0.079296
vt 0.477531 0.064121
vt 0.476751 0.061592
vt 0.477531 0.061592
vt 0.476751 0.066650
vt 0.476751 0.064121
vt 0.477531 0.066650
vt 0.097311 0.068295
vt 0.097311 0.069413
vt 0.095961 0.068854
vt 0.096520 0.070204
vt 0.095402 0.070204
vt 0.094611 0.069413
vt 0.094611 0.068294
vt 0.095402 0.067504
vt 0.096520 0.067504
vt 0.297112 0.056420
vt 0.299552 0.057114
vt 0.299031 0.058341
vt 0.298329 0.054219
vt 0.298344 0.055920
vt 0.297096 0.053706
vt 0.299519 0.052995
vt 0.301723 0.051763
vt 0.298995 0.051748
vt 0.303650 0.053674
vt 0.301226 0.053002
vt 0.302437 0.055903
vt 0.302430 0.054204
vt 0.303677 0.056391
vt 0.301245 0.057105
vt 0.301763 0.058340
vt 0.142477 0.068562
vt 0.143867 0.070305
vt 0.142477 0.070305
vt 0.142477 0.066820
vt 0.143867 0.068562
vt 0.143867 0.065077
vt 0.143867 0.066820
vt 0.142477 0.063334
vt 0.142477 0.065077
vt 0.142477 0.061592
vt 0.143867 0.063334
vt 0.142477 0.075533
vt 0.143867 0.073790
vt 0.143867 0.075533
vt 0.142477 0.073790
vt 0.143867 0.072048
vt 0.142477 0.072048
vt 0.216450 0.065538
vt 0.215019 0.066291
vt 0.214707 0.065538
vt 0.216929 0.067082
vt 0.216138 0.066291
vt 0.217682 0.066770
vt 0.216929 0.068201
vt 0.216450 0.069745
vt 0.217682 0.068513
vt 0.214707 0.069745
vt 0.216138 0.068992
vt 0.214229 0.068201
vt 0.215020 0.068992
vt 0.213475 0.068513
vt 0.214229 0.067082
vt 0.213475 0.066770
vt 0.345756 0.073416
vt 0.344637 0.073924
vt 0.344637 0.073416
vt 0.346874 0.073924
vt 0.345756 0.073924
vt 0.347992 0.073416
vt 0.346874 0.073416
vt 0.349111 0.073416
vt 0.347992 0.073924
vt 0.350230 0.073924
vt 0.349111 0.073924
vt 0.342400 0.073416
vt 0.341281 0.073924
vt 0.341281 0.073416
vt 0.343518 0.073924
vt 0.342400 0.073924
vt 0.343518 0.073416
vt 0.501027 0.022173
vt 0.511293 0.040325
vt 0.501027 0.040325
vt 0.497200 0.026711
vt 0.526678 0.861813
vt 0.009233 0.864328
vt 0.009557 0.863439
vt 0.311034 0.062636
vt 0.308617 0.063573
vt 0.308611 0.062636
vt 0.527511 0.862432
vt 0.527520 0.864892
vt 0.526632 0.862727
vt 0.194112 0.830713
vt 0.194108 0.833179
vt 0.193181 0.832927
vt 0.194940 0.830087
vt 0.712644 0.829870
vt 0.194984 0.831009
vt 0.526044 0.871926
vt 0.526825 0.869380
vt 0.527637 0.869884
vt 0.311060 0.051741
vt 0.308641 0.052677
vt 0.308636 0.051741
vt 0.525105 0.872329
vt 0.009768 0.874176
vt 0.525270 0.871417
vt 0.196555 0.840600
vt 0.712159 0.839725
vt 0.712511 0.840594
vt 0.195612 0.840205
vt 0.194826 0.837664
vt 0.196392 0.839693
vt 0.008493 0.863779
vt 0.712856 0.828573
vt 0.712305 0.829013
vt 0.448186 0.015723
vt 0.449513 0.020049
vt 0.448529 0.021061
vt 0.528444 0.864636
vt 0.527841 0.867275
vt 0.193799 0.835563
vt 0.192848 0.835719
vt 0.528792 0.867426
vt 0.194016 0.838173
vt 0.718481 0.836070
vt 0.003431 0.870558
vt 0.003987 0.869810
vt 0.449176 0.007270
vt 0.448554 0.002479
vt 0.449535 0.003500
vt 0.458950 0.002538
vt 0.458313 0.003583
vt 0.462888 0.007159
vt 0.462770 0.011804
vt 0.461899 0.007692
vt 0.461885 0.015914
vt 0.458918 0.021061
vt 0.458284 0.020012
vt 0.995114 0.002480
vt 0.997534 0.518287
vt 0.995079 0.518283
vt 0.311066 0.055131
vt 0.311065 0.052677
vt 0.525151 0.922925
vt 0.009849 0.925346
vt 0.009854 0.922907
vt 0.308609 0.060386
vt 0.311054 0.060392
vt 0.308615 0.057713
vt 0.311060 0.057719
vt 0.995079 0.519059
vt 0.718436 0.834929
vt 0.713867 0.828890
vt 0.002461 0.922910
vt 0.522887 0.058440
vt 0.533152 0.055678
vt 0.533152 0.058440
vt 0.545623 0.049277
vt 0.542861 0.044605
vt 0.545623 0.044605
vt 0.425359 0.054504
vt 0.435624 0.051742
vt 0.435624 0.054504
vt 0.545623 0.039934
vt 0.542861 0.033997
vt 0.545623 0.033997
vt 0.150704 0.043243
vt 0.147942 0.037945
vt 0.150704 0.037945
vt 0.147942 0.056096
vt 0.150704 0.050836
vt 0.150704 0.056096
vt 0.452305 0.015582
vt 0.452316 0.007989
vt 0.451650 0.016250
vt 0.449172 0.016285
vt 0.451659 0.007316
vt 0.542861 0.049277
vt 0.545623 0.055213
vt 0.542861 0.055213
vt 0.462873 0.016451
vt 0.542861 0.039934
vt 0.012581 0.066316
vt 0.015110 0.065536
vt 0.015110 0.066316
vt 0.010052 0.066316
vt 0.012581 0.065536
vt 0.007522 0.066316
vt 0.010052 0.065536
vt 0.004993 0.066316
vt 0.007522 0.065536
vt 0.002464 0.066316
vt 0.004993 0.065536
vt 0.020168 0.066316
vt 0.022698 0.065536
vt 0.022698 0.066316
vt 0.017639 0.065536
vt 0.020168 0.065536
vt 0.017639 0.066316
vt 0.267583 0.069411
vt 0.266792 0.070202
vt 0.266233 0.068852
vt 0.265673 0.070202
vt 0.264882 0.069411
vt 0.264882 0.068293
vt 0.265673 0.067502
vt 0.266792 0.067502
vt 0.267583 0.068292
vt 0.528663 0.026837
vt 0.527438 0.024613
vt 0.528677 0.024119
vt 0.526240 0.027526
vt 0.527439 0.026314
vt 0.526750 0.028762
vt 0.524538 0.027520
vt 0.522097 0.026830
vt 0.524023 0.028760
vt 0.522109 0.024116
vt 0.523332 0.026319
vt 0.524547 0.023413
vt 0.523344 0.024613
vt 0.524022 0.022188
vt 0.526240 0.023415
vt 0.526754 0.022177
vt 0.222193 0.059045
vt 0.220451 0.057655
vt 0.222193 0.057655
vt 0.220451 0.059045
vt 0.218708 0.057655
vt 0.218708 0.059045
vt 0.216965 0.057655
vt 0.216965 0.059045
vt 0.215223 0.057655
vt 0.215223 0.059045
vt 0.213480 0.057655
vt 0.225679 0.059045
vt 0.227421 0.057655
vt 0.227421 0.059045
vt 0.223936 0.057655
vt 0.225679 0.057655
vt 0.223936 0.059045
vt 0.483697 0.065799
vt 0.485127 0.065045
vt 0.485439 0.065799
vt 0.483218 0.064254
vt 0.484009 0.065045
vt 0.482464 0.064566
vt 0.483218 0.063136
vt 0.483697 0.061592
vt 0.482464 0.062824
vt 0.485439 0.061592
vt 0.484009 0.062345
vt 0.485918 0.063136
vt 0.485127 0.062345
vt 0.486672 0.062824
vt 0.485918 0.064254
vt 0.486672 0.064566
vt 0.238561 0.072832
vt 0.238054 0.073950
vt 0.238054 0.072832
vt 0.238561 0.075069
vt 0.238561 0.073950
vt 0.238561 0.076187
vt 0.238054 0.075069
vt 0.238054 0.077306
vt 0.238054 0.076187
vt 0.238561 0.077306
vt 0.238054 0.078424
vt 0.238561 0.069476
vt 0.238054 0.070595
vt 0.238054 0.069476
vt 0.238561 0.071713
vt 0.238561 0.070595
vt 0.238054 0.071713
vt 0.735700 0.002466
vt 0.737421 0.002466
vt 0.733927 0.002466
vt 0.733928 0.179723
vt 0.767061 0.002466
vt 0.765339 0.179723
vt 0.765340 0.002466
vt 0.753988 0.002466
vt 0.752267 0.002466
vt 0.750494 0.002466
vt 0.748773 0.179723
vt 0.748773 0.002466
vt 0.497200 0.035787
vt 0.496091 0.031249
vt 0.521031 0.017670
vt 0.539479 0.011062
vt 0.535034 0.013212
vt 0.535034 0.011062
vt 0.539479 0.015363
vt 0.539479 0.013212
vt 0.539479 0.002460
vt 0.535034 0.004611
vt 0.535034 0.002460
vt 0.539479 0.004611
vt 0.535034 0.006761
vt 0.539479 0.008911
vt 0.539479 0.006761
vt 0.535034 0.008911
vt 0.298448 0.066093
vt 0.299228 0.063563
vt 0.299228 0.066092
vt 0.298448 0.083797
vt 0.299228 0.081268
vt 0.299228 0.083797
vt 0.298448 0.081268
vt 0.299228 0.078739
vt 0.298448 0.076209
vt 0.299228 0.076209
vt 0.298448 0.073680
vt 0.299228 0.073680
vt 0.298448 0.071151
vt 0.299228 0.071151
vt 0.299228 0.068622
vt 0.055535 0.066702
vt 0.056792 0.067292
vt 0.055412 0.067760
vt 0.056143 0.068536
vt 0.057210 0.068637
vt 0.058161 0.067942
vt 0.058187 0.066745
vt 0.057371 0.066012
vt 0.056316 0.066005
vt 0.218810 0.050047
vt 0.220036 0.047851
vt 0.220042 0.050564
vt 0.217630 0.047131
vt 0.218148 0.045902
vt 0.215926 0.047100
vt 0.215420 0.045846
vt 0.213493 0.047779
vt 0.214719 0.048306
vt 0.213483 0.050497
vt 0.215895 0.051225
vt 0.215368 0.052454
vt 0.217595 0.051236
vt 0.218098 0.052481
vt 0.360755 0.059624
vt 0.359012 0.061013
vt 0.359012 0.059624
vt 0.372953 0.061013
vt 0.371211 0.059624
vt 0.372953 0.059624
vt 0.369468 0.061013
vt 0.369468 0.059624
vt 0.367725 0.061013
vt 0.367725 0.059624
vt 0.365983 0.059624
vt 0.365983 0.061013
vt 0.364240 0.059624
vt 0.364240 0.061013
vt 0.362497 0.059624
vt 0.360755 0.061013
vt 0.553210 0.055193
vt 0.554755 0.054714
vt 0.553522 0.055946
vt 0.554001 0.053284
vt 0.554755 0.052972
vt 0.553210 0.052493
vt 0.553522 0.051739
vt 0.551780 0.051739
vt 0.552092 0.052493
vt 0.550547 0.052972
vt 0.551301 0.054402
vt 0.550547 0.054714
vt 0.552092 0.055193
vt 0.551780 0.055946
vt 0.055093 0.066484
vt 0.054958 0.067908
vt 0.055910 0.068974
vt 0.057301 0.069132
vt 0.058462 0.068468
vt 0.058621 0.066509
vt 0.058778 0.067870
vt 0.057555 0.065548
vt 0.056141 0.065543
vt 0.316764 0.072268
vt 0.315983 0.074797
vt 0.315983 0.072268
vt 0.316764 0.074797
vt 0.315983 0.077326
vt 0.316764 0.079855
vt 0.315983 0.079855
vt 0.315983 0.059622
vt 0.316764 0.062151
vt 0.315983 0.062151
vt 0.316764 0.064680
vt 0.315983 0.064680
vt 0.315983 0.067209
vt 0.316764 0.067209
vt 0.315983 0.069739
vt 0.316764 0.069739
vt 0.088884 0.067506
vt 0.088325 0.068856
vt 0.087766 0.067506
vt 0.086975 0.068297
vt 0.086975 0.069416
vt 0.087766 0.070207
vt 0.088884 0.070207
vt 0.089675 0.069416
vt 0.089675 0.068297
vt 0.234790 0.030331
vt 0.236016 0.028135
vt 0.236022 0.030848
vt 0.233610 0.027415
vt 0.234128 0.026186
vt 0.231906 0.027384
vt 0.231400 0.026130
vt 0.229473 0.028063
vt 0.230699 0.028589
vt 0.229463 0.030781
vt 0.231875 0.031509
vt 0.231348 0.032737
vt 0.233575 0.031520
vt 0.234078 0.032764
vt 0.441944 0.056966
vt 0.440554 0.055223
vt 0.441944 0.055223
vt 0.440554 0.053480
vt 0.441944 0.053480
vt 0.440554 0.051738
vt 0.441944 0.051738
vt 0.441944 0.065679
vt 0.440554 0.063936
vt 0.441944 0.063936
vt 0.440554 0.062194
vt 0.441944 0.062194
vt 0.440554 0.060451
vt 0.441944 0.060451
vt 0.441944 0.058708
vt 0.440554 0.056966
vt 0.049352 0.067081
vt 0.048873 0.065537
vt 0.050105 0.066769
vt 0.047443 0.066290
vt 0.047130 0.065537
vt 0.046652 0.067081
vt 0.045898 0.066769
vt 0.045898 0.068512
vt 0.046652 0.068200
vt 0.047131 0.069744
vt 0.048561 0.068991
vt 0.048873 0.069744
vt 0.049352 0.068200
vt 0.050105 0.068512
vt 0.286885 0.078423
vt 0.286377 0.077304
vt 0.286885 0.077304
vt 0.286377 0.076186
vt 0.286885 0.076186
vt 0.286377 0.075067
vt 0.286885 0.075067
vt 0.286885 0.073949
vt 0.286377 0.072830
vt 0.286885 0.072830
vt 0.286885 0.071712
vt 0.286377 0.071712
vt 0.286885 0.070593
vt 0.286377 0.069474
vt 0.286885 0.069474
vt 0.354395 0.184244
vt 0.187106 0.004573
vt 0.188290 0.003439
vt 0.386970 0.192020
vt 0.554775 0.012311
vt 0.388151 0.193155
vt 0.264567 0.061252
vt 0.262002 0.059621
vt 0.264567 0.059621
vt 0.522179 0.901230
vt 0.276309 0.909001
vt 0.276309 0.901229
vt 0.894754 0.015105
vt 0.886983 0.260831
vt 0.886983 0.015105
vt 0.185715 0.004088
vt 0.186044 0.002482
vt 0.274838 0.901229
vt 0.385579 0.192503
vt 0.894754 0.263268
vt 0.886983 0.263268
vt 0.178812 0.003286
vt 0.267946 0.901229
vt 0.385905 0.194108
vt 0.378681 0.193295
vt 0.553592 0.010985
vt 0.555492 0.010706
vt 0.522985 0.909001
vt 0.522179 0.909001
vt 0.353214 0.185565
vt 0.355108 0.185845
vt 0.353537 0.186302
vt 0.894754 0.013352
vt 0.553917 0.010246
vt 0.555533 0.002484
vt 0.530730 0.901230
vt 0.530730 0.909001
vt 0.355137 0.194040
vt 0.353507 0.194040
vt 0.886983 0.005150
vt 0.894754 0.005150
vt 0.268356 0.061252
vt 0.266265 0.059621
vt 0.268356 0.059621
vt 0.532420 0.907770
vt 0.258213 0.059621
vt 0.260304 0.061252
vt 0.258213 0.061252
vt 0.888214 0.003459
vt 0.893523 0.003459
vt 0.533420 0.903833
vt 0.533420 0.906398
vt 0.260304 0.059621
vt 0.262002 0.061252
vt 0.892151 0.002460
vt 0.462107 0.759484
vt 0.463218 0.443961
vt 0.463218 0.760741
vt 0.455586 0.173675
vt 0.457183 0.488912
vt 0.455587 0.488601
vt 0.455874 0.171966
vt 0.414673 0.173677
vt 0.414384 0.171971
vt 0.090668 0.044974
vt 0.100339 0.046652
vt 0.090668 0.046652
vt 0.413077 0.488914
vt 0.413076 0.173366
vt 0.090668 0.004140
vt 0.100339 0.002463
vt 0.100339 0.004140
vt 0.938850 0.641057
vt 0.929179 0.955321
vt 0.929179 0.641057
vt 0.414674 0.488603
vt 0.943784 0.321766
vt 0.953455 0.636031
vt 0.943784 0.636031
vt 0.100339 0.044974
vt 0.457183 0.173364
vt 0.673092 0.746944
vt 0.671981 0.431420
vt 0.673092 0.430164
vt 0.004059 0.516195
vt 0.002461 0.200954
vt 0.004059 0.201266
vt 0.003770 0.517904
vt 0.044971 0.516193
vt 0.045260 0.517899
vt 0.355650 0.002466
vt 0.345979 0.004143
vt 0.345979 0.002466
vt 0.046568 0.200957
vt 0.046568 0.516504
vt 0.355650 0.046655
vt 0.345979 0.044977
vt 0.355650 0.044977
vt 0.806113 0.534629
vt 0.796442 0.848893
vt 0.796442 0.534629
vt 0.044971 0.201268
vt 0.026743 0.524775
vt 0.017072 0.839039
vt 0.017072 0.524775
vt 0.355650 0.004143
vt 0.002461 0.516506
vt 0.686684 0.002460
vt 0.676719 0.414159
vt 0.676729 0.012414
vt 0.560446 0.003865
vt 0.562143 0.424119
vt 0.560446 0.424414
vt 0.002468 0.002462
vt 0.012288 0.004225
vt 0.002468 0.004225
vt 0.027037 0.004226
vt 0.017216 0.002462
vt 0.027037 0.002462
vt 0.562136 0.004161
vt 0.602038 0.424122
vt 0.899682 0.428199
vt 0.909503 0.847375
vt 0.899682 0.847375
vt 0.561842 0.002467
vt 0.561847 0.425815
vt 0.002468 0.059375
vt 0.012288 0.045297
vt 0.012288 0.059375
vt 0.603438 0.002495
vt 0.612000 0.014125
vt 0.602031 0.004156
vt 0.612007 0.414153
vt 0.603446 0.425783
vt 0.027037 0.045297
vt 0.017216 0.059376
vt 0.017216 0.045297
vt 0.613659 0.415550
vt 0.914430 0.002464
vt 0.924250 0.404240
vt 0.914430 0.404240
vt 0.002468 0.045297
vt 0.017216 0.004226
vt 0.729000 0.003708
vt 0.727743 0.424115
vt 0.727753 0.002461
vt 0.602205 0.433389
vt 0.601094 0.748913
vt 0.601094 0.432133
vt 0.311541 0.516511
vt 0.313138 0.201271
vt 0.313138 0.516200
vt 0.312850 0.517909
vt 0.354051 0.516198
vt 0.354339 0.517904
vt 0.399441 0.004145
vt 0.389770 0.002467
vt 0.399441 0.002467
vt 0.355647 0.200962
vt 0.355647 0.516509
vt 0.655112 0.749761
vt 0.664783 0.748083
vt 0.664783 0.749761
vt 0.080696 0.461701
vt 0.090367 0.775965
vt 0.080696 0.775965
vt 0.354050 0.201273
vt 0.655112 0.433820
vt 0.664783 0.433820
vt 0.399441 0.044979
vt 0.389770 0.004145
vt 0.512267 0.707525
vt 0.511156 0.392002
vt 0.512267 0.390745
vt 0.511151 0.382478
vt 0.512748 0.067241
vt 0.512747 0.382167
vt 0.553949 0.383878
vt 0.512459 0.383873
vt 0.384842 0.004138
vt 0.375171 0.002460
vt 0.384842 0.002460
vt 0.555257 0.382480
vt 0.553661 0.067243
vt 0.555257 0.066932
vt 0.384843 0.046649
vt 0.375171 0.044971
vt 0.384843 0.044971
vt 0.031675 0.524769
vt 0.041346 0.839033
vt 0.031675 0.839033
vt 0.553660 0.382169
vt 0.847857 0.532652
vt 0.838186 0.846916
vt 0.838186 0.532652
vt 0.375171 0.004138
vt 0.214595 0.731175
vt 0.213484 0.415651
vt 0.214595 0.414395
vt 0.147998 0.083012
vt 0.149596 0.398252
vt 0.147998 0.397941
vt 0.148287 0.081303
vt 0.107086 0.083014
vt 0.106797 0.081307
vt 0.243778 0.044973
vt 0.253449 0.046651
vt 0.243778 0.046651
vt 0.105489 0.398250
vt 0.105489 0.082703
vt 0.243778 0.002462
vt 0.253449 0.004139
vt 0.243778 0.004139
vt 0.929183 0.002467
vt 0.938854 0.316731
vt 0.929183 0.316731
vt 0.107086 0.397939
vt 0.943786 0.002466
vt 0.953457 0.316731
vt 0.943786 0.316731
vt 0.253449 0.044973
vt 0.149596 0.082700
vt 0.104972 0.723290
vt 0.103861 0.407767
vt 0.104972 0.406510
vt 0.506224 0.120145
vt 0.504628 0.435382
vt 0.504627 0.120457
vt 0.463426 0.118752
vt 0.504916 0.118748
vt 0.076063 0.044976
vt 0.085735 0.046654
vt 0.076063 0.046654
vt 0.462118 0.120148
vt 0.463716 0.435385
vt 0.462118 0.435696
vt 0.076063 0.004142
vt 0.085735 0.002465
vt 0.085735 0.004142
vt 0.820720 0.534630
vt 0.811049 0.848894
vt 0.811049 0.534630
vt 0.463715 0.120459
vt 0.953444 0.955327
vt 0.943773 0.641063
vt 0.953444 0.641063
vt 0.085735 0.044976
vt 0.721076 0.746944
vt 0.719965 0.431421
vt 0.721076 0.430164
vt 0.098933 0.137888
vt 0.097337 0.453125
vt 0.097336 0.138199
vt 0.056135 0.136495
vt 0.097625 0.136490
vt 0.341058 0.002465
vt 0.331387 0.004143
vt 0.331387 0.002465
vt 0.054827 0.137890
vt 0.056424 0.453127
vt 0.054827 0.453439
vt 0.341058 0.044977
vt 0.331387 0.046654
vt 0.331387 0.044977
vt 0.929184 0.321763
vt 0.938855 0.636028
vt 0.929184 0.636028
vt 0.056423 0.138201
vt 0.968050 0.002465
vt 0.958379 0.316730
vt 0.958379 0.002465
vt 0.341058 0.004143
vt 0.361687 0.516345
vt 0.360576 0.200822
vt 0.361687 0.199565
vt 0.262513 0.459351
vt 0.264110 0.144111
vt 0.264111 0.459040
vt 0.263822 0.460749
vt 0.305023 0.459038
vt 0.305311 0.460744
vt 0.370245 0.002468
vt 0.360574 0.004146
vt 0.360574 0.002468
vt 0.306619 0.459349
vt 0.305023 0.144113
vt 0.306619 0.143802
vt 0.370245 0.044980
vt 0.360574 0.046657
vt 0.360574 0.044980
vt 0.051493 0.461706
vt 0.061165 0.775970
vt 0.051493 0.775970
vt 0.968051 0.321762
vt 0.958380 0.636027
vt 0.958380 0.321762
vt 0.370245 0.004146
vt 0.608236 0.748917
vt 0.607125 0.433394
vt 0.608236 0.432137
vt 0.257585 0.090583
vt 0.255987 0.405819
vt 0.255988 0.090894
vt 0.214787 0.089183
vt 0.256277 0.089187
vt 0.066093 0.461700
vt 0.075764 0.463378
vt 0.066093 0.463378
vt 0.213478 0.090580
vt 0.215075 0.405817
vt 0.213478 0.406128
vt 0.418981 0.004143
vt 0.428653 0.002466
vt 0.428653 0.004143
vt 0.075764 0.777642
vt 0.066093 0.777642
vt 0.215076 0.090892
vt 0.002466 0.839034
vt 0.012138 0.524770
vt 0.012138 0.839034
vt 0.428653 0.044977
vt 0.418981 0.044977
vt 0.455875 0.490307
vt 0.061458 0.046650
vt 0.071130 0.044972
vt 0.071130 0.046650
vt 0.061458 0.004138
vt 0.071130 0.002461
vt 0.071130 0.004138
vt 0.414385 0.490312
vt 0.045260 0.199561
vt 0.003770 0.199557
vt 0.272989 0.046657
vt 0.282660 0.044980
vt 0.282660 0.046657
vt 0.272989 0.004146
vt 0.282660 0.002468
vt 0.282660 0.004146
vt 0.272989 0.044980
vt 0.198599 0.026119
vt 0.208555 0.437835
vt 0.198601 0.447790
vt 0.671789 0.424418
vt 0.670093 0.004162
vt 0.671791 0.003867
vt 0.031960 0.057612
vt 0.041781 0.059375
vt 0.031960 0.059375
vt 0.056531 0.059373
vt 0.046710 0.057610
vt 0.056531 0.057610
vt 0.670098 0.424122
vt 0.630198 0.004159
vt 0.899682 0.421637
vt 0.909503 0.002460
vt 0.909503 0.421637
vt 0.670389 0.002466
vt 0.670392 0.425816
vt 0.041781 0.002462
vt 0.031960 0.016540
vt 0.031960 0.002462
vt 0.628791 0.002498
vt 0.620230 0.014127
vt 0.618578 0.012730
vt 0.628796 0.425787
vt 0.620234 0.414158
vt 0.630203 0.424127
vt 0.056531 0.016539
vt 0.046710 0.002460
vt 0.056531 0.002460
vt 0.618578 0.415558
vt 0.914429 0.410459
vt 0.924250 0.812234
vt 0.914430 0.812234
vt 0.041781 0.016540
vt 0.041781 0.057612
vt 0.046710 0.016539
vt 0.157527 0.026120
vt 0.157530 0.447790
vt 0.354339 0.199566
vt 0.312850 0.199562
vt 0.433578 0.002461
vt 0.443249 0.004138
vt 0.433578 0.004138
vt 0.664783 0.432142
vt 0.655112 0.432142
vt 0.443249 0.044972
vt 0.433578 0.044972
vt 0.311541 0.200959
vt 0.512460 0.065532
vt 0.114945 0.002467
vt 0.105274 0.004144
vt 0.105274 0.002467
vt 0.105274 0.044978
vt 0.114945 0.046656
vt 0.105274 0.046656
vt 0.114945 0.044978
vt 0.511151 0.066930
vt 0.553949 0.065537
vt 0.106797 0.399646
vt 0.148287 0.399650
vt 0.302192 0.046657
vt 0.311863 0.044980
vt 0.311863 0.046657
vt 0.311863 0.004146
vt 0.302192 0.002468
vt 0.311863 0.002468
vt 0.302192 0.044980
vt 0.463427 0.437093
vt 0.504917 0.437089
vt 0.316787 0.046657
vt 0.326458 0.044980
vt 0.326458 0.046657
vt 0.316787 0.004146
vt 0.326458 0.002468
vt 0.326458 0.004146
vt 0.506224 0.435693
vt 0.056136 0.454836
vt 0.097626 0.454831
vt 0.268054 0.046654
vt 0.258383 0.044976
vt 0.268054 0.044976
vt 0.258383 0.004142
vt 0.268054 0.002465
vt 0.268054 0.004142
vt 0.098933 0.453436
vt 0.305311 0.142407
vt 0.263822 0.142402
vt 0.287595 0.002468
vt 0.297267 0.004146
vt 0.287595 0.004146
vt 0.297267 0.044980
vt 0.287595 0.046657
vt 0.287595 0.044980
vt 0.262513 0.143800
vt 0.214786 0.407524
vt 0.256276 0.407528
vt 0.075764 0.779320
vt 0.066093 0.779320
vt 0.414047 0.004137
vt 0.404376 0.002460
vt 0.414047 0.002460
vt 0.404376 0.044971
vt 0.414047 0.044971
vt 0.257585 0.406131
vt 0.649070 0.748917
vt 0.649070 0.432137
vt 0.650181 0.433394
vt 0.650182 0.747660
vt 0.402520 0.516345
vt 0.403632 0.200822
vt 0.403632 0.515088
vt 0.402520 0.199565
vt 0.761910 0.746944
vt 0.763021 0.431421
vt 0.763021 0.745687
vt 0.761910 0.430164
vt 0.553101 0.707525
vt 0.554212 0.392002
vt 0.554213 0.706268
vt 0.553101 0.390745
vt 0.145806 0.406510
vt 0.145806 0.723290
vt 0.146917 0.722033
vt 0.146917 0.407766
vt 0.256540 0.729918
vt 0.255429 0.414395
vt 0.256540 0.415651
vt 0.255429 0.731175
vt 0.505163 0.759484
vt 0.504052 0.443961
vt 0.505163 0.445218
vt 0.504052 0.760741
vt 0.713926 0.746944
vt 0.715037 0.431420
vt 0.715038 0.745687
vt 0.713926 0.430164
vt 0.560260 0.432133
vt 0.559149 0.747656
vt 0.559149 0.433389
vt 0.560260 0.748913
vt 0.156281 0.446542
vt 0.156281 0.027366
vt 0.686673 0.424114
vt 0.987710 0.524772
vt 0.137214 0.026113
vt 0.222615 0.072681
vt 0.260032 0.895400
vt 0.260032 0.879560
vt 0.189912 0.790852
vt 0.789329 0.349793
vt 0.990824 0.906435
vt 0.465510 0.050905
vt 0.074945 0.888128
vt 0.148799 0.061596
vt 0.997347 0.524775
vt 0.976094 0.530688
vt 0.791514 0.366267
vt 0.426131 0.059617
vt 0.340147 0.061013
vt 0.281451 0.069989
vt 0.327825 0.051765
vt 0.718160 0.844080
vt 0.718637 0.856086
vt 0.468069 0.007860
vt 0.483886 0.011799
vt 0.519051 0.933248
vt 0.982786 0.002474
vt 0.002467 0.933247
vt 0.982786 0.525171
vt 0.387293 0.054505
vt 0.489124 0.055677
vt 0.293524 0.063567
vt 0.080327 0.061014
vt 0.402201 0.065532
vt 0.233128 0.078736
vt 0.521552 0.034496
vt 0.517466 0.036211
vt 0.452097 0.057654
vt 0.459067 0.057654
vt 0.446869 0.057654
vt 0.493140 0.064318
vt 0.494258 0.067018
vt 0.344622 0.068015
vt 0.340148 0.068015
vt 0.347978 0.068015
vt 0.448180 0.026111
vt 0.814024 0.521721
vt 0.853237 0.003692
vt 0.335196 0.051736
vt 0.823169 0.003698
vt 0.517424 0.938676
vt 0.975416 0.002466
vt 0.382365 0.054504
vt 0.402480 0.051742
vt 0.485651 0.043392
vt 0.485651 0.022176
vt 0.321699 0.069741
vt 0.321699 0.059625
vt 0.321699 0.077329
vt 0.121109 0.040112
vt 0.125210 0.038425
vt 0.470439 0.055454
vt 0.470439 0.064167
vt 0.111070 0.053287
vt 0.108369 0.054405
vt 0.359617 0.068017
vt 0.354024 0.068017
vt 0.362973 0.068017
vt 0.152681 0.002459
vt 0.139778 0.002459
vt 0.146229 0.002459
vt 0.431842 0.059618
vt 0.131240 0.071593
vt 0.403839 0.059619
vt 0.478942 0.026117
vt 0.327411 0.073417
vt 0.171581 0.002482
vt 0.894754 0.270488
vt 0.204400 0.002484
vt 0.004101 0.194040
vt 0.002465 0.903833
vt 0.889586 0.538533
vt 0.771991 0.002464
vt 0.915377 0.863779
vt 0.186990 0.014286
vt 0.872929 0.377066
vt 0.385197 0.065532
vt 0.982617 0.530687
vt 0.865650 0.562153
vt 0.881490 0.562154
vt 0.098409 0.652503
vt 0.767951 0.713600
vt 0.533712 0.863781
vt 0.510683 0.045821
vt 0.397271 0.067131
vt 0.377888 0.069737
vt 0.377888 0.059621
vt 0.377888 0.077325
vt 0.276511 0.052994
vt 0.278226 0.057080
vt 0.075397 0.059625
vt 0.064941 0.059625
vt 0.123567 0.068198
vt 0.120866 0.067080
vt 0.006940 0.071452
vt 0.010296 0.071452
vt 0.002466 0.071452
vt 0.530107 0.002468
vt 0.796992 0.521723
vt 0.835672 0.003694
vt 0.355343 0.051764
vt 0.806137 0.003699
vt 0.990162 0.517424
vt 0.525091 0.917471
vt 0.350417 0.051742
vt 0.420428 0.051742
vt 0.471252 0.047331
vt 0.474015 0.026115
vt 0.408773 0.072272
vt 0.136921 0.051939
vt 0.141022 0.050252
vt 0.137551 0.073565
vt 0.137551 0.061366
vt 0.137551 0.070079
vt 0.029166 0.066285
vt 0.030285 0.068986
vt 0.368407 0.067506
vt 0.477531 0.081825
vt 0.143867 0.061592
vt 0.350230 0.073416
vt 0.511293 0.022173
vt 0.311039 0.063573
vt 0.009428 0.875040
vt 0.008952 0.863034
vt 0.448182 0.007867
vt 0.463999 0.011806
vt 0.997534 0.002474
vt 0.308621 0.055125
vt 0.525157 0.925350
vt 0.997533 0.519057
vt 0.002462 0.925350
vt 0.522887 0.055678
vt 0.425359 0.051742
vt 0.002464 0.065536
vt 0.213480 0.059045
vt 0.238561 0.078424
vt 0.535034 0.015363
vt 0.298448 0.063563
vt 0.298448 0.078739
vt 0.298448 0.068622
vt 0.218807 0.048350
vt 0.214715 0.050003
vt 0.371211 0.061013
vt 0.362497 0.061013
vt 0.554001 0.054402
vt 0.551301 0.053284
vt 0.316764 0.077326
vt 0.316764 0.059622
vt 0.234787 0.028634
vt 0.230695 0.030286
vt 0.440554 0.065679
vt 0.440554 0.058708
vt 0.048561 0.066290
vt 0.047442 0.068991
vt 0.286377 0.078423
vt 0.286377 0.073949
vt 0.286377 0.070593
vt 0.894754 0.260831
vt 0.274838 0.909001
vt 0.522985 0.901230
vt 0.886983 0.013352
vt 0.553899 0.002482
vt 0.266265 0.061252
vt 0.532420 0.902461
vt 0.889586 0.002460
vt 0.462107 0.445218
vt 0.090668 0.002463
vt 0.938850 0.955321
vt 0.953455 0.321766
vt 0.671981 0.745687
vt 0.345979 0.046655
vt 0.806113 0.848893
vt 0.026743 0.839039
vt 0.012288 0.002462
vt 0.909503 0.428199
vt 0.613656 0.012725
vt 0.027037 0.059376
vt 0.924251 0.002464
vt 0.729000 0.422858
vt 0.602205 0.747656
vt 0.655112 0.748083
vt 0.090367 0.461701
vt 0.389770 0.044979
vt 0.511156 0.706268
vt 0.375171 0.046649
vt 0.041347 0.524769
vt 0.847857 0.846916
vt 0.213484 0.729918
vt 0.253449 0.002462
vt 0.938854 0.002467
vt 0.953457 0.002466
vt 0.103861 0.722033
vt 0.076063 0.002465
vt 0.820720 0.848894
vt 0.943773 0.955327
vt 0.719965 0.745687
vt 0.341058 0.046654
vt 0.938855 0.321763
vt 0.968050 0.316730
vt 0.360575 0.515088
vt 0.370245 0.046657
vt 0.061165 0.461706
vt 0.968051 0.636027
vt 0.607125 0.747660
vt 0.075764 0.461700
vt 0.418981 0.002466
vt 0.002466 0.524770
vt 0.061458 0.044972
vt 0.061458 0.002461
vt 0.272989 0.002468
vt 0.208554 0.036074
vt 0.046710 0.059373
vt 0.899682 0.002460
vt 0.924250 0.410459
vt 0.443249 0.002461
vt 0.114945 0.004144
vt 0.302192 0.004146
vt 0.316787 0.044980
vt 0.316787 0.002468
vt 0.258383 0.046654
vt 0.258383 0.002465
vt 0.297267 0.002468
vt 0.297267 0.046657
vt 0.404376 0.004137
s 1
usemtl outdoor_table_chair_set_01_table.001
f 528/1/1 1/2/1 2/3/1
f 583/4/2 2/5/2 53/6/2
f 52/7/3 4/8/4 49/9/3
f 3/10/1 6/11/1 4/12/1
f 8/13/5 10/14/5 7/15/5
f 8/13/6 12/16/7 9/17/8
f 13/18/9 15/19/9 16/20/9
f 17/21/10 15/19/11 14/22/12
f 19/23/13 17/24/14 12/25/15
f 9/26/1 13/27/1 10/28/1
f 42/29/16 16/20/16 15/19/16
f 9/30/17 17/24/18 14/31/17
f 47/32/4 11/33/4 8/13/4
f 11/33/19 19/34/19 12/16/19
f 20/35/20 18/36/20 17/21/20
f 18/36/16 42/29/16 15/19/16
f 7/15/4 47/32/4 8/13/4
f 19/23/2 46/37/2 20/38/2
f 20/35/21 43/39/22 18/36/21
f 45/40/23 19/34/24 11/33/24
f 5/41/2 52/42/2 51/43/2
f 51/44/16 6/45/16 5/46/16
f 527/47/25 54/48/25 1/2/25
f 54/48/4 2/49/3 1/2/3
f 22/50/26 549/51/26 550/52/26
f 53/6/2 550/53/2 583/4/2
f 49/9/3 23/54/4 52/7/3
f 23/55/27 26/56/27 25/57/27
f 30/58/28 28/59/28 27/60/28
f 28/59/29 32/61/30 31/62/31
f 33/63/32 35/64/32 34/65/32
f 35/64/33 37/66/34 34/65/35
f 39/67/36 37/68/37 40/69/38
f 29/70/39 33/71/39 34/72/39
f 42/29/16 36/73/16 48/74/40
f 29/75/41 37/68/41 32/76/41
f 47/32/4 31/62/4 45/40/4
f 31/62/42 32/61/42 39/77/42
f 40/78/43 37/66/43 38/79/43
f 42/29/16 38/79/16 35/64/16
f 47/32/4 27/60/4 28/59/4
f 39/67/2 46/37/2 44/80/2
f 40/78/21 43/39/22 46/81/44
f 39/77/24 45/40/23 31/62/24
f 51/43/2 23/82/2 25/83/2
f 25/84/16 50/85/40 51/44/40
f 21/86/25 584/87/25 549/51/25
f 21/86/4 53/88/4 54/48/4
f 55/89/45 57/90/46 58/91/47
f 59/92/48 57/90/46 56/93/46
f 59/92/48 62/94/25 60/95/49
f 61/96/25 64/97/50 62/94/25
f 65/98/51 64/97/50 63/99/52
f 67/100/53 66/101/51 65/102/51
f 69/103/54 68/104/55 67/100/53
f 55/89/45 70/105/54 69/103/54
f 71/106/4 72/107/4 73/108/4
f 72/107/4 74/109/3 73/108/4
f 74/109/3 75/110/4 73/108/4
f 75/110/4 76/111/56 73/108/4
f 76/111/56 77/112/57 73/108/4
f 77/112/57 78/113/57 73/108/4
f 78/113/57 79/114/4 73/108/4
f 79/114/4 71/106/4 73/108/4
f 57/115/58 81/116/59 58/117/60
f 57/115/58 82/118/61 80/119/58
f 60/120/62 83/121/63 82/118/61
f 64/122/64 83/121/63 62/123/63
f 66/124/65 84/125/66 64/122/64
f 66/124/65 86/126/67 85/127/65
f 68/128/68 87/129/69 86/126/67
f 58/117/60 87/129/69 70/130/70
f 81/131/71 88/132/71 89/133/71
f 80/134/72 90/135/72 88/132/73
f 82/136/74 91/137/74 90/135/75
f 84/138/76 91/137/77 83/139/77
f 84/138/78 93/140/79 92/141/78
f 85/142/80 94/143/80 93/144/80
f 86/145/81 95/146/81 94/143/81
f 81/131/82 95/146/82 87/147/82
f 88/148/4 97/149/3 89/150/4
f 88/148/4 98/151/4 96/152/4
f 90/153/3 99/154/3 98/151/4
f 92/155/3 99/154/3 91/156/83
f 93/157/4 100/158/4 92/155/3
f 93/157/4 102/159/57 101/160/4
f 94/161/84 103/162/4 102/159/57
f 89/150/4 103/162/4 95/163/4
f 97/164/85 72/165/26 71/166/86
f 98/167/87 72/165/26 96/168/27
f 98/167/87 75/169/88 74/170/89
f 100/171/90 75/169/88 99/172/91
f 101/173/92 76/174/93 100/171/90
f 101/175/92 78/176/94 77/177/92
f 103/178/95 78/176/94 102/179/96
f 103/178/95 71/166/86 79/180/95
f 104/181/2 106/182/2 107/183/2
f 109/184/2 104/181/2 110/185/2
f 111/186/97 113/187/98 114/188/99
f 115/189/100 116/190/101 117/191/102
f 115/192/100 119/193/103 112/194/104
f 117/195/102 121/196/105 122/197/106
f 116/198/101 124/199/107 120/200/108
f 125/201/109 127/202/110 128/203/111
f 129/204/112 130/205/113 131/206/114
f 129/207/112 133/208/115 126/209/116
f 131/210/114 135/211/117 136/212/118
f 130/213/113 138/214/119 134/215/120
f 139/216/121 114/188/122 113/187/98
f 141/217/123 124/199/107 123/218/124
f 142/219/125 143/220/126 144/221/127
f 118/222/128 146/223/129 119/193/103
f 122/197/106 147/224/130 148/225/131
f 145/226/132 127/202/110 146/223/129
f 148/225/131 138/214/119 137/227/133
f 135/211/117 150/228/134 136/212/135
f 133/208/115 151/229/136 152/230/137
f 150/231/138 153/232/139 154/233/140
f 154/233/141 155/234/142 156/235/143
f 158/236/144 160/237/145 157/238/146
f 161/239/147 163/240/148 164/241/149
f 143/220/150 163/240/148 144/221/150
f 116/242/101 114/243/99 123/244/151
f 128/245/111 130/205/113 125/246/109
f 129/247/112 136/248/118 132/249/152
f 134/215/120 121/196/105 120/200/108
f 127/202/110 119/193/103 146/223/129
f 115/189/100 122/250/106 118/251/128
f 145/252/132 137/253/133 128/245/111
f 118/251/128 148/254/131 145/252/132
f 114/243/122 141/255/123 123/244/124
f 149/256/153 124/199/107 142/257/154
f 136/248/135 151/258/136 132/249/155
f 152/230/137 113/187/98 133/208/115
f 155/259/156 106/260/26 105/261/157
f 158/262/158 108/263/4 159/264/4
f 163/265/159 107/266/92 144/267/92
f 162/268/160 104/269/161 163/270/159
f 149/271/16 106/272/16 153/273/16
f 107/274/16 142/275/40 144/276/16
f 149/271/16 107/274/16 106/272/16
f 133/208/115 112/194/104 126/209/116
f 147/224/130 121/196/105 138/214/119
f 111/186/97 115/192/100 112/194/104
f 117/195/102 116/198/101 120/200/108
f 125/201/109 129/207/112 126/209/116
f 131/210/114 130/213/113 134/215/120
f 139/277/25 152/278/162 160/237/25
f 140/279/25 143/220/163 141/280/163
f 151/281/162 154/233/163 156/235/25
f 139/277/25 161/239/163 164/241/163
f 139/277/25 164/241/163 140/279/25
f 151/281/162 156/235/25 152/278/162
f 160/237/25 152/278/162 157/238/25
f 157/238/25 152/278/162 156/235/25
f 155/234/142 157/238/146 156/235/143
f 109/282/164 155/283/156 105/284/157
f 139/277/25 160/237/25 161/239/163
f 160/237/145 162/285/165 161/239/147
f 162/268/160 108/263/4 110/286/166
f 120/200/108 135/211/117 134/215/120
f 126/209/116 119/193/103 127/202/110
f 165/287/167 167/288/168 168/289/169
f 166/290/168 170/291/45 167/292/168
f 171/293/54 170/291/45 169/294/170
f 173/295/171 172/296/54 171/293/54
f 175/297/172 174/298/53 173/295/171
f 177/299/173 176/300/172 175/297/172
f 179/301/163 178/302/173 177/299/173
f 179/301/163 168/289/169 180/303/25
f 181/304/40 182/305/40 183/306/40
f 182/305/40 184/307/16 183/306/40
f 184/307/16 185/308/16 183/306/40
f 185/308/16 186/309/174 183/306/40
f 186/309/174 187/310/174 183/306/40
f 187/310/174 188/311/175 183/306/40
f 188/311/175 189/312/40 183/306/40
f 189/312/40 181/304/40 183/306/40
f 167/313/176 191/314/177 168/315/178
f 167/313/176 192/316/179 190/317/180
f 170/318/181 193/319/182 192/316/179
f 174/320/183 193/319/182 172/321/184
f 176/322/185 194/323/186 174/320/183
f 176/322/185 196/324/187 195/325/185
f 178/326/188 197/327/189 196/324/187
f 168/315/178 197/327/189 180/328/190
f 191/329/73 198/330/73 199/331/73
f 192/332/191 198/333/191 190/334/191
f 193/335/192 200/336/193 192/332/193
f 194/337/194 201/338/194 193/335/194
f 194/337/195 203/339/195 202/340/195
f 195/341/79 204/342/79 203/339/78
f 197/343/77 204/342/77 196/344/77
f 191/329/196 205/345/196 197/343/197
f 198/346/174 207/347/16 199/348/16
f 198/346/174 208/349/16 206/350/175
f 200/351/16 209/352/16 208/349/16
f 202/353/16 209/352/16 201/354/16
f 203/355/16 210/356/16 202/353/16
f 203/355/16 212/357/16 211/358/16
f 204/359/16 213/360/16 212/357/16
f 199/348/16 213/360/16 205/361/16
f 207/362/198 182/363/27 181/364/199
f 206/365/26 184/366/200 182/367/27
f 209/368/201 184/366/200 208/369/52
f 209/368/201 186/370/94 185/371/201
f 211/372/1 186/370/94 210/373/49
f 211/372/1 188/374/202 187/375/1
f 212/376/202 189/377/203 188/374/202
f 207/362/198 189/377/203 213/378/203
f 214/379/204 746/380/205 215/381/206
f 216/382/207 746/380/205 748/383/208
f 216/384/207 749/385/209 217/386/210
f 217/386/210 750/387/211 218/388/212
f 750/387/211 219/389/213 218/388/212
f 219/389/213 752/390/214 220/391/215
f 752/390/214 221/392/216 220/391/215
f 221/392/216 747/393/217 214/379/204
f 225/394/218 223/395/39 222/396/219
f 224/397/172 226/398/220 223/395/39
f 227/399/220 228/400/25 226/398/220
f 228/400/25 231/401/221 230/402/221
f 230/402/221 233/403/168 232/404/168
f 233/405/168 234/406/222 232/407/168
f 235/408/223 236/409/2 234/406/222
f 237/410/224 222/396/219 236/409/2
f 238/411/225 240/412/4 239/413/225
f 239/413/225 240/412/4 241/414/225
f 241/414/225 240/412/4 242/415/4
f 242/415/4 240/412/4 243/416/57
f 243/416/57 240/412/4 244/417/57
f 244/417/57 240/412/4 245/418/4
f 245/418/4 240/412/4 246/419/225
f 246/419/225 240/412/4 238/411/225
f 248/420/226 224/421/65 225/422/227
f 224/421/65 249/423/66 227/424/64
f 227/424/64 250/425/228 229/426/229
f 250/425/228 231/427/62 229/426/229
f 251/428/230 233/429/58 231/427/62
f 233/429/58 253/430/59 235/431/231
f 235/431/231 254/432/69 237/433/69
f 254/432/69 225/422/227 237/433/69
f 248/434/195 255/435/195 247/436/195
f 255/435/79 249/437/79 247/436/79
f 257/438/76 250/439/76 249/437/76
f 258/440/196 251/441/196 250/439/232
f 251/441/72 260/442/72 252/443/72
f 252/444/191 261/445/191 253/446/191
f 261/445/192 254/447/233 253/446/233
f 262/448/81 248/434/81 254/447/81
f 264/449/3 255/450/57 256/451/3
f 255/450/57 265/452/4 257/453/4
f 257/453/4 266/454/4 258/455/3
f 266/454/4 259/456/4 258/455/3
f 267/457/4 260/458/225 259/456/4
f 260/458/225 269/459/225 261/460/234
f 261/460/234 270/461/4 262/462/4
f 270/461/4 256/451/3 262/462/4
f 238/463/235 263/464/92 264/465/236
f 263/464/92 241/466/93 265/467/90
f 265/467/90 242/468/54 266/469/237
f 242/468/54 267/470/238 266/469/237
f 243/471/239 268/472/172 267/470/238
f 244/473/39 269/474/200 268/475/172
f 269/474/200 246/476/201 270/477/240
f 246/476/201 264/465/236 270/477/240
f 271/478/2 273/479/2 272/480/2
f 271/478/2 272/480/2 276/481/2
f 278/482/241 280/483/242 279/484/243
f 282/485/244 283/486/245 278/487/241
f 286/488/246 282/489/244 279/484/243
f 284/490/247 288/491/248 287/492/249
f 291/493/250 283/494/245 287/492/249
f 292/495/251 294/496/252 293/497/253
f 296/498/254 297/499/255 292/500/251
f 300/501/256 296/502/254 293/497/253
f 298/503/257 302/504/258 301/505/259
f 305/506/260 297/507/255 301/505/259
f 306/508/261 281/509/262 307/510/263
f 308/511/264 291/493/250 309/512/265
f 309/513/266 310/514/267 308/515/268
f 313/516/269 285/517/270 286/488/246
f 289/518/271 314/519/272 288/491/248
f 294/496/252 312/520/273 313/516/269
f 315/521/274 305/506/260 314/519/272
f 317/522/275 302/504/258 303/523/276
f 300/501/256 318/524/277 299/525/278
f 317/526/279 320/527/280 316/528/281
f 321/529/282 322/530/283 320/527/282
f 327/531/145 325/532/284 324/533/285
f 328/534/286 330/535/142 329/536/287
f 330/535/142 310/514/288 311/537/288
f 283/538/245 281/539/289 278/540/241
f 295/541/290 297/499/255 304/542/291
f 296/543/254 303/544/292 298/545/257
f 288/491/248 301/505/259 287/492/249
f 294/496/252 313/516/269 286/488/246
f 282/485/244 289/546/271 284/547/247
f 312/548/273 304/542/291 315/549/274
f 285/550/270 315/549/274 289/546/271
f 281/539/262 308/551/264 307/552/263
f 316/553/293 291/493/250 302/504/258
f 318/554/277 303/544/276 299/555/278
f 280/483/242 319/556/294 300/501/256
f 322/557/295 273/558/1 320/559/1
f 326/560/4 276/561/160 325/562/166
f 311/563/26 271/564/296 330/565/297
f 330/566/297 277/567/164 329/568/298
f 316/569/16 320/570/40 273/571/40
f 274/572/16 311/573/16 309/574/16
f 274/572/16 316/569/16 273/571/40
f 279/484/243 300/501/256 293/497/253
f 314/519/272 305/506/260 288/491/248
f 278/482/241 279/484/243 282/489/244
f 284/490/247 287/492/249 283/494/245
f 292/495/251 293/497/253 296/502/254
f 298/503/257 301/505/259 297/507/255
f 306/575/163 327/531/25 319/576/25
f 310/514/163 307/577/163 308/515/25
f 318/578/25 321/529/163 317/526/163
f 306/575/163 331/579/163 328/534/25
f 306/575/163 307/577/163 331/579/163
f 318/578/25 319/576/25 323/580/25
f 327/531/25 324/533/163 319/576/25
f 324/533/163 323/580/25 319/576/25
f 324/533/285 322/530/283 323/580/299
f 276/561/160 322/581/295 325/562/166
f 306/575/163 328/534/25 327/531/25
f 327/531/145 329/536/287 326/582/300
f 275/583/4 329/568/298 277/567/164
f 287/492/249 302/504/258 291/493/250
f 293/497/253 286/488/246 279/484/243
f 335/584/301 333/585/51 332/586/302
f 333/585/51 337/587/303 336/588/304
f 337/587/303 338/589/91 336/588/304
f 339/590/54 340/591/222 338/589/91
f 341/592/222 342/593/305 340/591/222
f 343/594/305 344/595/306 342/596/305
f 344/595/306 347/597/25 346/598/25
f 346/598/25 335/584/301 332/586/302
f 348/599/307 350/600/16 349/601/307
f 349/601/307 350/600/16 351/602/307
f 351/602/307 350/600/16 352/603/16
f 352/603/16 350/600/16 353/604/175
f 353/604/175 350/600/16 354/605/174
f 354/605/174 350/600/16 355/606/174
f 355/606/174 350/600/16 356/607/16
f 356/607/16 350/600/16 348/599/307
f 358/608/308 334/609/309 335/610/310
f 334/609/309 359/611/311 337/612/183
f 337/612/183 360/613/312 339/614/312
f 360/613/312 341/615/181 339/614/312
f 361/616/179 343/617/313 341/615/181
f 343/617/313 363/618/314 345/619/315
f 345/619/315 364/620/316 347/621/190
f 364/620/316 335/610/310 347/621/190
f 358/622/79 365/623/78 357/624/78
f 357/624/195 367/625/195 359/626/195
f 359/626/194 368/627/317 360/628/318
f 368/627/192 361/629/192 360/628/319
f 361/629/191 370/630/191 362/631/191
f 370/632/73 363/633/72 362/634/73
f 371/635/196 364/636/196 363/633/196
f 364/636/77 366/637/77 358/622/320
f 374/638/16 365/639/40 366/640/16
f 365/639/40 375/641/16 367/642/40
f 367/642/40 376/643/40 368/644/40
f 376/643/40 369/645/307 368/644/40
f 377/646/321 370/647/307 369/645/307
f 370/647/307 379/648/16 371/649/16
f 371/649/16 380/650/16 372/651/40
f 380/650/16 366/640/16 372/651/40
f 374/652/322 349/653/1 373/654/1
f 373/654/1 351/655/323 375/656/324
f 351/655/323 376/657/325 375/656/324
f 352/658/325 377/659/85 376/657/325
f 353/660/326 378/661/27 377/659/85
f 378/662/27 355/663/327 379/664/328
f 379/664/328 356/665/88 380/666/54
f 356/665/88 374/652/322 380/666/54
f 382/667/329 922/668/330 381/669/331
f 383/670/332 921/671/333 382/667/329
f 384/672/334 923/673/335 383/674/332
f 925/675/336 384/672/334 385/676/337
f 386/677/338 925/675/336 385/676/337
f 387/678/339 926/679/340 386/677/338
f 388/680/341 927/681/342 387/678/339
f 922/668/330 388/680/341 381/669/331
f 276/481/2 275/682/2 277/683/2
f 277/683/2 271/478/2 276/481/2
f 110/185/2 108/684/2 109/184/2
f 109/184/2 105/685/2 104/181/2
f 389/686/343 391/687/344 392/688/345
f 391/687/344 394/689/2 392/688/345
f 394/690/2 395/691/346 396/692/347
f 396/692/347 397/693/348 398/694/349
f 397/693/348 400/695/25 398/694/349
f 400/695/25 390/696/350 389/686/343
f 402/697/168 404/698/351 401/699/352
f 405/700/353 403/701/168 402/702/168
f 407/703/25 406/704/353 405/700/353
f 409/705/50 408/706/25 407/703/25
f 409/705/50 412/707/51 410/708/354
f 411/709/355 414/710/53 412/707/51
f 413/711/53 416/712/224 414/710/53
f 415/713/2 404/698/351 416/712/224
f 417/714/4 418/715/57 419/716/4
f 418/715/57 420/717/4 419/716/4
f 420/717/4 421/718/4 419/716/4
f 421/718/4 422/719/4 419/716/4
f 422/719/4 423/720/4 419/716/4
f 423/720/4 424/721/4 419/716/4
f 424/721/4 425/722/4 419/716/4
f 425/722/4 417/714/4 419/716/4
f 403/723/356 427/724/357 404/725/60
f 403/723/356 428/726/230 426/727/358
f 406/728/62 429/729/229 428/726/230
f 410/730/64 429/729/229 408/731/359
f 412/732/360 430/733/66 410/730/64
f 412/732/360 432/734/227 431/735/360
f 414/736/68 433/737/69 432/734/227
f 404/725/60 433/737/69 416/738/70
f 427/739/71 434/740/71 435/741/191
f 428/742/361 434/743/361 426/744/361
f 429/745/196 436/746/196 428/742/196
f 430/747/77 437/748/76 429/745/362
f 430/747/79 439/749/78 438/750/79
f 431/751/195 440/752/195 439/749/195
f 432/753/81 441/754/81 440/752/81
f 427/739/82 441/754/192 433/755/192
f 434/756/363 443/757/4 435/758/4
f 434/756/363 444/759/4 442/760/363
f 436/761/4 445/762/4 444/759/4
f 438/763/4 445/762/4 437/764/4
f 439/765/3 446/766/4 438/763/4
f 439/765/3 448/767/4 447/768/363
f 440/769/4 449/770/4 448/767/4
f 435/758/4 449/770/4 441/771/4
f 442/772/26 417/714/364 443/773/365
f 442/772/26 420/717/198 418/715/26
f 445/774/91 420/717/198 444/775/366
f 446/776/90 421/718/91 445/774/91
f 447/777/1 422/719/93 446/778/90
f 447/777/1 424/721/236 423/720/92
f 448/779/367 425/722/162 424/721/236
f 443/773/365 425/722/162 449/780/95
f 450/781/48 452/782/305 453/783/96
f 454/784/351 452/782/305 451/785/305
f 454/784/351 457/786/2 455/787/47
f 458/788/171 457/789/2 456/790/224
f 460/791/172 459/792/171 458/788/171
f 462/793/368 461/794/172 460/791/172
f 464/795/163 463/796/368 462/793/368
f 450/781/48 465/797/25 464/795/163
f 466/798/16 467/799/40 468/800/40
f 467/799/40 469/801/40 468/800/40
f 469/801/40 470/802/40 468/800/40
f 470/802/40 471/803/40 468/800/40
f 471/803/40 472/804/175 468/800/40
f 472/804/175 473/805/16 468/800/40
f 473/805/16 474/806/16 468/800/40
f 474/806/16 466/798/16 468/800/40
f 452/807/369 476/808/177 453/809/178
f 452/807/369 477/810/179 475/811/176
f 455/812/181 478/813/312 477/810/179
f 459/814/183 478/813/312 457/815/182
f 461/816/370 479/817/186 459/814/183
f 461/816/370 481/818/371 480/819/370
f 463/820/310 482/821/190 481/818/371
f 453/809/178 482/821/190 465/822/190
f 475/823/73 484/824/73 476/825/372
f 475/823/71 485/826/71 483/827/71
f 477/828/82 486/829/82 485/826/373
f 478/830/81 487/831/81 486/832/194
f 480/833/195 487/831/195 479/834/195
f 481/835/79 488/836/79 480/833/79
f 481/835/77 490/837/77 489/838/77
f 476/825/196 490/837/196 482/839/197
f 483/840/16 492/841/16 484/842/16
f 483/840/16 493/843/175 491/844/16
f 485/845/175 494/846/40 493/843/175
f 487/847/40 494/846/40 486/848/374
f 488/849/40 495/850/16 487/847/40
f 488/849/40 497/851/16 496/852/40
f 489/853/16 498/854/16 497/851/16
f 484/842/16 498/854/16 490/855/16
f 492/856/198 467/857/27 466/858/199
f 493/859/364 467/857/27 491/860/26
f 494/861/162 469/862/364 493/859/364
f 495/863/94 470/864/95 494/861/162
f 495/863/94 472/865/375 471/866/96
f 497/867/93 472/865/375 496/868/92
f 498/869/54 473/870/90 497/867/93
f 492/871/198 474/872/376 498/869/54
f 499/873/51 501/874/26 502/875/27
f 504/876/1 506/877/92 503/878/92
f 507/879/377 509/880/378 510/881/379
f 501/882/380 505/883/381 502/884/382
f 503/885/383 499/886/384 504/887/385
f 500/888/26 512/889/26 501/874/26
f 512/890/386 506/891/387 501/882/380
f 513/892/92 503/878/92 506/877/92
f 503/885/383 511/893/388 500/894/383
f 939/895/27 937/896/355 512/889/26
f 512/890/389 940/897/224 513/898/390
f 940/899/46 941/900/92 514/901/92
f 941/902/25 511/893/391 514/903/391
f 515/904/1 505/905/1 504/876/1
f 505/883/381 517/906/392 502/884/382
f 502/875/27 518/907/27 499/873/51
f 518/908/393 504/887/385 499/886/384
f 519/909/394 516/910/1 515/904/1
f 520/911/395 517/906/392 516/912/396
f 517/913/27 522/914/397 518/907/27
f 518/908/393 519/915/398 515/916/399
f 523/917/400 520/918/401 519/919/394
f 520/911/395 525/920/16 521/921/395
f 525/922/402 522/923/397 521/924/403
f 522/925/398 523/926/4 519/915/398
f 507/879/377 524/927/400 523/917/400
f 510/928/16 525/920/16 524/929/16
f 525/922/402 508/930/404 526/931/402
f 508/932/4 523/926/4 526/933/4
f 529/934/1 528/1/1 530/935/1
f 585/936/2 528/937/2 583/4/2
f 579/938/40 531/939/16 582/940/40
f 532/941/1 533/942/1 531/943/1
f 538/944/9 536/945/9 535/946/9
f 536/945/405 540/947/406 539/948/407
f 541/949/5 543/950/5 542/951/5
f 543/950/408 545/952/409 542/951/410
f 547/953/411 545/954/412 548/955/413
f 538/956/1 542/957/1 537/958/1
f 572/959/4 544/960/4 578/961/4
f 537/962/414 545/954/414 540/963/414
f 577/964/16 539/948/16 575/965/16
f 539/948/415 540/947/415 547/966/415
f 548/967/416 545/952/416 546/968/416
f 572/959/4 546/968/4 543/950/4
f 577/964/16 535/946/16 536/945/16
f 547/953/2 576/969/2 574/970/2
f 548/967/417 573/971/418 576/972/418
f 547/966/419 575/965/420 539/948/419
f 533/973/2 582/974/2 531/975/2
f 534/976/4 581/977/3 533/978/4
f 527/47/25 586/979/25 584/87/25
f 529/934/16 585/980/16 586/979/16
f 552/981/27 549/51/26 551/982/27
f 583/4/2 552/983/2 585/936/2
f 553/984/16 579/938/40 582/940/40
f 553/985/27 556/986/26 554/987/27
f 558/988/32 560/989/421 557/990/421
f 558/988/422 562/991/423 559/992/424
f 563/993/28 565/994/28 566/995/28
f 567/996/425 565/994/426 564/997/427
f 569/998/428 567/999/429 562/1000/430
f 559/1001/26 563/1002/39 560/1003/39
f 572/959/4 566/995/4 565/994/4
f 559/1004/431 567/999/431 564/1005/431
f 577/964/16 561/1006/16 558/988/16
f 561/1006/432 569/1007/432 562/991/432
f 570/1008/433 568/1009/433 567/996/433
f 568/1009/4 572/959/4 565/994/4
f 557/990/16 577/964/16 558/988/16
f 574/970/2 570/1010/2 569/998/2
f 570/1008/24 573/971/418 568/1009/24
f 575/965/420 569/1007/21 561/1006/21
f 553/1011/2 581/1012/2 555/1013/2
f 581/977/3 556/1014/3 555/1015/3
f 549/51/25 586/979/25 551/982/25
f 586/979/16 552/1016/40 551/982/40
f 590/1017/45 588/1018/46 587/1019/47
f 588/1018/46 592/1020/353 591/1021/221
f 591/1021/221 594/1022/25 593/1023/163
f 594/1022/25 595/1024/434 593/1023/163
f 596/1025/434 597/1026/39 595/1024/434
f 598/1027/172 599/1028/303 597/1029/39
f 599/1028/303 602/1030/2 601/1031/224
f 601/1031/224 590/1017/45 587/1019/47
f 603/1032/16 605/1033/16 604/1034/16
f 604/1034/16 605/1033/16 606/1035/16
f 606/1035/16 605/1033/16 607/1036/16
f 607/1036/16 605/1033/16 608/1037/16
f 608/1037/16 605/1033/16 609/1038/16
f 609/1038/16 605/1033/16 610/1039/40
f 610/1039/40 605/1033/16 611/1040/307
f 611/1040/307 605/1033/16 603/1032/16
f 613/1041/179 589/1042/369 590/1043/181
f 589/1042/369 614/1044/435 592/1045/178
f 592/1045/178 615/1046/190 594/1047/190
f 615/1046/190 596/1048/310 594/1047/190
f 616/1049/436 598/1050/185 596/1048/310
f 598/1050/185 618/1051/186 600/1052/183
f 600/1052/183 619/1053/182 602/1054/182
f 619/1053/182 590/1043/181 602/1054/182
f 613/1055/191 620/1056/71 612/1057/71
f 612/1057/72 622/1058/72 614/1059/73
f 614/1059/74 623/1060/74 615/1061/197
f 623/1060/77 616/1062/76 615/1061/437
f 624/1063/79 617/1064/79 616/1062/78
f 625/1065/195 618/1066/195 617/1067/195
f 626/1068/81 619/1069/81 618/1066/438
f 619/1069/82 621/1070/192 613/1055/192
f 629/1071/16 620/1072/16 621/1073/16
f 620/1072/16 630/1074/16 622/1075/40
f 622/1075/40 631/1076/439 623/1077/40
f 631/1076/439 624/1078/175 623/1077/40
f 632/1079/175 625/1080/16 624/1078/175
f 625/1080/16 634/1081/16 626/1082/16
f 626/1082/16 635/1083/16 627/1084/16
f 635/1083/16 621/1073/16 627/1084/16
f 603/1085/440 628/1086/26 629/1087/86
f 628/1086/26 606/1088/441 630/1089/304
f 606/1088/441 631/1090/203 630/1089/304
f 607/1091/203 632/1092/442 631/1090/203
f 632/1092/442 609/1093/443 633/1094/444
f 633/1095/444 610/1096/445 634/1097/446
f 634/1097/446 611/1098/447 635/1099/448
f 611/1098/447 629/1087/86 635/1099/448
f 639/1100/2 637/1101/2 636/1102/2
f 641/1103/2 642/1104/2 636/1102/2
f 643/1105/449 645/1106/450 644/1107/451
f 647/1108/452 648/1109/453 643/1110/449
f 651/1111/454 647/1112/452 644/1107/451
f 649/1113/455 653/1114/456 652/1115/457
f 656/1116/458 648/1117/453 652/1115/457
f 657/1118/459 659/1119/460 658/1120/461
f 661/1121/462 662/1122/463 657/1123/459
f 665/1124/464 661/1125/462 658/1120/461
f 663/1126/465 667/1127/466 666/1128/467
f 670/1129/468 662/1130/463 666/1128/467
f 671/1131/469 646/1132/470 672/1133/471
f 673/1134/472 656/1116/458 674/1135/473
f 674/1136/474 675/1137/475 673/1138/476
f 678/1139/477 650/1140/478 651/1111/454
f 654/1141/479 679/1142/129 653/1114/456
f 659/1119/460 677/1143/480 678/1139/477
f 680/1144/132 670/1129/468 679/1142/129
f 682/1145/481 667/1127/466 668/1146/482
f 665/1124/464 683/1147/483 664/1148/484
f 682/1149/485 685/1150/486 681/1151/487
f 686/1152/488 687/1153/489 685/1150/488
f 692/1154/490 690/1155/491 689/1156/492
f 693/1157/493 695/1158/494 694/1159/495
f 695/1158/494 675/1137/282 676/1160/282
f 648/1161/453 646/1162/496 643/1163/449
f 660/1164/497 662/1122/463 669/1165/498
f 661/1166/462 668/1167/499 663/1168/465
f 653/1114/456 666/1128/467 652/1115/457
f 659/1119/460 678/1139/477 651/1111/454
f 647/1108/452 654/1169/479 649/1170/455
f 660/1164/497 680/1171/132 677/1172/480
f 677/1172/480 654/1169/479 650/1173/478
f 646/1162/470 673/1174/472 672/1175/471
f 681/1176/500 656/1116/458 667/1127/466
f 683/1177/483 668/1167/482 664/1178/484
f 645/1106/450 684/1179/501 665/1124/464
f 637/1180/502 685/1181/27 687/1182/503
f 640/1183/16 690/1184/504 691/1185/16
f 676/1186/92 636/1187/505 695/1188/506
f 695/1189/506 642/1190/507 694/1191/508
f 681/1192/4 685/1193/4 638/1194/4
f 639/1195/4 676/1196/4 674/1197/4
f 639/1195/4 681/1192/4 638/1194/4
f 644/1107/451 665/1124/464 658/1120/461
f 679/1142/129 670/1129/468 653/1114/456
f 643/1105/449 644/1107/451 647/1112/452
f 649/1113/455 652/1115/457 648/1117/453
f 657/1118/459 658/1120/461 661/1125/462
f 663/1126/465 666/1128/467 662/1130/463
f 671/1198/163 692/1154/163 684/1199/25
f 675/1137/163 672/1200/163 673/1138/25
f 683/1201/25 686/1152/25 682/1149/25
f 671/1198/163 696/1202/163 693/1157/163
f 671/1198/163 672/1200/163 696/1202/163
f 683/1201/25 684/1199/25 688/1203/25
f 692/1154/163 689/1156/163 684/1199/25
f 689/1156/163 688/1203/25 684/1199/25
f 689/1156/492 687/1153/489 688/1203/509
f 637/1204/502 690/1184/504 641/1205/510
f 671/1198/163 693/1157/163 692/1154/163
f 692/1154/490 694/1159/495 691/1206/511
f 642/1190/507 691/1185/16 694/1191/508
f 652/1115/457 667/1127/466 656/1116/458
f 658/1120/461 651/1111/454 644/1107/451
f 697/1207/353 699/1208/168 698/1209/168
f 699/1210/168 701/1211/222 698/1212/168
f 702/1213/223 703/1214/2 701/1211/222
f 704/1215/2 705/1216/303 703/1214/2
f 705/1216/303 708/1217/355 707/1218/355
f 707/1218/355 710/1219/368 709/1220/368
f 709/1220/368 712/1221/25 711/1222/25
f 711/1222/25 700/1223/221 697/1207/353
f 713/1224/4 715/1225/4 714/1226/4
f 714/1226/4 715/1225/4 716/1227/4
f 716/1227/4 715/1225/4 717/1228/225
f 717/1228/225 715/1225/4 718/1229/3
f 718/1229/3 715/1225/4 719/1230/4
f 719/1230/4 715/1225/4 720/1231/4
f 720/1231/4 715/1225/4 721/1232/4
f 721/1232/4 715/1225/4 713/1224/4
f 723/1233/230 699/1234/512 700/1235/62
f 699/1234/512 724/1236/357 702/1237/59
f 702/1237/59 725/1238/513 704/1239/513
f 725/1238/513 706/1240/68 704/1239/513
f 726/1241/67 708/1242/360 706/1240/68
f 708/1242/360 728/1243/66 710/1244/64
f 710/1244/64 729/1245/228 712/1246/228
f 729/1245/228 700/1235/62 712/1246/228
f 731/1247/72 722/1248/72 723/1249/72
f 730/1250/71 724/1251/71 722/1252/71
f 724/1251/82 733/1253/192 725/1254/193
f 733/1253/81 726/1255/81 725/1254/81
f 734/1256/195 727/1257/195 726/1255/195
f 735/1258/78 728/1259/78 727/1257/78
f 736/1260/514 729/1261/515 728/1259/515
f 729/1261/196 731/1247/196 723/1249/197
f 739/1262/4 730/1263/4 731/1264/4
f 730/1263/4 740/1265/3 732/1266/4
f 732/1266/4 741/1267/4 733/1268/4
f 741/1267/4 734/1269/4 733/1268/4
f 742/1270/3 735/1271/57 734/1269/4
f 735/1271/57 744/1272/4 736/1273/4
f 736/1273/4 745/1274/4 737/1275/4
f 745/1274/4 731/1264/4 737/1275/4
f 739/1276/516 714/1277/26 738/1278/26
f 738/1279/26 716/1280/517 740/1281/85
f 740/1281/85 717/1282/240 741/1283/201
f 741/1283/201 718/1284/518 742/1285/519
f 742/1285/519 719/1286/443 743/1287/443
f 743/1287/443 720/1288/520 744/1289/521
f 744/1289/521 721/1290/237 745/1291/54
f 745/1291/54 713/1292/522 739/1276/516
f 754/1293/523 746/380/205 747/393/217
f 756/1294/207 746/380/205 755/1295/524
f 756/1296/207 749/385/209 748/1297/208
f 750/387/211 757/1298/525 758/1299/526
f 758/1299/526 751/1300/527 750/387/211
f 760/1301/528 751/1300/527 759/1302/529
f 761/1303/530 752/390/214 760/1301/528
f 754/1293/523 753/1304/531 761/1303/530
f 762/1305/532 764/1306/172 765/1307/171
f 766/1308/368 764/1306/172 763/1309/172
f 768/1310/163 767/1311/368 766/1308/368
f 770/1312/306 769/1313/25 768/1310/163
f 770/1312/306 773/1314/1 771/1315/96
f 774/1316/351 773/1317/1 772/1318/305
f 774/1316/351 777/1319/2 775/1320/47
f 776/1321/224 765/1307/171 777/1319/2
f 778/1322/40 779/1323/307 780/1324/40
f 779/1323/307 781/1325/16 780/1324/40
f 781/1325/16 782/1326/16 780/1324/40
f 782/1326/16 783/1327/16 780/1324/40
f 783/1327/16 784/1328/16 780/1324/40
f 784/1328/16 785/1329/40 780/1324/40
f 785/1329/40 786/1330/40 780/1324/40
f 786/1330/40 778/1322/40 780/1324/40
f 764/1331/309 788/1332/186 765/1333/183
f 764/1331/309 789/1334/436 787/1335/533
f 767/1336/310 790/1337/190 789/1334/436
f 771/1338/178 790/1337/190 769/1339/190
f 773/1340/176 791/1341/314 771/1338/178
f 773/1340/176 793/1342/179 792/1343/369
f 775/1344/181 794/1345/182 793/1342/179
f 765/1333/183 794/1345/182 777/1346/182
f 787/1347/534 796/1348/535 788/1349/535
f 789/1350/79 795/1351/79 787/1347/79
f 789/1350/437 798/1352/76 797/1353/437
f 791/1354/196 798/1352/196 790/1355/196
f 792/1356/72 799/1357/72 791/1354/536
f 792/1358/191 801/1359/191 800/1360/191
f 793/1361/82 802/1362/82 801/1359/82
f 788/1349/194 802/1362/194 794/1363/194
f 795/1364/174 804/1365/16 796/1366/40
f 795/1364/174 805/1367/16 803/1368/174
f 797/1369/16 806/1370/16 805/1367/16
f 799/1371/16 806/1370/16 798/1372/16
f 800/1373/16 807/1374/16 799/1371/16
f 800/1373/16 809/1375/16 808/1376/16
f 801/1377/16 810/1378/40 809/1375/16
f 796/1366/40 810/1378/40 802/1379/40
f 803/1380/92 778/1381/519 804/1382/537
f 803/1380/92 781/1383/322 779/1384/1
f 806/1385/538 781/1383/322 805/1386/539
f 807/1387/540 782/1388/541 806/1385/538
f 807/1387/540 784/1389/355 783/1390/542
f 809/1391/543 784/1392/355 808/1393/26
f 809/1391/543 786/1394/544 785/1395/545
f 804/1382/537 786/1394/544 810/1396/544
f 812/1397/2 814/1398/2 811/1399/2
f 811/1399/2 816/1400/2 812/1397/2
f 818/1401/546 820/1402/547 821/1403/548
f 822/1404/549 823/1405/550 824/1406/551
f 822/1407/549 826/1408/552 819/1409/553
f 824/1410/551 828/1411/554 829/1412/555
f 823/1413/550 831/1414/556 827/1415/557
f 832/1416/558 834/1417/559 835/1418/560
f 836/1419/561 837/1420/562 838/1421/563
f 836/1422/561 840/1423/564 833/1424/565
f 838/1425/563 842/1426/566 843/1427/567
f 837/1428/562 845/1429/568 841/1430/569
f 846/1431/570 821/1403/571 820/1402/547
f 848/1432/572 831/1414/556 830/1433/573
f 849/1434/574 850/1435/575 851/1436/576
f 825/1437/577 853/1438/578 826/1408/552
f 829/1412/555 854/1439/579 855/1440/580
f 852/1441/581 834/1417/559 853/1438/578
f 855/1440/580 845/1429/568 844/1442/582
f 842/1426/566 857/1443/583 843/1427/584
f 840/1423/564 858/1444/585 859/1445/586
f 857/1446/587 860/1447/588 861/1448/589
f 861/1448/282 862/1449/590 863/1450/591
f 865/1451/495 867/1452/592 864/1453/493
f 868/1454/593 870/1455/594 871/1456/595
f 850/1435/141 870/1455/594 851/1436/488
f 823/1457/550 821/1458/548 830/1459/596
f 835/1460/560 837/1420/562 832/1461/558
f 836/1462/561 843/1463/567 839/1464/597
f 841/1430/569 828/1411/554 827/1415/557
f 834/1417/559 826/1408/552 853/1438/578
f 822/1404/549 829/1465/555 825/1466/577
f 855/1467/580 835/1460/560 852/1468/581
f 825/1466/577 855/1467/580 852/1468/581
f 821/1458/571 848/1469/572 830/1459/573
f 856/1470/598 831/1414/556 849/1471/599
f 843/1463/584 858/1472/585 839/1464/600
f 859/1445/586 820/1402/547 840/1423/564
f 860/1473/92 812/1474/505 862/1475/506
f 865/1476/601 815/1477/16 866/1478/16
f 870/1479/602 814/1480/27 851/1481/27
f 869/1482/504 811/1483/603 870/1484/602
f 856/1485/4 813/1486/4 860/1487/4
f 814/1488/4 849/1489/4 851/1490/4
f 856/1485/4 814/1488/4 813/1486/4
f 840/1423/564 819/1409/553 833/1424/565
f 854/1439/579 828/1411/554 845/1429/568
f 818/1401/546 822/1407/549 819/1409/553
f 824/1410/551 823/1413/550 827/1415/557
f 832/1416/558 836/1422/561 833/1424/565
f 838/1425/563 837/1428/562 841/1430/569
f 846/1491/95 859/1492/163 867/1452/25
f 847/1493/163 850/1435/25 848/1494/25
f 858/1495/163 861/1448/163 863/1450/163
f 846/1491/95 868/1454/25 871/1456/25
f 846/1491/95 871/1456/25 847/1493/163
f 858/1495/163 863/1450/163 859/1492/163
f 867/1452/25 859/1492/163 864/1453/163
f 864/1453/163 859/1492/163 863/1450/163
f 862/1449/590 864/1453/493 863/1450/591
f 816/1496/604 862/1497/506 812/1498/505
f 846/1491/95 867/1452/25 868/1454/25
f 867/1452/592 869/1499/605 868/1454/593
f 869/1482/504 815/1477/16 817/1500/510
f 827/1415/557 842/1426/566 841/1430/569
f 833/1424/565 826/1408/552 834/1417/559
f 873/1501/172 875/1502/50 872/1503/302
f 876/1504/53 874/1505/172 873/1501/172
f 878/1506/2 877/1507/171 876/1504/53
f 880/1508/222 879/1509/224 878/1506/2
f 882/1510/168 881/1511/222 880/1508/222
f 884/1512/48 883/1513/305 882/1514/168
f 884/1512/48 887/1515/163 885/1516/96
f 886/1517/25 875/1502/50 887/1515/163
f 888/1518/4 889/1519/225 890/1520/4
f 889/1519/225 891/1521/225 890/1520/4
f 891/1521/225 892/1522/4 890/1520/4
f 892/1522/4 893/1523/57 890/1520/4
f 893/1523/57 894/1524/4 890/1520/4
f 894/1524/4 895/1525/4 890/1520/4
f 895/1525/4 896/1526/4 890/1520/4
f 896/1526/4 888/1518/4 890/1520/4
f 874/1527/360 898/1528/66 875/1529/64
f 874/1527/360 899/1530/226 897/1531/360
f 877/1532/68 900/1533/69 899/1530/226
f 881/1534/60 900/1533/69 879/1535/69
f 883/1536/512 901/1537/357 881/1534/60
f 883/1536/512 903/1538/230 902/1539/512
f 885/1540/62 904/1541/228 903/1538/230
f 875/1529/64 904/1541/228 887/1542/228
f 898/1543/78 905/1544/78 906/1545/78
f 897/1546/195 907/1547/195 905/1544/195
f 899/1548/81 908/1549/81 907/1547/81
f 900/1550/82 909/1551/82 908/1549/82
f 901/1552/71 910/1553/71 909/1551/71
f 903/1554/72 910/1555/72 902/1556/72
f 903/1554/196 912/1557/196 911/1558/74
f 904/1559/77 906/1545/77 912/1557/77
f 905/1560/57 914/1561/4 906/1562/4
f 905/1560/57 915/1563/3 913/1564/57
f 907/1565/4 916/1566/4 915/1563/3
f 909/1567/4 916/1566/4 908/1568/4
f 910/1569/4 917/1570/4 909/1567/4
f 910/1569/4 919/1571/4 918/1572/4
f 911/1573/4 920/1574/4 919/1571/4
f 906/1562/4 920/1574/4 912/1575/4
f 914/1576/606 889/1577/1 888/1578/90
f 915/1579/445 889/1577/1 913/1580/92
f 916/1581/448 891/1582/235 915/1579/445
f 916/1581/448 893/1583/85 892/1584/240
f 917/1585/607 894/1586/26 893/1583/85
f 918/1587/26 895/1588/198 894/1589/26
f 920/1590/2 895/1588/198 919/1591/304
f 920/1590/2 888/1578/90 896/1592/88
f 922/668/330 930/1593/608 929/1594/609
f 931/1595/610 921/671/333 923/1596/335
f 931/1597/610 924/1598/611 932/1599/612
f 933/1600/613 924/1598/611 925/675/336
f 925/675/336 934/1601/614 933/1600/613
f 934/1601/614 927/681/342 935/1602/615
f 935/1602/615 928/1603/616 936/1604/617
f 929/1594/609 928/1603/616 922/668/330
f 816/1400/2 817/1605/2 815/1606/2
f 817/1605/2 816/1400/2 811/1399/2
f 642/1104/2 641/1103/2 640/1607/88
f 641/1103/2 636/1102/2 637/1101/2
f 943/1608/618 945/1609/344 944/1610/619
f 948/1611/2 945/1609/344 946/1612/345
f 948/1613/2 949/1614/346 947/1615/224
f 950/1616/347 951/1617/620 949/1614/346
f 954/1618/163 951/1617/620 952/1619/621
f 943/1608/618 953/1620/25 954/1618/163
f 958/1621/351 956/1622/305 955/1623/539
f 957/1624/305 959/1625/167 956/1626/305
f 960/1627/353 961/1628/25 959/1625/167
f 961/1628/25 964/1629/368 963/1630/220
f 963/1630/220 966/1631/355 965/1632/355
f 965/1632/355 968/1633/622 967/1634/304
f 968/1633/622 969/1635/2 967/1634/304
f 969/1635/2 958/1621/351 955/1623/539
f 971/1636/16 973/1637/16 972/1638/307
f 972/1638/307 973/1637/16 974/1639/307
f 974/1639/307 973/1637/16 975/1640/307
f 975/1640/307 973/1637/16 976/1641/16
f 976/1641/16 973/1637/16 977/1642/16
f 977/1642/16 973/1637/16 978/1643/16
f 978/1643/16 973/1637/16 979/1644/16
f 979/1644/16 973/1637/16 971/1636/16
f 981/1645/179 957/1646/369 958/1647/181
f 957/1646/369 982/1648/177 960/1649/178
f 960/1649/178 983/1650/190 962/1651/190
f 983/1650/190 964/1652/310 962/1651/190
f 984/1653/436 966/1654/623 964/1652/310
f 966/1654/623 986/1655/311 968/1656/183
f 968/1656/183 987/1657/182 970/1658/182
f 987/1657/182 958/1647/181 970/1658/182
f 981/1659/191 988/1660/71 980/1661/71
f 988/1662/72 982/1663/72 980/1664/72
f 982/1663/196 991/1665/196 983/1666/196
f 983/1666/76 992/1667/77 984/1668/77
f 992/1667/78 985/1669/78 984/1668/79
f 993/1670/195 986/1671/195 985/1669/195
f 994/1672/81 987/1673/81 986/1671/81
f 987/1673/192 989/1674/192 981/1659/192
f 997/1675/16 988/1676/174 989/1677/16
f 988/1676/174 998/1678/40 990/1679/16
f 990/1679/16 999/1680/16 991/1681/16
f 999/1680/16 992/1682/16 991/1681/16
f 1000/1683/40 993/1684/16 992/1682/16
f 993/1684/16 1002/1685/16 994/1686/16
f 994/1686/16 1003/1687/16 995/1688/16
f 1003/1687/16 989/1677/16 995/1688/16
f 997/1689/364 972/1638/27 996/1690/26
f 972/1638/27 998/1691/624 996/1690/26
f 974/1639/238 999/1692/88 998/1691/624
f 999/1692/88 976/1641/625 1000/1693/539
f 976/1641/625 1001/1694/92 1000/1695/539
f 977/1642/92 1002/1696/236 1001/1694/92
f 978/1643/236 1003/1697/95 1002/1696/236
f 1003/1697/95 971/1636/364 997/1689/364
f 1007/1698/353 1005/1699/46 1004/1700/167
f 1006/1701/46 1008/1702/45 1005/1699/46
f 1008/1702/45 1011/1703/2 1010/1704/2
f 1010/1705/2 1013/1706/171 1012/1707/53
f 1012/1707/53 1015/1708/355 1014/1709/51
f 1015/1708/355 1016/1710/368 1014/1709/51
f 1017/1711/220 1018/1712/25 1016/1710/368
f 1019/1713/163 1004/1700/167 1018/1712/25
f 1020/1714/3 1022/1715/3 1021/1716/225
f 1021/1716/225 1022/1715/3 1023/1717/4
f 1023/1717/4 1022/1715/3 1024/1718/4
f 1024/1718/4 1022/1715/3 1025/1719/4
f 1025/1719/4 1022/1715/3 1026/1720/4
f 1026/1720/4 1022/1715/3 1027/1721/3
f 1027/1721/3 1022/1715/3 1028/1722/3
f 1028/1722/3 1022/1715/3 1020/1714/3
f 1030/1723/230 1006/1724/356 1007/1725/62
f 1006/1724/356 1031/1726/357 1009/1727/60
f 1009/1727/60 1032/1728/69 1011/1729/69
f 1032/1728/69 1013/1730/68 1011/1729/69
f 1033/1731/67 1015/1732/626 1013/1730/68
f 1015/1732/626 1035/1733/66 1017/1734/627
f 1017/1734/627 1036/1735/228 1019/1736/229
f 1036/1735/228 1007/1725/62 1019/1736/229
f 1030/1737/72 1037/1738/72 1029/1739/73
f 1029/1739/191 1039/1740/191 1031/1741/191
f 1031/1741/192 1040/1742/192 1032/1743/192
f 1032/1744/81 1041/1745/194 1033/1746/194
f 1033/1746/534 1042/1747/535 1034/1748/628
f 1034/1748/79 1043/1749/79 1035/1750/78
f 1043/1749/76 1036/1751/76 1035/1750/76
f 1036/1751/196 1038/1752/196 1030/1737/629
f 1046/1753/4 1037/1754/57 1038/1755/4
f 1037/1754/57 1047/1756/4 1039/1757/4
f 1039/1757/4 1048/1758/4 1040/1759/4
f 1048/1758/4 1041/1760/4 1040/1759/4
f 1049/1761/4 1042/1762/4 1041/1760/4
f 1042/1762/4 1051/1763/4 1043/1764/4
f 1043/1764/4 1052/1765/4 1044/1766/4
f 1052/1765/4 1038/1755/4 1044/1766/4
f 1046/1767/630 1021/1768/27 1045/1769/26
f 1045/1769/26 1023/1770/326 1047/1771/85
f 1047/1771/85 1024/1772/163 1048/1773/325
f 1024/1772/163 1049/1774/631 1048/1773/325
f 1049/1774/631 1026/1775/1 1050/1776/46
f 1026/1775/1 1051/1777/520 1050/1776/46
f 1027/1778/202 1052/1779/632 1051/1777/520
f 1052/1779/632 1020/1780/633 1046/1781/630
f 1053/1782/27 1055/1783/27 1054/1784/27
f 1060/1785/92 1058/1786/92 1057/1787/92
f 1064/1788/377 1062/1789/634 1061/1790/379
f 1056/1791/635 1060/1792/636 1055/1793/637
f 1053/1794/638 1057/1795/639 1058/1796/640
f 1054/1784/27 1066/1797/26 1065/1798/26
f 1060/1792/636 1066/1799/641 1055/1793/637
f 1057/1787/92 1067/1800/92 1060/1785/92
f 1057/1795/639 1065/1801/642 1068/1802/642
f 1066/1797/26 938/1803/643 939/895/27
f 1066/1799/644 940/897/224 937/1804/224
f 1068/1805/92 942/1806/645 940/899/46
f 1065/1801/646 941/902/25 1068/1802/646
f 1059/1807/1 1069/1808/1 1058/1786/92
f 1056/1791/635 1070/1809/647 1059/1810/648
f 1056/1811/26 1072/1812/26 1071/1813/26
f 1058/1796/640 1072/1814/649 1053/1794/638
f 1070/1815/1 1073/1816/650 1069/1808/1
f 1070/1809/647 1075/1817/651 1074/1818/651
f 1071/1813/26 1076/1819/652 1075/1820/653
f 1072/1814/649 1073/1821/654 1076/1822/655
f 1074/1823/656 1077/1824/400 1073/1825/650
f 1075/1817/651 1078/1826/4 1074/1818/651
f 1076/1827/652 1079/1828/402 1075/1829/653
f 1076/1822/655 1077/1830/40 1080/1831/40
f 1077/1824/400 1064/1788/377 1061/1790/379
f 1078/1826/4 1063/1832/3 1064/1833/4
f 1080/1834/657 1063/1835/658 1079/1828/402
f 1077/1830/40 1062/1836/16 1080/1831/40
f 1084/1837/659 1086/1838/2 1083/1839/224
f 1089/1840/660 1091/1841/661 1092/1842/661
f 1093/1843/487 1094/1844/487 1095/1845/487
f 1093/1846/662 1081/1847/662 1090/1848/662
f 1094/1844/663 1098/1849/663 1096/1850/663
f 1095/1851/664 1084/1852/665 1083/1853/665
f 1081/1854/92 1091/1855/1 1090/1856/92
f 1089/1840/25 1097/1857/25 1094/1844/25
f 1084/1858/27 1098/1859/26 1085/1860/26
f 1093/1846/4 1083/1853/4 1082/1861/4
f 1093/1843/666 1090/1862/666 1089/1840/666
f 1095/1845/667 1094/1844/667 1096/1850/667
f 1101/1863/2 1103/1864/659 1104/1865/224
f 1107/1866/660 1109/1867/661 1110/1868/661
f 1111/1869/487 1112/1870/487 1113/1871/487
f 1108/1872/662 1100/1873/662 1099/1874/662
f 1112/1870/668 1116/1875/663 1114/1876/668
f 1114/1877/665 1101/1878/665 1113/1879/665
f 1099/1880/1 1109/1881/1 1108/1882/1
f 1107/1866/25 1115/1883/25 1112/1870/25
f 1114/1884/26 1103/1885/27 1102/1886/26
f 1113/1879/4 1100/1873/4 1111/1887/4
f 1111/1869/669 1108/1888/669 1107/1866/669
f 1113/1871/670 1112/1870/670 1114/1876/670
f 1117/1889/2 1119/1890/2 1120/1891/2
f 1121/1892/671 1123/1893/671 1124/1894/671
f 1121/1895/672 1127/1896/672 1125/1897/672
f 1128/1898/673 1130/1899/674 1124/1900/673
f 1122/1901/25 1132/1902/25 1123/1893/25
f 1124/1903/16 1126/1904/16 1121/1905/16
f 1121/1892/675 1125/1906/675 1122/1901/675
f 1124/1894/676 1123/1893/676 1128/1907/676
f 1133/1908/677 1117/1909/677 1120/1910/677
f 1134/1911/678 1135/1912/678 1131/1913/678
f 1136/1914/679 1138/1915/680 1132/1902/680
f 1138/1916/5 1119/1917/5 1118/1918/5
f 1131/1913/354 1125/1906/354 1134/1911/354
f 1135/1912/681 1137/1919/487 1136/1914/487
f 1132/1902/682 1128/1907/682 1123/1893/682
f 1133/1920/4 1119/1921/4 1137/1922/4
f 1127/1896/26 1134/1923/26 1125/1897/26
f 1129/1924/1 1138/1916/1 1118/1918/1
f 1131/1913/25 1136/1914/25 1132/1902/25
f 1126/1925/2 1129/1926/2 1127/1927/2
f 1142/1928/224 1144/1929/224 1141/1930/224
f 1148/1931/661 1150/1932/661 1147/1933/661
f 1151/1934/487 1152/1935/487 1153/1936/487
f 1151/1937/662 1139/1938/662 1148/1939/662
f 1152/1935/668 1156/1940/668 1154/1941/668
f 1153/1942/665 1142/1943/683 1141/1944/683
f 1148/1945/1 1146/1946/1 1149/1947/1
f 1152/1935/25 1150/1932/25 1155/1948/25
f 1142/1943/27 1156/1949/27 1143/1950/27
f 1153/1951/4 1140/1952/4 1151/1937/4
f 1151/1934/684 1148/1931/684 1147/1933/684
f 1153/1936/685 1152/1935/685 1154/1941/685
f 1159/1953/2 1161/1954/224 1162/1955/224
f 1166/1956/661 1168/1957/660 1165/1958/661
f 1165/1958/487 1171/1959/487 1169/1960/487
f 1169/1961/662 1157/1962/662 1166/1963/662
f 1172/1964/663 1173/1965/663 1174/1966/663
f 1172/1967/683 1159/1968/665 1171/1969/664
f 1166/1970/1 1164/1971/1 1167/1972/92
f 1165/1958/25 1173/1965/163 1170/1973/25
f 1172/1974/26 1161/1975/26 1160/1976/26
f 1171/1969/4 1158/1977/4 1169/1961/4
f 1169/1960/666 1166/1956/666 1165/1958/666
f 1171/1959/667 1170/1973/667 1172/1964/667
f 1177/1978/2 1179/1979/224 1180/1980/224
f 1183/1981/661 1185/1982/660 1186/1983/660
f 1187/1984/686 1188/1985/687 1189/1986/687
f 1187/1987/662 1175/1988/662 1184/1989/662
f 1188/1985/663 1192/1990/663 1190/1991/663
f 1190/1992/665 1177/1993/665 1189/1994/665
f 1184/1995/1 1182/1996/1 1185/1997/1
f 1183/1981/25 1191/1998/25 1188/1985/25
f 1178/1999/26 1192/2000/26 1179/2001/26
f 1189/1994/4 1176/2002/4 1187/1987/4
f 1187/1984/666 1184/2003/666 1183/1981/666
f 1189/1986/667 1188/1985/667 1190/1991/667
f 1195/2004/224 1197/2005/688 1198/2006/2
f 1202/2007/689 1204/2008/661 1201/2009/689
f 1201/2009/487 1207/2010/687 1205/2011/487
f 1205/2012/662 1193/2013/662 1202/2014/662
f 1208/2015/663 1209/2016/663 1210/2017/663
f 1207/2018/665 1196/2019/665 1195/2020/665
f 1193/2021/1 1203/2022/1 1202/2023/92
f 1201/2009/25 1209/2016/25 1206/2024/25
f 1196/2025/26 1210/2026/27 1197/2027/27
f 1205/2012/4 1195/2020/4 1194/2028/4
f 1205/2011/690 1202/2007/690 1201/2009/690
f 1207/2010/667 1206/2024/667 1208/2015/667
f 1213/2029/224 1215/2030/691 1216/2031/224
f 1220/2032/661 1222/2033/660 1219/2034/661
f 1219/2034/687 1225/2035/687 1223/2036/687
f 1220/2037/662 1212/2038/662 1211/2039/662
f 1226/2040/663 1227/2041/668 1228/2042/668
f 1225/2043/665 1214/2044/664 1213/2045/664
f 1220/2046/1 1218/2047/1 1221/2048/92
f 1224/2049/25 1222/2033/25 1227/2041/25
f 1226/2050/27 1215/2051/27 1214/2052/27
f 1225/2043/4 1212/2038/4 1223/2053/4
f 1223/2036/666 1220/2032/666 1219/2034/666
f 1225/2035/667 1224/2049/667 1226/2040/667
f 1231/2054/224 1233/2055/688 1234/2056/2
f 1238/2057/661 1240/2058/660 1237/2059/661
f 1241/2060/687 1242/2061/687 1243/2062/687
f 1238/2063/662 1230/2064/662 1229/2065/662
f 1244/2066/663 1245/2067/668 1246/2068/668
f 1243/2069/665 1232/2070/665 1231/2071/665
f 1238/2072/92 1236/2073/92 1239/2074/92
f 1242/2061/25 1240/2058/25 1245/2067/25
f 1244/2075/26 1233/2076/26 1232/2077/26
f 1243/2069/4 1230/2064/4 1241/2078/4
f 1241/2060/666 1238/2057/666 1237/2059/666
f 1243/2062/667 1242/2061/667 1244/2066/667
f 1249/2079/2 1251/2080/2 1252/2081/2
f 1256/2082/660 1258/2083/661 1255/2084/660
f 1255/2084/687 1261/2085/687 1259/2086/687
f 1259/2087/662 1247/2088/662 1256/2089/662
f 1262/2090/663 1263/2091/663 1264/2092/663
f 1261/2093/665 1250/2094/665 1249/2095/665
f 1256/2089/92 1254/2096/92 1257/2097/92
f 1260/2098/25 1258/2083/25 1263/2091/25
f 1262/2099/27 1251/2100/27 1250/2101/26
f 1261/2093/4 1248/2102/4 1259/2103/4
f 1259/2086/684 1256/2082/684 1255/2084/684
f 1261/2085/667 1260/2098/667 1262/2090/667
f 1265/2104/671 1097/1857/671 1092/1842/671
f 1088/2105/692 1265/2106/693 1091/2107/693
f 1086/2108/694 1098/2109/695 1266/2110/695
f 1265/2106/16 1086/2108/16 1266/2110/16
f 1265/2104/696 1092/1842/696 1091/1841/696
f 1266/2111/697 1098/1849/697 1097/1857/697
f 1268/2112/671 1110/1868/671 1267/2113/671
f 1106/2114/692 1267/2115/692 1109/2116/692
f 1104/2117/695 1116/2118/695 1268/2119/695
f 1105/2120/16 1268/2119/16 1267/2115/16
f 1267/2113/698 1110/1868/698 1109/1867/698
f 1268/2112/699 1116/1875/699 1115/1883/699
f 1269/2121/2 1271/2122/2 1272/2123/2
f 1274/2124/687 1276/2125/687 1273/2126/687
f 1277/2127/677 1279/2128/700 1273/2129/677
f 1274/2130/5 1281/2131/5 1282/2132/5
f 1275/2133/25 1284/2134/25 1276/2125/25
f 1279/2135/4 1274/2136/4 1273/2137/4
f 1273/2126/701 1276/2125/701 1277/2138/701
f 1274/2124/702 1282/2139/702 1275/2133/702
f 1270/2140/672 1286/2141/672 1285/2142/672
f 1286/2143/703 1287/2144/703 1285/2145/703
f 1288/2146/704 1290/2147/704 1283/2148/704
f 1288/2149/674 1271/2150/674 1289/2151/673
f 1277/2138/705 1284/2134/706 1286/2143/706
f 1287/2144/671 1289/2152/671 1285/2145/671
f 1283/2148/707 1282/2139/682 1288/2146/707
f 1289/2153/16 1270/2154/16 1285/2155/16
f 1277/2127/26 1269/2156/27 1278/2157/26
f 1272/2158/92 1282/2132/92 1281/2131/92
f 1290/2147/25 1284/2134/25 1283/2148/25
f 1278/2159/2 1272/2123/2 1281/2160/2
f 1292/2161/671 1150/1932/671 1291/2162/671
f 1149/2163/708 1145/2164/708 1291/2165/708
f 1144/2166/695 1156/1949/694 1292/2167/694
f 1291/2165/16 1144/2168/16 1292/2169/16
f 1291/2162/696 1150/1932/696 1149/2170/696
f 1292/2161/697 1156/1940/697 1155/1948/697
f 1293/2171/671 1173/1965/671 1168/1957/671
f 1164/2172/692 1293/2173/692 1167/2174/692
f 1294/2175/695 1161/2176/695 1174/2177/695
f 1293/2173/16 1162/2178/16 1294/2175/16
f 1293/2171/709 1168/1957/709 1167/2179/709
f 1294/2180/699 1174/1966/699 1173/1965/699
f 1296/2181/671 1186/1983/671 1295/2182/671
f 1182/2183/692 1295/2184/693 1185/2185/693
f 1296/2186/695 1179/2187/695 1192/2188/695
f 1181/2189/16 1296/2186/16 1295/2184/16
f 1295/2182/696 1186/1983/696 1185/1982/696
f 1296/2181/699 1192/1990/699 1191/1998/699
f 1298/2190/671 1204/2008/671 1297/2191/671
f 1200/2192/692 1297/2193/693 1203/2194/708
f 1198/2195/695 1210/2196/695 1298/2197/695
f 1297/2193/16 1198/2195/16 1298/2197/16
f 1297/2191/696 1204/2008/696 1203/2198/696
f 1298/2190/699 1210/2017/699 1209/2016/699
f 1300/2199/671 1222/2033/671 1299/2200/671
f 1221/2201/692 1217/2202/692 1299/2203/692
f 1216/2204/695 1228/2205/695 1300/2206/695
f 1299/2203/16 1216/2204/16 1300/2206/16
f 1299/2200/710 1222/2033/710 1221/2207/710
f 1300/2199/699 1228/2042/699 1227/2041/699
f 1302/2208/671 1240/2058/671 1301/2209/671
f 1239/2210/692 1235/2211/692 1301/2212/692
f 1234/2213/695 1246/2214/695 1302/2215/695
f 1235/2211/16 1302/2215/16 1301/2212/16
f 1301/2209/696 1240/2058/696 1239/2216/696
f 1302/2208/711 1246/2068/711 1245/2067/711
f 1304/2217/671 1258/2083/671 1303/2218/671
f 1257/2097/692 1253/2219/693 1303/2220/692
f 1304/2221/695 1251/2222/695 1264/2223/695
f 1253/2224/16 1304/2221/16 1303/2225/16
f 1303/2218/696 1258/2083/696 1257/2226/696
f 1304/2217/712 1264/2092/712 1263/2091/712
f 1248/2227/224 1252/2081/2 1253/2228/224
f 1248/2227/224 1254/2229/224 1247/2230/224
f 1230/2231/224 1236/2232/688 1229/2233/659
f 1231/2054/224 1235/2234/2 1230/2231/224
f 1212/2235/2 1218/2236/713 1211/2237/714
f 1213/2029/224 1217/2238/224 1212/2235/2
f 1158/2239/2 1164/2240/224 1157/2241/688
f 1159/1953/2 1163/2242/224 1158/2239/2
f 1195/2004/224 1199/2243/224 1194/2244/2
f 1193/2245/714 1199/2243/224 1200/2246/659
f 1175/2247/224 1181/2248/224 1182/2249/224
f 1177/1978/2 1181/2248/224 1176/2250/224
f 1081/2251/224 1087/2252/224 1088/2253/224
f 1082/2254/2 1086/1838/2 1087/2252/224
f 1100/2255/2 1106/2256/2 1099/2257/688
f 1100/2255/2 1104/1865/224 1105/2258/2
f 1140/2259/224 1146/2260/2 1139/2261/224
f 1140/2259/224 1144/1929/224 1145/2262/2
f 1278/2159/2 1280/2263/88 1279/2264/2
f 1117/1889/2 1129/1926/2 1118/2265/2
f 528/1/1 527/47/1 1/2/1
f 583/4/2 528/937/2 2/5/2
f 52/7/3 3/2266/4 4/8/4
f 3/10/1 5/2267/1 6/11/1
f 8/13/5 9/17/5 10/14/5
f 8/13/6 11/33/715 12/16/7
f 13/18/673 14/22/673 15/19/673
f 17/21/10 18/36/716 15/19/11
f 19/23/13 20/38/717 17/24/14
f 9/26/1 14/2268/1 13/27/1
f 42/29/16 48/74/40 16/20/40
f 9/30/17 12/25/18 17/24/18
f 47/32/4 45/40/4 11/33/4
f 18/36/16 43/39/16 42/29/16
f 7/15/4 41/2269/4 47/32/4
f 19/23/2 44/80/2 46/37/2
f 20/35/21 46/81/44 43/39/22
f 45/40/23 44/2270/23 19/34/24
f 5/41/2 3/2271/2 52/42/2
f 51/44/40 50/85/40 6/45/40
f 527/47/25 584/87/25 54/48/25
f 54/48/4 53/88/4 2/49/3
f 22/50/26 21/86/26 549/51/26
f 53/6/2 22/2272/2 550/53/2
f 49/9/3 24/2273/4 23/54/4
f 23/55/26 24/2274/26 26/56/26
f 30/58/677 29/2275/677 28/59/677
f 28/59/29 29/2275/718 32/61/30
f 33/63/32 36/73/32 35/64/32
f 35/64/33 38/79/719 37/66/34
f 39/67/36 32/76/720 37/68/37
f 29/70/26 30/2276/26 33/71/26
f 42/29/16 35/64/16 36/73/16
f 29/75/41 34/2277/41 37/68/41
f 47/32/4 28/59/4 31/62/4
f 42/29/16 43/39/16 38/79/16
f 47/32/4 41/2269/4 27/60/4
f 39/67/2 40/69/2 46/37/2
f 40/78/21 38/79/21 43/39/22
f 39/77/24 44/2270/23 45/40/23
f 51/43/2 52/42/2 23/82/2
f 25/84/16 26/2278/16 50/85/40
f 21/86/25 54/48/25 584/87/25
f 21/86/4 22/2279/4 53/88/4
f 55/89/45 56/93/46 57/90/46
f 59/92/48 60/95/49 57/90/46
f 59/92/48 61/96/25 62/94/25
f 61/96/25 63/99/52 64/97/50
f 65/98/51 66/2280/51 64/97/50
f 67/100/53 68/104/55 66/101/51
f 69/103/54 70/105/54 68/104/55
f 55/89/45 58/91/47 70/105/54
f 57/115/58 80/119/58 81/116/59
f 57/115/58 60/120/62 82/118/61
f 60/120/62 62/123/63 83/121/63
f 64/122/64 84/125/66 83/121/63
f 66/124/65 85/127/65 84/125/66
f 66/124/65 68/128/68 86/126/67
f 68/128/68 70/130/70 87/129/69
f 58/117/60 81/116/59 87/129/69
f 81/131/71 80/134/71 88/132/71
f 80/134/72 82/136/72 90/135/72
f 82/136/74 83/139/721 91/137/74
f 84/138/76 92/141/362 91/137/77
f 84/138/78 85/2281/79 93/140/79
f 85/142/80 86/145/80 94/143/80
f 86/145/81 87/147/317 95/146/81
f 81/131/82 89/133/82 95/146/82
f 88/148/4 96/152/4 97/149/3
f 88/148/4 90/153/3 98/151/4
f 90/153/3 91/156/83 99/154/3
f 92/155/3 100/158/4 99/154/3
f 93/157/4 101/160/4 100/158/4
f 93/157/4 94/161/84 102/159/57
f 94/161/84 95/163/4 103/162/4
f 89/150/4 97/149/3 103/162/4
f 97/164/85 96/168/27 72/165/26
f 98/167/87 74/170/89 72/165/26
f 98/167/87 99/172/91 75/169/88
f 100/171/90 76/174/93 75/169/88
f 101/173/92 77/2282/92 76/174/93
f 101/175/92 102/179/96 78/176/94
f 103/178/95 79/180/95 78/176/94
f 103/178/95 97/164/85 71/166/86
f 104/181/2 105/685/2 106/182/2
f 111/186/97 112/194/104 113/187/98
f 115/189/100 111/2283/97 116/190/101
f 115/192/100 118/222/128 119/193/103
f 117/195/102 120/200/108 121/196/105
f 116/198/101 123/218/151 124/199/107
f 125/201/109 126/209/116 127/202/110
f 129/204/112 125/246/109 130/205/113
f 129/207/112 132/2284/152 133/208/115
f 131/210/114 134/215/120 135/211/117
f 130/213/113 137/227/133 138/214/119
f 139/216/121 140/2285/722 114/188/122
f 141/217/123 142/257/154 124/199/107
f 142/219/125 141/280/723 143/220/126
f 118/222/128 145/226/132 146/223/129
f 122/197/106 121/196/105 147/224/130
f 145/226/132 128/203/111 127/202/110
f 148/225/131 147/224/130 138/214/119
f 135/211/117 149/256/153 150/228/134
f 133/208/115 132/2284/155 151/229/136
f 150/231/138 149/2286/671 153/232/139
f 154/233/141 153/232/141 155/234/142
f 158/236/144 159/2287/300 160/237/145
f 161/239/147 162/285/165 163/240/148
f 143/220/150 164/241/149 163/240/148
f 116/242/101 111/2288/97 114/243/99
f 128/245/111 137/253/133 130/205/113
f 129/247/112 131/2289/114 136/248/118
f 134/215/120 138/214/119 121/196/105
f 115/189/100 117/191/102 122/250/106
f 145/252/132 148/254/131 137/253/133
f 118/251/128 122/250/106 148/254/131
f 114/243/122 140/2290/722 141/255/123
f 149/256/153 135/211/117 124/199/107
f 136/248/135 150/2291/134 151/258/136
f 152/230/137 139/216/121 113/187/98
f 155/259/156 153/2292/26 106/260/26
f 158/262/158 109/282/164 108/263/4
f 163/265/159 104/2293/161 107/266/92
f 162/268/160 110/286/166 104/269/161
f 149/271/16 142/275/40 107/274/16
f 133/208/115 113/187/98 112/194/104
f 140/279/25 164/241/163 143/220/163
f 151/281/162 150/231/25 154/233/163
f 155/234/142 158/236/144 157/238/146
f 109/282/164 158/262/158 155/283/156
f 160/237/145 159/2287/300 162/285/165
f 162/268/160 159/264/4 108/263/4
f 120/200/108 124/199/107 135/211/117
f 126/209/116 112/194/104 119/193/103
f 165/287/167 166/2294/168 167/288/168
f 166/290/168 169/294/170 170/291/45
f 171/293/54 172/296/54 170/291/45
f 173/295/171 174/298/53 172/296/54
f 175/297/172 176/300/172 174/298/53
f 177/299/173 178/302/173 176/300/172
f 179/301/163 180/303/25 178/302/173
f 179/301/163 165/287/167 168/289/169
f 167/313/176 190/317/180 191/314/177
f 167/313/176 170/318/181 192/316/179
f 170/318/181 172/321/184 193/319/182
f 174/320/183 194/323/186 193/319/182
f 176/322/185 195/325/185 194/323/186
f 176/322/185 178/326/188 196/324/187
f 178/326/188 180/328/190 197/327/189
f 168/315/178 191/314/177 197/327/189
f 191/329/73 190/2295/73 198/330/73
f 192/332/191 200/336/191 198/333/191
f 193/335/192 201/338/82 200/336/193
f 194/337/194 202/340/194 201/338/194
f 194/337/195 195/341/195 203/339/195
f 195/341/79 196/344/79 204/342/79
f 197/343/77 205/345/437 204/342/77
f 191/329/196 199/331/196 205/345/196
f 198/346/174 206/350/175 207/347/16
f 198/346/174 200/351/16 208/349/16
f 200/351/16 201/354/16 209/352/16
f 202/353/16 210/356/16 209/352/16
f 203/355/16 211/358/16 210/356/16
f 203/355/16 204/359/16 212/357/16
f 204/359/16 205/361/16 213/360/16
f 199/348/16 207/347/16 213/360/16
f 207/362/198 206/2296/26 182/363/27
f 206/365/26 208/369/52 184/366/200
f 209/368/201 185/371/201 184/366/200
f 209/368/201 210/373/49 186/370/94
f 211/372/1 187/375/1 186/370/94
f 211/372/1 212/376/202 188/374/202
f 212/376/202 213/378/203 189/377/203
f 207/362/198 181/364/199 189/377/203
f 214/379/204 747/393/217 746/380/205
f 216/382/207 215/381/206 746/380/205
f 216/384/207 748/1297/208 749/385/209
f 217/386/210 749/385/209 750/387/211
f 750/387/211 751/1300/527 219/389/213
f 219/389/213 751/1300/527 752/390/214
f 752/390/214 753/1304/531 221/392/216
f 221/392/216 753/1304/531 747/393/217
f 225/394/218 224/397/172 223/395/39
f 224/397/172 227/399/220 226/398/220
f 227/399/220 229/2297/724 228/400/25
f 228/400/25 229/2297/724 231/401/221
f 230/402/221 231/401/221 233/403/168
f 233/405/168 235/408/223 234/406/222
f 235/408/223 237/410/224 236/409/2
f 237/410/224 225/394/218 222/396/219
f 248/420/226 247/2298/725 224/421/65
f 224/421/65 247/2298/725 249/423/66
f 227/424/64 249/423/66 250/425/228
f 250/425/228 251/428/230 231/427/62
f 251/428/230 252/2299/512 233/429/58
f 233/429/58 252/2299/512 253/430/59
f 235/431/231 253/430/59 254/432/69
f 254/432/69 248/420/226 225/422/227
f 248/434/195 256/2300/195 255/435/195
f 255/435/79 257/438/78 249/437/79
f 257/438/76 258/440/76 250/439/76
f 258/440/196 259/2301/196 251/441/196
f 251/441/72 259/2301/536 260/442/72
f 252/444/191 260/2302/191 261/445/191
f 261/445/192 262/448/192 254/447/233
f 262/448/81 256/2300/318 248/434/81
f 264/449/3 263/2303/57 255/450/57
f 255/450/57 263/2303/57 265/452/4
f 257/453/4 265/452/4 266/454/4
f 266/454/4 267/457/4 259/456/4
f 267/457/4 268/2304/4 260/458/225
f 260/458/225 268/2304/4 269/459/225
f 261/460/234 269/459/225 270/461/4
f 270/461/4 264/449/3 256/451/3
f 238/463/235 239/2305/92 263/464/92
f 263/464/92 239/2305/92 241/466/93
f 265/467/90 241/466/93 242/468/54
f 242/468/54 243/471/239 267/470/238
f 243/471/239 244/2306/39 268/472/172
f 244/473/39 245/2307/726 269/474/200
f 269/474/200 245/2307/726 246/476/201
f 246/476/201 238/463/235 264/465/236
f 271/478/2 274/2308/2 273/479/2
f 278/482/241 281/509/289 280/483/242
f 282/485/244 284/547/247 283/486/245
f 286/488/246 285/517/270 282/489/244
f 284/490/247 289/518/271 288/491/248
f 291/493/250 290/2309/727 283/494/245
f 292/495/251 295/2310/290 294/496/252
f 296/498/254 298/2311/257 297/499/255
f 300/501/256 299/525/728 296/502/254
f 298/503/257 303/523/292 302/504/258
f 305/506/260 304/2312/291 297/507/255
f 306/508/261 280/483/242 281/509/262
f 308/511/264 290/2309/729 291/493/250
f 309/513/266 311/537/127 310/514/267
f 313/516/269 312/520/273 285/517/270
f 289/518/271 315/521/274 314/519/272
f 294/496/252 295/2310/290 312/520/273
f 315/521/274 304/2312/291 305/506/260
f 317/522/275 316/553/293 302/504/258
f 300/501/256 319/556/294 318/524/277
f 317/526/279 321/529/730 320/527/280
f 321/529/282 323/580/299 322/530/283
f 327/531/145 326/582/300 325/532/284
f 328/534/286 331/579/731 330/535/142
f 330/535/142 331/579/731 310/514/288
f 283/538/245 290/2313/727 281/539/289
f 295/541/290 292/500/251 297/499/255
f 296/543/254 299/555/728 303/544/292
f 288/491/248 305/506/260 301/505/259
f 282/485/244 285/550/270 289/546/271
f 312/548/273 295/541/290 304/542/291
f 285/550/270 312/548/273 315/549/274
f 281/539/262 290/2313/729 308/551/264
f 316/553/293 309/512/265 291/493/250
f 318/554/277 317/2314/275 303/544/276
f 280/483/242 306/508/261 319/556/294
f 322/557/295 272/2315/732 273/558/1
f 326/560/4 275/583/4 276/561/160
f 311/563/26 274/2316/26 271/564/296
f 330/566/297 271/2317/296 277/567/164
f 274/572/16 309/574/16 316/569/16
f 279/484/243 280/483/242 300/501/256
f 310/514/163 331/579/163 307/577/163
f 318/578/25 323/580/25 321/529/163
f 324/533/285 325/532/284 322/530/283
f 276/561/160 272/2318/732 322/581/295
f 327/531/145 328/534/286 329/536/287
f 275/583/4 326/560/4 329/568/298
f 287/492/249 301/505/259 302/504/258
f 293/497/253 294/496/252 286/488/246
f 335/584/301 334/2319/51 333/585/51
f 333/585/51 334/2319/51 337/587/303
f 337/587/303 339/590/54 338/589/91
f 339/590/54 341/592/222 340/591/222
f 341/592/222 343/2320/305 342/593/305
f 343/594/305 345/2321/96 344/595/306
f 344/595/306 345/2321/96 347/597/25
f 346/598/25 347/597/25 335/584/301
f 358/608/308 357/2322/623 334/609/309
f 334/609/309 357/2322/623 359/611/311
f 337/612/183 359/611/311 360/613/312
f 360/613/312 361/616/179 341/615/181
f 361/616/179 362/2323/176 343/617/313
f 343/617/313 362/2323/176 363/618/314
f 345/619/315 363/618/314 364/620/316
f 364/620/316 358/608/308 335/610/310
f 358/622/79 366/637/79 365/623/78
f 357/624/195 365/623/195 367/625/195
f 359/626/194 367/625/194 368/627/317
f 368/627/192 369/2324/733 361/629/192
f 361/629/191 369/2324/191 370/630/191
f 370/632/73 371/635/72 363/633/72
f 371/635/196 372/2325/721 364/636/196
f 364/636/77 372/2325/77 366/637/77
f 374/638/16 373/2326/40 365/639/40
f 365/639/40 373/2326/40 375/641/16
f 367/642/40 375/641/16 376/643/40
f 376/643/40 377/646/321 369/645/307
f 377/646/321 378/2327/16 370/647/307
f 370/647/307 378/2327/16 379/648/16
f 371/649/16 379/648/16 380/650/16
f 380/650/16 374/638/16 366/640/16
f 374/652/322 348/2328/352 349/653/1
f 373/654/1 349/653/1 351/655/323
f 351/655/323 352/658/325 376/657/325
f 352/658/325 353/660/326 377/659/85
f 353/660/326 354/2329/27 378/661/27
f 378/662/27 354/2330/27 355/663/327
f 379/664/328 355/663/327 356/665/88
f 356/665/88 348/2328/352 374/652/322
f 382/667/329 921/671/333 922/668/330
f 383/670/332 923/1596/335 921/671/333
f 384/672/334 924/1598/611 923/673/335
f 925/675/336 924/1598/611 384/672/334
f 386/677/338 926/679/340 925/675/336
f 387/678/339 927/681/342 926/679/340
f 388/680/341 928/1603/616 927/681/342
f 922/668/330 928/1603/616 388/680/341
f 389/686/343 390/696/350 391/687/344
f 391/687/344 393/2331/224 394/689/2
f 394/690/2 393/2332/224 395/691/346
f 396/692/347 395/691/346 397/693/348
f 397/693/348 399/2333/25 400/695/25
f 400/695/25 399/2333/25 390/696/350
f 402/697/168 403/2334/168 404/698/351
f 405/700/353 406/704/353 403/701/168
f 407/703/25 408/706/25 406/704/353
f 409/705/50 410/708/354 408/706/25
f 409/705/50 411/709/355 412/707/51
f 411/709/355 413/711/53 414/710/53
f 413/711/53 415/713/2 416/712/224
f 415/713/2 401/699/352 404/698/351
f 403/723/356 426/727/358 427/724/357
f 403/723/356 406/728/62 428/726/230
f 406/728/62 408/731/359 429/729/229
f 410/730/64 430/733/66 429/729/229
f 412/732/360 431/735/360 430/733/66
f 412/732/360 414/736/68 432/734/227
f 414/736/68 416/738/70 433/737/69
f 404/725/60 427/724/357 433/737/69
f 427/739/71 426/2335/734 434/740/71
f 428/742/361 436/746/361 434/743/361
f 429/745/196 437/748/232 436/746/196
f 430/747/77 438/750/77 437/748/76
f 430/747/79 431/751/78 439/749/78
f 431/751/195 432/753/534 440/752/195
f 432/753/81 433/755/81 441/754/81
f 427/739/82 435/741/82 441/754/192
f 434/756/363 442/760/363 443/757/4
f 434/756/363 436/761/4 444/759/4
f 436/761/4 437/764/4 445/762/4
f 438/763/4 446/766/4 445/762/4
f 439/765/3 447/768/363 446/766/4
f 439/765/3 440/769/4 448/767/4
f 440/769/4 441/771/4 449/770/4
f 435/758/4 443/757/4 449/770/4
f 442/772/26 418/715/26 417/714/364
f 442/772/26 444/775/366 420/717/198
f 445/774/91 421/718/91 420/717/198
f 446/776/90 422/719/93 421/718/91
f 447/777/1 423/720/92 422/719/93
f 447/777/1 448/779/367 424/721/236
f 448/779/367 449/780/95 425/722/162
f 443/773/365 417/714/364 425/722/162
f 450/781/48 451/785/305 452/782/305
f 454/784/351 455/787/47 452/782/305
f 454/784/351 456/2336/224 457/786/2
f 458/788/171 459/792/171 457/789/2
f 460/791/172 461/794/172 459/792/171
f 462/793/368 463/796/368 461/794/172
f 464/795/163 465/797/25 463/796/368
f 450/781/48 453/783/96 465/797/25
f 452/807/369 475/811/176 476/808/177
f 452/807/369 455/812/181 477/810/179
f 455/812/181 457/815/182 478/813/312
f 459/814/183 479/817/186 478/813/312
f 461/816/370 480/819/370 479/817/186
f 461/816/370 463/820/310 481/818/371
f 463/820/310 465/822/190 482/821/190
f 453/809/178 476/808/177 482/821/190
f 475/823/73 483/827/73 484/824/73
f 475/823/71 477/828/71 485/826/71
f 477/828/82 478/2337/82 486/829/82
f 478/830/81 479/834/438 487/831/81
f 480/833/195 488/836/195 487/831/195
f 481/835/79 489/838/79 488/836/79
f 481/835/77 482/839/77 490/837/77
f 476/825/196 484/824/735 490/837/196
f 483/840/16 491/844/16 492/841/16
f 483/840/16 485/845/175 493/843/175
f 485/845/175 486/848/374 494/846/40
f 487/847/40 495/850/16 494/846/40
f 488/849/40 496/852/40 495/850/16
f 488/849/40 489/853/16 497/851/16
f 489/853/16 490/855/16 498/854/16
f 484/842/16 492/841/16 498/854/16
f 492/856/198 491/860/26 467/857/27
f 493/859/364 469/862/364 467/857/27
f 494/861/162 470/864/95 469/862/364
f 495/863/94 471/866/96 470/864/95
f 495/863/94 496/868/92 472/865/375
f 497/867/93 473/870/90 472/865/375
f 498/869/54 474/872/376 473/870/90
f 492/871/198 466/2338/199 474/872/376
f 499/873/51 500/888/26 501/874/26
f 504/876/1 505/905/1 506/877/92
f 507/879/377 508/930/404 509/880/378
f 501/882/380 506/891/387 505/883/381
f 503/885/383 500/894/383 499/886/384
f 500/888/26 511/2339/27 512/889/26
f 512/890/386 513/898/736 506/891/387
f 513/892/92 514/901/92 503/878/92
f 503/885/383 514/903/388 511/893/388
f 512/889/26 511/2339/27 939/895/27
f 939/895/27 938/1803/643 937/896/355
f 512/890/389 937/1804/224 940/897/224
f 514/901/92 513/892/92 940/899/46
f 940/899/46 942/1806/645 941/900/92
f 941/902/25 939/2340/163 511/893/391
f 515/904/1 516/910/1 505/905/1
f 505/883/381 516/912/396 517/906/392
f 502/875/27 517/913/27 518/907/27
f 518/908/393 515/916/399 504/887/385
f 519/909/394 520/2341/401 516/910/1
f 520/911/395 521/921/395 517/906/392
f 517/913/27 521/2342/403 522/914/397
f 518/908/393 522/925/398 519/915/398
f 523/917/400 524/927/400 520/918/401
f 520/911/395 524/929/16 525/920/16
f 525/922/402 526/931/402 522/923/397
f 522/925/398 526/933/4 523/926/4
f 507/879/377 510/881/379 524/927/400
f 510/928/16 509/2343/16 525/920/16
f 525/922/402 509/880/378 508/930/404
f 508/932/4 507/2344/4 523/926/4
f 529/934/1 527/47/1 528/1/1
f 585/936/2 530/2345/2 528/937/2
f 579/938/40 532/2346/16 531/939/16
f 532/941/1 534/2347/1 533/942/1
f 538/944/673 537/2348/673 536/945/673
f 536/945/405 537/2348/737 540/947/406
f 541/949/5 544/960/5 543/950/5
f 543/950/408 546/968/738 545/952/409
f 547/953/411 540/963/739 545/954/412
f 538/956/1 541/2349/1 542/957/1
f 572/959/4 543/950/4 544/960/4
f 537/962/414 542/2350/17 545/954/414
f 577/964/16 536/945/16 539/948/16
f 572/959/4 573/971/4 546/968/4
f 577/964/16 571/2351/16 535/946/16
f 547/953/2 548/955/2 576/969/2
f 548/967/417 546/968/417 573/971/418
f 547/966/419 574/2352/420 575/965/420
f 533/973/2 581/1012/2 582/974/2
f 534/976/4 580/2353/3 581/977/3
f 527/47/25 529/934/25 586/979/25
f 529/934/16 530/2354/16 585/980/16
f 552/981/27 550/52/26 549/51/26
f 583/4/2 550/53/2 552/983/2
f 553/984/16 554/2355/16 579/938/40
f 553/985/27 555/2356/26 556/986/26
f 558/988/32 559/992/32 560/989/421
f 558/988/422 561/1006/740 562/991/423
f 563/993/677 564/997/677 565/994/677
f 567/996/425 568/1009/741 565/994/426
f 569/998/428 570/1010/742 567/999/429
f 559/1001/26 564/2357/26 563/1002/39
f 572/959/4 578/961/4 566/995/4
f 559/1004/431 562/1000/431 567/999/431
f 577/964/16 575/965/16 561/1006/16
f 568/1009/4 573/971/4 572/959/4
f 557/990/16 571/2351/16 577/964/16
f 574/970/2 576/969/2 570/1010/2
f 570/1008/24 576/972/418 573/971/418
f 575/965/420 574/2352/420 569/1007/21
f 553/1011/2 582/974/2 581/1012/2
f 581/977/3 580/2353/3 556/1014/3
f 549/51/25 584/87/25 586/979/25
f 586/979/16 585/980/16 552/1016/40
f 590/1017/45 589/2358/375 588/1018/46
f 588/1018/46 589/2358/375 592/1020/353
f 591/1021/221 592/1020/353 594/1022/25
f 594/1022/25 596/1025/434 595/1024/434
f 596/1025/434 598/2359/172 597/1026/39
f 598/1027/172 600/2360/743 599/1028/303
f 599/1028/303 600/2360/743 602/1030/2
f 601/1031/224 602/1030/2 590/1017/45
f 613/1041/179 612/2361/369 589/1042/369
f 589/1042/369 612/2361/369 614/1044/435
f 592/1045/178 614/1044/435 615/1046/190
f 615/1046/190 616/1049/436 596/1048/310
f 616/1049/436 617/2362/185 598/1050/185
f 598/1050/185 617/2362/185 618/1051/186
f 600/1052/183 618/1051/186 619/1053/182
f 619/1053/182 613/1041/179 590/1043/181
f 613/1055/191 621/1070/191 620/1056/71
f 612/1057/72 620/1056/72 622/1058/72
f 614/1059/74 622/1058/74 623/1060/74
f 623/1060/77 624/1063/76 616/1062/76
f 624/1063/79 625/2363/79 617/1064/79
f 625/1065/195 626/1068/195 618/1066/195
f 626/1068/81 627/2364/318 619/1069/81
f 619/1069/82 627/2364/82 621/1070/192
f 629/1071/16 628/2365/16 620/1072/16
f 620/1072/16 628/2365/16 630/1074/16
f 622/1075/40 630/1074/16 631/1076/439
f 631/1076/439 632/1079/175 624/1078/175
f 632/1079/175 633/2366/16 625/1080/16
f 625/1080/16 633/2366/16 634/1081/16
f 626/1082/16 634/1081/16 635/1083/16
f 635/1083/16 629/1071/16 621/1073/16
f 603/1085/440 604/2367/27 628/1086/26
f 628/1086/26 604/2367/27 606/1088/441
f 606/1088/441 607/1091/203 631/1090/203
f 607/1091/203 608/2368/744 632/1092/442
f 632/1092/442 608/2368/744 609/1093/443
f 633/1095/444 609/2369/443 610/1096/445
f 634/1097/446 610/1096/445 611/1098/447
f 611/1098/447 603/1085/440 629/1087/86
f 639/1100/2 638/2370/2 637/1101/2
f 643/1105/449 646/1132/496 645/1106/450
f 647/1108/452 649/1170/455 648/1109/453
f 651/1111/454 650/1140/478 647/1112/452
f 649/1113/455 654/1141/479 653/1114/456
f 656/1116/458 655/2371/745 648/1117/453
f 657/1118/459 660/2372/497 659/1119/460
f 661/1121/462 663/2373/465 662/1122/463
f 665/1124/464 664/1148/746 661/1125/462
f 663/1126/465 668/1146/499 667/1127/466
f 670/1129/468 669/2374/498 662/1130/463
f 671/1131/469 645/1106/450 646/1132/470
f 673/1134/472 655/2371/747 656/1116/458
f 674/1136/474 676/1160/748 675/1137/475
f 678/1139/477 677/1143/480 650/1140/478
f 654/1141/479 680/1144/132 679/1142/129
f 659/1119/460 660/2372/497 677/1143/480
f 680/1144/132 669/2374/498 670/1129/468
f 682/1145/481 681/1176/500 667/1127/466
f 665/1124/464 684/1179/501 683/1147/483
f 682/1149/485 686/1152/749 685/1150/486
f 686/1152/488 688/1203/509 687/1153/489
f 692/1154/490 691/1206/511 690/1155/491
f 693/1157/493 696/1202/750 695/1158/494
f 695/1158/494 696/1202/750 675/1137/282
f 648/1161/453 655/2375/745 646/1162/496
f 660/1164/497 657/1123/459 662/1122/463
f 661/1166/462 664/1178/746 668/1167/499
f 653/1114/456 670/1129/468 666/1128/467
f 647/1108/452 650/1173/478 654/1169/479
f 660/1164/497 669/1165/498 680/1171/132
f 677/1172/480 680/1171/132 654/1169/479
f 646/1162/470 655/2375/747 673/1174/472
f 681/1176/500 674/1135/473 656/1116/458
f 683/1177/483 682/2376/481 668/1167/482
f 645/1106/450 671/1131/469 684/1179/501
f 637/1180/502 638/2377/26 685/1181/27
f 640/1183/16 641/1205/510 690/1184/504
f 676/1186/92 639/2378/92 636/1187/505
f 695/1189/506 636/2379/505 642/1190/507
f 639/1195/4 674/1197/4 681/1192/4
f 644/1107/451 645/1106/450 665/1124/464
f 675/1137/163 696/1202/163 672/1200/163
f 683/1201/25 688/1203/25 686/1152/25
f 689/1156/492 690/1155/491 687/1153/489
f 637/1204/502 687/2380/503 690/1184/504
f 692/1154/490 693/1157/493 694/1159/495
f 642/1190/507 640/1183/16 691/1185/16
f 652/1115/457 666/1128/467 667/1127/466
f 658/1120/461 659/1119/460 651/1111/454
f 697/1207/353 700/1223/221 699/1208/168
f 699/1210/168 702/1213/223 701/1211/222
f 702/1213/223 704/1215/2 703/1214/2
f 704/1215/2 706/2381/304 705/1216/303
f 705/1216/303 706/2381/304 708/1217/355
f 707/1218/355 708/1217/355 710/1219/368
f 709/1220/368 710/1219/368 712/1221/25
f 711/1222/25 712/1221/25 700/1223/221
f 723/1233/230 722/2382/512 699/1234/512
f 699/1234/512 722/2382/512 724/1236/357
f 702/1237/59 724/1236/357 725/1238/513
f 725/1238/513 726/1241/67 706/1240/68
f 726/1241/67 727/2383/360 708/1242/360
f 708/1242/360 727/2383/360 728/1243/66
f 710/1244/64 728/1243/66 729/1245/228
f 729/1245/228 723/1233/230 700/1235/62
f 731/1247/72 730/2384/72 722/1248/72
f 730/1250/71 732/2385/71 724/1251/71
f 724/1251/82 732/2385/82 733/1253/192
f 733/1253/81 734/1256/81 726/1255/81
f 734/1256/195 735/1258/195 727/1257/195
f 735/1258/78 736/1260/78 728/1259/78
f 736/1260/514 737/2386/751 729/1261/515
f 729/1261/196 737/2386/196 731/1247/196
f 739/1262/4 738/2387/4 730/1263/4
f 730/1263/4 738/2387/4 740/1265/3
f 732/1266/4 740/1265/3 741/1267/4
f 741/1267/4 742/1270/3 734/1269/4
f 742/1270/3 743/2388/57 735/1271/57
f 735/1271/57 743/2388/57 744/1272/4
f 736/1273/4 744/1272/4 745/1274/4
f 745/1274/4 739/1262/4 731/1264/4
f 739/1276/516 713/1292/522 714/1277/26
f 738/1279/26 714/2389/26 716/1280/517
f 740/1281/85 716/1280/517 717/1282/240
f 741/1283/201 717/1282/240 718/1284/518
f 742/1285/519 718/1284/518 719/1286/443
f 743/1287/443 719/1286/443 720/1288/520
f 744/1289/521 720/1288/520 721/1290/237
f 745/1291/54 721/1290/237 713/1292/522
f 754/1293/523 755/1295/524 746/380/205
f 756/1294/207 748/383/208 746/380/205
f 756/1296/207 757/1298/525 749/385/209
f 750/387/211 749/385/209 757/1298/525
f 758/1299/526 759/1302/529 751/1300/527
f 760/1301/528 752/390/214 751/1300/527
f 761/1303/530 753/1304/531 752/390/214
f 754/1293/523 747/393/217 753/1304/531
f 762/1305/532 763/1309/172 764/1306/172
f 766/1308/368 767/1311/368 764/1306/172
f 768/1310/163 769/1313/25 767/1311/368
f 770/1312/306 771/1315/96 769/1313/25
f 770/1312/306 772/2390/305 773/1314/1
f 774/1316/351 775/1320/47 773/1317/1
f 774/1316/351 776/1321/224 777/1319/2
f 776/1321/224 762/1305/532 765/1307/171
f 764/1331/309 787/1335/533 788/1332/186
f 764/1331/309 767/1336/310 789/1334/436
f 767/1336/310 769/1339/190 790/1337/190
f 771/1338/178 791/1341/314 790/1337/190
f 773/1340/176 792/1343/369 791/1341/314
f 773/1340/176 775/1344/181 793/1342/179
f 775/1344/181 777/1346/182 794/1345/182
f 765/1333/183 788/1332/186 794/1345/182
f 787/1347/534 795/1351/534 796/1348/535
f 789/1350/79 797/1353/79 795/1351/79
f 789/1350/437 790/1355/76 798/1352/76
f 791/1354/196 799/1357/196 798/1352/196
f 792/1356/72 800/2391/72 799/1357/72
f 792/1358/191 793/1361/71 801/1359/191
f 793/1361/82 794/1363/82 802/1362/82
f 788/1349/194 796/1348/752 802/1362/194
f 795/1364/174 803/1368/174 804/1365/16
f 795/1364/174 797/1369/16 805/1367/16
f 797/1369/16 798/1372/16 806/1370/16
f 799/1371/16 807/1374/16 806/1370/16
f 800/1373/16 808/1376/16 807/1374/16
f 800/1373/16 801/1377/16 809/1375/16
f 801/1377/16 802/1379/40 810/1378/40
f 796/1366/40 804/1365/16 810/1378/40
f 803/1380/92 779/1384/1 778/1381/519
f 803/1380/92 805/1386/539 781/1383/322
f 806/1385/538 782/1388/541 781/1383/322
f 807/1387/540 783/1390/542 782/1388/541
f 807/1387/540 808/2392/26 784/1389/355
f 809/1391/543 785/1395/545 784/1392/355
f 809/1391/543 810/1396/544 786/1394/544
f 804/1382/537 778/1381/519 786/1394/544
f 812/1397/2 813/2393/2 814/1398/2
f 818/1401/546 819/1409/553 820/1402/547
f 822/1404/549 818/2394/546 823/1405/550
f 822/1407/549 825/1437/577 826/1408/552
f 824/1410/551 827/1415/557 828/1411/554
f 823/1413/550 830/1433/596 831/1414/556
f 832/1416/558 833/1424/565 834/1417/559
f 836/1419/561 832/1461/558 837/1420/562
f 836/1422/561 839/2395/597 840/1423/564
f 838/1425/563 841/1430/569 842/1426/566
f 837/1428/562 844/1442/582 845/1429/568
f 846/1431/570 847/2396/753 821/1403/571
f 848/1432/572 849/1471/599 831/1414/556
f 849/1434/574 848/1494/754 850/1435/575
f 825/1437/577 852/1441/581 853/1438/578
f 829/1412/555 828/1411/554 854/1439/579
f 852/1441/581 835/1418/560 834/1417/559
f 855/1440/580 854/1439/579 845/1429/568
f 842/1426/566 856/1470/598 857/1443/583
f 840/1423/564 839/2395/600 858/1444/585
f 857/1446/587 856/2397/487 860/1447/588
f 861/1448/282 860/1447/282 862/1449/590
f 865/1451/495 866/2398/755 867/1452/592
f 868/1454/593 869/1499/605 870/1455/594
f 850/1435/141 871/1456/595 870/1455/594
f 823/1457/550 818/2399/546 821/1458/548
f 835/1460/560 844/2400/582 837/1420/562
f 836/1462/561 838/2401/563 843/1463/567
f 841/1430/569 845/1429/568 828/1411/554
f 822/1404/549 824/1406/551 829/1465/555
f 855/1467/580 844/2400/582 835/1460/560
f 825/1466/577 829/1465/555 855/1467/580
f 821/1458/571 847/2402/753 848/1469/572
f 856/1470/598 842/1426/566 831/1414/556
f 843/1463/584 857/2403/583 858/1472/585
f 859/1445/586 846/1431/570 820/1402/547
f 860/1473/92 813/2404/92 812/1474/505
f 865/1476/601 816/1496/604 815/1477/16
f 870/1479/602 811/2405/603 814/1480/27
f 869/1482/504 817/1500/510 811/1483/603
f 856/1485/4 849/1489/4 814/1488/4
f 840/1423/564 820/1402/547 819/1409/553
f 847/1493/163 871/1456/25 850/1435/25
f 858/1495/163 857/1446/25 861/1448/163
f 862/1449/590 865/1451/495 864/1453/493
f 816/1496/604 865/1476/601 862/1497/506
f 867/1452/592 866/2398/755 869/1499/605
f 869/1482/504 866/1478/16 815/1477/16
f 827/1415/557 831/1414/556 842/1426/566
f 833/1424/565 819/1409/553 826/1408/552
f 873/1501/172 874/1505/172 875/1502/50
f 876/1504/53 877/1507/171 874/1505/172
f 878/1506/2 879/1509/224 877/1507/171
f 880/1508/222 881/1511/222 879/1509/224
f 882/1510/168 883/2406/305 881/1511/222
f 884/1512/48 885/1516/96 883/1513/305
f 884/1512/48 886/1517/25 887/1515/163
f 886/1517/25 872/1503/302 875/1502/50
f 874/1527/360 897/1531/360 898/1528/66
f 874/1527/360 877/1532/68 899/1530/226
f 877/1532/68 879/1535/69 900/1533/69
f 881/1534/60 901/1537/357 900/1533/69
f 883/1536/512 902/1539/512 901/1537/357
f 883/1536/512 885/1540/62 903/1538/230
f 885/1540/62 887/1542/228 904/1541/228
f 875/1529/64 898/1528/66 904/1541/228
f 898/1543/78 897/1546/78 905/1544/78
f 897/1546/195 899/1548/195 907/1547/195
f 899/1548/81 900/1550/194 908/1549/81
f 900/1550/82 901/1552/82 909/1551/82
f 901/1552/71 902/2407/191 910/1553/71
f 903/1554/72 911/1558/72 910/1555/72
f 903/1554/196 904/1559/756 912/1557/196
f 904/1559/77 898/1543/76 906/1545/77
f 905/1560/57 913/1564/57 914/1561/4
f 905/1560/57 907/1565/4 915/1563/3
f 907/1565/4 908/1568/4 916/1566/4
f 909/1567/4 917/1570/4 916/1566/4
f 910/1569/4 918/1572/4 917/1570/4
f 910/1569/4 911/1573/4 919/1571/4
f 911/1573/4 912/1575/4 920/1574/4
f 906/1562/4 914/1561/4 920/1574/4
f 914/1576/606 913/1580/92 889/1577/1
f 915/1579/445 891/1582/235 889/1577/1
f 916/1581/448 892/1584/240 891/1582/235
f 916/1581/448 917/1585/607 893/1583/85
f 917/1585/607 918/2408/26 894/1586/26
f 918/1587/26 919/1591/304 895/1588/198
f 920/1590/2 896/1592/88 895/1588/198
f 920/1590/2 914/1576/606 888/1578/90
f 922/668/330 921/671/333 930/1593/608
f 931/1595/610 930/1593/608 921/671/333
f 931/1597/610 923/673/335 924/1598/611
f 933/1600/613 932/1599/612 924/1598/611
f 925/675/336 926/679/340 934/1601/614
f 934/1601/614 926/679/340 927/681/342
f 935/1602/615 927/681/342 928/1603/616
f 929/1594/609 936/1604/617 928/1603/616
f 943/1608/618 946/1612/345 945/1609/344
f 948/1611/2 947/2409/224 945/1609/344
f 948/1613/2 950/1616/347 949/1614/346
f 950/1616/347 952/1619/621 951/1617/620
f 954/1618/163 953/1620/25 951/1617/620
f 943/1608/618 944/1610/619 953/1620/25
f 958/1621/351 957/2410/305 956/1622/305
f 957/1624/305 960/1627/353 959/1625/167
f 960/1627/353 962/2411/163 961/1628/25
f 961/1628/25 962/2411/163 964/1629/368
f 963/1630/220 964/1629/368 966/1631/355
f 965/1632/355 966/1631/355 968/1633/622
f 968/1633/622 970/2412/224 969/1635/2
f 969/1635/2 970/2412/224 958/1621/351
f 981/1645/179 980/2413/176 957/1646/369
f 957/1646/369 980/2413/176 982/1648/177
f 960/1649/178 982/1648/177 983/1650/190
f 983/1650/190 984/1653/436 964/1652/310
f 984/1653/436 985/2414/623 966/1654/623
f 966/1654/623 985/2414/623 986/1655/311
f 968/1656/183 986/1655/311 987/1657/182
f 987/1657/182 981/1645/179 958/1647/181
f 981/1659/191 989/1674/191 988/1660/71
f 988/1662/72 990/2415/72 982/1663/72
f 982/1663/196 990/2415/196 991/1665/196
f 983/1666/76 991/1665/76 992/1667/77
f 992/1667/78 993/1670/78 985/1669/78
f 993/1670/195 994/1672/195 986/1671/195
f 994/1672/81 995/2416/318 987/1673/81
f 987/1673/192 995/2416/373 989/1674/192
f 997/1675/16 996/2417/174 988/1676/174
f 988/1676/174 996/2417/174 998/1678/40
f 990/1679/16 998/1678/40 999/1680/16
f 999/1680/16 1000/1683/40 992/1682/16
f 1000/1683/40 1001/2418/16 993/1684/16
f 993/1684/16 1001/2418/16 1002/1685/16
f 994/1686/16 1002/1685/16 1003/1687/16
f 1003/1687/16 997/1675/16 989/1677/16
f 997/1689/364 971/1636/364 972/1638/27
f 972/1638/27 974/1639/238 998/1691/624
f 974/1639/238 975/1640/88 999/1692/88
f 999/1692/88 975/1640/88 976/1641/625
f 976/1641/625 977/1642/92 1001/1694/92
f 977/1642/92 978/1643/236 1002/1696/236
f 978/1643/236 979/1644/95 1003/1697/95
f 1003/1697/95 979/1644/95 971/1636/364
f 1007/1698/353 1006/1701/46 1005/1699/46
f 1006/1701/46 1009/2419/352 1008/1702/45
f 1008/1702/45 1009/2419/352 1011/1703/2
f 1010/1705/2 1011/2420/2 1013/1706/171
f 1012/1707/53 1013/1706/171 1015/1708/355
f 1015/1708/355 1017/1711/220 1016/1710/368
f 1017/1711/220 1019/1713/163 1018/1712/25
f 1019/1713/163 1007/1698/353 1004/1700/167
f 1030/1723/230 1029/2421/358 1006/1724/356
f 1006/1724/356 1029/2421/358 1031/1726/357
f 1009/1727/60 1031/1726/357 1032/1728/69
f 1032/1728/69 1033/1731/67 1013/1730/68
f 1033/1731/67 1034/2422/757 1015/1732/626
f 1015/1732/626 1034/2422/757 1035/1733/66
f 1017/1734/627 1035/1733/66 1036/1735/228
f 1036/1735/228 1030/1723/230 1007/1725/62
f 1030/1737/72 1038/1752/72 1037/1738/72
f 1029/1739/191 1037/1738/191 1039/1740/191
f 1031/1741/192 1039/1740/192 1040/1742/192
f 1032/1744/81 1040/2423/81 1041/1745/194
f 1033/1746/534 1041/1745/534 1042/1747/535
f 1034/1748/79 1042/1747/758 1043/1749/79
f 1043/1749/76 1044/2424/76 1036/1751/76
f 1036/1751/196 1044/2424/196 1038/1752/196
f 1046/1753/4 1045/2425/57 1037/1754/57
f 1037/1754/57 1045/2425/57 1047/1756/4
f 1039/1757/4 1047/1756/4 1048/1758/4
f 1048/1758/4 1049/1761/4 1041/1760/4
f 1049/1761/4 1050/2426/4 1042/1762/4
f 1042/1762/4 1050/2426/4 1051/1763/4
f 1043/1764/4 1051/1763/4 1052/1765/4
f 1052/1765/4 1046/1753/4 1038/1755/4
f 1046/1767/630 1020/2427/633 1021/1768/27
f 1045/1769/26 1021/1768/27 1023/1770/326
f 1047/1771/85 1023/1770/326 1024/1772/163
f 1024/1772/163 1025/2428/759 1049/1774/631
f 1049/1774/631 1025/2428/759 1026/1775/1
f 1026/1775/1 1027/1778/202 1051/1777/520
f 1027/1778/202 1028/2429/237 1052/1779/632
f 1052/1779/632 1028/2429/237 1020/1780/633
f 1053/1782/27 1056/1811/26 1055/1783/27
f 1060/1785/92 1059/1807/1 1058/1786/92
f 1064/1788/377 1063/1835/658 1062/1789/634
f 1056/1791/635 1059/1810/648 1060/1792/636
f 1053/1794/638 1054/2430/639 1057/1795/639
f 1054/1784/27 1055/1783/27 1066/1797/26
f 1060/1792/636 1067/2431/641 1066/1799/641
f 1057/1787/92 1068/1805/92 1067/1800/92
f 1057/1795/639 1054/2430/639 1065/1801/642
f 939/895/27 1065/1798/26 1066/1797/26
f 1066/1797/26 937/896/355 938/1803/643
f 1066/1799/644 1067/2431/644 940/897/224
f 940/899/46 1067/1800/92 1068/1805/92
f 1068/1805/92 941/900/92 942/1806/645
f 1065/1801/646 939/2340/163 941/902/25
f 1059/1807/1 1070/1815/1 1069/1808/1
f 1056/1791/635 1071/2432/760 1070/1809/647
f 1056/1811/26 1053/1782/27 1072/1812/26
f 1058/1796/640 1069/2433/761 1072/1814/649
f 1070/1815/1 1074/2434/656 1073/1816/650
f 1070/1809/647 1071/2432/760 1075/1817/651
f 1071/1813/26 1072/1812/26 1076/1819/652
f 1072/1814/649 1069/2433/761 1073/1821/654
f 1074/1823/656 1078/2435/762 1077/1824/400
f 1075/1817/651 1079/2436/4 1078/1826/4
f 1076/1827/652 1080/1834/657 1079/1828/402
f 1076/1822/655 1073/1821/654 1077/1830/40
f 1077/1824/400 1078/2435/762 1064/1788/377
f 1078/1826/4 1079/2436/4 1063/1832/3
f 1080/1834/657 1062/1789/634 1063/1835/658
f 1077/1830/40 1061/2437/374 1062/1836/16
f 1084/1837/659 1085/2438/2 1086/1838/2
f 1089/1840/660 1090/1862/660 1091/1841/661
f 1093/1843/487 1089/1840/487 1094/1844/487
f 1093/1846/662 1082/1861/662 1081/1847/662
f 1094/1844/663 1097/1857/663 1098/1849/663
f 1095/1851/664 1096/2439/664 1084/1852/665
f 1081/1854/92 1088/2440/1 1091/1855/1
f 1089/1840/25 1092/1842/25 1097/1857/25
f 1084/1858/27 1096/2441/27 1098/1859/26
f 1093/1846/4 1095/1851/4 1083/1853/4
f 1101/1863/2 1102/2442/714 1103/1864/659
f 1107/1866/660 1108/1888/660 1109/1867/661
f 1111/1869/487 1107/1866/487 1112/1870/487
f 1108/1872/662 1111/1887/662 1100/1873/662
f 1112/1870/668 1115/1883/663 1116/1875/663
f 1114/1877/665 1102/2443/665 1101/1878/665
f 1099/1880/1 1106/2444/1 1109/1881/1
f 1107/1866/25 1110/1868/25 1115/1883/25
f 1114/1884/26 1116/2445/27 1103/1885/27
f 1113/1879/4 1101/1878/4 1100/1873/4
f 1117/1889/2 1118/2265/2 1119/1890/2
f 1121/1892/671 1122/1901/671 1123/1893/671
f 1121/1895/672 1126/2446/672 1127/1896/672
f 1128/1898/673 1129/1924/674 1130/1899/674
f 1122/1901/25 1131/1913/25 1132/1902/25
f 1124/1903/16 1130/2447/16 1126/1904/16
f 1133/1908/677 1134/1923/700 1117/1909/677
f 1134/1911/678 1133/2448/678 1135/1912/678
f 1136/1914/679 1137/1919/679 1138/1915/680
f 1138/1916/5 1137/2449/5 1119/1917/5
f 1131/1913/354 1122/1901/354 1125/1906/354
f 1135/1912/681 1133/2448/681 1137/1919/487
f 1132/1902/682 1138/1915/682 1128/1907/682
f 1133/1920/4 1120/2450/4 1119/1921/4
f 1127/1896/26 1117/1909/26 1134/1923/26
f 1129/1924/1 1128/1898/1 1138/1916/1
f 1131/1913/25 1135/1912/25 1136/1914/25
f 1126/1925/2 1130/2451/2 1129/1926/2
f 1142/1928/224 1143/2452/224 1144/1929/224
f 1148/1931/661 1149/2170/661 1150/1932/661
f 1151/1934/487 1147/1933/487 1152/1935/487
f 1151/1937/662 1140/1952/662 1139/1938/662
f 1152/1935/668 1155/1948/668 1156/1940/668
f 1153/1942/665 1154/2453/665 1142/1943/683
f 1148/1945/1 1139/2454/1 1146/1946/1
f 1152/1935/25 1147/1933/25 1150/1932/25
f 1142/1943/27 1154/2453/27 1156/1949/27
f 1153/1951/4 1141/2455/4 1140/1952/4
f 1159/1953/2 1160/2456/2 1161/1954/224
f 1166/1956/661 1167/2179/660 1168/1957/660
f 1165/1958/487 1170/1973/487 1171/1959/487
f 1169/1961/662 1158/1977/662 1157/1962/662
f 1172/1964/663 1170/1973/663 1173/1965/663
f 1172/1967/683 1160/2457/665 1159/1968/665
f 1166/1970/1 1157/2458/1 1164/1971/1
f 1165/1958/25 1168/1957/163 1173/1965/163
f 1172/1974/26 1174/2459/26 1161/1975/26
f 1171/1969/4 1159/1968/4 1158/1977/4
f 1177/1978/2 1178/2460/2 1179/1979/224
f 1183/1981/661 1184/2003/661 1185/1982/660
f 1187/1984/686 1183/1981/686 1188/1985/687
f 1187/1987/662 1176/2002/662 1175/1988/662
f 1188/1985/663 1191/1998/663 1192/1990/663
f 1190/1992/665 1178/2461/665 1177/1993/665
f 1184/1995/1 1175/2462/1 1182/1996/1
f 1183/1981/25 1186/1983/25 1191/1998/25
f 1178/1999/26 1190/2463/26 1192/2000/26
f 1189/1994/4 1177/1993/4 1176/2002/4
f 1195/2004/224 1196/2464/224 1197/2005/688
f 1202/2007/689 1203/2198/661 1204/2008/661
f 1201/2009/487 1206/2024/687 1207/2010/687
f 1205/2012/662 1194/2028/662 1193/2013/662
f 1208/2015/663 1206/2024/663 1209/2016/663
f 1207/2018/665 1208/2465/665 1196/2019/665
f 1193/2021/1 1200/2466/1 1203/2022/1
f 1201/2009/25 1204/2008/25 1209/2016/25
f 1196/2025/26 1208/2467/26 1210/2026/27
f 1205/2012/4 1207/2018/4 1195/2020/4
f 1213/2029/224 1214/2468/688 1215/2030/691
f 1220/2032/661 1221/2207/660 1222/2033/660
f 1219/2034/687 1224/2049/687 1225/2035/687
f 1220/2037/662 1223/2053/662 1212/2038/662
f 1226/2040/663 1224/2049/663 1227/2041/668
f 1225/2043/665 1226/2469/665 1214/2044/664
f 1220/2046/1 1211/2470/1 1218/2047/1
f 1224/2049/25 1219/2034/25 1222/2033/25
f 1226/2050/27 1228/2471/26 1215/2051/27
f 1225/2043/4 1213/2045/4 1212/2038/4
f 1231/2054/224 1232/2472/659 1233/2055/688
f 1238/2057/661 1239/2216/660 1240/2058/660
f 1241/2060/687 1237/2059/687 1242/2061/687
f 1238/2063/662 1241/2078/662 1230/2064/662
f 1244/2066/663 1242/2061/663 1245/2067/668
f 1243/2069/665 1244/2473/665 1232/2070/665
f 1238/2072/92 1229/2474/92 1236/2073/92
f 1242/2061/25 1237/2059/25 1240/2058/25
f 1244/2075/26 1246/2475/26 1233/2076/26
f 1243/2069/4 1231/2071/4 1230/2064/4
f 1249/2079/2 1250/2476/2 1251/2080/2
f 1256/2082/660 1257/2226/661 1258/2083/661
f 1255/2084/687 1260/2098/687 1261/2085/687
f 1259/2087/662 1248/2477/662 1247/2088/662
f 1262/2090/663 1260/2098/663 1263/2091/663
f 1261/2093/665 1262/2478/665 1250/2094/665
f 1256/2089/92 1247/2088/92 1254/2096/92
f 1260/2098/25 1255/2084/25 1258/2083/25
f 1262/2099/27 1264/2479/27 1251/2100/27
f 1261/2093/4 1249/2095/4 1248/2102/4
f 1265/2104/671 1266/2111/671 1097/1857/671
f 1088/2105/692 1087/2480/692 1265/2106/693
f 1086/2108/694 1085/2481/694 1098/2109/695
f 1265/2106/16 1087/2480/16 1086/2108/16
f 1268/2112/671 1115/1883/671 1110/1868/671
f 1106/2114/692 1105/2120/692 1267/2115/692
f 1104/2117/695 1103/2482/695 1116/2118/695
f 1105/2120/16 1104/2117/16 1268/2119/16
f 1269/2121/2 1270/2483/2 1271/2122/2
f 1274/2124/687 1275/2133/687 1276/2125/687
f 1277/2127/677 1278/2157/700 1279/2128/700
f 1274/2130/5 1280/2484/5 1281/2131/5
f 1275/2133/25 1283/2148/25 1284/2134/25
f 1279/2135/4 1280/2485/4 1274/2136/4
f 1270/2140/672 1269/2156/672 1286/2141/672
f 1286/2143/703 1284/2134/703 1287/2144/703
f 1288/2146/704 1289/2152/704 1290/2147/704
f 1288/2149/674 1272/2158/674 1271/2150/674
f 1277/2138/705 1276/2125/705 1284/2134/706
f 1287/2144/671 1290/2147/671 1289/2152/671
f 1283/2148/707 1275/2133/682 1282/2139/682
f 1289/2153/16 1271/2486/16 1270/2154/16
f 1277/2127/26 1286/2141/27 1269/2156/27
f 1272/2158/92 1288/2149/1 1282/2132/92
f 1290/2147/25 1287/2144/25 1284/2134/25
f 1278/2159/2 1269/2121/2 1272/2123/2
f 1292/2161/671 1155/1948/671 1150/1932/671
f 1149/2163/708 1146/2487/708 1145/2164/708
f 1144/2166/695 1143/1950/695 1156/1949/694
f 1291/2165/16 1145/2164/16 1144/2168/16
f 1293/2171/671 1294/2180/671 1173/1965/671
f 1164/2172/692 1163/2488/692 1293/2173/692
f 1294/2175/695 1162/2178/695 1161/2176/695
f 1293/2173/16 1163/2488/16 1162/2178/16
f 1296/2181/671 1191/1998/671 1186/1983/671
f 1182/2183/692 1181/2189/692 1295/2184/693
f 1296/2186/695 1180/2489/695 1179/2187/695
f 1181/2189/16 1180/2489/16 1296/2186/16
f 1298/2190/671 1209/2016/671 1204/2008/671
f 1200/2192/692 1199/2490/692 1297/2193/693
f 1198/2195/695 1197/2491/695 1210/2196/695
f 1297/2193/16 1199/2490/16 1198/2195/16
f 1300/2199/671 1227/2041/671 1222/2033/671
f 1221/2201/692 1218/2492/692 1217/2202/692
f 1216/2204/695 1215/2493/695 1228/2205/695
f 1299/2203/16 1217/2202/16 1216/2204/16
f 1302/2208/671 1245/2067/671 1240/2058/671
f 1239/2210/692 1236/2494/692 1235/2211/692
f 1234/2213/695 1233/2495/695 1246/2214/695
f 1235/2211/16 1234/2213/16 1302/2215/16
f 1304/2217/671 1263/2091/671 1258/2083/671
f 1257/2097/692 1254/2096/693 1253/2219/693
f 1304/2221/695 1252/2496/695 1251/2222/695
f 1253/2224/16 1252/2496/16 1304/2221/16
f 1248/2227/224 1249/2079/2 1252/2081/2
f 1248/2227/224 1253/2228/224 1254/2229/224
f 1230/2231/224 1235/2234/2 1236/2232/688
f 1231/2054/224 1234/2056/2 1235/2234/2
f 1212/2235/2 1217/2238/224 1218/2236/713
f 1213/2029/224 1216/2031/224 1217/2238/224
f 1158/2239/2 1163/2242/224 1164/2240/224
f 1159/1953/2 1162/1955/224 1163/2242/224
f 1195/2004/224 1198/2006/2 1199/2243/224
f 1193/2245/714 1194/2244/2 1199/2243/224
f 1175/2247/224 1176/2250/224 1181/2248/224
f 1177/1978/2 1180/1980/224 1181/2248/224
f 1081/2251/224 1082/2254/2 1087/2252/224
f 1082/2254/2 1083/1839/224 1086/1838/2
f 1100/2255/2 1105/2258/2 1106/2256/2
f 1100/2255/2 1101/1863/2 1104/1865/224
f 1140/2259/224 1145/2262/2 1146/2260/2
f 1140/2259/224 1141/1930/224 1144/1929/224
f 1278/2159/2 1281/2160/2 1280/2263/88
f 1117/1889/2 1127/1927/2 1129/1926/2
