# Blender 5.0.1
# www.blender.org
mtllib Silla1S4.mtl
o Silla1S4
v -5.147192 0.652891 1.455916
v -5.174667 0.652891 1.462683
v -5.177998 0.644940 1.481117
v -5.139979 0.642421 1.471906
v -5.057455 0.639590 1.346126
v -5.069259 0.652891 1.337076
v -5.062932 0.638423 1.305740
v -5.073995 0.652891 1.308859
v -5.206887 0.652891 1.440815
v -5.222085 0.645058 1.450819
v -5.211385 0.652891 1.411985
v -5.228111 0.642726 1.411270
v -5.133229 0.652891 1.292928
v -5.145550 0.639972 1.285434
v -5.105615 0.652891 1.286842
v -5.106976 0.638635 1.275375
v -5.211674 0.535214 1.510863
v -5.191266 0.535214 1.507735
v -5.170924 0.556059 1.519070
v -5.209201 0.557884 1.528675
v -5.253528 0.557534 1.498743
v -5.236720 0.535214 1.494374
v -5.259547 0.555401 1.459183
v -5.242100 0.535214 1.473614
v -5.121389 0.535214 1.401334
v -5.094109 0.551197 1.401992
v -5.182656 0.550685 1.341989
v -5.172029 0.535214 1.366694
v -5.125541 0.535214 1.380252
v -5.101256 0.546953 1.364152
v -5.150760 0.535214 1.362690
v -5.145498 0.546768 1.334089
v -3.290166 0.652891 2.726910
v -3.307424 0.642421 2.726151
v -3.301245 0.644940 2.765612
v -3.285800 0.652891 2.755469
v -3.212180 0.652891 2.608105
v -3.224900 0.639590 2.600371
v -3.184780 0.652891 2.601884
v -3.186179 0.638423 2.590235
v -3.256916 0.645058 2.795829
v -3.253652 0.652891 2.777657
v -3.218745 0.642726 2.786529
v -3.225787 0.652891 2.770977
v -3.136183 0.639972 2.660693
v -3.147689 0.652891 2.651880
v -3.141806 0.638635 2.620385
v -3.152725 0.652891 2.623447
v -3.315349 0.535214 2.808754
v -3.332448 0.557884 2.813170
v -3.338369 0.556059 2.773316
v -3.320313 0.535214 2.788260
v -3.290821 0.535214 2.826194
v -3.288358 0.557534 2.843753
v -3.269938 0.535214 2.823410
v -3.250180 0.555401 2.834442
v -3.261554 0.551197 2.656238
v -3.250529 0.535214 2.681797
v -3.199756 0.535214 2.716566
v -3.173289 0.550685 2.717249
v -3.224504 0.546953 2.648647
v -3.229823 0.535214 2.677728
v -3.180329 0.546768 2.679099
v -3.204256 0.535214 2.694925
v -3.969934 0.652890 -0.642298
v -3.942458 0.652890 -0.649065
v -3.939128 0.644939 -0.667499
v -3.977146 0.642421 -0.658288
v -4.082951 0.639589 -0.497025
v -4.071147 0.652890 -0.487975
v -4.077473 0.638423 -0.456640
v -4.066411 0.652890 -0.459759
v -3.910238 0.652890 -0.627197
v -3.895041 0.645057 -0.637201
v -3.905740 0.652890 -0.598367
v -3.889014 0.642725 -0.597652
v -4.007176 0.652890 -0.443828
v -3.994855 0.639972 -0.436334
v -4.034790 0.652890 -0.437741
v -4.033430 0.638635 -0.426275
v -3.891210 0.535213 -0.718951
v -3.911618 0.535213 -0.715824
v -3.931959 0.556059 -0.727159
v -3.893683 0.557884 -0.736764
v -3.849356 0.557533 -0.706831
v -3.866164 0.535213 -0.702462
v -3.843337 0.555400 -0.667271
v -3.860783 0.535213 -0.681703
v -4.009295 0.535213 -0.567049
v -4.036576 0.551197 -0.567707
v -3.948029 0.550684 -0.507704
v -3.958656 0.535213 -0.532408
v -4.005144 0.535213 -0.545967
v -4.029428 0.546952 -0.529867
v -3.979925 0.535213 -0.528405
v -3.985187 0.546767 -0.499804
v -1.837306 0.652890 0.817324
v -1.820047 0.642421 0.818082
v -1.826227 0.644939 0.778622
v -1.841672 0.652890 0.788765
v -1.938572 0.652890 0.971611
v -1.925852 0.639589 0.979345
v -1.965972 0.652890 0.977832
v -1.964572 0.638423 0.989481
v -1.870556 0.645057 0.748405
v -1.873820 0.652890 0.766577
v -1.908727 0.642725 0.757704
v -1.901685 0.652890 0.773257
v -2.014569 0.639972 0.919023
v -2.003062 0.652890 0.927836
v -2.008945 0.638635 0.959331
v -1.998026 0.652890 0.956269
v -1.797881 0.535213 0.713774
v -1.780782 0.557884 0.709357
v -1.774861 0.556059 0.749212
v -1.792917 0.535213 0.734267
v -1.822409 0.535213 0.696333
v -1.824871 0.557533 0.678775
v -1.843292 0.535213 0.699117
v -1.863050 0.555400 0.688085
v -1.879478 0.551197 0.908663
v -1.890503 0.535213 0.883104
v -1.941276 0.535213 0.848335
v -1.967742 0.550684 0.847652
v -1.916528 0.546952 0.916254
v -1.911209 0.535213 0.887173
v -1.960703 0.546767 0.885802
v -1.936776 0.535213 0.869976
v -2.041234 0.875474 1.030037
v -4.085475 0.875474 -0.369091
v -4.121955 0.954835 -0.313490
v -2.077714 0.954835 1.085638
v -2.086139 0.960434 1.098479
v -4.130380 0.960434 -0.300649
v -4.137689 0.950708 -0.289509
v -2.093448 0.950708 1.109619
v -2.092299 0.935645 1.107867
v -4.136540 0.935645 -0.291261
v -4.100060 0.856284 -0.346862
v -2.055818 0.856284 1.052266
v -2.047394 0.850684 1.039425
v -4.091635 0.850684 -0.359703
v -4.084326 0.860410 -0.370843
v -2.040085 0.860410 1.028285
v -3.136939 0.806771 2.583196
v -5.075356 0.806771 1.256497
v -5.039841 0.887353 1.202368
v -3.101424 0.887353 2.529067
v -3.100523 0.902472 2.527693
v -5.038939 0.902472 1.200994
v -5.046523 0.911588 1.212553
v -3.108107 0.911588 2.539252
v -3.116432 0.905604 2.551940
v -5.054848 0.905604 1.225241
v -5.090363 0.825021 1.279371
v -3.151947 0.825021 2.606070
v -3.152848 0.809903 2.607443
v -5.091264 0.809903 1.280745
v -5.083680 0.800786 1.269186
v -3.145264 0.800786 2.595885
v -5.576984 4.807852 1.814931
v -5.582632 4.830713 1.823540
v -5.590124 4.830713 1.818412
v -5.584476 4.807852 1.809803
v -5.576984 4.853575 1.814931
v -5.584476 4.853575 1.809803
v -5.563348 4.863045 1.794147
v -5.570840 4.863045 1.789019
v -5.549711 4.853575 1.773364
v -5.557204 4.853575 1.768236
v -5.544064 4.830713 1.764755
v -5.551556 4.830713 1.759627
v -5.549711 4.807852 1.773364
v -5.557204 4.807852 1.768236
v -5.563348 4.798382 1.794147
v -5.570840 4.798382 1.789019
v -5.592942 4.820602 1.787211
v -5.595440 4.830713 1.791018
v -5.586911 4.830713 1.778020
v -5.592942 4.840824 1.787211
v -5.586911 4.845012 1.778020
v -5.580881 4.840824 1.768828
v -5.578383 4.830713 1.765021
v -5.580881 4.820602 1.768828
v -5.586911 4.816415 1.778020
v -5.591728 4.830713 1.804069
v -5.587836 4.814961 1.798137
v -5.587836 4.846465 1.798137
v -5.578441 4.852990 1.783817
v -5.569046 4.846465 1.769497
v -5.565154 4.830713 1.763565
v -5.569046 4.814961 1.769497
v -5.578441 4.808436 1.783817
v -5.605073 4.830713 1.794935
v -5.601182 4.814961 1.789003
v -5.601182 4.846465 1.789003
v -5.591786 4.852990 1.774683
v -5.582391 4.846465 1.760363
v -5.578499 4.830713 1.754432
v -5.582391 4.814961 1.760363
v -5.591786 4.808436 1.774683
v -5.600314 4.830713 1.787682
v -5.597816 4.820602 1.783875
v -5.597816 4.840824 1.783875
v -5.591786 4.845012 1.774683
v -5.585755 4.840824 1.765492
v -5.583258 4.830713 1.761685
v -5.585755 4.820602 1.765492
v -5.591786 4.816415 1.774683
v -2.744714 2.341426 2.108279
v -4.794417 2.341426 0.705412
v -4.825133 2.427375 0.752227
v -2.775429 2.427375 2.155093
v -2.786150 2.431756 2.171435
v -4.835854 2.431756 0.768568
v -4.849313 2.417834 0.789081
v -2.799609 2.417834 2.191948
v -2.802222 2.399858 2.195931
v -4.851926 2.399858 0.793064
v -4.821211 2.313909 0.746249
v -2.771507 2.313909 2.149116
v -2.760786 2.309527 2.132775
v -4.810490 2.309527 0.729908
v -4.797031 2.323450 0.709395
v -2.747327 2.323450 2.112262
v -5.328099 3.756547 1.435593
v -5.333748 3.779409 1.444202
v -5.341240 3.779409 1.439074
v -5.335592 3.756547 1.430465
v -5.328099 3.802270 1.435593
v -5.335592 3.802270 1.430465
v -5.314464 3.811741 1.414810
v -5.321956 3.811741 1.409682
v -5.300827 3.802270 1.394026
v -5.308319 3.802270 1.388898
v -5.295178 3.779409 1.385417
v -5.302671 3.779409 1.380290
v -5.300827 3.756547 1.394026
v -5.308319 3.756547 1.388898
v -5.314464 3.747077 1.414810
v -5.321956 3.747077 1.409682
v -5.344058 3.769298 1.407874
v -5.346556 3.779409 1.411680
v -5.338027 3.779409 1.398682
v -5.344058 3.789519 1.407874
v -5.338027 3.793707 1.398682
v -5.331997 3.789519 1.389490
v -5.329499 3.779409 1.385683
v -5.331997 3.769298 1.389490
v -5.338027 3.765110 1.398682
v -5.342844 3.779409 1.424731
v -5.338952 3.763657 1.418799
v -5.338952 3.795161 1.418799
v -5.329556 3.801685 1.404480
v -5.320161 3.795161 1.390159
v -5.316269 3.779409 1.384228
v -5.320161 3.763657 1.390159
v -5.329556 3.757132 1.404480
v -5.356189 3.779409 1.415597
v -5.352297 3.763657 1.409666
v -5.352297 3.795161 1.409666
v -5.342902 3.801685 1.395346
v -5.333506 3.795161 1.381026
v -5.329615 3.779409 1.375094
v -5.333506 3.763657 1.381026
v -5.342902 3.757132 1.395346
v -5.351430 3.779409 1.408344
v -5.348932 3.769298 1.404537
v -5.348932 3.789519 1.404537
v -5.342902 3.793707 1.395346
v -5.336871 3.789519 1.386155
v -5.334373 3.779409 1.382348
v -5.336871 3.769298 1.386155
v -5.342902 3.765110 1.395346
v -3.417612 4.406531 3.072461
v -3.391506 4.300156 3.032671
v -3.385660 4.307356 3.040574
v -3.408233 4.399331 3.074977
v -5.395676 4.414904 1.664865
v -5.384080 4.417651 1.664003
v -5.361508 4.325675 1.629600
v -5.373103 4.322927 1.630462
v -5.389831 4.422104 1.672768
v -5.418250 4.399331 1.699273
v -5.412405 4.406531 1.707175
v -3.395037 4.422104 3.038053
v -3.389286 4.417651 3.029288
v -3.385658 4.414904 3.040570
v -3.363086 4.322927 3.006167
v -3.366714 4.325675 2.994885
v -5.363725 4.315727 1.632978
v -5.386299 4.300156 1.667386
v -5.395678 4.307356 1.664870
v -3.368931 4.315727 2.998264
v -3.307882 3.940552 2.905216
v -3.279270 3.836004 2.861607
v -3.273595 3.843080 2.869768
v -3.298334 3.933476 2.907475
v -5.286164 3.950543 1.497954
v -5.274637 3.953555 1.497196
v -5.249898 3.863159 1.459490
v -5.261425 3.860148 1.460248
v -5.280489 3.957620 1.506115
v -5.308352 3.933476 1.531770
v -5.302676 3.940552 1.539931
v -3.285695 3.957620 2.871400
v -3.279844 3.953555 2.862481
v -3.276147 3.950543 2.873658
v -3.251407 3.860148 2.835952
v -3.255105 3.863159 2.824775
v -5.251877 3.853071 1.462505
v -5.274064 3.836004 1.496322
v -5.283612 3.843080 1.494064
v -3.257083 3.853071 2.827790
v -3.268349 3.787039 2.844962
v -3.238462 3.683498 2.799409
v -3.232873 3.690506 2.807702
v -3.258714 3.780031 2.847088
v -5.246758 3.797858 1.437893
v -5.235269 3.801004 1.437193
v -5.209428 3.711479 1.397807
v -5.220917 3.708334 1.398507
v -5.241169 3.804867 1.446186
v -5.268731 3.780031 1.471384
v -5.263143 3.787039 1.479676
v -3.246376 3.804867 2.811471
v -3.240475 3.801004 2.802478
v -3.236741 3.797858 2.813598
v -3.210899 3.708334 2.774212
v -3.214634 3.711479 2.763092
v -5.211282 3.701326 1.400633
v -5.233255 3.683498 1.434124
v -5.242890 3.690506 1.431997
v -3.216488 3.701326 2.765918
v -3.226966 3.635056 2.781888
v -3.195980 3.532428 2.734660
v -3.190465 3.539375 2.743066
v -3.217257 3.628110 2.783901
v -5.205495 3.646594 1.375001
v -5.194039 3.649855 1.374353
v -5.167248 3.561120 1.333518
v -5.178703 3.557858 1.334166
v -5.199981 3.653540 1.383408
v -5.227275 3.628110 1.408197
v -5.221760 3.635056 1.416603
v -3.205186 3.653540 2.748693
v -3.199246 3.649855 2.739638
v -3.195477 3.646594 2.750706
v -3.168685 3.557858 2.709871
v -3.172454 3.561120 2.698803
v -5.168994 3.550911 1.336179
v -5.190774 3.532428 1.369375
v -5.200482 3.539375 1.367362
v -3.174200 3.550911 2.701464
v -3.382028 4.250655 3.018226
v -3.355410 4.144636 2.977656
v -3.349600 4.151812 2.985612
v -3.372615 4.243479 3.020690
v -5.360133 4.259357 1.610694
v -5.348552 4.262158 1.609852
v -5.325537 4.170492 1.574774
v -5.337118 4.167690 1.575615
v -5.354323 4.266533 1.618649
v -5.382632 4.243479 1.644986
v -5.376822 4.250655 1.652941
v -3.359529 4.266533 2.983934
v -3.353758 4.262158 2.975137
v -3.350116 4.259357 2.986398
v -3.327101 4.167690 2.951320
v -3.330743 4.170492 2.940059
v -5.327704 4.160514 1.578079
v -5.350204 4.144636 1.612371
v -5.359617 4.151812 1.609907
v -3.332911 4.160514 2.943364
v -3.345622 4.095194 2.962738
v -3.318181 3.989767 2.920913
v -3.312426 3.996903 2.928953
v -3.336153 4.088058 2.965117
v -5.323797 4.104427 1.555312
v -5.312237 4.107316 1.554504
v -5.288510 4.016160 1.518341
v -5.300070 4.013271 1.519148
v -5.318042 4.111563 1.563352
v -5.346170 4.088058 1.589412
v -5.340416 4.095194 1.597453
v -3.323249 4.111563 2.928637
v -3.317443 4.107316 2.919789
v -3.313780 4.104427 2.931017
v -3.290053 4.013271 2.894853
v -3.293717 4.016160 2.883626
v -5.290601 4.006136 1.521527
v -5.312975 3.989767 1.555628
v -5.322444 3.996903 1.553249
v -3.295807 4.006136 2.886812
v -3.556331 5.031708 3.283890
v -3.530917 4.924863 3.245155
v -3.525025 4.932096 3.252985
v -3.546999 5.024477 3.286479
v -5.534342 5.039636 1.876214
v -5.522729 5.042312 1.875326
v -5.500755 4.949929 1.841834
v -5.512368 4.947254 1.842722
v -5.528450 5.046868 1.884046
v -5.557016 5.024476 1.910774
v -5.551126 5.031708 1.918605
v -3.533657 5.046868 3.249331
v -3.527936 5.042315 3.240611
v -3.524325 5.039639 3.251919
v -3.502351 4.947257 3.218426
v -3.505961 4.949932 3.207119
v -5.503036 4.940022 1.845310
v -5.525711 4.924863 1.879869
v -5.535042 4.932095 1.877282
v -3.508242 4.940022 3.210593
v -3.521891 4.875319 3.231398
v -3.496440 4.768499 3.192605
v -3.490550 4.775732 3.200442
v -3.512557 4.868092 3.233983
v -5.499905 4.883271 1.823727
v -5.488293 4.885950 1.822839
v -5.466287 4.793590 1.789298
v -5.477899 4.790912 1.790185
v -5.494016 4.890502 1.831561
v -5.522574 4.868089 1.858278
v -5.516685 4.875319 1.866113
v -3.499222 4.890502 3.196846
v -3.493499 4.885952 3.188123
v -3.489887 4.883274 3.199430
v -3.467881 4.790915 3.165890
v -3.471493 4.793590 3.154583
v -5.468564 4.783681 1.792770
v -5.491234 4.768499 1.827321
v -5.500567 4.775729 1.824737
v -3.473770 4.783681 3.158055
v -2.363025 2.585871 1.442170
v -2.294441 2.589069 1.337638
v -2.291570 2.588853 1.349855
v -2.350870 2.586087 1.440237
v -4.335524 2.626997 0.083391
v -4.328130 2.634216 0.088716
v -4.268830 2.636982 -0.001665
v -4.276224 2.629763 -0.006991
v -4.332652 2.626781 0.095609
v -4.334845 2.586087 0.082356
v -4.331973 2.585871 0.094574
v -2.363704 2.626781 1.443204
v -2.359181 2.634216 1.436312
v -2.351548 2.626997 1.441271
v -2.292249 2.629763 1.350890
v -2.299882 2.636982 1.345930
v -4.264069 2.629979 -0.008923
v -4.263390 2.589069 -0.009958
v -4.275545 2.588853 -0.008025
v -2.295120 2.629979 1.338672
v -2.269755 2.588299 1.300012
v -2.201159 2.585921 1.195462
v -2.198288 2.586082 1.207680
v -2.257598 2.588139 1.298078
v -4.241069 2.629056 -0.060572
v -4.233466 2.636276 -0.055566
v -4.174156 2.634219 -0.145962
v -4.181759 2.627000 -0.150969
v -4.238198 2.629217 -0.048353
v -4.241573 2.588139 -0.059803
v -4.238703 2.588299 -0.047584
v -2.269250 2.629217 1.299242
v -2.264518 2.636276 1.292030
v -2.257094 2.629056 1.297308
v -2.197784 2.627000 1.206911
v -2.205208 2.634219 1.201633
v -4.169602 2.626838 -0.152903
v -4.170107 2.585921 -0.152134
v -4.182263 2.586082 -0.150200
v -2.200654 2.626838 1.194692
v -2.176016 2.584949 1.157140
v -2.107445 2.581100 1.052627
v -2.104573 2.581360 1.064843
v -2.163862 2.584688 1.155209
v -4.147019 2.625592 -0.203917
v -4.139362 2.632809 -0.198994
v -4.080073 2.629482 -0.289360
v -4.087730 2.622264 -0.294282
v -4.144148 2.625852 -0.191700
v -4.147837 2.584688 -0.202672
v -4.144965 2.584949 -0.190455
v -2.175200 2.625852 1.155895
v -2.170414 2.632809 1.148602
v -2.163045 2.625592 1.153964
v -2.103756 2.622264 1.063598
v -2.111125 2.629482 1.058236
v -4.075576 2.622003 -0.296214
v -4.076393 2.581100 -0.294969
v -4.088548 2.581360 -0.293037
v -2.106628 2.622003 1.051382
v -2.082302 2.577873 1.014305
v -2.013761 2.572677 0.909839
v -2.010887 2.573029 0.922052
v -2.070149 2.577521 1.012376
v -4.053021 2.618405 -0.347184
v -4.045314 2.625619 -0.342338
v -3.986052 2.621128 -0.432663
v -3.993759 2.613914 -0.437508
v -4.050147 2.618757 -0.334971
v -4.054124 2.577521 -0.345504
v -4.051250 2.577873 -0.333291
v -2.081199 2.618757 1.012625
v -2.076365 2.625619 1.005257
v -2.069046 2.618405 1.010696
v -2.009785 2.613914 0.920372
v -2.017104 2.621128 0.914933
v -3.981607 2.613562 -0.439437
v -3.982710 2.572677 -0.437757
v -3.994862 2.573029 -0.435828
v -2.012659 2.613562 0.908159
v -2.890572 2.372113 2.246232
v -2.836153 2.442166 2.163288
v -2.832323 2.437425 2.174045
v -2.879375 2.376855 2.245760
v -4.878217 2.409316 0.910538
v -4.873326 2.415044 0.919678
v -4.826274 2.475614 0.847964
v -4.831164 2.469886 0.838823
v -4.874387 2.404575 0.921294
v -4.863350 2.376855 0.887879
v -4.859521 2.372113 0.898636
v -2.905438 2.404575 2.268890
v -2.904378 2.415044 2.267274
v -2.894242 2.409316 2.268418
v -2.847189 2.469886 2.196703
v -2.857326 2.475614 2.195560
v -4.819967 2.474627 0.838351
v -4.805101 2.442166 0.815692
v -4.816298 2.437425 0.816164
v -2.851019 2.474627 2.185947
v -2.817412 2.462999 2.134725
v -2.754947 2.510581 2.039518
v -2.751662 2.507360 2.051105
v -2.805671 2.466219 2.133423
v -4.799744 2.503480 0.790933
v -4.794012 2.510055 0.798791
v -4.740003 2.551196 0.716473
v -4.745734 2.544621 0.708615
v -4.796458 2.500260 0.802519
v -4.789646 2.466219 0.775543
v -4.786361 2.462999 0.787129
v -2.827510 2.500260 2.150115
v -2.825064 2.510055 2.146387
v -2.815768 2.503480 2.148813
v -2.761759 2.544621 2.066495
v -2.771055 2.551196 2.064069
v -4.733994 2.547842 0.707313
v -4.723895 2.510581 0.691923
v -4.735637 2.507360 0.693224
v -2.765045 2.547842 2.054909
v -2.733021 2.520535 2.006099
v -2.666275 2.547172 1.904369
v -2.663280 2.545369 1.916397
v -2.720989 2.522338 2.004356
v -4.710617 2.562151 0.655091
v -4.704102 2.569177 0.661754
v -4.646391 2.592208 0.573795
v -4.652907 2.585183 0.567132
v -4.707622 2.560349 0.667119
v -4.704965 2.522338 0.646475
v -4.701969 2.520535 0.658503
v -2.738673 2.560349 2.014715
v -2.735153 2.569177 2.009349
v -2.726643 2.562151 2.012972
v -2.668932 2.585183 1.925013
v -2.677443 2.592208 1.921391
v -4.640876 2.586986 0.565389
v -4.635223 2.547172 0.556773
v -4.647254 2.545369 0.558517
v -2.671928 2.586986 1.912985
v -2.642394 2.551955 1.867970
v -2.574433 2.567738 1.764387
v -2.571519 2.566670 1.776540
v -2.630280 2.553023 1.866102
v -4.617605 2.593562 0.513326
v -4.610682 2.600715 0.519369
v -4.551922 2.614362 0.429809
v -4.558844 2.607209 0.423765
v -4.614692 2.592494 0.525480
v -4.614255 2.553023 0.508221
v -4.611342 2.551955 0.520374
v -2.645743 2.592494 1.873075
v -2.641735 2.600715 1.866966
v -2.633630 2.593562 1.871207
v -2.574869 2.607209 1.781646
v -2.582973 2.614362 1.777404
v -4.546731 2.608278 0.421896
v -4.543381 2.567738 0.416791
v -4.555494 2.566670 0.418660
v -2.577782 2.608278 1.769492
v -2.550023 2.570917 1.727183
v -2.481602 2.579467 1.622900
v -2.478720 2.578888 1.635100
v -2.537878 2.571496 1.725266
v -4.523667 2.612309 0.370151
v -4.516474 2.619511 0.375782
v -4.457316 2.626903 0.285615
v -4.464509 2.619701 0.279985
v -4.520785 2.611731 0.382352
v -4.521853 2.571496 0.367386
v -4.518971 2.570917 0.379587
v -2.551837 2.611731 1.729948
v -2.547526 2.619511 1.723377
v -2.539693 2.612309 1.728032
v -2.480534 2.619701 1.637866
v -2.488368 2.626903 1.633211
v -4.452365 2.620280 0.278069
v -4.450550 2.579467 0.275304
v -4.462695 2.578888 0.277220
v -2.483417 2.620280 1.625665
v -2.456740 2.581427 1.585006
v -2.388187 2.586146 1.480521
v -2.385314 2.585827 1.492735
v -2.444587 2.581746 1.583076
v -4.429563 2.622638 0.226722
v -4.422227 2.629854 0.232133
v -4.362954 2.633934 0.141793
v -4.370291 2.626719 0.136381
v -4.426689 2.622319 0.238936
v -4.428561 2.581746 0.225195
v -4.425688 2.581427 0.237410
v -2.457741 2.622319 1.586532
v -2.453278 2.629854 1.579729
v -2.445588 2.622638 1.584602
v -2.386316 2.626719 1.494262
v -2.394006 2.633934 1.489389
v -4.358137 2.627038 0.134452
v -4.357136 2.586146 0.132925
v -4.369288 2.585827 0.134855
v -2.389189 2.627038 1.482048
v -3.487373 4.718946 3.178787
v -3.461806 4.612200 3.139819
v -3.455924 4.619425 3.147666
v -3.478030 4.711720 3.181360
v -5.465395 4.726969 1.771129
v -5.453786 4.729659 1.770246
v -5.431680 4.637366 1.736552
v -5.443289 4.634675 1.737435
v -5.459514 4.734194 1.778975
v -5.488048 4.711718 1.805655
v -5.482166 4.718943 1.813502
v -3.464720 4.734194 3.144260
v -3.458992 4.729659 3.135531
v -3.455378 4.726969 3.146833
v -3.433271 4.634675 3.113140
v -3.436886 4.637366 3.101838
v -5.433947 4.627450 1.740007
v -5.456600 4.612200 1.774534
v -5.465941 4.619425 1.771961
v -3.439153 4.627450 3.105293
v -3.452654 4.562622 3.125870
v -3.426878 4.456019 3.086584
v -3.421011 4.463236 3.094453
v -3.443297 4.555408 3.128420
v -5.430692 4.570782 1.718235
v -5.419087 4.573495 1.717360
v -5.396801 4.481324 1.683393
v -5.408405 4.478611 1.684268
v -5.424824 4.577997 1.726104
v -5.453315 4.555408 1.752716
v -5.447447 4.562622 1.760584
v -3.430031 4.577997 3.091389
v -3.424294 4.573495 3.082645
v -3.420674 4.570782 3.093940
v -3.398388 4.478611 3.059972
v -3.402008 4.481324 3.048678
v -5.399049 4.471395 1.686818
v -5.421672 4.456019 1.721299
v -5.431028 4.463236 1.718748
v -3.404255 4.471395 3.052104
v -1.988614 2.566489 0.871511
v -1.920081 2.561020 0.767056
v -1.917207 2.561390 0.779269
v -1.976462 2.566119 0.869583
v -3.959276 2.606999 -0.490067
v -3.951558 2.614212 -0.485236
v -3.892303 2.609484 -0.575550
v -3.900021 2.602271 -0.580381
v -3.956402 2.607369 -0.477854
v -3.960437 2.566119 -0.488298
v -3.957562 2.566489 -0.476085
v -1.987453 2.607369 0.869742
v -1.982610 2.614212 0.862360
v -1.975301 2.606999 0.867814
v -1.916046 2.602271 0.777500
v -1.923355 2.609484 0.772045
v -3.887869 2.601900 -0.582308
v -3.889030 2.561020 -0.580539
v -3.901181 2.561390 -0.578611
v -1.918921 2.601900 0.765288
v -1.895278 2.551769 0.729253
v -1.826796 2.544727 0.624876
v -1.823918 2.545203 0.637083
v -1.883129 2.551292 0.727330
v -3.865610 2.592142 -0.632828
v -3.857833 2.599350 -0.628088
v -3.798622 2.593261 -0.718335
v -3.806399 2.586053 -0.723075
v -3.862732 2.592618 -0.620621
v -3.867104 2.551292 -0.630550
v -3.864226 2.551769 -0.618343
v -1.893783 2.592618 0.726975
v -1.888885 2.599350 0.719508
v -1.881635 2.592142 0.725052
v -1.822424 2.586053 0.634805
v -1.829674 2.593261 0.629261
v -3.794250 2.585576 -0.724998
v -3.795744 2.544727 -0.722720
v -3.807893 2.545203 -0.720797
v -1.825302 2.585576 0.622599
v -5.359626 4.201417 1.635395
v -5.261348 4.201375 1.702785
v -5.168747 3.817644 1.561647
v -5.267025 3.817685 1.494257
v -5.371327 4.196756 1.641344
v -5.367319 4.199874 1.634751
v -5.274717 3.816143 1.493613
v -5.278727 3.813025 1.500207
v -5.269424 4.195181 1.715809
v -5.367702 4.195223 1.648419
v -5.275102 3.811492 1.507282
v -5.176824 3.811450 1.574672
v -5.257722 4.199841 1.709860
v -5.261732 4.196724 1.716453
v -5.169130 3.812992 1.575315
v -5.165121 3.816110 1.568722
v -5.347424 4.585178 1.833977
v -5.343799 4.583645 1.841053
v -5.301598 4.391733 1.776732
v -5.305223 4.393267 1.769657
v -5.347807 4.580527 1.847646
v -5.305607 4.388616 1.783326
v -5.355500 4.578984 1.847002
v -5.313299 4.387074 1.782682
v -5.453778 4.579026 1.779612
v -5.411577 4.387115 1.715292
v -5.457404 4.580560 1.772537
v -5.415203 4.388649 1.708217
v -5.453394 4.583677 1.765944
v -5.411194 4.391767 1.701623
v -5.445702 4.585220 1.766588
v -5.403501 4.393309 1.702268
v -5.390238 4.777081 1.899233
v -5.386612 4.775548 1.906308
v -5.390622 4.772431 1.912901
v -5.398314 4.770889 1.912257
v -5.496593 4.770931 1.844868
v -5.500218 4.772464 1.837793
v -5.496209 4.775580 1.831199
v -5.488516 4.777123 1.831843
v -5.128000 3.676901 1.512145
v -5.131626 3.678435 1.505069
v -5.229904 3.678476 1.437680
v -5.237597 3.676934 1.437036
v -5.241606 3.673817 1.443629
v -5.237981 3.672283 1.450704
v -5.139703 3.672241 1.518094
v -5.132010 3.673784 1.518738
v -5.091900 3.551000 1.457121
v -5.095525 3.552534 1.450046
v -5.193803 3.552576 1.382657
v -5.201496 3.551033 1.382013
v -5.205505 3.547916 1.388606
v -5.201880 3.546383 1.395681
v -5.103601 3.546341 1.463071
v -5.095909 3.547883 1.463715
v -5.431362 4.969005 1.961913
v -5.427737 4.967471 1.968988
v -5.431746 4.964354 1.975581
v -5.439439 4.962811 1.974937
v -5.537717 4.962853 1.907547
v -5.541343 4.964387 1.900472
v -5.537333 4.967504 1.893879
v -5.529640 4.969047 1.894523
v -3.464779 4.201417 2.932274
v -3.366501 4.201375 2.999664
v -3.273900 3.817644 2.858526
v -3.372179 3.817685 2.791137
v -3.476481 4.196756 2.938223
v -3.472472 4.199874 2.931630
v -3.379871 3.816143 2.790493
v -3.383881 3.813025 2.797086
v -3.374578 4.195181 3.012688
v -3.472856 4.195223 2.945298
v -3.380255 3.811492 2.804161
v -3.281977 3.811450 2.871551
v -3.362876 4.199841 3.006739
v -3.366885 4.196724 3.013332
v -3.274284 3.812992 2.872194
v -3.270275 3.816110 2.865601
v -3.452577 4.585178 3.130857
v -3.448952 4.583645 3.137932
v -3.406751 4.391733 3.073611
v -3.410376 4.393267 3.066536
v -3.452961 4.580527 3.144525
v -3.410760 4.388616 3.080205
v -3.460654 4.578984 3.143881
v -3.418453 4.387074 3.079561
v -3.558932 4.579026 3.076491
v -3.516731 4.387115 3.012170
v -3.562557 4.580560 3.069416
v -3.520356 4.388649 3.005095
v -3.558548 4.583677 3.062822
v -3.516347 4.391767 2.998502
v -3.550855 4.585220 3.063466
v -3.508654 4.393309 2.999146
v -3.495391 4.777081 3.196110
v -3.491766 4.775548 3.203187
v -3.495775 4.772431 3.209780
v -3.503468 4.770889 3.209136
v -3.601746 4.770931 3.141747
v -3.605371 4.772464 3.134670
v -3.601362 4.775580 3.128078
v -3.593669 4.777123 3.128721
v -3.233154 3.676901 2.809023
v -3.236779 3.678435 2.801948
v -3.335057 3.678476 2.734559
v -3.342750 3.676934 2.733915
v -3.346760 3.673817 2.740508
v -3.343134 3.672283 2.747583
v -3.244856 3.672241 2.814973
v -3.237163 3.673784 2.815617
v -3.197053 3.551000 2.754000
v -3.200679 3.552534 2.746925
v -3.298957 3.552576 2.679535
v -3.306650 3.551033 2.678891
v -3.310659 3.547916 2.685485
v -3.307034 3.546383 2.692560
v -3.208755 3.546341 2.759950
v -3.201062 3.547883 2.760594
v -3.536515 4.969007 3.258790
v -3.532890 4.967474 3.265867
v -3.536899 4.964355 3.272460
v -3.544592 4.962811 3.271816
v -3.642870 4.962853 3.204426
v -3.646496 4.964387 3.197351
v -3.642487 4.967505 3.190758
v -3.634794 4.969049 3.191401
v -2.634796 2.577976 1.544384
v -2.536460 2.577844 1.611685
v -2.318108 2.587811 1.278884
v -2.416437 2.587941 1.211572
v -2.640832 2.563409 1.540058
v -2.641112 2.573153 1.539996
v -2.423007 2.583133 1.207571
v -2.423240 2.573419 1.208415
v -2.536019 2.558484 1.611729
v -2.634356 2.558615 1.544427
v -2.417016 2.568639 1.213168
v -2.318687 2.568508 1.280481
v -2.529983 2.573050 1.616054
v -2.529703 2.563307 1.616116
v -2.312117 2.573316 1.284481
v -2.311884 2.583031 1.283638
v -2.702500 2.546946 1.864755
v -2.695791 2.542172 1.868770
v -2.619607 2.560785 1.752655
v -2.626200 2.565569 1.748463
v -2.695039 2.532468 1.868113
v -2.619092 2.551061 1.752357
v -2.701122 2.527666 1.863370
v -2.625291 2.546248 1.747792
v -2.799465 2.527796 1.796078
v -2.723630 2.546380 1.680495
v -2.806173 2.532570 1.792063
v -2.730223 2.551163 1.676303
v -2.806925 2.542274 1.792720
v -2.730739 2.560887 1.676601
v -2.800842 2.547077 1.797463
v -2.724539 2.565700 1.681166
v -2.095184 2.571935 0.953354
v -2.101534 2.576721 0.948792
v -2.199866 2.576853 0.881486
v -2.206310 2.572037 0.877292
v -2.206286 2.562308 0.877745
v -2.199936 2.557521 0.882305
v -2.101603 2.557390 0.949612
v -2.095160 2.562206 0.953807
v -2.826394 2.487769 2.053588
v -2.818791 2.483710 2.056241
v -2.761138 2.517740 1.968369
v -2.768294 2.522157 1.965035
v -2.816221 2.475461 2.052813
v -2.759477 2.508764 1.966326
v -2.821404 2.471378 2.046699
v -2.765110 2.504321 1.960897
v -2.919772 2.471489 1.979444
v -2.863465 2.504442 1.893624
v -2.927374 2.475548 1.976792
v -2.870620 2.508858 1.890290
v -2.929944 2.483797 1.980220
v -2.872281 2.517835 1.892333
v -2.924761 2.487880 1.986334
v -2.866648 2.522278 1.897761
v -2.880968 2.441920 2.136768
v -2.872918 2.438220 2.138739
v -2.869440 2.430697 2.133926
v -2.874173 2.426975 2.127126
v -2.972553 2.427076 2.059890
v -2.980602 2.430777 2.057920
v -2.984081 2.438299 2.062732
v -2.979347 2.442022 2.069532
v -1.878460 2.550243 0.623034
v -1.884936 2.555037 0.618665
v -1.983272 2.555169 0.551363
v -1.989589 2.550346 0.546976
v -1.989308 2.540602 0.547038
v -1.982832 2.535809 0.551407
v -1.884496 2.535677 0.618708
v -1.878180 2.540500 0.623096
v -2.921475 2.395088 2.198506
v -2.912978 2.391745 2.199795
v -2.908590 2.384950 2.193597
v -2.912874 2.381587 2.186111
v -3.011265 2.381679 2.118894
v -3.019762 2.385022 2.117605
v -3.024149 2.391817 2.123803
v -3.019866 2.395180 2.131289
v -4.417347 2.577976 0.324362
v -4.319012 2.577844 0.391664
v -4.100659 2.587811 0.058863
v -4.198988 2.587941 -0.008450
v -4.423383 2.563409 0.320037
v -4.423663 2.573153 0.319975
v -4.205559 2.583133 -0.012450
v -4.205791 2.573419 -0.011606
v -4.318571 2.558484 0.391707
v -4.416907 2.558615 0.324406
v -4.199567 2.568639 -0.006853
v -4.101238 2.568508 0.060459
v -4.312534 2.573050 0.396033
v -4.312255 2.563307 0.396095
v -4.094668 2.573316 0.064460
v -4.094436 2.583031 0.063616
v -4.485051 2.546946 0.644734
v -4.478342 2.542172 0.648749
v -4.402159 2.560785 0.532633
v -4.408751 2.565569 0.528441
v -4.477591 2.532468 0.648092
v -4.401643 2.551061 0.532336
v -4.483674 2.527666 0.643349
v -4.407843 2.546248 0.527771
v -4.582016 2.527796 0.576057
v -4.506182 2.546380 0.460474
v -4.588724 2.532570 0.572042
v -4.512774 2.551163 0.456282
v -4.589477 2.542274 0.572699
v -4.513290 2.560887 0.456579
v -4.583393 2.547077 0.577442
v -4.507091 2.565700 0.461145
v -3.877735 2.571935 -0.266668
v -3.884085 2.576721 -0.271229
v -3.982418 2.576853 -0.338536
v -3.988861 2.572037 -0.342730
v -3.988837 2.562308 -0.342277
v -3.982487 2.557521 -0.337716
v -3.884155 2.557390 -0.270409
v -3.877712 2.562206 -0.266215
v -4.608945 2.487769 0.833567
v -4.601342 2.483710 0.836219
v -4.543689 2.517740 0.748347
v -4.550845 2.522157 0.745013
v -4.598772 2.475461 0.832792
v -4.542028 2.508764 0.746305
v -4.603956 2.471378 0.826677
v -4.547662 2.504321 0.740876
v -4.702323 2.471489 0.759423
v -4.646016 2.504442 0.673602
v -4.709926 2.475548 0.756771
v -4.653172 2.508858 0.670269
v -4.712495 2.483797 0.760198
v -4.654833 2.517835 0.672312
v -4.707312 2.487880 0.766312
v -4.649199 2.522278 0.677740
v -4.663520 2.441920 0.916747
v -4.655469 2.438220 0.918717
v -4.651991 2.430697 0.913905
v -4.656724 2.426975 0.907104
v -4.755104 2.427076 0.839869
v -4.763154 2.430777 0.837898
v -4.766632 2.438299 0.842711
v -4.761898 2.442022 0.849511
v -3.661011 2.550243 -0.596988
v -3.667488 2.555037 -0.601357
v -3.765824 2.555169 -0.668658
v -3.772140 2.550346 -0.673045
v -3.771860 2.540602 -0.672983
v -3.765383 2.535809 -0.668615
v -3.667047 2.535677 -0.601313
v -3.660731 2.540500 -0.596926
v -4.704026 2.395088 0.978485
v -4.695529 2.391745 0.979774
v -4.691141 2.384950 0.973576
v -4.695425 2.381587 0.966090
v -4.793817 2.381679 0.898873
v -4.802314 2.385022 0.897584
v -4.806701 2.391817 0.903782
v -4.802418 2.395180 0.911267
v -3.874761 2.432665 -0.485050
v -3.886422 2.449443 -0.483217
v -4.039073 2.326286 -0.250554
v -4.025596 2.311521 -0.255155
v -3.899201 2.456571 -0.487793
v -4.052570 2.332429 -0.254035
v -4.220449 2.183625 0.001837
v -4.207243 2.177325 0.005763
v -4.194296 2.161878 0.001970
v -4.383780 1.985178 0.274832
v -4.370371 1.970297 0.270334
v -4.397089 1.991314 0.271063
v -4.577873 1.759326 0.546606
v -4.564267 1.753508 0.549922
v -4.549903 1.739749 0.543969
v -3.926056 2.456571 -0.506173
v -3.935059 2.449443 -0.516505
v -4.087709 2.326286 -0.283841
v -4.079425 2.332429 -0.272415
v -3.937832 2.432665 -0.528218
v -4.088667 2.311521 -0.298322
v -4.257367 2.161878 -0.041198
v -4.255879 2.177325 -0.027525
v -4.247303 2.183625 -0.016543
v -4.432417 1.985178 0.241544
v -4.423944 1.991314 0.252683
v -4.433442 1.970297 0.227167
v -4.612974 1.739749 0.500801
v -4.612904 1.753508 0.516634
v -4.604728 1.759326 0.528226
v -5.115893 0.570294 1.406623
v -5.109221 0.569810 1.380512
v -4.989302 0.849852 1.197738
v -4.993550 0.856145 1.220154
v -5.114782 0.569625 1.364937
v -4.995875 0.847317 1.183703
v -4.863313 1.126638 0.981659
v -4.855910 1.131047 0.994429
v -4.858107 1.141873 1.013717
v -4.697851 1.415829 0.753524
v -4.698739 1.428707 0.770818
v -4.705721 1.410497 0.741465
v -4.529713 1.668774 0.473201
v -4.521553 1.674526 0.484818
v -4.521499 1.688273 0.500676
v -5.141637 0.569625 1.346557
v -5.157857 0.569810 1.347224
v -5.037938 0.849852 1.164451
v -5.022729 0.847317 1.165324
v -5.178965 0.570294 1.363456
v -5.056622 0.856145 1.176986
v -4.921178 1.141873 0.970550
v -4.904547 1.131047 0.961141
v -4.890167 1.126638 0.963279
v -4.746488 1.415829 0.720236
v -4.732575 1.410497 0.723085
v -4.761811 1.428707 0.727650
v -4.584570 1.688273 0.457508
v -4.570189 1.674526 0.451530
v -4.556567 1.668774 0.454821
v -4.746564 1.490316 0.827770
v -4.731255 1.477368 0.820376
v -4.760462 1.495671 0.824899
v -4.926971 1.198634 1.078684
v -4.912603 1.194202 1.080838
v -4.895983 1.183350 1.071446
v -5.057990 0.886575 1.302431
v -5.039316 0.880270 1.289908
v -5.073190 0.889124 1.301544
v -5.208125 0.572877 1.507205
v -5.191913 0.572692 1.506549
v -5.170814 0.572208 1.490330
v -4.795200 1.490316 0.794481
v -4.787316 1.495671 0.806519
v -4.794326 1.477368 0.777209
v -4.959054 1.183350 1.028279
v -4.961240 1.194202 1.047550
v -4.953825 1.198634 1.060304
v -5.106627 0.886575 1.269143
v -5.100044 0.889124 1.283164
v -5.102387 0.880270 1.246741
v -5.233885 0.572208 1.447163
v -5.240550 0.572692 1.473261
v -5.234980 0.572877 1.488825
v -4.395751 1.899572 0.185661
v -4.382426 1.893454 0.189405
v -4.409178 1.914402 0.190184
v -4.235332 2.103405 -0.074783
v -4.222373 2.088043 -0.078594
v -4.209155 2.081719 -0.074687
v -4.051530 2.241036 -0.338985
v -4.038030 2.234869 -0.335508
v -4.065010 2.255720 -0.334380
v -3.921238 2.370037 -0.553510
v -3.909582 2.353290 -0.555335
v -3.896809 2.346188 -0.550750
v -4.347115 1.899572 0.218949
v -4.346106 1.914402 0.233351
v -4.355572 1.893454 0.207785
v -4.182300 2.081719 -0.056308
v -4.173737 2.088043 -0.045307
v -4.172260 2.103405 -0.031616
v -4.002893 2.241036 -0.305697
v -4.001939 2.255720 -0.291212
v -4.011175 2.234869 -0.317128
v -3.869954 2.346188 -0.532370
v -3.860946 2.353290 -0.522047
v -3.858166 2.370037 -0.510343
v -3.812091 2.491231 -0.625141
v -3.815252 2.496203 -0.615744
v -3.803237 2.489263 -0.610004
v -3.803974 2.486547 -0.621262
v -3.834800 2.491231 -0.640683
v -3.842107 2.496203 -0.634124
v -3.841416 2.486559 -0.646884
v -3.851873 2.489263 -0.643292
v -3.846510 2.411935 -0.667407
v -3.835792 2.415610 -0.668436
v -3.827955 2.402474 -0.667775
v -3.836584 2.395648 -0.666595
v -3.856435 2.472929 -0.652279
v -3.845105 2.473517 -0.654077
v -3.783438 2.411935 -0.624240
v -3.786664 2.415627 -0.634806
v -3.796073 2.473511 -0.620521
v -3.793364 2.472929 -0.609112
v -3.787947 2.395648 -0.633308
v -3.790253 2.402542 -0.641946
v -3.797667 2.388753 -0.642546
v -3.796861 2.397732 -0.648192
v -3.824522 2.388753 -0.660926
v -3.819716 2.397732 -0.663834
v -3.451647 4.807852 3.269562
v -3.444155 4.807852 3.274691
v -3.449803 4.830713 3.283298
v -3.457295 4.830713 3.278172
v -3.444155 4.853578 3.274691
v -3.451647 4.853578 3.269562
v -3.430518 4.863048 3.253906
v -3.438010 4.863048 3.248779
v -3.416882 4.853578 3.233124
v -3.424375 4.853578 3.227996
v -3.411234 4.830713 3.224514
v -3.418726 4.830713 3.219387
v -3.416882 4.807852 3.233124
v -3.424375 4.807852 3.227996
v -3.430518 4.798382 3.253906
v -3.438010 4.798382 3.248779
v -3.420477 4.820602 3.274099
v -3.414447 4.830713 3.264904
v -3.422975 4.830713 3.277905
v -3.420477 4.840827 3.274099
v -3.414447 4.845015 3.264904
v -3.408416 4.840827 3.255716
v -3.405918 4.830713 3.251909
v -3.408416 4.820602 3.255716
v -3.414447 4.816415 3.264904
v -3.432313 4.814961 3.273427
v -3.436205 4.830713 3.279361
v -3.432313 4.846467 3.273427
v -3.422917 4.852993 3.259109
v -3.413522 4.846467 3.244790
v -3.409630 4.830713 3.238858
v -3.413522 4.814961 3.244790
v -3.422917 4.808436 3.259109
v -3.418968 4.814961 3.282562
v -3.422859 4.830713 3.288495
v -3.418968 4.846467 3.282562
v -3.409572 4.852993 3.268243
v -3.400177 4.846467 3.253922
v -3.396285 4.830713 3.247992
v -3.400177 4.814961 3.253922
v -3.409572 4.808436 3.268243
v -3.415603 4.820602 3.277435
v -3.418101 4.830713 3.281240
v -3.415603 4.840827 3.277435
v -3.409572 4.845015 3.268243
v -3.403542 4.840827 3.259052
v -3.401044 4.830713 3.255244
v -3.403542 4.820602 3.259052
v -3.409572 4.816415 3.268243
v -3.914670 2.354267 -0.562882
v -3.938449 2.356968 -0.526640
v -3.956122 2.356968 -0.538736
v -3.932343 2.354267 -0.574978
v -3.859919 2.515279 -0.646331
v -3.979748 2.528888 -0.463694
v -3.953136 2.374957 -0.504254
v -3.898669 2.368771 -0.587269
v -3.997421 2.528888 -0.475790
v -3.970809 2.374957 -0.516350
v -3.877592 2.515279 -0.658427
v -3.916342 2.368771 -0.599365
v -3.851903 2.524369 -0.642028
v -3.971732 2.537978 -0.459390
v -3.983716 2.550682 -0.468726
v -3.863887 2.537073 -0.651363
v -3.903380 2.361145 -0.580090
v -3.949083 2.366336 -0.510432
v -3.966756 2.366336 -0.522528
v -3.921053 2.361145 -0.592186
v -3.842665 2.526425 -0.635517
v -3.962495 2.540034 -0.452880
v -3.961769 2.558000 -0.453986
v -3.841940 2.544391 -0.636624
v -3.777754 2.526425 -0.591091
v -3.897583 2.540034 -0.408453
v -3.896858 2.558000 -0.409559
v -3.777028 2.544391 -0.592197
v -3.950275 2.389867 -0.545902
v -3.955625 2.411522 -0.537748
v -3.962722 2.411522 -0.542605
v -3.957372 2.389867 -0.550760
v -3.950275 2.433177 -0.545902
v -3.957372 2.433177 -0.550760
v -3.937359 2.442147 -0.565589
v -3.944455 2.442147 -0.570447
v -3.924442 2.433177 -0.585276
v -3.931539 2.433177 -0.590133
v -3.919092 2.411522 -0.593430
v -3.926189 2.411522 -0.598288
v -3.924442 2.389867 -0.585276
v -3.931539 2.389867 -0.590133
v -3.937359 2.380897 -0.565589
v -3.944455 2.380897 -0.570447
v -3.965391 2.401946 -0.572160
v -3.967757 2.411522 -0.568553
v -3.959679 2.411522 -0.580866
v -3.965391 2.421099 -0.572160
v -3.959679 2.425066 -0.580866
v -3.953967 2.421099 -0.589572
v -3.951601 2.411522 -0.593178
v -3.953967 2.401946 -0.589572
v -3.959679 2.397979 -0.580866
v -3.964241 2.411522 -0.556192
v -3.960555 2.396602 -0.561810
v -3.960555 2.426443 -0.561810
v -3.951655 2.432623 -0.575374
v -3.942756 2.426443 -0.588939
v -3.939070 2.411522 -0.594557
v -3.942756 2.396602 -0.588939
v -3.951655 2.390421 -0.575374
v -3.976882 2.411522 -0.564843
v -3.973195 2.396602 -0.570462
v -3.973195 2.426443 -0.570462
v -3.964296 2.432623 -0.584026
v -3.955396 2.426443 -0.597590
v -3.951710 2.411522 -0.603209
v -3.955396 2.396602 -0.597590
v -3.964296 2.390421 -0.584026
v -3.972374 2.411522 -0.571713
v -3.970008 2.401946 -0.575320
v -3.970008 2.421099 -0.575320
v -3.964296 2.425066 -0.584026
v -3.958584 2.421099 -0.592732
v -3.956218 2.411522 -0.596339
v -3.958584 2.401946 -0.592732
v -3.964296 2.397979 -0.584026
v -4.493680 1.817787 0.454633
v -4.499329 1.794926 0.463242
v -4.491836 1.794926 0.468370
v -4.486188 1.817787 0.459761
v -4.493680 1.772064 0.454633
v -4.486188 1.772064 0.459761
v -4.480044 1.762594 0.433849
v -4.472551 1.762594 0.438977
v -4.466408 1.772064 0.413066
v -4.458916 1.772064 0.418194
v -4.460759 1.794926 0.404457
v -4.453267 1.794926 0.409585
v -4.466408 1.817787 0.413066
v -4.458916 1.817787 0.418194
v -4.480044 1.827257 0.433849
v -4.472551 1.827257 0.438977
v -4.462510 1.805036 0.459169
v -4.465009 1.794926 0.462976
v -4.456480 1.794926 0.449977
v -4.462510 1.784815 0.459169
v -4.456480 1.780627 0.449977
v -4.450449 1.784815 0.440786
v -4.447951 1.794926 0.436979
v -4.450449 1.805036 0.440786
v -4.456480 1.809224 0.449977
v -4.478238 1.794926 0.464431
v -4.474346 1.810677 0.458500
v -4.474346 1.779174 0.458500
v -4.464951 1.772649 0.444180
v -4.455555 1.779174 0.429860
v -4.451663 1.794926 0.423928
v -4.455555 1.810677 0.429860
v -4.464951 1.817202 0.444180
v -4.464892 1.794926 0.473565
v -4.461001 1.810677 0.467634
v -4.461001 1.779174 0.467634
v -4.451606 1.772649 0.453313
v -4.442210 1.779174 0.438993
v -4.438318 1.794926 0.433062
v -4.442210 1.810677 0.438993
v -4.451606 1.817202 0.453313
v -4.460134 1.794926 0.466312
v -4.457636 1.805036 0.462505
v -4.457636 1.784815 0.462505
v -4.451606 1.780627 0.453313
v -4.445575 1.784815 0.444122
v -4.443077 1.794926 0.440315
v -4.445575 1.805036 0.444122
v -4.451606 1.809224 0.453313
v -3.872207 2.433177 -0.492471
v -3.877558 2.411522 -0.484317
v -3.870460 2.411522 -0.479459
v -3.865110 2.433177 -0.487613
v -3.872207 2.389867 -0.492471
v -3.865110 2.389867 -0.487613
v -3.859291 2.380897 -0.512158
v -3.852194 2.380897 -0.507300
v -3.846374 2.389867 -0.531845
v -3.839277 2.389867 -0.526987
v -3.841024 2.411522 -0.539999
v -3.833927 2.411522 -0.535141
v -3.846374 2.433177 -0.531845
v -3.839277 2.433177 -0.526987
v -3.859291 2.442147 -0.512158
v -3.852194 2.442147 -0.507300
v -3.842682 2.421099 -0.488175
v -3.845048 2.411522 -0.484568
v -3.836970 2.411522 -0.496881
v -3.842682 2.401946 -0.488175
v -3.836970 2.397979 -0.496881
v -3.831258 2.401946 -0.505587
v -3.828892 2.411522 -0.509193
v -3.831258 2.421099 -0.505587
v -3.836970 2.425066 -0.496881
v -3.857580 2.411522 -0.483190
v -3.853894 2.426443 -0.488809
v -3.853894 2.396602 -0.488809
v -3.844994 2.390421 -0.502373
v -3.836094 2.396602 -0.515937
v -3.832408 2.411522 -0.521556
v -3.836094 2.426443 -0.515937
v -3.844994 2.432623 -0.502373
v -3.844939 2.411522 -0.474538
v -3.841253 2.426443 -0.480157
v -3.841253 2.396602 -0.480157
v -3.832353 2.390421 -0.493721
v -3.823453 2.396602 -0.507285
v -3.819767 2.411522 -0.512904
v -3.823453 2.426443 -0.507285
v -3.832353 2.432623 -0.493721
v -3.840431 2.411522 -0.481409
v -3.838065 2.421099 -0.485015
v -3.838065 2.401946 -0.485015
v -3.832353 2.397979 -0.493721
v -3.826641 2.401946 -0.502427
v -3.824275 2.411522 -0.506034
v -3.826641 2.421099 -0.502427
v -3.832353 2.425066 -0.493721
v -3.202762 3.756547 2.890225
v -3.195270 3.756547 2.895353
v -3.200918 3.779409 2.903962
v -3.208411 3.779409 2.898834
v -3.195270 3.802270 2.895353
v -3.202762 3.802270 2.890225
v -3.181634 3.811741 2.874570
v -3.189126 3.811741 2.869442
v -3.167998 3.802270 2.853786
v -3.175490 3.802270 2.848658
v -3.162349 3.779409 2.845177
v -3.169842 3.779409 2.840049
v -3.167998 3.756547 2.853786
v -3.175490 3.756547 2.848658
v -3.181634 3.747077 2.874570
v -3.189126 3.747077 2.869442
v -3.171592 3.769298 2.894761
v -3.165562 3.779409 2.885570
v -3.174091 3.779409 2.898568
v -3.171592 3.789519 2.894761
v -3.165562 3.793707 2.885570
v -3.159532 3.789519 2.876378
v -3.157034 3.779409 2.872571
v -3.159532 3.769298 2.876378
v -3.165562 3.765110 2.885570
v -3.183429 3.763657 2.894092
v -3.187320 3.779409 2.900024
v -3.183429 3.795161 2.894092
v -3.174033 3.801685 2.879772
v -3.164638 3.795161 2.865452
v -3.160746 3.779409 2.859520
v -3.164638 3.763657 2.865452
v -3.174033 3.757132 2.879772
v -3.170083 3.763657 2.903225
v -3.173975 3.779409 2.909158
v -3.170083 3.795161 2.903225
v -3.160688 3.801685 2.888906
v -3.151293 3.795161 2.874586
v -3.147401 3.779409 2.868654
v -3.151293 3.763657 2.874586
v -3.160688 3.757132 2.888906
v -3.166718 3.769298 2.898097
v -3.169216 3.779409 2.901904
v -3.166718 3.789519 2.898097
v -3.160688 3.793707 2.888906
v -3.154658 3.789519 2.879714
v -3.152160 3.779409 2.875907
v -3.154658 3.769298 2.879714
v -3.160688 3.765110 2.888906
v -2.500021 1.772064 1.819142
v -2.492529 1.772064 1.824270
v -2.498177 1.794926 1.832878
v -2.505670 1.794926 1.827751
v -2.492529 1.817787 1.824270
v -2.500021 1.817787 1.819142
v -2.478893 1.827257 1.803486
v -2.486385 1.827257 1.798358
v -2.465256 1.817787 1.782702
v -2.472749 1.817787 1.777574
v -2.459608 1.794926 1.774094
v -2.467101 1.794926 1.768965
v -2.465256 1.772064 1.782702
v -2.472749 1.772064 1.777574
v -2.478893 1.762594 1.803486
v -2.486385 1.762594 1.798358
v -2.468852 1.784815 1.823677
v -2.462821 1.794926 1.814486
v -2.471349 1.794926 1.827484
v -2.468852 1.805036 1.823677
v -2.462821 1.809224 1.814486
v -2.456790 1.805036 1.805295
v -2.454293 1.794926 1.801487
v -2.456790 1.784815 1.805295
v -2.462821 1.780627 1.814486
v -2.480687 1.779174 1.823008
v -2.484579 1.794926 1.828940
v -2.480687 1.810677 1.823008
v -2.471292 1.817202 1.808688
v -2.461896 1.810677 1.794368
v -2.458005 1.794926 1.788437
v -2.461896 1.779174 1.794368
v -2.471292 1.772649 1.808688
v -2.467342 1.779174 1.832142
v -2.471234 1.794926 1.838073
v -2.467342 1.810677 1.832142
v -2.457947 1.817202 1.817822
v -2.448551 1.810677 1.803502
v -2.444660 1.794926 1.797570
v -2.448551 1.779174 1.803502
v -2.457947 1.772649 1.817822
v -2.463977 1.784815 1.827013
v -2.466475 1.794926 1.830820
v -2.463977 1.805036 1.827013
v -2.457947 1.809224 1.817822
v -2.451916 1.805036 1.808630
v -2.449419 1.794926 1.804824
v -2.451916 1.784815 1.808630
v -2.457947 1.780627 1.817822
v -1.930424 2.354267 0.795184
v -1.912751 2.354267 0.807280
v -1.936530 2.356968 0.843522
v -1.954203 2.356968 0.831426
v -1.875673 2.515279 0.711735
v -1.914424 2.368771 0.770797
v -1.968890 2.374957 0.853812
v -1.995502 2.528888 0.894372
v -1.951217 2.374957 0.865908
v -1.977829 2.528888 0.906468
v -1.896750 2.368771 0.782893
v -1.858000 2.515279 0.723831
v -2.002446 2.537978 0.888437
v -1.882617 2.524369 0.705799
v -1.989437 2.550682 0.896208
v -1.869608 2.537073 0.713570
v -1.919134 2.361145 0.777976
v -1.964837 2.366336 0.847634
v -1.947163 2.366336 0.859730
v -1.901461 2.361145 0.790072
v -2.011854 2.540034 0.882186
v -1.892025 2.526425 0.699548
v -2.011128 2.558000 0.881079
v -1.891299 2.544391 0.698442
v -2.076766 2.540034 0.837759
v -1.956937 2.526425 0.655121
v -2.076040 2.558000 0.836652
v -1.956210 2.544391 0.654015
v -2.631700 1.817787 1.729018
v -2.639192 1.817787 1.723890
v -2.644840 1.794926 1.732499
v -2.637348 1.794926 1.737627
v -2.639192 1.772064 1.723890
v -2.631700 1.772064 1.729018
v -2.625556 1.762594 1.703106
v -2.618063 1.762594 1.708234
v -2.611919 1.772064 1.682323
v -2.604427 1.772064 1.687451
v -2.606271 1.794926 1.673714
v -2.598779 1.794926 1.678842
v -2.611919 1.817787 1.682323
v -2.604427 1.817787 1.687451
v -2.625556 1.827257 1.703106
v -2.618063 1.827257 1.708234
v -2.647658 1.805036 1.701298
v -2.641627 1.794926 1.692106
v -2.650156 1.794926 1.705105
v -2.647658 1.784815 1.701298
v -2.641627 1.780627 1.692106
v -2.635597 1.784815 1.682915
v -2.633099 1.794926 1.679108
v -2.635597 1.805036 1.682915
v -2.641627 1.809224 1.692106
v -2.642552 1.810677 1.712224
v -2.646444 1.794926 1.718156
v -2.642552 1.779174 1.712224
v -2.633157 1.772649 1.697904
v -2.623761 1.779174 1.683584
v -2.619869 1.794926 1.677653
v -2.623761 1.810677 1.683584
v -2.633157 1.817202 1.697904
v -2.655897 1.810677 1.703091
v -2.659789 1.794926 1.709022
v -2.655897 1.779174 1.703091
v -2.646502 1.772649 1.688770
v -2.637106 1.779174 1.674450
v -2.633214 1.794926 1.668519
v -2.637106 1.810677 1.674450
v -2.646502 1.817202 1.688770
v -2.652532 1.805036 1.697962
v -2.655030 1.794926 1.701769
v -2.652532 1.784815 1.697962
v -2.646502 1.780627 1.688770
v -2.640471 1.784815 1.679579
v -2.637973 1.794926 1.675772
v -2.640471 1.805036 1.679579
v -2.646502 1.809224 1.688770
v -2.010330 2.433177 0.781843
v -2.017427 2.433177 0.776986
v -2.022778 2.411522 0.785140
v -2.015681 2.411522 0.789997
v -2.017427 2.389867 0.776986
v -2.010330 2.389867 0.781843
v -2.004511 2.380897 0.757299
v -1.997414 2.380897 0.762156
v -1.991594 2.389867 0.737612
v -1.984497 2.389867 0.742469
v -1.986244 2.411522 0.729457
v -1.979147 2.411522 0.734315
v -1.991594 2.433177 0.737612
v -1.984497 2.433177 0.742469
v -2.004511 2.442147 0.757299
v -1.997414 2.442147 0.762156
v -2.025447 2.421099 0.755585
v -2.019734 2.411522 0.746879
v -2.027813 2.411522 0.759192
v -2.025447 2.401946 0.755585
v -2.019734 2.397979 0.746879
v -2.014022 2.401946 0.738173
v -2.011656 2.411522 0.734567
v -2.014022 2.421099 0.738173
v -2.019734 2.425066 0.746879
v -2.020610 2.426443 0.765935
v -2.024296 2.411522 0.771554
v -2.020610 2.396602 0.765935
v -2.011710 2.390421 0.752371
v -2.002811 2.396602 0.738807
v -1.999125 2.411522 0.733188
v -2.002811 2.426443 0.738807
v -2.011710 2.432623 0.752371
v -2.033251 2.426443 0.757284
v -2.036937 2.411522 0.762902
v -2.033251 2.396602 0.757284
v -2.024351 2.390421 0.743719
v -2.015452 2.396602 0.730155
v -2.011765 2.411522 0.724537
v -2.015452 2.426443 0.730155
v -2.024351 2.432623 0.743719
v -2.030063 2.421099 0.752426
v -2.032429 2.411522 0.756032
v -2.030063 2.401946 0.752426
v -2.024351 2.397979 0.743719
v -2.018639 2.401946 0.735013
v -2.016273 2.411522 0.731407
v -2.018639 2.421099 0.735013
v -2.024351 2.425066 0.743719
v -1.863679 0.558999 0.715722
v -2.194716 1.152651 1.220272
v -2.174407 1.163759 1.202289
v -1.839093 0.558999 0.691219
v -2.160454 1.166478 1.203858
v -1.823957 0.558999 0.690986
v -2.481658 1.765210 1.670585
v -2.468223 1.768365 1.672945
v -2.500234 1.752348 1.685927
v -2.763850 2.348369 2.087719
v -2.745809 2.361546 2.073191
v -2.732511 2.364892 2.075758
v -2.967856 2.949954 2.411624
v -2.954421 2.952940 2.413983
v -2.986183 2.938813 2.426588
v -1.793239 0.558999 0.712010
v -2.129736 1.166478 1.224883
v -2.123010 1.163759 1.237467
v -1.787696 0.558999 0.726397
v -2.131573 1.152651 1.263489
v -1.800537 0.558999 0.758939
v -2.430260 1.765210 1.705763
v -2.437091 1.752348 1.729144
v -2.437505 1.768365 1.693969
v -2.701792 2.364892 2.096782
v -2.694411 2.361546 2.108369
v -2.700707 2.348369 2.130935
v -2.916458 2.949954 2.446802
v -2.923040 2.938813 2.469804
v -2.923702 2.952940 2.435007
v -3.493373 4.692269 3.212592
v -3.357645 4.094183 3.005721
v -3.350606 4.091910 3.017829
v -3.486392 4.690242 3.224787
v -3.486962 4.699327 3.189850
v -3.351247 4.102019 2.983001
v -3.197859 3.502971 2.749214
v -3.204403 3.493716 2.772157
v -3.197282 3.491129 2.784141
v -3.021866 2.891680 2.493943
v -3.014636 2.888736 2.505760
v -3.015269 2.902781 2.470919
v -3.441976 4.692269 3.247770
v -3.306247 4.094183 3.040899
v -3.288104 4.102019 3.026217
v -3.423819 4.699327 3.233066
v -3.455673 4.690242 3.245811
v -3.319887 4.091910 3.038853
v -3.166564 3.491129 2.805165
v -3.153005 3.493716 2.807335
v -3.134716 3.502971 2.792431
v -2.970468 2.891680 2.529121
v -2.952127 2.902781 2.514136
v -2.983918 2.888736 2.526785
v -3.169675 3.529840 2.706258
v -3.151400 3.539139 2.691372
v -3.137854 3.541769 2.693562
v -3.306235 4.129906 2.927364
v -3.292602 4.132213 2.929422
v -3.324369 4.122036 2.942034
v -3.460305 4.715986 3.149221
v -3.442153 4.723063 3.134524
v -3.428459 4.725109 3.136489
v -3.107135 3.541769 2.714587
v -3.100002 3.539139 2.726551
v -3.106533 3.529840 2.749474
v -3.254836 4.129906 2.962542
v -3.261226 4.122036 2.985250
v -3.261884 4.132213 2.950447
v -3.397740 4.725109 3.157513
v -3.390754 4.723063 3.169702
v -3.397162 4.715986 3.192438
v -2.760162 2.285568 2.185748
v -2.746855 2.288892 2.188301
v -2.728805 2.302047 2.173759
v -2.486244 1.694032 1.791091
v -2.467663 1.706892 1.775740
v -2.499686 1.690880 1.788742
v -2.204081 1.101547 1.338195
v -2.190111 1.104272 1.339739
v -2.169786 1.115386 1.321731
v -1.902376 0.559000 0.901187
v -1.877756 0.559000 0.876633
v -1.917545 0.559000 0.901472
v -2.791947 2.302047 2.130543
v -2.798253 2.288892 2.153123
v -2.790880 2.285568 2.164723
v -2.537642 1.694032 1.755913
v -2.530404 1.690880 1.767717
v -2.530806 1.706892 1.732523
v -2.232929 1.115386 1.278514
v -2.241509 1.104272 1.304562
v -2.234799 1.101547 1.317171
v -1.953774 0.559000 0.866009
v -1.948264 0.559000 0.880448
v -1.940899 0.559000 0.833416
v -3.559330 5.049562 3.339375
v -3.563947 5.050767 3.331217
v -3.570020 5.043967 3.329412
v -3.563076 5.042119 3.341666
v -3.532357 5.042119 3.362689
v -3.531706 5.049563 3.358267
v -3.518622 5.043967 3.364592
v -3.522537 5.050756 3.359611
v -3.558460 5.056417 3.311623
v -3.563525 5.050613 3.306544
v -3.532404 5.070963 3.271861
v -3.536551 5.065681 3.265429
v -3.500382 5.050613 3.349760
v -3.473408 5.065681 3.308648
v -3.480785 5.070964 3.307187
v -3.506886 5.056417 3.346925
v -3.466912 5.072330 3.285777
v -3.475129 5.076651 3.287568
v -3.479814 5.077876 3.279284
v -3.473856 5.074181 3.273525
v -3.504575 5.074181 3.252501
v -3.507522 5.077878 3.260303
v -3.518310 5.072330 3.250597
v -3.516779 5.076635 3.259109
v -1.932263 2.389867 0.835274
v -1.925166 2.389867 0.840132
v -1.930516 2.411522 0.848286
v -1.937613 2.411522 0.843429
v -1.925166 2.433177 0.840132
v -1.932263 2.433177 0.835274
v -1.912249 2.442147 0.820445
v -1.919346 2.442147 0.815587
v -1.899332 2.433177 0.800758
v -1.906429 2.433177 0.795901
v -1.893982 2.411522 0.792604
v -1.901079 2.411522 0.787746
v -1.899332 2.389867 0.800758
v -1.906429 2.389867 0.795901
v -1.912249 2.380897 0.820445
v -1.919346 2.380897 0.815587
v -1.902738 2.401946 0.839570
v -1.897026 2.411522 0.830864
v -1.905104 2.411522 0.843177
v -1.902738 2.421099 0.839570
v -1.897026 2.425066 0.830864
v -1.891313 2.421099 0.822158
v -1.888947 2.411522 0.818552
v -1.891313 2.401946 0.822158
v -1.897026 2.397979 0.830864
v -1.913949 2.396602 0.838937
v -1.917635 2.411522 0.844555
v -1.913949 2.426443 0.838937
v -1.905049 2.432623 0.825372
v -1.896150 2.426443 0.811808
v -1.892463 2.411522 0.806190
v -1.896150 2.396602 0.811808
v -1.905049 2.390421 0.825372
v -1.901308 2.396602 0.847588
v -1.904994 2.411522 0.853207
v -1.901308 2.426443 0.847588
v -1.892408 2.432623 0.834024
v -1.883509 2.426443 0.820460
v -1.879822 2.411522 0.814841
v -1.883509 2.396602 0.820460
v -1.892408 2.390421 0.834024
v -1.898121 2.401946 0.842730
v -1.900487 2.411522 0.846336
v -1.898121 2.421099 0.842730
v -1.892408 2.425066 0.834024
v -1.886696 2.421099 0.825318
v -1.884330 2.411522 0.821711
v -1.886696 2.401946 0.825318
v -1.892408 2.397979 0.834024
v -2.016079 2.432665 0.787076
v -2.166914 2.311521 1.016972
v -2.165957 2.326286 1.031453
v -2.013306 2.449443 0.798790
v -2.157672 2.332429 1.042880
v -2.004303 2.456571 0.809121
v -2.334126 2.177325 1.287769
v -2.325551 2.183625 1.298751
v -2.335615 2.161878 1.274096
v -2.511689 1.970297 1.542461
v -2.510664 1.985178 1.556839
v -2.502191 1.991314 1.567977
v -2.691151 1.753508 1.831928
v -2.682975 1.759326 1.843520
v -2.691222 1.739749 1.816096
v -1.977448 2.456571 0.827501
v -2.130818 2.332429 1.061260
v -2.117320 2.326286 1.064741
v -1.964669 2.449443 0.832078
v -2.103843 2.311521 1.060140
v -1.953008 2.432665 0.830244
v -2.285490 2.177325 1.321057
v -2.272543 2.161878 1.317264
v -2.298696 2.183625 1.317131
v -2.475336 1.991314 1.586357
v -2.462028 1.985178 1.590127
v -2.448618 1.970297 1.585629
v -2.642514 1.753508 1.865216
v -2.628150 1.739749 1.859263
v -2.656120 1.759326 1.861900
v -3.257212 0.570294 2.678750
v -3.134869 0.856145 2.492281
v -3.116185 0.849852 2.479745
v -3.236104 0.569810 2.662519
v -3.100976 0.847317 2.480618
v -3.219884 0.569625 2.661851
v -2.982794 1.131047 2.276436
v -2.968414 1.126638 2.278574
v -2.999425 1.141873 2.285844
v -2.840058 1.428707 2.042944
v -2.824735 1.415829 2.035530
v -2.810823 1.410497 2.038380
v -2.648437 1.674526 1.766825
v -2.634814 1.668774 1.770116
v -2.662817 1.688273 1.772802
v -3.193030 0.569625 2.680231
v -3.074122 0.847317 2.498998
v -3.067549 0.849852 2.513033
v -3.187467 0.569810 2.695807
v -3.071797 0.856145 2.535449
v -3.194140 0.570294 2.721917
v -2.934157 1.131047 2.309724
v -2.936354 1.141873 2.329012
v -2.941560 1.126638 2.296953
v -2.783968 1.410497 2.056760
v -2.776098 1.415829 2.068819
v -2.776986 1.428707 2.086112
v -2.599800 1.674526 1.800112
v -2.599745 1.688273 1.815970
v -2.607960 1.668774 1.788496
v -2.873448 1.490316 2.109776
v -2.865563 1.495671 2.121813
v -2.872573 1.477368 2.092503
v -3.039486 1.194202 2.362844
v -3.032073 1.198634 2.375598
v -3.037301 1.183350 2.343573
v -3.180635 0.880270 2.562035
v -3.184874 0.886575 2.584437
v -3.178292 0.889124 2.598458
v -3.318797 0.572692 2.788555
v -3.313226 0.572877 2.804119
v -3.312132 0.572208 2.762456
v -2.838709 1.495671 2.140193
v -2.824811 1.490316 2.143064
v -2.809502 1.477368 2.135671
v -2.990850 1.194202 2.396132
v -2.974230 1.183350 2.386741
v -3.005219 1.198634 2.393978
v -3.151438 0.889124 2.616838
v -3.136238 0.886575 2.617725
v -3.117563 0.880270 2.605202
v -3.270160 0.572692 2.821843
v -3.249060 0.572208 2.805624
v -3.286372 0.572877 2.822499
v -2.433819 1.893454 1.523079
v -2.425362 1.899572 1.534243
v -2.424353 1.914402 1.548645
v -2.251983 2.088043 1.269988
v -2.250508 2.103405 1.283679
v -2.260547 2.081719 1.258987
v -2.089422 2.234869 0.998166
v -2.081141 2.241036 1.009597
v -2.080185 2.255720 1.024082
v -1.939193 2.353290 0.793248
v -1.936413 2.370037 0.804952
v -1.948201 2.346188 0.782924
v -2.487425 1.914402 1.505478
v -2.473999 1.899572 1.500955
v -2.460673 1.893454 1.504699
v -2.300620 2.088043 1.236700
v -2.287402 2.081719 1.240607
v -2.313579 2.103405 1.240511
v -2.143257 2.255720 0.980915
v -2.129777 2.241036 0.976309
v -2.116277 2.234869 0.979787
v -1.987829 2.353290 0.759960
v -1.975056 2.346188 0.764544
v -1.999485 2.370037 0.761784
v -1.913046 2.491231 0.674611
v -1.919645 2.486547 0.668418
v -1.930120 2.489263 0.672002
v -1.920354 2.496203 0.681170
v -1.893499 2.496203 0.699550
v -1.890338 2.491231 0.690153
v -1.881484 2.489263 0.705290
v -1.882207 2.486559 0.694046
v -1.861685 2.411935 0.691055
v -1.866194 2.395648 0.681987
v -1.868407 2.402474 0.673387
v -1.864829 2.415610 0.680539
v -1.874291 2.473517 0.694796
v -1.871611 2.472929 0.706183
v -1.924757 2.411935 0.647887
v -1.934682 2.472929 0.663015
v -1.923320 2.473511 0.661237
v -1.913962 2.415627 0.646917
v -1.906131 2.402542 0.647592
v -1.914831 2.395648 0.648699
v -1.902769 2.388753 0.654368
v -1.897963 2.397732 0.651460
v -1.875108 2.397732 0.667103
v -1.875914 2.388753 0.672748
v -4.625359 1.772064 0.364509
v -4.631007 1.794926 0.373118
v -4.638499 1.794926 0.367990
v -4.632851 1.772064 0.359381
v -4.625359 1.817787 0.364509
v -4.632851 1.817787 0.359381
v -4.611722 1.827257 0.343726
v -4.619215 1.827257 0.338598
v -4.598086 1.817787 0.322942
v -4.605578 1.817787 0.317814
v -4.592438 1.794926 0.314333
v -4.599930 1.794926 0.309205
v -4.598086 1.772064 0.322942
v -4.605578 1.772064 0.317814
v -4.611722 1.762594 0.343726
v -4.619215 1.762594 0.338598
v -4.641316 1.784815 0.336789
v -4.643814 1.794926 0.340597
v -4.635286 1.794926 0.327598
v -4.641316 1.805036 0.336789
v -4.635286 1.809224 0.327598
v -4.629255 1.805036 0.318406
v -4.626758 1.794926 0.314600
v -4.629255 1.784815 0.318406
v -4.635286 1.780627 0.327598
v -4.640102 1.794926 0.353647
v -4.636211 1.779174 0.347715
v -4.636211 1.810677 0.347715
v -4.626816 1.817202 0.333396
v -4.617420 1.810677 0.319075
v -4.613528 1.794926 0.313144
v -4.617420 1.779174 0.319075
v -4.626816 1.772649 0.333396
v -4.653448 1.794926 0.344514
v -4.649556 1.779174 0.338582
v -4.649556 1.810677 0.338582
v -4.640161 1.817202 0.324262
v -4.630765 1.810677 0.309942
v -4.626873 1.794926 0.304010
v -4.630765 1.779174 0.309942
v -4.640161 1.772649 0.324262
v -4.648688 1.794926 0.337260
v -4.646191 1.784815 0.333453
v -4.646191 1.805036 0.333453
v -4.640161 1.809224 0.324262
v -4.634130 1.805036 0.315071
v -4.631632 1.794926 0.311264
v -4.634130 1.784815 0.315071
v -4.640161 1.780627 0.324262
v -3.868089 0.558999 -0.656145
v -3.855248 0.558999 -0.688686
v -4.190562 1.163759 -0.177616
v -4.199126 1.152651 -0.151594
v -3.860792 0.558999 -0.703073
v -4.197289 1.166478 -0.190201
v -4.505058 1.768365 0.278886
v -4.497813 1.765210 0.290680
v -4.504643 1.752348 0.314060
v -4.761964 2.361546 0.693286
v -4.768260 2.348369 0.715852
v -4.769345 2.364892 0.681699
v -4.991255 2.952940 1.019924
v -4.984011 2.949954 1.031719
v -4.990593 2.938813 1.054721
v -3.891510 0.558999 -0.724098
v -3.906646 0.558999 -0.723864
v -4.241961 1.163759 -0.212794
v -4.228007 1.166478 -0.211225
v -3.931232 0.558999 -0.699361
v -4.262269 1.152651 -0.194811
v -4.567786 1.752348 0.270844
v -4.549212 1.765210 0.255502
v -4.535776 1.768365 0.257861
v -4.813362 2.361546 0.658108
v -4.800063 2.364892 0.660675
v -4.831404 2.348369 0.672636
v -5.053736 2.938813 1.011504
v -5.035409 2.949954 0.996540
v -5.021974 2.952940 0.998899
v -5.509528 4.692269 1.832687
v -5.523226 4.690242 1.830728
v -5.387440 4.091910 1.623770
v -5.373799 4.094183 1.625816
v -5.491372 4.699327 1.817983
v -5.355658 4.102019 1.611134
v -5.220557 3.493716 1.392252
v -5.202270 3.502971 1.377347
v -5.234117 3.491129 1.390082
v -5.051471 2.888736 1.111701
v -5.038021 2.891680 1.114038
v -5.019679 2.902781 1.099052
v -5.560926 4.692269 1.797509
v -5.554515 4.699327 1.774767
v -5.418799 4.102019 1.567917
v -5.425198 4.094183 1.590638
v -5.553945 4.690242 1.809704
v -5.418159 4.091910 1.602745
v -5.271955 3.493716 1.357074
v -5.264835 3.491129 1.369057
v -5.265412 3.502971 1.334131
v -5.082822 2.902781 1.055836
v -5.089419 2.891680 1.078860
v -5.082189 2.888736 1.090677
v -5.167555 3.539139 1.311467
v -5.174086 3.529840 1.334391
v -5.174688 3.541769 1.299503
v -5.329436 4.132213 1.535364
v -5.322389 4.129906 1.547459
v -5.328779 4.122036 1.570167
v -5.458307 4.723063 1.754618
v -5.464715 4.715986 1.777354
v -5.465294 4.725109 1.742430
v -5.218952 3.539139 1.276289
v -5.205406 3.541769 1.278479
v -5.237228 3.529840 1.291174
v -5.391922 4.122036 1.526951
v -5.373787 4.129906 1.512280
v -5.360155 4.132213 1.514339
v -5.509706 4.723063 1.719440
v -5.496012 4.725109 1.721405
v -5.527858 4.715986 1.734138
v -4.865806 2.288892 0.738039
v -4.858434 2.285568 0.749640
v -4.859500 2.302047 0.715459
v -4.598358 1.706892 0.317440
v -4.605195 1.694032 0.340830
v -4.597957 1.690880 0.352634
v -4.309062 1.104272 -0.110522
v -4.302352 1.101547 -0.097913
v -4.300482 1.115386 -0.136569
v -4.008452 0.559000 -0.581667
v -4.021327 0.559000 -0.549074
v -4.015817 0.559000 -0.534636
v -4.814407 2.288892 0.773217
v -4.796357 2.302047 0.758676
v -4.827715 2.285568 0.770664
v -4.567238 1.690880 0.373658
v -4.553797 1.694032 0.376008
v -4.535215 1.706892 0.360656
v -4.257664 1.104272 -0.075344
v -4.237339 1.115386 -0.093352
v -4.271633 1.101547 -0.076888
v -3.985098 0.559000 -0.513611
v -3.969929 0.559000 -0.513896
v -3.945309 0.559000 -0.538450
v -5.599263 5.049560 1.943198
v -5.599911 5.042116 1.947607
v -5.586175 5.043967 1.949508
v -5.590117 5.050767 1.944457
v -5.626872 5.049563 1.924285
v -5.630629 5.042116 1.926582
v -5.631575 5.050754 1.916134
v -5.637573 5.043967 1.914330
v -5.567935 5.050613 1.934677
v -5.574460 5.056417 1.931823
v -5.540961 5.065681 1.893565
v -5.548360 5.070963 1.892092
v -5.631078 5.050613 1.891460
v -5.626037 5.056416 1.896527
v -5.599976 5.070964 1.856761
v -5.604104 5.065681 1.850348
v -5.584360 5.076648 1.843959
v -5.585863 5.072328 1.835516
v -5.575079 5.077873 1.845236
v -5.572128 5.074178 1.837418
v -5.547357 5.077877 1.864193
v -5.541409 5.074178 1.858442
v -5.542756 5.076635 1.872484
v -5.534465 5.072328 1.870694
vn -0.0818 0.9639 0.2535
vn 0.7728 0.1491 0.6168
vn 0.1151 0.9878 0.1049
vn 0.9945 0.0708 -0.0778
vn 0.4454 -0.0757 -0.8921
vn 0.4448 0.8139 0.3737
vn -0.6952 0.5693 0.4388
vn 0.0734 0.6171 0.7834
vn -0.2092 0.9624 0.1734
vn -0.8749 0.1445 -0.4622
vn -0.4076 0.9102 0.0737
vn -0.6901 -0.0153 -0.7236
vn -0.5247 0.7990 -0.2939
vn 0.2526 -0.5026 -0.8268
vn 0.0290 0.8129 -0.5817
vn 0.5044 0.8389 -0.2045
vn 0.4438 -0.8394 0.3139
vn -0.2590 0.3954 0.8813
vn -0.1943 -0.7853 0.5878
vn -0.8864 0.3430 0.3108
vn -0.2395 -0.9662 -0.0957
vn -0.4577 -0.8571 0.2365
vn 0.3269 -0.9451 -0.0027
vn 0.5161 0.0217 0.8562
vn -0.9992 -0.0411 -0.0020
vn -0.1862 -0.9685 -0.1654
vn 0.2645 -0.9585 -0.1064
vn 0.6195 -0.4936 0.6104
vn 0.0672 -0.9704 -0.2320
vn 0.7186 -0.6589 -0.2224
vn -0.7443 -0.6030 -0.2870
vn 0.2148 -0.7565 -0.6177
vn -0.9579 0.1193 -0.2611
vn -0.1802 0.9777 0.1082
vn -0.1429 0.9876 -0.0650
vn -0.6898 -0.0090 -0.7240
vn -0.5215 0.8026 -0.2896
vn 0.2546 -0.5018 -0.8267
vn -0.7624 0.5794 0.2882
vn -0.0364 0.9784 0.2034
vn 0.7734 0.1459 0.6169
vn 0.1119 0.9884 0.1031
vn 0.9377 -0.0144 0.3471
vn 0.1458 0.9872 0.0641
vn 0.6751 -0.5046 -0.5382
vn 0.3259 0.9079 -0.2636
vn 0.0051 0.8356 -0.5493
vn -0.9276 0.2868 0.2395
vn -0.2411 -0.9656 -0.0975
vn -0.4785 -0.7841 0.3953
vn -0.2134 -0.7841 0.5828
vn -0.2596 0.3978 0.8800
vn 0.1814 -0.9665 0.1818
vn 0.7089 -0.0843 0.7003
vn -0.9991 -0.0411 -0.0133
vn -0.1898 -0.9676 -0.1667
vn 0.2269 -0.9681 0.1060
vn 0.8663 -0.1877 0.4628
vn -0.8380 -0.3174 -0.4438
vn 0.0471 -0.9584 -0.2816
vn 0.6541 -0.6344 -0.4119
vn 0.2442 -0.9576 -0.1532
vn 0.0713 0.6173 0.7835
vn -0.0993 -0.7817 -0.6157
vn 0.0818 0.9639 -0.2535
vn -0.7943 0.1345 -0.5925
vn -0.1145 0.9882 -0.1020
vn -0.9978 0.0125 0.0655
vn -0.3772 -0.1109 0.9195
vn -0.4457 0.8104 -0.3803
vn 0.6239 0.6857 -0.3749
vn -0.0415 0.7051 -0.7079
vn 0.2092 0.9624 -0.1734
vn 0.8615 0.1303 0.4908
vn 0.4108 0.9086 -0.0751
vn 0.7058 -0.0216 0.7081
vn 0.5314 0.7949 0.2928
vn -0.2412 -0.5997 0.7630
vn -0.0290 0.8129 0.5817
vn -0.5044 0.8389 0.2045
vn -0.4592 -0.8335 -0.3073
vn 0.2462 0.5601 -0.7910
vn 0.1943 -0.7853 -0.5879
vn 0.8557 0.4766 -0.2014
vn 0.2234 -0.9694 0.1016
vn 0.4577 -0.8570 -0.2365
vn -0.3305 -0.9437 0.0101
vn -0.5602 0.0804 -0.8244
vn 0.9992 0.0345 0.0218
vn 0.1839 -0.9698 0.1601
vn -0.2645 -0.9585 0.1064
vn -0.5916 -0.4901 -0.6402
vn -0.0672 -0.9704 0.2320
vn -0.6696 -0.7097 0.2191
vn 0.7532 -0.6101 0.2457
vn -0.1688 -0.7966 0.5804
vn 0.9551 0.1081 0.2757
vn 0.1802 0.9777 -0.1082
vn 0.1403 0.9879 0.0655
vn 0.7056 -0.0150 0.7084
vn 0.5284 0.7985 0.2884
vn -0.2434 -0.5994 0.7625
vn 0.6770 0.6828 -0.2748
vn 0.0364 0.9784 -0.2034
vn -0.7947 0.1315 -0.5926
vn -0.1111 0.9887 -0.1002
vn -0.9297 -0.0204 -0.3678
vn -0.1387 0.9881 -0.0662
vn -0.6192 -0.6025 0.5035
vn -0.3259 0.9079 0.2637
vn -0.0050 0.8356 0.5493
vn 0.9000 0.4152 -0.1325
vn 0.2248 -0.9689 0.1032
vn 0.4784 -0.7841 -0.3953
vn 0.2134 -0.7841 -0.5828
vn 0.2455 0.5612 -0.7904
vn -0.1808 -0.9697 -0.1641
vn -0.7193 -0.0820 -0.6899
vn 0.9988 0.0361 0.0340
vn 0.1875 -0.9689 0.1616
vn -0.2214 -0.9694 -0.1060
vn -0.8550 -0.1738 -0.4886
vn 0.8574 -0.3078 0.4125
vn -0.0470 -0.9584 0.2816
vn -0.6098 -0.7005 0.3708
vn -0.2442 -0.9576 0.1532
vn -0.0399 0.7055 -0.7076
vn 0.0891 -0.8046 0.5871
vn 0.4587 0.5834 -0.6702
vn 0.4049 0.6971 -0.5917
vn 0.4028 0.6973 -0.5929
vn -0.0805 0.9898 0.1176
vn -0.5149 0.4111 0.7522
vn -0.5145 0.4126 0.7517
vn -0.4609 -0.5833 0.6688
vn -0.4030 -0.6970 0.5931
vn -0.4589 -0.5830 0.6704
vn 0.0805 -0.9898 -0.1176
vn 0.5149 -0.4111 -0.7523
vn 0.0802 -0.9899 -0.1172
vn 0.4611 0.5830 -0.6689
vn -0.0802 0.9899 0.1172
vn -0.4049 -0.6973 0.5915
vn 0.4114 -0.6815 -0.6052
vn 0.4680 -0.5654 -0.6792
vn 0.4132 -0.6818 -0.6037
vn 0.5051 0.4474 -0.7380
vn 0.0608 0.9942 -0.0887
vn 0.0605 0.9943 -0.0883
vn -0.4133 0.6815 0.6039
vn -0.4659 0.5655 0.6805
vn -0.4682 0.5651 0.6793
vn -0.5051 -0.4474 0.7380
vn -0.0607 -0.9942 0.0887
vn -0.5047 -0.4490 0.7374
vn -0.0605 -0.9943 0.0883
vn 0.4659 -0.5652 -0.6808
vn 0.5047 0.4490 -0.7374
vn -0.4112 0.6818 0.6050
vn -0.3823 -0.7361 0.5586
vn -0.5648 -0.0000 0.8252
vn -0.3823 -0.7360 0.5586
vn -0.3823 0.7361 0.5586
vn 0.0001 1.0000 -0.0001
vn -0.3824 0.7360 0.5586
vn 0.3823 0.7360 -0.5586
vn -0.0000 1.0000 -0.0000
vn 0.5648 -0.0000 -0.8252
vn 0.3823 0.7361 -0.5585
vn 0.3823 -0.7362 -0.5585
vn 0.3823 -0.7360 -0.5586
vn -0.0000 -1.0000 -0.0000
vn 0.0001 -1.0000 -0.0001
vn -0.8361 0.0001 -0.5486
vn -0.8361 -0.0000 -0.5486
vn -0.8361 -0.0000 -0.5485
vn -0.8746 -0.4830 -0.0425
vn -0.9938 -0.0000 0.1111
vn -0.8746 0.4830 -0.0425
vn -0.9938 -0.0000 0.1112
vn -0.6166 0.6754 -0.4045
vn -0.3776 0.4895 -0.7860
vn -0.6166 0.6754 -0.4046
vn -0.3776 0.4894 -0.7861
vn -0.2782 -0.0000 -0.9605
vn -0.3776 -0.4894 -0.7861
vn -0.6166 -0.6754 -0.4045
vn -0.6165 -0.6754 -0.4046
vn -0.5150 -0.4106 0.7525
vn -0.5150 0.4106 0.7525
vn -0.5150 0.4106 0.7524
vn -0.2011 0.9345 0.2938
vn -0.2011 0.9345 0.2939
vn 0.2011 0.9345 -0.2939
vn 0.2011 0.9344 -0.2939
vn 0.5150 0.4106 -0.7525
vn 0.5150 0.4106 -0.7524
vn 0.5150 -0.4106 -0.7525
vn 0.5150 -0.4106 -0.7524
vn 0.2011 -0.9345 -0.2938
vn -0.2011 -0.9345 0.2938
vn -0.8360 0.0001 -0.5487
vn -0.8361 -0.0001 -0.5486
vn -0.8360 -0.0001 -0.5487
vn -0.8362 -0.0000 -0.5485
vn -0.8361 -0.0001 -0.5485
vn -0.8361 0.0001 -0.5485
vn 0.3825 0.7358 -0.5589
vn 0.3825 0.7359 -0.5587
vn 0.3826 -0.7358 -0.5588
vn 0.3825 -0.7359 -0.5588
vn -0.0000 -1.0000 -0.0001
vn -0.0000 -1.0000 0.0001
vn -0.3825 -0.7359 0.5588
vn -0.3826 -0.7358 0.5588
vn -0.5648 -0.0000 0.8253
vn -0.3825 0.7358 0.5589
vn -0.5647 -0.0000 0.8253
vn -0.0000 1.0000 0.0001
vn -0.3825 0.7359 0.5587
vn 0.5109 0.4264 -0.7464
vn 0.4302 0.6481 -0.6284
vn 0.4274 0.6487 -0.6297
vn -0.1184 0.9778 0.1730
vn -0.4171 0.6742 0.6094
vn -0.4172 0.6741 0.6096
vn -0.5135 -0.4264 0.7446
vn -0.4277 -0.6481 0.6301
vn -0.5066 -0.4421 0.7402
vn 0.1184 -0.9778 -0.1730
vn 0.4171 -0.6742 -0.6095
vn 0.1182 -0.9779 -0.1727
vn 0.4172 -0.6741 -0.6096
vn 0.5095 0.4419 -0.7383
vn -0.1182 0.9779 0.1727
vn -0.4300 -0.6488 0.6279
vn -0.3823 -0.7361 0.5585
vn -0.3823 0.7361 0.5585
vn -0.3823 0.7360 0.5586
vn 0.3824 0.7360 -0.5586
vn 0.5647 -0.0000 -0.8253
vn 0.3824 -0.7361 -0.5586
vn -0.0001 -1.0000 -0.0000
vn -0.8746 0.4830 -0.0424
vn -0.6167 0.6754 -0.4044
vn -0.6166 0.6753 -0.4046
vn -0.3775 0.4894 -0.7861
vn -0.5150 -0.4106 0.7524
vn 0.2011 0.9345 -0.2938
vn 0.2011 -0.9345 -0.2939
vn -0.2011 -0.9345 0.2939
vn 0.5649 -0.0000 -0.8252
vn 0.3825 0.7358 -0.5588
vn 0.3826 0.7359 -0.5586
vn 0.3827 -0.7358 -0.5587
vn 0.3825 -0.7359 -0.5587
vn -0.3825 -0.7358 0.5589
vn -0.3824 0.7358 0.5589
vn -0.5651 -0.0000 0.8250
vn -0.0001 1.0000 0.0001
vn -0.3824 0.7359 0.5588
vn -0.0000 1.0000 -0.0001
vn -0.5155 -0.4083 0.7533
vn -0.5156 -0.4083 0.7533
vn -0.5155 -0.4083 0.7534
vn -0.1445 0.3154 -0.9379
vn -0.6926 0.7089 -0.1335
vn -0.6926 0.7088 -0.1336
vn 0.2208 0.9204 -0.3227
vn 0.9245 0.3099 -0.2219
vn 0.9245 0.3099 -0.2218
vn 0.3922 0.7137 0.5803
vn -0.3922 -0.7137 -0.5804
vn -0.3922 -0.7137 -0.5803
vn 0.5233 -0.3763 -0.7646
vn 0.5233 -0.3764 -0.7645
vn 0.6925 -0.7089 0.1336
vn 0.6926 -0.7089 0.1336
vn -0.1999 0.9352 0.2921
vn -0.1999 0.9353 0.2921
vn 0.5156 0.4083 -0.7533
vn 0.1999 -0.9353 -0.2921
vn 0.8361 -0.0000 0.5486
vn 0.8361 -0.0000 0.5485
vn -0.2305 0.7982 -0.5566
vn 0.6094 0.7928 -0.0028
vn 0.0061 -0.3227 -0.9465
vn 0.8774 -0.3176 -0.3595
vn -0.5054 -0.4463 0.7385
vn -0.5054 -0.4464 0.7385
vn -0.5055 -0.4463 0.7384
vn -0.1511 0.3450 -0.9264
vn -0.1511 0.3451 -0.9263
vn -0.7078 0.6974 -0.1125
vn -0.7078 0.6974 -0.1124
vn 0.2012 0.9344 -0.2939
vn 0.9166 0.3392 -0.2118
vn 0.9165 0.3392 -0.2119
vn 0.3782 0.7026 0.6027
vn 0.3781 0.7026 0.6027
vn -0.3782 -0.7026 -0.6027
vn -0.3782 -0.7026 -0.6028
vn 0.5319 -0.3366 -0.7771
vn 0.5319 -0.3365 -0.7771
vn 0.7078 -0.6974 0.1124
vn 0.7078 -0.6974 0.1125
vn -0.2196 0.9213 0.3209
vn 0.5054 0.4463 -0.7385
vn 0.5054 0.4464 -0.7385
vn 0.2196 -0.9213 -0.3209
vn -0.2467 0.8105 -0.5313
vn 0.5921 0.8056 0.0212
vn 0.0124 -0.2886 -0.9574
vn 0.8849 -0.2839 -0.3693
vn -0.5054 -0.4464 0.7384
vn -0.4998 -0.4656 0.7303
vn -0.4997 -0.4656 0.7304
vn -0.1547 0.3601 -0.9200
vn -0.1546 0.3601 -0.9200
vn -0.7156 0.6910 -0.1017
vn -0.7157 0.6910 -0.1017
vn 0.1910 0.9411 -0.2790
vn 0.1909 0.9411 -0.2790
vn 0.9122 0.3540 -0.2062
vn 0.9122 0.3540 -0.2063
vn 0.3711 0.6965 0.6142
vn -0.3710 -0.6965 -0.6142
vn 0.5359 -0.3158 -0.7830
vn 0.7156 -0.6910 0.1017
vn -0.2297 0.9136 0.3356
vn 0.4999 0.4656 -0.7303
vn 0.2297 -0.9136 -0.3356
vn -0.2551 0.8163 -0.5182
vn 0.5830 0.8117 0.0339
vn 0.0155 -0.2707 -0.9625
vn 0.8885 -0.2662 -0.3737
vn -0.4999 -0.4656 0.7303
vn -0.4998 -0.4656 0.7304
vn -0.4948 -0.4821 0.7230
vn -0.4947 -0.4821 0.7230
vn -0.4949 -0.4821 0.7230
vn -0.1579 0.3730 -0.9143
vn -0.1579 0.3731 -0.9143
vn -0.7224 0.6853 -0.0924
vn -0.7224 0.6852 -0.0924
vn 0.1820 0.9467 -0.2659
vn 0.9083 0.3668 -0.2012
vn 0.3649 0.6909 0.6241
vn -0.3650 -0.6909 -0.6241
vn 0.5392 -0.2976 -0.7878
vn 0.5392 -0.2976 -0.7879
vn 0.7224 -0.6853 0.0924
vn -0.2384 0.9065 0.3483
vn -0.2384 0.9065 0.3484
vn 0.4948 0.4821 -0.7230
vn 0.2384 -0.9066 -0.3483
vn 0.2384 -0.9065 -0.3483
vn -0.2624 0.8214 -0.5065
vn 0.5751 0.8168 0.0449
vn 0.0180 -0.2551 -0.9668
vn 0.8914 -0.2508 -0.3775
vn -0.4949 -0.4821 0.7229
vn -0.5136 -0.4161 0.7504
vn -0.5137 -0.4161 0.7503
vn -0.1458 0.3214 -0.9356
vn -0.1457 0.3215 -0.9356
vn -0.6957 0.7066 -0.1293
vn 0.2169 0.9233 -0.3169
vn 0.9229 0.3159 -0.2199
vn 0.9230 0.3159 -0.2199
vn 0.3893 0.7115 0.5849
vn 0.3894 0.7115 0.5849
vn 0.3893 0.7116 0.5849
vn -0.3893 -0.7116 -0.5849
vn -0.3893 -0.7115 -0.5849
vn 0.5251 -0.3682 -0.7672
vn 0.5251 -0.3682 -0.7673
vn 0.6957 -0.7066 0.1293
vn -0.2039 0.9325 0.2980
vn 0.5136 0.4161 -0.7504
vn 0.2039 -0.9325 -0.2980
vn -0.2338 0.8007 -0.5516
vn 0.6060 0.7955 0.0018
vn 0.0075 -0.3159 -0.9488
vn 0.8790 -0.3108 -0.3617
vn -0.5135 -0.4161 0.7504
vn -0.5103 -0.4286 0.7456
vn -0.1479 0.3312 -0.9319
vn -0.7007 0.7029 -0.1223
vn 0.2104 0.9280 -0.3075
vn 0.2104 0.9280 -0.3074
vn 0.9204 0.3255 -0.2165
vn 0.9204 0.3255 -0.2166
vn 0.3847 0.7080 0.5923
vn 0.3847 0.7080 0.5922
vn -0.3847 -0.7080 -0.5923
vn -0.3847 -0.7080 -0.5922
vn 0.5280 -0.3553 -0.7714
vn 0.5280 -0.3552 -0.7714
vn 0.7007 -0.7029 0.1223
vn -0.2104 0.9280 0.3074
vn 0.5103 0.4286 -0.7456
vn 0.2104 -0.9280 -0.3074
vn -0.2391 0.8048 -0.5433
vn 0.6002 0.7998 0.0100
vn 0.0097 -0.3047 -0.9524
vn 0.8815 -0.2997 -0.3648
vn -0.5182 -0.3978 0.7571
vn -0.5180 -0.3977 0.7573
vn -0.5183 -0.3978 0.7571
vn -0.1427 0.3072 -0.9409
vn -0.6884 0.7118 -0.1394
vn -0.6885 0.7117 -0.1395
vn 0.2261 0.9163 -0.3304
vn 0.2260 0.9164 -0.3303
vn 0.9266 0.3018 -0.2245
vn 0.3960 0.7166 0.5741
vn -0.3961 -0.7165 -0.5742
vn -0.3962 -0.7165 -0.5742
vn -0.3962 -0.7165 -0.5741
vn 0.5209 -0.3870 -0.7609
vn 0.5209 -0.3867 -0.7610
vn 0.6885 -0.7117 0.1395
vn 0.6884 -0.7117 0.1395
vn -0.1945 0.9388 0.2842
vn 0.5182 0.3978 -0.7571
vn 0.5182 0.3977 -0.7571
vn 0.1945 -0.9388 -0.2842
vn -0.2262 0.7945 -0.5635
vn 0.6140 0.7892 -0.0093
vn 0.0043 -0.3320 -0.9433
vn 0.8753 -0.3265 -0.3567
vn -0.5181 -0.3977 0.7572
vn -0.5182 -0.3977 0.7571
vn -0.5183 -0.3977 0.7571
vn -0.5181 -0.3983 0.7569
vn -0.5180 -0.3983 0.7570
vn -0.1429 0.3076 -0.9407
vn -0.1428 0.3076 -0.9407
vn -0.6887 0.7116 -0.1391
vn -0.6886 0.7116 -0.1391
vn 0.2259 0.9165 -0.3301
vn 0.2258 0.9166 -0.3299
vn 0.9265 0.3022 -0.2243
vn 0.9264 0.3022 -0.2244
vn 0.3958 0.7165 0.5745
vn 0.3957 0.7165 0.5745
vn -0.3958 -0.7164 -0.5745
vn -0.3959 -0.7164 -0.5745
vn 0.5209 -0.3864 -0.7612
vn 0.5209 -0.3864 -0.7611
vn 0.6887 -0.7116 0.1392
vn 0.6887 -0.7116 0.1391
vn -0.1948 0.9386 0.2846
vn 0.5181 0.3983 -0.7569
vn 0.1948 -0.9386 -0.2846
vn -0.2264 0.7946 -0.5633
vn 0.6138 0.7894 -0.0090
vn 0.0044 -0.3315 -0.9434
vn 0.8754 -0.3262 -0.3568
vn -0.5181 -0.3983 0.7570
vn -0.5182 -0.3983 0.7569
vn 0.0144 -0.9997 -0.0211
vn 0.0145 -0.9997 -0.0211
vn -0.5308 0.7830 -0.3243
vn -0.5308 0.7829 -0.3243
vn -0.9733 -0.0219 0.2284
vn -0.3783 0.7425 0.5527
vn 0.5085 0.7833 0.3576
vn 0.1574 -0.0223 0.9873
vn -0.1573 0.0223 -0.9873
vn -0.1574 0.0224 -0.9873
vn 0.3547 0.7782 -0.5182
vn 0.9733 0.0219 -0.2283
vn 0.9733 0.0219 -0.2284
vn -0.5645 -0.0302 0.8248
vn -0.0144 0.9997 0.0211
vn 0.5645 0.0302 -0.8248
vn 0.5645 0.0302 -0.8249
vn -0.7521 0.6317 0.1880
vn 0.1097 0.6390 0.7613
vn -0.1281 0.6704 -0.7309
vn 0.7312 0.6631 -0.1601
vn 0.0144 -0.9997 -0.0212
vn -0.0107 -0.9998 0.0157
vn -0.0106 -0.9998 0.0157
vn -0.5113 0.7834 -0.3533
vn -0.5113 0.7835 -0.3533
vn -0.5112 0.7835 -0.3533
vn -0.9734 0.0163 0.2285
vn -0.9734 0.0163 0.2284
vn -0.3577 0.7739 0.5227
vn -0.3578 0.7738 0.5227
vn 0.5280 0.7831 0.3286
vn 0.5279 0.7832 0.3286
vn 0.1573 0.0166 0.9874
vn -0.1573 -0.0166 -0.9874
vn 0.3753 0.7473 -0.5484
vn 0.9734 -0.0163 -0.2284
vn 0.9734 -0.0163 -0.2285
vn -0.5647 0.0225 0.8250
vn 0.0107 0.9998 -0.0157
vn 0.5647 -0.0225 -0.8250
vn -0.7339 0.6593 0.1638
vn 0.1257 0.6665 0.7349
vn -0.1119 0.6432 -0.7574
vn 0.7494 0.6359 -0.1844
vn -0.0108 -0.9998 0.0157
vn -0.0108 -0.9998 0.0156
vn -0.0174 -0.9995 0.0254
vn -0.0174 -0.9995 0.0253
vn -0.5062 0.7832 -0.3609
vn -0.5063 0.7832 -0.3610
vn -0.9733 0.0264 0.2282
vn -0.9732 0.0264 0.2282
vn -0.3522 0.7818 0.5146
vn 0.5331 0.7828 0.3209
vn 0.5332 0.7828 0.3210
vn 0.1574 0.0269 0.9872
vn -0.1575 -0.0269 -0.9872
vn 0.3807 0.7387 -0.5562
vn 0.3807 0.7387 -0.5563
vn 0.9732 -0.0264 -0.2282
vn -0.5644 0.0364 0.8247
vn 0.0174 0.9995 -0.0254
vn 0.5644 -0.0364 -0.8247
vn -0.7290 0.6662 0.1571
vn 0.1300 0.6734 0.7277
vn -0.1079 0.6357 -0.7644
vn 0.7542 0.6283 -0.1907
vn -0.0173 -0.9995 0.0254
vn -0.0235 -0.9991 0.0343
vn -0.0234 -0.9991 0.0343
vn -0.5015 0.7830 -0.3680
vn -0.5016 0.7829 -0.3680
vn -0.9730 0.0356 0.2279
vn -0.3471 0.7889 0.5071
vn 0.5378 0.7824 0.3140
vn 0.5379 0.7824 0.3140
vn 0.1577 0.0363 0.9868
vn -0.1577 -0.0363 -0.9868
vn 0.3855 0.7308 -0.5633
vn 0.9730 -0.0356 -0.2280
vn -0.5641 0.0491 0.8242
vn 0.0235 0.9991 -0.0343
vn 0.5641 -0.0491 -0.8242
vn -0.7245 0.6725 0.1511
vn 0.1341 0.6798 0.7211
vn -0.1041 0.6287 -0.7706
vn 0.7585 0.6214 -0.1964
vn 0.3258 -0.8168 -0.4761
vn 0.3259 -0.8168 -0.4760
vn -0.7770 0.6291 0.0216
vn -0.7770 0.6291 0.0215
vn -0.8751 -0.4728 0.1032
vn -0.8751 -0.4728 0.1031
vn -0.5554 0.1815 0.8115
vn 0.2782 0.6361 0.7197
vn 0.2782 0.6360 0.7198
vn 0.2388 -0.4799 0.8442
vn -0.2388 0.4799 -0.8442
vn 0.0483 0.9963 -0.0706
vn 0.8751 0.4728 -0.1032
vn -0.4336 -0.6408 0.6335
vn -0.3258 0.8168 0.4761
vn 0.4336 0.6408 -0.6335
vn -0.9079 0.1523 0.3905
vn -0.0240 0.1549 0.9876
vn -0.3791 0.8618 -0.3372
vn 0.4620 0.8605 0.2148
vn 0.3259 -0.8168 -0.4761
vn 0.3258 -0.8168 -0.4760
vn 0.2178 -0.9227 -0.3182
vn 0.2177 -0.9227 -0.3183
vn -0.6911 0.7165 -0.0954
vn -0.6911 0.7164 -0.0954
vn -0.9300 -0.3238 0.1738
vn -0.9300 -0.3238 0.1737
vn -0.5141 0.4142 0.7511
vn 0.3555 0.7217 0.5939
vn 0.1928 -0.3295 0.9243
vn -0.1929 0.3295 -0.9242
vn -0.1928 0.3295 -0.9243
vn 0.1654 0.9562 -0.2416
vn 0.9300 0.3238 -0.1737
vn 0.9301 0.3238 -0.1737
vn -0.5064 -0.4428 0.7399
vn -0.2178 0.9227 0.3182
vn 0.5064 0.4429 -0.7399
vn 0.5064 0.4428 -0.7399
vn -0.8717 0.3487 0.3442
vn 0.0065 0.3543 0.9351
vn -0.2809 0.8269 -0.4871
vn 0.5641 0.8229 0.0688
vn 0.2179 -0.9227 -0.3182
vn 0.1208 -0.9769 -0.1765
vn -0.6142 0.7625 -0.2034
vn -0.6142 0.7625 -0.2033
vn -0.9602 -0.1822 0.2118
vn -0.9602 -0.1821 0.2118
vn -0.4569 0.5879 0.6675
vn -0.4569 0.5879 0.6676
vn 0.4274 0.7656 0.4809
vn 0.4273 0.7656 0.4808
vn 0.1681 -0.1857 0.9681
vn -0.1681 0.1856 -0.9681
vn 0.2604 0.8874 -0.3804
vn 0.9602 0.1822 -0.2118
vn -0.5468 -0.2505 0.7989
vn -0.1208 0.9769 0.1765
vn 0.5468 0.2505 -0.7989
vn -0.8215 0.4972 0.2790
vn 0.0493 0.5043 0.8621
vn -0.2032 0.7664 -0.6094
vn 0.6478 0.7604 -0.0474
vn 0.0714 -0.9920 -0.1043
vn -0.5753 0.7758 -0.2592
vn -0.5753 0.7758 -0.2593
vn -0.9689 -0.1081 0.2227
vn -0.4221 0.6644 0.6168
vn -0.4222 0.6643 0.6169
vn 0.4647 0.7777 0.4234
vn 0.4647 0.7776 0.4234
vn 0.4648 0.7776 0.4234
vn 0.1610 -0.1102 0.9808
vn -0.1610 0.1102 -0.9808
vn -0.1611 0.1102 -0.9808
vn 0.3055 0.8411 -0.4463
vn 0.9689 0.1081 -0.2227
vn 0.9689 0.1081 -0.2228
vn 0.9688 0.1081 -0.2228
vn -0.5585 -0.1489 0.8160
vn -0.0714 0.9920 0.1043
vn 0.5585 0.1489 -0.8160
vn -0.7908 0.5635 0.2390
vn 0.0758 0.5707 0.8177
vn -0.1670 0.7256 -0.6675
vn 0.6877 0.7189 -0.1016
vn 0.0386 -0.9977 -0.0564
vn 0.0386 -0.9977 -0.0565
vn 0.0387 -0.9977 -0.0564
vn -0.5497 0.7809 -0.2966
vn -0.9722 -0.0586 0.2269
vn -0.3974 0.7106 0.5806
vn 0.4899 0.7819 0.3855
vn 0.4898 0.7820 0.3855
vn 0.1583 -0.0597 0.9856
vn 0.1584 -0.0597 0.9856
vn 0.1584 -0.0598 0.9856
vn -0.1583 0.0597 -0.9856
vn 0.3342 0.8062 -0.4883
vn 0.9722 0.0586 -0.2269
vn -0.5630 -0.0807 0.8225
vn -0.0386 0.9977 0.0564
vn 0.5630 0.0807 -0.8225
vn 0.5630 0.0808 -0.8225
vn -0.7690 0.6037 0.2102
vn 0.0949 0.6111 0.7858
vn -0.1443 0.6948 -0.7046
vn 0.7131 0.6878 -0.1358
vn 0.0213 -0.9993 -0.0312
vn 0.0214 -0.9993 -0.0311
vn -0.5362 0.7825 -0.3165
vn -0.5361 0.7826 -0.3164
vn -0.9731 -0.0324 0.2281
vn -0.3838 0.7336 0.5608
vn 0.5032 0.7831 0.3655
vn 0.5031 0.7831 0.3655
vn 0.1576 -0.0330 0.9870
vn 0.1576 -0.0330 0.9869
vn -0.1575 0.0330 -0.9870
vn -0.1576 0.0330 -0.9870
vn 0.3489 0.7864 -0.5098
vn 0.9731 0.0324 -0.2280
vn -0.5642 -0.0446 0.8244
vn -0.0213 0.9993 0.0311
vn 0.5642 0.0446 -0.8244
vn -0.7570 0.6239 0.1944
vn 0.1054 0.6313 0.7684
vn -0.1326 0.6775 -0.7234
vn 0.7260 0.6703 -0.1533
vn 0.0213 -0.9993 -0.0311
vn 0.0214 -0.9993 -0.0312
vn -0.5176 -0.4001 0.7563
vn -0.5177 -0.4001 0.7563
vn -0.1431 0.3090 -0.9402
vn -0.6893 0.7112 -0.1381
vn 0.2250 0.9172 -0.3288
vn 0.9261 0.3036 -0.2239
vn 0.3952 0.7160 0.5755
vn -0.3952 -0.7159 -0.5755
vn 0.5214 -0.3846 -0.7617
vn 0.5214 -0.3846 -0.7618
vn 0.6893 -0.7112 0.1381
vn 0.6893 -0.7112 0.1382
vn -0.1957 0.9380 0.2859
vn -0.1957 0.9381 0.2859
vn 0.5176 0.4001 -0.7563
vn 0.1957 -0.9380 -0.2859
vn 0.1957 -0.9381 -0.2859
vn -0.2271 0.7953 -0.5621
vn 0.6132 0.7899 -0.0080
vn 0.0047 -0.3300 -0.9440
vn 0.8757 -0.3247 -0.3574
vn -0.5178 -0.4001 0.7562
vn -0.5168 -0.4033 0.7552
vn -0.5167 -0.4033 0.7553
vn -0.1436 0.3114 -0.9394
vn -0.1437 0.3114 -0.9393
vn -0.6906 0.7103 -0.1364
vn -0.6905 0.7103 -0.1363
vn -0.6905 0.7104 -0.1363
vn 0.2234 0.9185 -0.3263
vn 0.2234 0.9185 -0.3264
vn 0.9255 0.3060 -0.2231
vn 0.3940 0.7151 0.5773
vn 0.3940 0.7151 0.5774
vn 0.3940 0.7152 0.5773
vn -0.3941 -0.7150 -0.5774
vn 0.5221 -0.3813 -0.7629
vn 0.5221 -0.3814 -0.7628
vn 0.6906 -0.7102 0.1364
vn -0.1973 0.9370 0.2883
vn 0.5168 0.4033 -0.7552
vn 0.1974 -0.9370 -0.2883
vn 0.1973 -0.9370 -0.2883
vn -0.2284 0.7965 -0.5599
vn 0.6116 0.7911 -0.0059
vn 0.0053 -0.3271 -0.9450
vn 0.8764 -0.3219 -0.3582
vn -0.5169 -0.4033 0.7551
vn -0.5169 -0.4032 0.7551
vn -0.0247 -0.9990 0.0361
vn -0.5006 0.7830 -0.3694
vn -0.5005 0.7830 -0.3694
vn -0.9730 0.0375 0.2278
vn -0.9730 0.0375 0.2279
vn -0.3460 0.7904 0.5056
vn -0.3460 0.7903 0.5056
vn 0.5388 0.7823 0.3126
vn 0.5388 0.7823 0.3125
vn 0.1577 0.0382 0.9867
vn -0.1577 -0.0382 -0.9868
vn -0.1577 -0.0382 -0.9867
vn 0.3865 0.7292 -0.5647
vn 0.9730 -0.0375 -0.2279
vn 0.9730 -0.0375 -0.2278
vn -0.5640 0.0517 0.8241
vn 0.0247 0.9990 -0.0361
vn 0.5640 -0.0516 -0.8241
vn 0.5640 -0.0517 -0.8241
vn -0.7236 0.6738 0.1498
vn 0.1349 0.6810 0.7198
vn -0.1032 0.6274 -0.7718
vn 0.7593 0.6200 -0.1976
vn -0.0318 -0.9984 0.0465
vn -0.0319 -0.9984 0.0464
vn -0.0319 -0.9984 0.0465
vn -0.4951 0.7825 -0.3776
vn -0.9726 0.0482 0.2274
vn -0.9726 0.0483 0.2274
vn -0.3400 0.7985 0.4968
vn 0.5444 0.7817 0.3044
vn 0.1580 0.0492 0.9862
vn -0.1580 -0.0492 -0.9862
vn 0.3921 0.7198 -0.5729
vn 0.3921 0.7197 -0.5729
vn 0.9726 -0.0482 -0.2274
vn -0.5636 0.0665 0.8234
vn 0.0318 0.9984 -0.0465
vn 0.5636 -0.0665 -0.8234
vn -0.7182 0.6810 0.1428
vn 0.1397 0.6881 0.7120
vn -0.0990 0.6191 -0.7790
vn 0.7643 0.6117 -0.2041
vn -0.0317 -0.9984 0.0465
vn 0.3748 0.1693 -0.9115
vn 0.5457 0.4116 -0.7299
vn 0.4856 0.4120 -0.7710
vn -0.5019 0.1865 -0.8446
vn -0.9740 -0.2074 -0.0910
vn -0.9758 -0.1969 -0.0950
vn -0.5667 -0.3401 0.7505
vn -0.4847 -0.4121 0.7715
vn -0.4922 -0.3954 0.7755
vn 0.9770 0.1935 0.0897
vn 0.4984 -0.1958 0.8445
vn 0.9738 0.2030 0.1026
vn 0.5492 0.3922 -0.7380
vn -0.5039 0.2143 -0.8368
vn -0.7497 -0.1859 0.6352
vn 0.5030 -0.1859 0.8441
vn 0.6518 0.5612 -0.5101
vn 0.9778 0.1877 0.0926
vn 0.5525 0.3778 -0.7430
vn 0.5004 -0.1749 0.8479
vn 0.9770 0.1954 0.0855
vn -0.4926 -0.3824 0.7817
vn 0.4823 -0.1683 0.8597
vn -0.5951 -0.2681 0.7576
vn -0.2236 -0.5753 0.7868
vn -0.9783 -0.1863 -0.0911
vn -0.7496 -0.1440 0.6460
vn -0.5019 0.1769 -0.8467
vn -0.9765 -0.1979 -0.0851
vn -0.4996 0.1752 -0.8484
vn 0.4935 0.3784 -0.7831
vn 0.4426 0.4786 -0.7583
vn 0.6534 0.5579 -0.5117
vn 0.9787 0.1838 0.0914
vn -0.4937 -0.3783 0.7830
vn 0.4879 -0.1943 0.8510
vn -0.5955 -0.2640 0.7587
vn -0.9788 -0.1848 -0.0883
vn -0.5012 0.1736 -0.8477
vn 0.4440 0.4745 -0.7601
vn 0.9690 0.2229 0.1063
vn 0.5338 0.4490 -0.7165
vn 0.4759 0.4496 -0.7559
vn -0.5110 0.2098 -0.8336
vn -0.9691 -0.2256 -0.1000
vn -0.5329 -0.4491 0.7172
vn -0.4765 -0.4496 0.7555
vn 0.5047 -0.2129 0.8366
vn 0.9672 0.2351 0.0966
vn 0.5284 0.4608 -0.7131
vn 0.4743 0.4632 -0.7486
vn -0.5003 0.2223 -0.8368
vn -0.9671 -0.2273 -0.1144
vn -0.5330 -0.4606 0.7098
vn -0.4697 -0.4632 0.7515
vn 0.5182 -0.2134 0.8282
vn 0.5572 0.3633 -0.7467
vn 0.5153 -0.1642 0.8411
vn 0.9798 0.1867 0.0713
vn -0.4933 -0.3654 0.7894
vn -0.5551 -0.3633 0.7482
vn -0.9789 -0.1753 -0.1047
vn -0.4822 0.1769 -0.8580
vn 0.4984 0.3654 -0.7862
vn 0.3747 0.1693 -0.9115
vn 0.5458 0.4116 -0.7299
vn 0.4856 0.4121 -0.7709
vn -0.5018 0.1865 -0.8446
vn -0.4848 -0.4121 0.7715
vn 0.5493 0.3922 -0.7379
vn -0.7497 -0.1857 0.6352
vn 0.5030 -0.1859 0.8440
vn 0.6517 0.5613 -0.5101
vn 0.9779 0.1877 0.0926
vn 0.5527 0.3778 -0.7429
vn 0.5003 -0.1749 0.8480
vn -0.2236 -0.5752 0.7869
vn -0.7497 -0.1437 0.6460
vn -0.5019 0.1769 -0.8466
vn -0.9765 -0.1979 -0.0852
vn 0.4934 0.3784 -0.7832
vn 0.4428 0.4786 -0.7582
vn 0.6534 0.5578 -0.5117
vn 0.9787 0.1839 0.0914
vn -0.4938 -0.3783 0.7830
vn 0.4880 -0.1942 0.8510
vn -0.5956 -0.2640 0.7587
vn -0.9788 -0.1848 -0.0884
vn -0.5012 0.1736 -0.8478
vn 0.4439 0.4745 -0.7602
vn 0.9690 0.2228 0.1064
vn -0.5110 0.2097 -0.8336
vn -0.5328 -0.4491 0.7172
vn 0.9672 0.2351 0.0965
vn 0.5282 0.4608 -0.7132
vn 0.4744 0.4632 -0.7486
vn -0.5004 0.2222 -0.8368
vn 0.5181 -0.2134 0.8283
vn 0.5573 0.3632 -0.7466
vn 0.5153 -0.1643 0.8411
vn -0.4934 -0.3654 0.7893
vn -0.5551 -0.3632 0.7483
vn -0.9789 -0.1752 -0.1048
vn -0.4819 0.1770 -0.8582
vn 0.4983 0.3654 -0.7862
vn -0.0839 0.9583 -0.2732
vn 0.0361 0.9991 0.0214
vn -0.0328 0.9992 -0.0232
vn -0.7538 0.4574 -0.4718
vn -0.7340 -0.4802 -0.4803
vn -0.7208 -0.4842 -0.4960
vn -0.0589 -0.9982 -0.0098
vn 0.0345 -0.9991 0.0242
vn 0.0562 -0.9984 -0.0109
vn 0.7150 0.5109 0.4772
vn 0.7470 -0.4480 0.4913
vn 0.7271 0.4942 0.4766
vn 0.0148 0.9986 0.0510
vn -0.7442 0.4772 -0.4674
vn -0.3438 -0.9376 0.0512
vn 0.7559 -0.4517 0.4739
vn 0.0017 0.8873 0.4613
vn 0.6991 0.4916 0.5192
vn -0.0242 0.9941 0.1055
vn 0.6792 0.4908 0.5457
vn 0.7726 -0.4451 0.4527
vn 0.7878 -0.4415 0.4294
vn 0.0908 -0.9939 -0.0624
vn -0.0700 -0.9955 -0.0636
vn 0.1786 -0.9599 0.2159
vn -0.6899 -0.4743 -0.5469
vn -0.2889 -0.9569 -0.0293
vn -0.7830 0.4586 -0.4203
vn -0.6908 -0.4883 -0.5333
vn -0.1204 0.9876 0.1011
vn -0.7722 0.4721 -0.4252
vn -0.1461 0.9539 -0.2620
vn 0.7400 0.4895 0.4612
vn 0.0569 0.9983 -0.0123
vn -0.0088 0.9984 -0.0552
vn -0.7325 0.4583 -0.5034
vn -0.7429 -0.4829 -0.4635
vn -0.0617 -0.9981 0.0091
vn 0.0136 -0.9982 0.0584
vn 0.7357 -0.4513 0.5051
vn 0.6076 0.4886 0.6262
vn -0.1115 0.9669 0.2295
vn -0.1761 0.9310 0.3197
vn 0.8357 -0.4209 0.3529
vn 0.6416 0.5081 0.5746
vn 0.2456 -0.9241 -0.2927
vn 0.7954 -0.4550 0.4004
vn 0.0257 -0.9744 -0.2233
vn 0.4700 -0.8486 -0.2429
vn -0.6653 -0.4694 -0.5805
vn -0.1995 -0.9690 -0.1454
vn -0.6328 -0.4551 -0.6265
vn -0.7985 0.4693 -0.3770
vn -0.8262 0.4569 -0.3296
vn -0.1716 0.9666 0.1903
vn -0.3731 0.8515 0.3684
vn 0.5786 0.4605 0.6732
vn -0.2371 0.8814 0.4086
vn 0.8653 -0.3871 0.3185
vn 0.3084 -0.8701 -0.3845
vn 0.0845 -0.9426 -0.3231
vn -0.6108 -0.4201 -0.6711
vn -0.8557 0.4302 -0.2876
vn -0.4290 0.7804 0.4548
vn 0.0704 0.9973 -0.0194
vn -0.0061 0.9976 -0.0694
vn -0.7387 0.4367 -0.5134
vn -0.7374 -0.5029 -0.4509
vn -0.0624 -0.9977 0.0245
vn 0.0021 -0.9978 0.0668
vn 0.7221 -0.4731 0.5047
vn 0.7520 0.4696 0.4626
vn 0.5452 0.4557 0.7036
vn -0.2698 0.8443 0.4630
vn 0.8847 -0.3368 0.3222
vn 0.3449 -0.8400 -0.4189
vn 0.2659 -0.8407 -0.4718
vn -0.6212 -0.3697 -0.6910
vn -0.8695 0.4285 -0.2456
vn -0.3323 0.8436 0.4218
vn 0.5648 0.0110 -0.8252
vn 0.5648 0.0110 -0.8251
vn 0.5647 0.0110 -0.8252
vn -0.3767 -0.7452 0.5503
vn 0.0361 0.9991 0.0215
vn -0.7537 0.4574 -0.4718
vn -0.7339 -0.4803 -0.4803
vn -0.7208 -0.4841 -0.4961
vn 0.0561 -0.9984 -0.0109
vn 0.7151 0.5109 0.4771
vn 0.7470 -0.4479 0.4913
vn 0.7270 0.4943 0.4766
vn 0.0148 0.9986 0.0509
vn -0.7442 0.4771 -0.4675
vn -0.3439 -0.9376 0.0512
vn 0.7558 -0.4519 0.4739
vn 0.6991 0.4917 0.5192
vn -0.0241 0.9941 0.1055
vn 0.6793 0.4907 0.5457
vn 0.7726 -0.4450 0.4528
vn 0.7878 -0.4416 0.4294
vn 0.0907 -0.9939 -0.0624
vn -0.6898 -0.4743 -0.5470
vn -0.2888 -0.9569 -0.0295
vn -0.7830 0.4585 -0.4203
vn -0.6907 -0.4884 -0.5333
vn -0.1461 0.9539 -0.2622
vn 0.7401 0.4895 0.4612
vn 0.0570 0.9983 -0.0123
vn -0.0087 0.9984 -0.0552
vn -0.7429 -0.4830 -0.4635
vn 0.0137 -0.9982 0.0584
vn 0.7357 -0.4513 0.5050
vn -0.1116 0.9669 0.2295
vn -0.1760 0.9311 0.3195
vn 0.7954 -0.4551 0.4003
vn 0.0258 -0.9744 -0.2234
vn -0.6654 -0.4694 -0.5805
vn -0.6327 -0.4551 -0.6265
vn -0.7986 0.4693 -0.3769
vn -0.1717 0.9666 0.1903
vn -0.2370 0.8814 0.4086
vn 0.0844 -0.9425 -0.3234
vn -0.8557 0.4303 -0.2876
vn 0.0703 0.9973 -0.0194
vn -0.7375 -0.5028 -0.4509
vn 0.0022 -0.9978 0.0669
vn 0.7221 -0.4731 0.5048
vn 0.5452 0.4558 0.7036
vn -0.2699 0.8443 0.4630
vn -0.6212 -0.3698 -0.6909
vn -0.8696 0.4284 -0.2456
vn -0.3766 -0.7452 0.5503
vn -0.3767 -0.7451 0.5503
vn 0.5111 0.6088 0.6067
vn 0.8074 0.0950 0.5824
vn 0.8107 0.1002 0.5768
vn -0.0565 0.9210 0.3855
vn 0.4790 0.6323 0.6090
vn 0.0361 0.9130 0.4064
vn 0.4628 0.5734 0.6760
vn 0.8045 0.0911 0.5869
vn 0.8005 0.0869 0.5929
vn -0.0028 0.8943 0.4475
vn 0.4280 0.5965 0.6790
vn -0.0433 0.8619 0.5053
vn 0.4261 0.5129 0.7452
vn 0.7687 0.1323 0.6258
vn -0.3294 0.9423 0.0596
vn -0.7873 0.5866 -0.1897
vn -0.3724 0.8928 0.2536
vn -0.7624 0.6046 -0.2307
vn -0.8556 0.0948 -0.5088
vn -0.8586 0.0909 -0.5045
vn -0.8071 0.5682 -0.1606
vn -0.4016 0.8657 0.2989
vn -0.8323 0.5399 -0.1254
vn -0.4395 0.8254 0.3544
vn -0.8626 0.0867 -0.4984
vn -0.8651 0.0809 -0.4951
vn -0.8535 0.5110 -0.1022
vn -0.4709 0.7882 0.3962
vn 0.9368 -0.3349 0.1014
vn 0.8687 -0.0527 0.4925
vn 0.8544 -0.0271 0.5189
vn 0.5986 -0.6007 -0.5300
vn 0.8930 -0.4485 0.0361
vn 0.6132 -0.6765 -0.4078
vn 0.9053 -0.4208 0.0584
vn 0.8669 -0.0576 0.4951
vn 0.8650 -0.0654 0.4975
vn 0.5810 -0.7212 -0.3772
vn 0.8480 -0.5239 0.0799
vn 0.5406 -0.7762 -0.3244
vn 0.8571 -0.5039 0.1067
vn 0.8636 -0.0749 0.4986
vn 0.2731 -0.6051 -0.7479
vn -0.3932 -0.3942 -0.8307
vn 0.2885 -0.6283 -0.7225
vn -0.4583 -0.3396 -0.8214
vn -0.7976 -0.0528 -0.6009
vn -0.7991 -0.0578 -0.5984
vn -0.4049 -0.4267 -0.8087
vn 0.2645 -0.6764 -0.6874
vn -0.4210 -0.4695 -0.7761
vn 0.2289 -0.7371 -0.6358
vn -0.8007 -0.0656 -0.5955
vn -0.8011 -0.0751 -0.5937
vn -0.4316 -0.5098 -0.7442
vn 0.1963 -0.7876 -0.5841
vn 0.7674 0.1282 0.6283
vn 0.4163 0.4829 0.7704
vn -0.0841 0.7179 0.6910
vn 0.3924 0.4345 0.8107
vn 0.7941 0.0658 0.6042
vn 0.7925 0.0602 0.6069
vn -0.1424 0.7294 0.6691
vn 0.3709 0.4547 0.8097
vn -0.1569 0.6818 0.7145
vn 0.2891 0.4321 0.8542
vn 0.7563 0.0979 0.6468
vn -0.8770 0.4747 -0.0745
vn -0.5047 0.7385 0.4470
vn -0.8677 0.0740 -0.4916
vn -0.8704 0.0657 -0.4880
vn -0.9023 0.4285 -0.0466
vn -0.5427 0.6737 0.5016
vn -0.9192 0.3927 -0.0294
vn -0.5688 0.6226 0.5374
vn -0.8721 0.0599 -0.4856
vn -0.8942 0.0974 -0.4369
vn -0.9028 0.4255 0.0620
vn -0.5579 0.6057 0.5674
vn -0.4484 -0.5381 -0.7137
vn 0.1650 -0.8273 -0.5370
vn -0.8038 -0.0796 -0.5895
vn -0.8070 -0.0842 -0.5844
vn -0.4713 -0.5654 -0.6769
vn 0.1260 -0.8674 -0.4814
vn -0.4845 -0.5897 -0.6461
vn 0.0958 -0.8956 -0.4344
vn -0.8081 -0.0918 -0.5818
vn -0.8147 -0.0844 -0.5737
vn -0.5170 -0.5930 -0.6173
vn 0.0574 -0.9171 -0.3946
vn 0.8607 -0.0794 0.5028
vn 0.5009 -0.8211 -0.2737
vn 0.7997 -0.5851 0.1350
vn 0.4667 -0.8549 -0.2264
vn 0.8112 -0.5602 0.1678
vn 0.8574 -0.0841 0.5078
vn 0.8554 -0.0916 0.5098
vn 0.4296 -0.8875 -0.1667
vn 0.7554 -0.6230 0.2030
vn 0.3988 -0.9097 -0.1155
vn 0.7743 -0.5888 0.2319
vn 0.8507 -0.0842 0.5189
vn -0.1479 0.7354 0.6613
vn -0.8371 0.1117 -0.5355
vn 0.4679 -0.8613 -0.1982
vn -0.8161 -0.0272 -0.5772
vn -0.3266 0.6093 0.7226
vn 0.2330 0.8987 0.3716
vn 0.6308 0.4006 -0.6645
vn 0.4552 0.7077 -0.5403
vn -0.2538 0.9624 0.0964
vn 0.3919 0.4012 -0.8279
vn -0.7004 0.6503 -0.2942
vn 0.4522 0.1164 -0.8843
vn -0.5020 -0.6151 -0.6080
vn -0.7933 -0.0804 -0.6034
vn -0.8229 0.1200 -0.5553
vn 0.4289 0.2938 -0.8543
vn 0.8748 -0.4381 0.2068
vn 0.6424 0.2929 -0.7082
vn 0.8360 0.1194 0.5355
vn 0.9512 0.0900 -0.2952
vn 0.7610 -0.6099 0.2212
vn 0.6695 0.1606 -0.7253
vn 0.3818 0.9093 0.1657
vn 0.2263 -0.8786 -0.4206
vn 0.6742 -0.0892 -0.7331
vn 0.0569 -0.9295 -0.3644
vn 0.4939 -0.2019 -0.8458
vn 0.0595 0.0461 -0.9972
vn 0.4057 0.6208 -0.6708
vn 0.3823 0.7361 -0.5586
vn 0.5648 -0.0000 -0.8253
vn 0.3823 -0.7361 -0.5585
vn 0.8362 0.0001 0.5485
vn 0.8362 -0.0001 0.5485
vn 0.8360 -0.0000 0.5487
vn 0.3776 -0.4894 0.7861
vn 0.2782 -0.0000 0.9605
vn 0.2781 -0.0000 0.9606
vn 0.3776 0.4894 0.7861
vn 0.3776 0.4894 0.7860
vn 0.6166 0.6754 0.4046
vn 0.8746 0.4829 0.0425
vn 0.8746 0.4830 0.0425
vn 0.9938 -0.0000 -0.1111
vn 0.8746 -0.4830 0.0425
vn 0.8746 -0.4829 0.0425
vn 0.6166 -0.6754 0.4045
vn 0.3777 -0.4896 0.7859
vn -0.5150 -0.4107 0.7524
vn -0.2011 0.9344 0.2939
vn 0.5150 0.4105 -0.7525
vn 0.8362 -0.0000 0.5485
vn 0.8362 -0.0000 0.5484
vn 0.5648 0.0001 -0.8253
vn 0.5647 0.0001 -0.8253
vn 0.3825 -0.7358 -0.5588
vn -0.3825 -0.7358 0.5588
vn -0.5647 0.0001 0.8253
vn -0.3825 0.7358 0.5588
vn 0.0366 -0.9979 -0.0535
vn -0.1065 -0.9820 0.1557
vn 0.0368 -0.9979 -0.0537
vn -0.5432 -0.2779 0.7923
vn -0.5335 -0.3236 0.7814
vn -0.5452 -0.2521 0.7995
vn -0.8231 0.1397 -0.5504
vn 0.5165 -0.3952 -0.7596
vn 0.5015 -0.4558 -0.7354
vn 0.5158 -0.4131 -0.7505
vn 0.5691 -0.7034 0.4258
vn 0.5691 -0.7035 0.4258
vn -0.5574 0.0891 0.8254
vn 0.5574 -0.0891 -0.8254
vn 0.5497 -0.0917 -0.8303
vn -0.8219 0.1473 -0.5503
vn -0.4504 0.8185 -0.3566
vn -0.4506 0.8185 -0.3564
vn 0.8361 -0.0001 0.5486
vn -0.3150 -0.8300 0.4602
vn -0.1068 -0.9820 0.1559
vn -0.3152 -0.8297 0.4606
vn 0.2515 -0.8954 -0.3674
vn 0.2517 -0.8952 -0.3678
vn 0.1142 -0.9823 0.1482
vn 0.1142 -0.9824 0.1481
vn 0.1143 -0.9823 0.1482
vn -0.5765 0.0671 0.8143
vn -0.5766 0.0672 0.8142
vn -0.5708 0.0631 0.8186
vn 0.5765 -0.0671 -0.8143
vn 0.5766 -0.0671 -0.8143
vn 0.5854 -0.0734 -0.8074
vn -0.0241 0.9957 -0.0899
vn -0.0351 -0.9981 0.0513
vn -0.5633 0.0734 0.8230
vn 0.5633 -0.0734 -0.8230
vn -0.0231 0.9957 -0.0894
vn 0.0351 0.9981 -0.0513
vn -0.5339 -0.3262 0.7801
vn 0.5021 -0.4580 -0.7336
vn -0.3824 -0.7360 0.5586
vn -0.6166 -0.6754 -0.4046
vn -0.3776 -0.4895 -0.7860
vn -0.6166 -0.6754 -0.4044
vn -0.5150 0.4105 0.7525
vn -0.2011 -0.9344 0.2939
vn 0.3826 -0.7358 -0.5587
vn -0.3824 -0.7358 0.5588
vn -0.3826 -0.7358 0.5587
vn -0.5649 -0.0000 0.8252
vn -0.3823 -0.7362 0.5585
vn -0.3824 -0.7361 0.5586
vn 0.3824 -0.7360 -0.5586
vn 0.8361 0.0001 0.5486
vn 0.3776 0.4895 0.7860
vn 0.3776 -0.4895 0.7860
vn 0.9938 -0.0000 -0.1112
vn 0.6166 0.6754 0.4045
vn 0.5150 0.4107 -0.7524
vn 0.3824 -0.7359 -0.5587
vn -0.3824 -0.7359 0.5588
vn 0.2783 -0.0000 0.9605
vn -0.3824 0.7361 0.5586
vn 0.3824 0.7361 -0.5586
vn 0.3825 -0.7360 -0.5586
vn 0.8361 0.0001 0.5485
vn 0.6166 -0.6754 0.4046
vn -0.5149 -0.4106 0.7525
vn -0.3825 0.7359 0.5588
vn -0.3825 -0.7360 0.5585
vn 0.3823 -0.7361 -0.5586
vn -0.5150 0.4107 0.7524
vn 0.5150 -0.4105 -0.7525
vn 0.3824 -0.7359 -0.5588
vn -0.0001 -1.0000 0.0001
vn 0.3825 0.7359 -0.5588
vn -0.5475 -0.2545 0.7972
vn -0.5335 -0.3238 0.7814
vn -0.5412 -0.2773 0.7939
vn 0.8327 0.1397 0.5359
vn 0.8320 0.1472 0.5349
vn 0.5128 -0.4135 -0.7523
vn 0.5015 -0.4557 -0.7354
vn 0.5206 -0.3932 -0.7579
vn -0.6179 -0.7025 -0.3531
vn -0.6179 -0.7026 -0.3530
vn -0.5677 0.0890 0.8184
vn 0.5677 -0.0891 -0.8184
vn 0.5075 0.8175 0.2722
vn -0.3150 -0.8300 0.4603
vn -0.3152 -0.8298 0.4606
vn 0.2514 -0.8954 -0.3674
vn -0.1833 -0.9819 -0.0471
vn -0.5503 0.0672 0.8322
vn -0.5504 0.0671 0.8322
vn -0.5565 0.0631 0.8284
vn 0.5504 -0.0671 -0.8322
vn 0.5503 -0.0672 -0.8323
vn 0.5565 -0.0631 -0.8285
vn 0.5073 0.8177 0.2719
vn 0.0934 0.9955 -0.0129
vn -0.5633 0.0735 0.8230
vn 0.5633 -0.0735 -0.8230
vn 0.0939 0.9955 -0.0126
vn -0.5339 -0.3263 0.7801
vn 0.5021 -0.4581 -0.7335
vn -0.8746 -0.4829 -0.0425
vn -0.6167 -0.6754 -0.4044
vn -0.9938 -0.0000 0.1110
vn -0.8746 -0.4829 -0.0424
vn 0.2011 -0.9344 -0.2939
vn 0.3824 -0.7358 -0.5588
vn -0.7742 0.0990 -0.6252
vn -0.5116 0.3610 -0.7797
vn -0.3340 0.4936 -0.8030
vn 0.2867 0.6918 -0.6628
vn 0.3177 0.7082 -0.6305
vn 0.3151 0.6523 -0.6894
vn -0.7427 0.0574 -0.6671
vn -0.4428 0.5040 -0.7416
vn -0.7479 0.0451 -0.6623
vn -0.4798 0.3152 -0.8188
vn 0.3407 0.5951 -0.7278
vn 0.3654 0.5282 -0.7665
vn -0.7493 0.0321 -0.6614
vn -0.3919 0.4382 -0.8089
vn 0.5637 0.7408 -0.3654
vn 0.8735 0.4869 -0.0028
vn 0.4751 0.7063 -0.5248
vn 0.9183 0.3589 0.1670
vn 0.8816 0.0985 0.4617
vn 0.9452 0.3216 -0.0566
vn 0.8938 0.0280 0.4476
vn 0.5740 0.7090 -0.4097
vn 0.5985 0.6588 -0.4558
vn 0.9413 0.3141 0.1236
vn 0.8977 0.0321 0.4394
vn 0.9700 0.2305 -0.0771
vn 0.9011 0.0269 0.4328
vn 0.6275 0.5989 -0.4976
vn -0.9772 -0.2095 -0.0333
vn -0.6196 -0.3980 0.6766
vn -0.6260 -0.3732 0.6847
vn -0.8806 -0.0381 -0.4723
vn -0.9342 -0.3557 0.0258
vn -0.9124 -0.0123 -0.4092
vn -0.9676 -0.2460 -0.0571
vn -0.6053 -0.4489 0.6573
vn -0.5827 -0.5181 0.6261
vn -0.9116 -0.0186 -0.4107
vn -0.8999 -0.4353 -0.0250
vn 0.2794 -0.1546 0.9476
vn 0.7833 -0.0364 0.6206
vn 0.4092 -0.2110 0.8877
vn -0.2826 -0.4885 0.8255
vn -0.4107 -0.3751 0.8310
vn -0.2670 -0.5352 0.8014
vn 0.4294 -0.2538 0.8667
vn 0.7410 -0.0094 0.6714
vn 0.2922 -0.2272 0.9290
vn 0.7426 -0.0151 0.6695
vn -0.2420 -0.5979 0.7642
vn -0.7477 0.0224 -0.6636
vn -0.4403 0.2507 -0.8622
vn 0.3873 0.4602 -0.7989
vn 0.4020 0.4060 -0.8207
vn -0.7446 0.0147 -0.6673
vn -0.3464 0.3637 -0.8647
vn -0.7416 0.0099 -0.6708
vn -0.4137 0.2106 -0.8857
vn 0.4094 0.3770 -0.8308
vn 0.6518 0.5377 -0.5349
vn 0.9655 0.2504 0.0714
vn 0.9024 0.0184 0.4304
vn 0.9824 0.1582 -0.0997
vn 0.9051 0.0121 0.4251
vn 0.6686 0.4883 -0.5608
vn 0.6788 0.4598 -0.5726
vn 0.9768 0.2108 0.0385
vn 0.9074 0.0081 0.4202
vn -0.2131 -0.6605 0.7199
vn 0.4689 -0.3225 0.8223
vn 0.7450 -0.0231 0.6667
vn 0.3043 -0.3223 0.8964
vn 0.7477 -0.0318 0.6633
vn -0.1785 -0.7102 0.6810
vn -0.1414 -0.7367 0.6613
vn 0.5118 -0.3559 0.7819
vn 0.7533 -0.0367 0.6566
vn 0.5812 -0.3007 0.7561
vn 0.7618 -0.0272 0.6473
vn -0.2760 -0.6868 0.6724
vn -0.9104 -0.0281 -0.4128
vn -0.9430 -0.3145 -0.1085
vn -0.5559 -0.5872 0.5884
vn -0.5307 -0.6436 0.5515
vn -0.9085 -0.0378 -0.4162
vn -0.8589 -0.5016 -0.1031
vn -0.9080 -0.0511 -0.4158
vn -0.9233 -0.3483 -0.1620
vn -0.5223 -0.6760 0.5199
vn -0.5277 -0.6829 0.5052
vn -0.9092 -0.0569 -0.4124
vn -0.9251 -0.2974 -0.2363
vn 0.8793 0.0396 0.4747
vn -0.7622 0.1046 -0.6388
vn 0.8242 -0.0202 0.5660
vn -0.8473 -0.0200 -0.5308
vn -0.5423 0.8393 -0.0388
vn -0.6259 -0.3586 0.6926
vn -0.4280 0.7301 0.5327
vn -0.3416 0.7323 0.5891
vn -0.6761 -0.1516 0.7210
vn -0.1025 0.9326 0.3461
vn -0.3336 0.9280 -0.1662
vn -0.8864 -0.1183 0.4475
vn -0.2315 0.9499 -0.2099
vn -0.9943 0.1052 0.0166
vn 0.8149 0.0088 0.5795
vn -0.0774 0.9554 0.2850
vn -0.0887 0.9508 0.2969
vn 0.5916 0.1954 0.7822
vn -0.0317 0.9707 0.2382
vn 0.6241 0.3737 -0.6862
vn 0.1176 0.9893 -0.0858
vn 0.0359 0.9893 -0.1413
vn 0.5611 0.5247 -0.6402
vn -0.2129 0.9699 0.1183
vn -0.9418 0.2931 -0.1646
vn 0.5826 0.2541 0.7720
vn -0.2515 0.8417 -0.4777
vn 0.5432 0.8391 0.0300
vn 0.3823 0.7360 -0.5587
vn 0.6168 0.6754 0.4043
vn 0.6167 -0.6754 0.4044
vn -0.3825 -0.7359 0.5587
vn -0.3824 0.7358 0.5588
vn -0.9201 0.1697 -0.3531
vn -0.7634 0.6044 -0.2278
vn -0.8519 0.1001 -0.5141
vn -0.7863 0.5875 -0.1913
vn -0.3382 0.9207 0.1947
vn -0.8095 0.5790 -0.0971
vn -0.3858 0.9130 0.1327
vn -0.9256 0.1470 -0.3489
vn -0.9308 0.1258 -0.3432
vn -0.8315 0.5409 -0.1266
vn -0.4185 0.8911 0.1756
vn -0.8577 0.5132 -0.0303
vn -0.4600 0.8573 0.2312
vn -0.9105 0.1490 -0.3857
vn 0.4824 0.5915 0.6461
vn 0.5090 0.6086 0.6088
vn 0.4556 0.6200 0.6388
vn 0.4395 0.5457 0.7135
vn 0.7984 0.0812 0.5966
vn 0.4134 0.5701 0.7100
vn -0.6696 -0.0581 -0.7404
vn -0.4584 -0.3397 -0.8213
vn -0.8161 -0.0273 -0.5772
vn -0.3940 -0.3961 -0.8294
vn -0.3348 -0.4126 -0.8471
vn 0.1847 -0.6886 -0.7012
vn -0.6842 -0.0560 -0.7271
vn -0.6902 -0.0734 -0.7199
vn -0.4217 -0.4707 -0.7750
vn 0.1464 -0.7295 -0.6681
vn -0.3713 -0.5088 -0.7767
vn 0.1055 -0.7829 -0.6131
vn -0.6879 -0.0978 -0.7192
vn 0.9206 -0.3884 0.0397
vn 0.8687 -0.0527 0.4926
vn 0.8544 -0.0271 0.5190
vn 0.8670 -0.0576 0.4951
vn 0.6132 -0.6766 -0.4077
vn 0.8732 -0.4848 0.0497
vn 0.8820 -0.4635 0.0851
vn 0.8636 -0.0750 0.4986
vn 0.8224 -0.5587 0.1068
vn -0.8859 0.4638 -0.0044
vn -0.5699 0.7286 0.3800
vn -0.9074 0.4191 0.0306
vn -0.6056 0.6761 0.4197
vn -0.9421 0.0743 -0.3270
vn -0.8828 0.1257 -0.4527
vn -0.9456 0.0724 -0.3171
vn -0.9185 0.3942 -0.0304
vn -0.5681 0.7250 0.3894
vn -0.5886 0.6805 0.4364
vn -0.8942 0.0974 -0.4370
vn -0.0706 0.8302 0.5530
vn 0.4091 0.4807 0.7756
vn 0.7962 0.0741 0.6004
vn -0.1066 0.7874 0.6072
vn 0.3749 0.4951 0.7838
vn 0.3829 0.3985 0.8334
vn 0.7564 0.0979 0.6467
vn 0.8359 -0.5324 0.1333
vn 0.7750 -0.6076 0.1739
vn 0.4295 -0.8875 -0.1668
vn 0.7881 -0.5850 0.1916
vn 0.7341 -0.6289 0.2560
vn -0.6938 -0.1095 -0.7118
vn -0.4492 -0.5390 -0.7125
vn 0.0718 -0.8271 -0.5574
vn -0.4164 -0.5730 -0.7059
vn 0.0385 -0.8602 -0.5085
vn -0.6976 -0.1289 -0.7048
vn -0.6932 -0.1612 -0.7025
vn -0.4854 -0.5905 -0.6448
vn -0.0000 -0.8931 -0.4498
vn -0.4628 -0.6178 -0.6357
vn -0.0259 -0.9175 -0.3970
vn -0.7090 -0.1507 -0.6889
vn 0.1490 0.3386 -0.9290
vn -0.2543 0.9623 0.0961
vn 0.3380 0.7087 -0.6193
vn 0.4549 0.7077 -0.5406
vn -0.0844 0.9957 0.0372
vn 0.6307 0.4010 -0.6644
vn 0.6490 -0.7604 -0.0249
vn 0.6464 0.2693 -0.7139
vn 0.8702 -0.0808 0.4860
vn 0.6650 0.5923 -0.4550
vn 0.3819 0.9091 0.1664
vn 0.9960 -0.0147 0.0876
vn -0.6804 0.5518 -0.4823
vn 0.4297 0.2700 -0.8617
vn -0.7930 -0.0807 -0.6038
vn -0.5010 -0.6150 -0.6089
vn -0.1395 0.8709 -0.4712
vn 0.0661 0.0903 -0.9937
vn -0.1393 -0.8567 -0.4967
vn 0.0649 0.0509 -0.9966
vn 0.4917 -0.2029 -0.8468
vn 0.5948 -0.1148 -0.7956
vn 0.8691 -0.1883 -0.4573
vn 0.2698 -0.7633 -0.5870
vn -0.1107 -0.8739 -0.4734
vn -0.8746 0.4829 -0.0425
vn -0.3776 0.4894 -0.7860
vn -0.5149 0.4106 0.7525
vn 0.5650 -0.0000 -0.8251
vn 0.8815 0.0985 0.4617
vn 0.9197 0.3563 0.1649
vn 0.8592 0.0437 0.5097
vn 0.8734 0.4869 -0.0028
vn 0.5150 0.6892 -0.5097
vn 0.5293 0.6499 -0.5454
vn 0.9298 0.3382 0.1449
vn 0.8636 0.0467 0.5020
vn 0.9427 0.3108 0.1217
vn 0.8661 0.0439 0.4979
vn 0.5557 0.5927 -0.5830
vn 0.5824 0.5260 -0.6198
vn 0.9556 0.2782 0.0973
vn 0.8694 0.0410 0.4924
vn -0.4735 0.5091 -0.7188
vn -0.4968 0.3428 -0.7973
vn 0.3151 0.6523 -0.6893
vn 0.3406 0.5951 -0.7279
vn -0.4146 0.4773 -0.7748
vn -0.4619 0.2824 -0.8408
vn 0.2822 -0.1387 0.9493
vn -0.4054 -0.3998 0.8221
vn 0.4144 -0.2242 0.8820
vn 0.7382 -0.0080 0.6746
vn 0.7847 -0.0382 0.6187
vn 0.4285 -0.2500 0.8683
vn 0.7890 -0.0409 0.6131
vn -0.3925 -0.4508 0.8017
vn -0.3714 -0.5203 0.7690
vn 0.4474 -0.2848 0.8478
vn 0.7942 -0.0439 0.6060
vn -0.8806 -0.0381 -0.4724
vn -0.9746 -0.2205 -0.0394
vn -0.9777 -0.2075 -0.0327
vn -0.9205 -0.3907 0.0061
vn -0.9564 -0.2805 -0.0818
vn 0.9666 0.2467 0.0699
vn 0.8738 0.0387 0.4847
vn 0.6046 0.4581 -0.6516
vn 0.6194 0.4040 -0.6731
vn 0.9740 0.2212 0.0479
vn 0.8781 0.0370 0.4771
vn 0.9776 0.2071 0.0374
vn 0.8801 0.0356 0.4735
vn 0.6261 0.3753 -0.6835
vn -0.3663 0.3977 -0.8412
vn -0.7446 0.0148 -0.6673
vn -0.4223 0.2249 -0.8781
vn 0.4021 0.4060 -0.8207
vn 0.4094 0.3771 -0.8308
vn -0.3340 0.3464 -0.8766
vn -0.9104 -0.0280 -0.4127
vn -0.8773 -0.4758 -0.0625
vn -0.9302 -0.3421 -0.1329
vn -0.8528 -0.5004 -0.1494
vn -0.9251 -0.2973 -0.2363
vn 0.4675 -0.3190 0.8244
vn 0.7989 -0.0467 0.5996
vn -0.3458 -0.5895 0.7300
vn -0.3204 -0.6460 0.6928
vn 0.4856 -0.3467 0.8025
vn 0.8024 -0.0492 0.5947
vn 0.5102 -0.3527 0.7844
vn 0.8096 -0.0429 0.5855
vn -0.2936 -0.6786 0.6733
vn 0.5811 -0.3007 0.7562
vn 0.4757 0.7053 -0.5255
vn -0.1528 -0.3187 0.9355
vn -0.1029 0.9331 0.3446
vn -0.3408 0.7312 0.5910
vn -0.6259 -0.3581 0.6929
vn -0.2850 0.9321 0.2237
vn -0.9806 -0.1937 -0.0290
vn 0.7800 -0.0222 0.6254
vn -0.0886 0.9506 0.2974
vn -0.0766 0.9555 0.2849
vn -0.9936 0.1114 0.0203
vn -0.2395 0.9544 0.1782
vn -0.7877 0.0441 -0.6144
vn -0.6809 0.7267 -0.0909
vn -0.2131 0.9700 0.1167
vn -0.4216 0.2145 -0.8811
vn 0.1747 0.3628 -0.9153
vn 0.0365 0.9896 -0.1392
vn 0.6243 0.3732 -0.6863
vn -0.0332 0.9706 0.2384
vn 0.9762 0.2119 0.0461
vn 0.5913 0.1949 0.7826
vn 0.0195 0.5282 0.8489
vn -0.2897 -0.4644 0.8369
vn 0.0832 0.9965 -0.0068
vn -0.4001 0.7891 0.4660
vn -0.0075 0.9539 0.2999
vn -0.2173 0.9319 0.2905
vn -0.4051 0.8616 0.3060
vn -0.4053 0.8615 0.3059
vn 0.2352 -0.9209 -0.3109
vn 0.2797 -0.9514 -0.1286
vn 0.1884 -0.9320 -0.3096
vn 0.2351 -0.9209 -0.3109
vn 0.5145 -0.4126 -0.7517
vn 0.3781 0.7027 0.6027
vn -0.3783 -0.7026 -0.6027
vn -0.1580 0.3731 -0.9143
vn -0.3650 -0.6908 -0.6241
vn -0.6957 0.7066 -0.1292
vn -0.1478 0.3312 -0.9319
vn 0.3960 0.7166 0.5742
vn -0.5062 0.7833 -0.3609
vn 0.9300 0.3238 -0.1738
vn -0.9602 -0.1821 0.2119
vn 0.9602 0.1822 -0.2119
vn 0.9721 0.0586 -0.2269
vn -0.5363 0.7825 -0.3165
vn -0.1576 0.0330 -0.9869
vn -0.1437 0.3115 -0.9393
vn 0.5649 0.0110 -0.8251
vn -0.3767 -0.7452 0.5502
vn 0.6165 -0.6754 0.4047
vn 0.5149 0.4105 -0.7526
vn -0.5497 0.0916 0.8303
vn -0.5854 0.0733 0.8074
vn 0.5708 -0.0631 -0.8187
vn -0.5649 -0.0000 0.8251
vn -0.5750 0.0915 0.8130
vn 0.5751 -0.0916 -0.8130
vn 0.8361 -0.0002 0.5486
vn -0.5407 0.0735 0.8380
vn 0.5407 -0.0734 -0.8380
vn -0.5150 0.4107 0.7525
vn -0.1887 0.9329 0.3066
vn -0.2033 0.9229 0.3271
vn -0.2807 0.9515 0.1260
vn -0.2348 0.9218 0.3085
vn -0.1351 0.8667 0.4802
vn -0.1887 0.9330 0.3065
vn -0.2807 0.9515 0.1263
vn -0.2348 0.9218 0.3086
vn 0.4086 -0.8600 -0.3057
vn 0.1336 -0.8653 -0.4831
vn 0.2198 -0.9311 -0.2911
vn 0.0107 -0.9538 -0.3003
vn 0.2050 -0.9221 -0.3282
vn 0.4085 -0.8601 -0.3057
vn 0.2199 -0.9311 -0.2912
vn 0.0107 -0.9538 -0.3001
vn 0.2050 -0.9221 -0.3283
vt 0.751479 0.809454
vt 0.756230 0.810993
vt 0.753822 0.812389
vt 0.756230 0.832015
vt 0.752436 0.836535
vt 0.753527 0.831675
vt 0.745526 0.806778
vt 0.752588 0.806782
vt 0.746581 0.809400
vt 0.741841 0.810903
vt 0.744140 0.812300
vt 0.741388 0.831919
vt 0.744036 0.831639
vt 0.745095 0.836562
vt 0.746464 0.834295
vt 0.751100 0.834237
vt 0.834245 0.831796
vt 0.834557 0.836909
vt 0.832484 0.833318
vt 0.826938 0.837092
vt 0.827180 0.831899
vt 0.829024 0.833508
vt 0.834596 0.814756
vt 0.838408 0.832363
vt 0.823100 0.832434
vt 0.826983 0.814744
vt 0.832771 0.812690
vt 0.838408 0.812455
vt 0.828898 0.812641
vt 0.834522 0.808384
vt 0.823327 0.812513
vt 0.827151 0.808464
vt 0.913402 0.792964
vt 0.898304 0.799599
vt 0.898379 0.792946
vt 0.910646 0.826042
vt 0.926708 0.833843
vt 0.910215 0.832681
vt 0.915168 0.804509
vt 0.909306 0.821183
vt 0.900081 0.804481
vt 0.915126 0.788077
vt 0.909438 0.771371
vt 0.925328 0.770332
vt 0.900224 0.788059
vt 0.913416 0.799617
vt 0.910721 0.766524
vt 0.927216 0.765387
vt 0.925366 0.822267
vt 0.927216 0.827210
vt 0.851562 0.774752
vt 0.846800 0.776291
vt 0.849150 0.773356
vt 0.851562 0.753731
vt 0.848855 0.754070
vt 0.847760 0.749210
vt 0.847912 0.778963
vt 0.841888 0.776345
vt 0.837136 0.774843
vt 0.839439 0.773445
vt 0.836683 0.753828
vt 0.839335 0.754107
vt 0.840398 0.749183
vt 0.841770 0.751450
vt 0.846421 0.751508
vt 0.880870 0.808577
vt 0.880560 0.813691
vt 0.878793 0.812168
vt 0.875320 0.811979
vt 0.873230 0.808395
vt 0.873471 0.813588
vt 0.869385 0.813056
vt 0.884728 0.813126
vt 0.880910 0.830731
vt 0.873275 0.830743
vt 0.869612 0.832974
vt 0.884728 0.833031
vt 0.879080 0.832797
vt 0.873445 0.837022
vt 0.875196 0.832846
vt 0.925534 0.806262
vt 0.940572 0.799573
vt 0.940557 0.806245
vt 0.937368 0.766475
vt 0.954370 0.771966
vt 0.937801 0.773134
vt 0.942323 0.794674
vt 0.936461 0.777999
vt 0.952521 0.776916
vt 0.936593 0.827845
vt 0.942281 0.811138
vt 0.952483 0.828884
vt 0.927379 0.811157
vt 0.927236 0.794701
vt 0.925459 0.799590
vt 0.937875 0.832699
vt 0.969121 0.807846
vt 0.973870 0.809371
vt 0.971473 0.810770
vt 0.973870 0.836192
vt 0.970077 0.840723
vt 0.971166 0.835858
vt 0.963168 0.805178
vt 0.970222 0.805179
vt 0.964224 0.807797
vt 0.959489 0.809302
vt 0.961784 0.810695
vt 0.959008 0.836118
vt 0.961654 0.835835
vt 0.962727 0.840754
vt 0.964093 0.838487
vt 0.968737 0.838424
vt 0.815117 0.814740
vt 0.815415 0.819870
vt 0.813338 0.816258
vt 0.807748 0.820024
vt 0.807984 0.814828
vt 0.809845 0.816440
vt 0.815508 0.790725
vt 0.819290 0.815298
vt 0.803899 0.815345
vt 0.807873 0.790699
vt 0.813673 0.788668
vt 0.819290 0.788419
vt 0.809800 0.788609
vt 0.815411 0.784385
vt 0.804248 0.788454
vt 0.808077 0.784443
vt 0.821077 0.692302
vt 0.803894 0.698951
vt 0.803965 0.692298
vt 0.824877 0.656428
vt 0.842957 0.663039
vt 0.824929 0.663081
vt 0.823456 0.703584
vt 0.822851 0.723563
vt 0.806277 0.703568
vt 0.823403 0.687672
vt 0.822966 0.667695
vt 0.840378 0.667661
vt 0.806410 0.687681
vt 0.821097 0.698954
vt 0.824877 0.728178
vt 0.840437 0.723603
vt 0.842981 0.728227
vt 0.865378 0.834964
vt 0.860618 0.836489
vt 0.862976 0.833565
vt 0.865378 0.808145
vt 0.862670 0.808478
vt 0.861577 0.803612
vt 0.861721 0.839156
vt 0.855706 0.836539
vt 0.850960 0.835034
vt 0.853260 0.833641
vt 0.850479 0.808219
vt 0.853129 0.808501
vt 0.854206 0.803581
vt 0.855575 0.805849
vt 0.860234 0.805911
vt 0.847960 0.674151
vt 0.847662 0.679282
vt 0.845878 0.677763
vt 0.842373 0.677582
vt 0.840270 0.673997
vt 0.840506 0.679194
vt 0.836414 0.678680
vt 0.851842 0.678726
vt 0.848053 0.703297
vt 0.840396 0.703323
vt 0.836764 0.705567
vt 0.851842 0.705601
vt 0.846213 0.705354
vt 0.840602 0.709577
vt 0.842329 0.705412
vt 0.809642 0.767550
vt 0.826774 0.760874
vt 0.826754 0.767546
vt 0.830606 0.796781
vt 0.848658 0.803496
vt 0.830554 0.803454
vt 0.829133 0.756237
vt 0.828528 0.736258
vt 0.846114 0.736219
vt 0.828643 0.792160
vt 0.829080 0.772183
vt 0.846055 0.792194
vt 0.812087 0.772173
vt 0.811954 0.756253
vt 0.809571 0.760877
vt 0.830554 0.731636
vt 0.848658 0.731587
vt 0.021386 0.625977
vt 0.006568 0.934063
vt 0.006566 0.625977
vt 0.004319 0.625977
vt 0.002002 0.934063
vt 0.002005 0.625977
vt 0.335073 0.919659
vt 0.320251 0.611578
vt 0.335071 0.611578
vt 0.025946 0.934063
vt 0.023632 0.625977
vt 0.025946 0.625977
vt 0.021388 0.934063
vt 0.004316 0.934063
vt 0.337317 0.919659
vt 0.318004 0.611578
vt 0.320253 0.919659
vt 0.318002 0.919659
vt 0.607056 0.206433
vt 0.314919 0.221251
vt 0.314919 0.206431
vt 0.314919 0.180245
vt 0.607056 0.182558
vt 0.314919 0.182559
vt 0.314919 0.184805
vt 0.607056 0.199624
vt 0.314919 0.199625
vt 0.607056 0.201873
vt 0.314919 0.204185
vt 0.314919 0.201872
vt 0.607056 0.204187
vt 0.607056 0.177995
vt 0.607056 0.180244
vt 0.607056 0.184804
vt 0.997119 0.188299
vt 0.995990 0.191959
vt 0.995990 0.188299
vt 0.997119 0.195619
vt 0.997119 0.191959
vt 0.997119 0.199279
vt 0.995990 0.195619
vt 0.997119 0.173658
vt 0.995990 0.169998
vt 0.997119 0.169998
vt 0.997119 0.177318
vt 0.995990 0.173658
vt 0.995990 0.180978
vt 0.995990 0.177318
vt 0.997119 0.180978
vt 0.995990 0.184639
vt 0.997119 0.184639
vt 0.405814 0.060744
vt 0.405814 0.062363
vt 0.403860 0.061554
vt 0.404669 0.063508
vt 0.403051 0.063508
vt 0.401906 0.062363
vt 0.401906 0.060744
vt 0.403051 0.059600
vt 0.404669 0.059600
vt 0.768754 0.063126
vt 0.765242 0.064131
vt 0.766976 0.062376
vt 0.762059 0.065925
vt 0.765987 0.065913
vt 0.759245 0.063150
vt 0.762774 0.064133
vt 0.761023 0.059948
vt 0.761035 0.062401
vt 0.759245 0.059198
vt 0.762757 0.058193
vt 0.765940 0.056399
vt 0.762012 0.056411
vt 0.768754 0.059174
vt 0.765225 0.058191
vt 0.766964 0.059923
vt 0.998003 0.014613
vt 0.995992 0.017135
vt 0.995992 0.014613
vt 0.998003 0.019656
vt 0.998003 0.017135
vt 0.998003 0.022178
vt 0.995992 0.019656
vt 0.998003 0.004525
vt 0.995992 0.002003
vt 0.998003 0.002003
vt 0.998003 0.007047
vt 0.995992 0.004525
vt 0.995992 0.009569
vt 0.995992 0.007047
vt 0.998003 0.009569
vt 0.995992 0.012091
vt 0.998003 0.012091
vt 0.635938 0.064090
vt 0.635245 0.061856
vt 0.636389 0.063000
vt 0.634154 0.059785
vt 0.634154 0.062307
vt 0.635938 0.058002
vt 0.635245 0.060237
vt 0.638008 0.059092
vt 0.636389 0.059092
vt 0.638459 0.058002
vt 0.639153 0.060237
vt 0.640243 0.062307
vt 0.640243 0.059785
vt 0.638460 0.064090
vt 0.639153 0.061856
vt 0.638008 0.063000
vt 0.050683 0.154033
vt 0.051417 0.155652
vt 0.050683 0.155652
vt 0.051417 0.152415
vt 0.051417 0.154033
vt 0.050683 0.152415
vt 0.051418 0.150796
vt 0.050683 0.163745
vt 0.051417 0.162127
vt 0.051418 0.163745
vt 0.050683 0.162127
vt 0.051417 0.160508
vt 0.050683 0.158889
vt 0.050683 0.160508
vt 0.050683 0.157271
vt 0.051417 0.158889
vt 0.051417 0.157271
vt 0.002002 0.183051
vt 0.310917 0.197872
vt 0.002002 0.197871
vt 0.002002 0.200608
vt 0.310917 0.204529
vt 0.002002 0.204530
vt 0.310917 0.207266
vt 0.002002 0.222087
vt 0.002002 0.207266
vt 0.310918 0.176393
vt 0.002002 0.180314
vt 0.002002 0.176392
vt 0.310918 0.180315
vt 0.310917 0.183051
vt 0.310917 0.200608
vt 0.002002 0.224823
vt 0.310918 0.222086
vt 0.310918 0.224822
vt 0.997122 0.154700
vt 0.995993 0.158360
vt 0.995993 0.154700
vt 0.997122 0.162020
vt 0.997122 0.158360
vt 0.997122 0.165680
vt 0.995993 0.162020
vt 0.997122 0.140059
vt 0.995993 0.136399
vt 0.997122 0.136399
vt 0.997122 0.143719
vt 0.995993 0.140059
vt 0.995993 0.147380
vt 0.995993 0.143719
vt 0.997122 0.147380
vt 0.995993 0.151040
vt 0.997122 0.151040
vt 0.409819 0.060744
vt 0.410964 0.059599
vt 0.411773 0.061553
vt 0.412582 0.059599
vt 0.413727 0.060744
vt 0.413727 0.062362
vt 0.412583 0.063507
vt 0.410964 0.063507
vt 0.409819 0.062362
vt 0.793010 0.056440
vt 0.793974 0.059954
vt 0.792241 0.058209
vt 0.795764 0.063170
vt 0.795764 0.059243
vt 0.792963 0.065950
vt 0.793980 0.062423
vt 0.789764 0.064150
vt 0.792227 0.064153
vt 0.789017 0.065934
vt 0.788036 0.062387
vt 0.786260 0.059204
vt 0.786261 0.063135
vt 0.789056 0.056406
vt 0.788049 0.059926
vt 0.789791 0.058201
vt 0.543427 0.004008
vt 0.540905 0.001997
vt 0.543427 0.001997
vt 0.538383 0.004008
vt 0.540905 0.004008
vt 0.535861 0.004008
vt 0.538383 0.001997
vt 0.553514 0.004008
vt 0.556036 0.001997
vt 0.556036 0.004008
vt 0.550992 0.004008
vt 0.553514 0.001997
vt 0.548470 0.001997
vt 0.550992 0.001997
vt 0.548470 0.004008
vt 0.545949 0.001997
vt 0.545949 0.004008
vt 0.710855 0.062301
vt 0.708620 0.062994
vt 0.709765 0.061850
vt 0.706550 0.064085
vt 0.709072 0.064085
vt 0.704767 0.062301
vt 0.707002 0.062994
vt 0.705857 0.060231
vt 0.705857 0.061850
vt 0.704767 0.059780
vt 0.707002 0.059087
vt 0.709072 0.057996
vt 0.706550 0.057996
vt 0.710855 0.059779
vt 0.708620 0.059087
vt 0.709765 0.060231
vt 0.289504 0.002733
vt 0.291123 0.001999
vt 0.291123 0.002733
vt 0.287885 0.001999
vt 0.289504 0.001999
vt 0.287885 0.002733
vt 0.286267 0.001999
vt 0.299216 0.002733
vt 0.297597 0.001999
vt 0.299216 0.001999
vt 0.297597 0.002733
vt 0.295979 0.001999
vt 0.294360 0.002733
vt 0.295979 0.002733
vt 0.292741 0.002733
vt 0.294360 0.001999
vt 0.292741 0.001999
vt 0.288494 0.230645
vt 0.268438 0.229194
vt 0.287039 0.229194
vt 0.155055 0.234332
vt 0.136116 0.232394
vt 0.155350 0.232398
vt 0.231935 0.147907
vt 0.239589 0.145852
vt 0.239589 0.147907
vt 0.156981 0.234026
vt 0.155057 0.615702
vt 0.136118 0.617634
vt 0.136413 0.615701
vt 0.299159 0.467585
vt 0.306813 0.469640
vt 0.299159 0.469640
vt 0.231935 0.127252
vt 0.239589 0.125196
vt 0.239589 0.127252
vt 0.134483 0.234024
vt 0.134489 0.616007
vt 0.299159 0.488241
vt 0.306813 0.490296
vt 0.299159 0.490296
vt 0.799890 0.576383
vt 0.792236 0.956502
vt 0.792236 0.576383
vt 0.136411 0.234331
vt 0.443772 0.611577
vt 0.451426 0.991697
vt 0.443772 0.991697
vt 0.306813 0.488241
vt 0.231935 0.145852
vt 0.156981 0.616009
vt 0.155351 0.617638
vt 0.288494 0.610763
vt 0.266982 0.230645
vt 0.266982 0.610763
vt 0.287039 0.612214
vt 0.268438 0.612214
vt 0.827275 0.270639
vt 0.807218 0.269188
vt 0.825819 0.269188
vt 0.083417 0.615700
vt 0.102356 0.617633
vt 0.083122 0.617637
vt 0.985526 0.808377
vt 0.977872 0.810432
vt 0.977872 0.808377
vt 0.081490 0.616007
vt 0.083419 0.234331
vt 0.102357 0.232394
vt 0.102063 0.234329
vt 0.989523 0.808372
vt 0.997177 0.810427
vt 0.989523 0.810428
vt 0.985526 0.829032
vt 0.977872 0.831088
vt 0.977872 0.829032
vt 0.103988 0.616005
vt 0.103988 0.234022
vt 0.989523 0.829028
vt 0.997177 0.831083
vt 0.989523 0.831083
vt 0.525355 0.993297
vt 0.533009 0.613177
vt 0.533009 0.993297
vt 0.102061 0.615699
vt 0.416457 0.991702
vt 0.408803 0.611581
vt 0.416457 0.611581
vt 0.997177 0.829028
vt 0.985526 0.810432
vt 0.081495 0.234024
vt 0.083125 0.232398
vt 0.827275 0.650758
vt 0.805762 0.270639
vt 0.805762 0.650758
vt 0.825819 0.652208
vt 0.807218 0.652208
vt 0.903813 0.003452
vt 0.883756 0.002002
vt 0.902357 0.002002
vt 0.003925 0.615702
vt 0.022863 0.617634
vt 0.003630 0.617638
vt 0.710715 0.830773
vt 0.703061 0.832828
vt 0.703061 0.830773
vt 0.001997 0.616009
vt 0.003927 0.234329
vt 0.022866 0.232398
vt 0.022571 0.234331
vt 0.741588 0.440386
vt 0.749242 0.442441
vt 0.741588 0.442441
vt 0.710715 0.851428
vt 0.703061 0.853484
vt 0.703061 0.851429
vt 0.024495 0.616007
vt 0.024495 0.234025
vt 0.741588 0.461042
vt 0.749242 0.463097
vt 0.741588 0.463097
vt 0.362180 0.991701
vt 0.369834 0.611580
vt 0.369834 0.991701
vt 0.022568 0.615700
vt 0.513702 0.611577
vt 0.521356 0.991697
vt 0.513702 0.991697
vt 0.749242 0.461042
vt 0.710715 0.832828
vt 0.002002 0.234022
vt 0.003633 0.232394
vt 0.903813 0.383571
vt 0.882300 0.003452
vt 0.882300 0.383571
vt 0.902357 0.385021
vt 0.883756 0.385021
vt 0.599231 0.227445
vt 0.579175 0.225994
vt 0.597775 0.225994
vt 0.639492 0.561303
vt 0.658431 0.563236
vt 0.639197 0.563240
vt 0.749241 0.467585
vt 0.741587 0.469640
vt 0.741587 0.467585
vt 0.637564 0.561610
vt 0.639495 0.179931
vt 0.658433 0.178000
vt 0.658139 0.179933
vt 0.888728 0.809975
vt 0.896382 0.812030
vt 0.888728 0.812030
vt 0.749241 0.488241
vt 0.741587 0.490296
vt 0.741587 0.488241
vt 0.660063 0.561608
vt 0.660063 0.179626
vt 0.888728 0.830630
vt 0.896382 0.832686
vt 0.888728 0.832686
vt 0.432115 0.991701
vt 0.439769 0.611581
vt 0.439769 0.991701
vt 0.658136 0.561302
vt 0.984349 0.387584
vt 0.992003 0.767704
vt 0.984349 0.767704
vt 0.896382 0.830630
vt 0.749241 0.469640
vt 0.637570 0.179624
vt 0.639201 0.177996
vt 0.599231 0.607563
vt 0.577719 0.227445
vt 0.577719 0.607563
vt 0.597775 0.609014
vt 0.579175 0.609014
vt 0.831275 0.650762
vt 0.851332 0.652213
vt 0.832731 0.652213
vt 0.109915 0.615701
vt 0.128853 0.617634
vt 0.109620 0.617638
vt 0.306813 0.494784
vt 0.299159 0.496840
vt 0.299159 0.494784
vt 0.107987 0.616008
vt 0.109917 0.234329
vt 0.128856 0.232398
vt 0.128561 0.234331
vt 0.953916 0.845168
vt 0.961570 0.847224
vt 0.953916 0.847224
vt 0.306813 0.515440
vt 0.299159 0.517495
vt 0.299159 0.515440
vt 0.130485 0.616006
vt 0.130485 0.234025
vt 0.953916 0.865824
vt 0.961570 0.867879
vt 0.953916 0.867879
vt 0.381488 0.611581
vt 0.373834 0.991701
vt 0.373834 0.611581
vt 0.128558 0.615700
vt 0.502050 0.611577
vt 0.509704 0.991698
vt 0.502050 0.991698
vt 0.961570 0.865824
vt 0.306812 0.496840
vt 0.107993 0.234022
vt 0.109623 0.232394
vt 0.831275 0.270643
vt 0.852788 0.650762
vt 0.852788 0.270643
vt 0.832731 0.269193
vt 0.851332 0.269193
vt 0.878297 0.003452
vt 0.858241 0.002002
vt 0.876841 0.002002
vt 0.056924 0.615702
vt 0.075863 0.617635
vt 0.056629 0.617638
vt 0.741585 0.517495
vt 0.749239 0.515440
vt 0.749239 0.517495
vt 0.054996 0.616009
vt 0.056926 0.234329
vt 0.075865 0.232398
vt 0.075570 0.234331
vt 0.749241 0.544694
vt 0.741587 0.542639
vt 0.749240 0.542639
vt 0.741585 0.496839
vt 0.749239 0.494784
vt 0.749239 0.496839
vt 0.077495 0.616007
vt 0.077495 0.234025
vt 0.749241 0.524038
vt 0.741587 0.521983
vt 0.749241 0.521983
vt 0.463078 0.611581
vt 0.455424 0.991701
vt 0.455424 0.611581
vt 0.075568 0.615700
vt 0.467081 0.611578
vt 0.474735 0.991699
vt 0.467082 0.991699
vt 0.741587 0.524039
vt 0.741585 0.515440
vt 0.055002 0.234022
vt 0.056632 0.232394
vt 0.878297 0.383570
vt 0.856785 0.003452
vt 0.856785 0.383570
vt 0.876841 0.385021
vt 0.858241 0.385021
vt 0.737588 0.390639
vt 0.717531 0.389189
vt 0.736132 0.389189
vt 0.665989 0.561301
vt 0.684927 0.563240
vt 0.665694 0.563236
vt 0.292496 0.565493
vt 0.300150 0.563438
vt 0.300150 0.565493
vt 0.664062 0.561608
vt 0.665992 0.179933
vt 0.684930 0.177996
vt 0.684636 0.179931
vt 0.691412 0.825972
vt 0.699067 0.828027
vt 0.691413 0.828027
vt 0.292496 0.544838
vt 0.300150 0.542783
vt 0.300150 0.544838
vt 0.686560 0.561610
vt 0.686560 0.179624
vt 0.691413 0.846627
vt 0.699067 0.848682
vt 0.691412 0.848682
vt 0.569320 0.611582
vt 0.561666 0.991701
vt 0.561666 0.611582
vt 0.684633 0.561303
vt 0.498044 0.991697
vt 0.490390 0.611577
vt 0.498044 0.611577
vt 0.699066 0.846627
vt 0.292496 0.563438
vt 0.664068 0.179626
vt 0.665697 0.177999
vt 0.737588 0.770758
vt 0.716075 0.390639
vt 0.716075 0.770758
vt 0.736131 0.772208
vt 0.717531 0.772208
vt 0.878301 0.390639
vt 0.858245 0.389189
vt 0.876845 0.389189
vt 0.030425 0.615702
vt 0.049364 0.617635
vt 0.030131 0.617638
vt 0.734017 0.835573
vt 0.726363 0.837628
vt 0.726363 0.835573
vt 0.028498 0.616009
vt 0.030428 0.234329
vt 0.049366 0.232398
vt 0.049072 0.234331
vt 0.741582 0.549182
vt 0.749236 0.551238
vt 0.741582 0.551238
vt 0.734017 0.856228
vt 0.726363 0.858284
vt 0.726363 0.856228
vt 0.050996 0.616007
vt 0.050996 0.234025
vt 0.741582 0.569838
vt 0.749236 0.571893
vt 0.741582 0.571893
vt 0.404802 0.611581
vt 0.397148 0.991701
vt 0.397148 0.611581
vt 0.049069 0.615700
vt 0.557668 0.991697
vt 0.550014 0.611577
vt 0.557668 0.611577
vt 0.749236 0.569838
vt 0.734017 0.837628
vt 0.028503 0.234022
vt 0.030134 0.232394
vt 0.878301 0.770758
vt 0.856789 0.390639
vt 0.856789 0.770758
vt 0.876845 0.772208
vt 0.858245 0.772208
vt 0.903815 0.390617
vt 0.883759 0.389185
vt 0.902359 0.389185
vt 0.394852 0.606280
vt 0.413794 0.604357
vt 0.414092 0.606276
vt 0.714714 0.856213
vt 0.722367 0.858256
vt 0.714713 0.858256
vt 0.393223 0.604666
vt 0.395152 0.227916
vt 0.395150 0.604358
vt 0.414093 0.225994
vt 0.413796 0.227914
vt 0.985524 0.856215
vt 0.977870 0.858257
vt 0.977870 0.856215
vt 0.714714 0.835571
vt 0.722367 0.837613
vt 0.714713 0.837613
vt 0.415720 0.227607
vt 0.415720 0.604664
vt 0.985524 0.835573
vt 0.977870 0.837615
vt 0.977870 0.835573
vt 0.544661 0.988389
vt 0.537008 0.613183
vt 0.544661 0.613183
vt 0.158119 0.997985
vt 0.165772 0.622779
vt 0.165772 0.997985
vt 0.985524 0.837615
vt 0.722367 0.856213
vt 0.393229 0.227609
vt 0.394855 0.225998
vt 0.903815 0.765812
vt 0.882303 0.390617
vt 0.882303 0.765812
vt 0.902359 0.767244
vt 0.883759 0.767244
vt 0.650258 0.569810
vt 0.630202 0.568378
vt 0.648802 0.568378
vt 0.552850 0.606280
vt 0.571792 0.604357
vt 0.572090 0.606276
vt 0.887440 0.859857
vt 0.895094 0.857815
vt 0.895094 0.859857
vt 0.551221 0.604666
vt 0.553150 0.227916
vt 0.553148 0.604358
vt 0.572091 0.225994
vt 0.571795 0.227914
vt 0.906748 0.859857
vt 0.899094 0.857815
vt 0.906748 0.857815
vt 0.887440 0.839215
vt 0.895094 0.837173
vt 0.895094 0.839215
vt 0.573719 0.227607
vt 0.573719 0.604664
vt 0.906748 0.839215
vt 0.899094 0.837173
vt 0.906748 0.837173
vt 0.580971 0.613183
vt 0.573317 0.988389
vt 0.573317 0.613183
vt 0.076565 0.622781
vt 0.084220 0.997987
vt 0.076566 0.997987
vt 0.899094 0.839215
vt 0.887440 0.857815
vt 0.551227 0.227609
vt 0.552853 0.225998
vt 0.650258 0.945005
vt 0.628746 0.569810
vt 0.628745 0.945005
vt 0.648802 0.946437
vt 0.630202 0.946437
vt 0.954835 0.003429
vt 0.934779 0.001998
vt 0.953379 0.001998
vt 0.315366 0.606281
vt 0.334307 0.604358
vt 0.334605 0.606278
vt 0.749669 0.864659
vt 0.757323 0.862616
vt 0.757323 0.864658
vt 0.313736 0.604668
vt 0.315666 0.227915
vt 0.315663 0.604360
vt 0.334608 0.225998
vt 0.334311 0.227916
vt 0.834845 0.864659
vt 0.827191 0.862616
vt 0.834845 0.862617
vt 0.749669 0.844016
vt 0.757323 0.841974
vt 0.757323 0.844016
vt 0.336234 0.227609
vt 0.336234 0.604666
vt 0.834845 0.844016
vt 0.827191 0.841974
vt 0.834845 0.841974
vt 0.264455 0.991589
vt 0.272109 0.616383
vt 0.272109 0.991589
vt 0.134823 0.622781
vt 0.142477 0.997987
vt 0.134824 0.997987
vt 0.827191 0.844016
vt 0.749669 0.862616
vt 0.313742 0.227607
vt 0.315370 0.225994
vt 0.954835 0.378625
vt 0.933323 0.003429
vt 0.933323 0.378625
vt 0.953379 0.380056
vt 0.934779 0.380056
vt 0.788231 0.576210
vt 0.768175 0.574778
vt 0.786775 0.574778
vt 0.368361 0.606242
vt 0.387301 0.604324
vt 0.387598 0.606245
vt 0.930608 0.859857
vt 0.938262 0.857815
vt 0.938262 0.859857
vt 0.366733 0.604630
vt 0.368653 0.227920
vt 0.368659 0.604322
vt 0.387594 0.225994
vt 0.387295 0.227918
vt 0.997181 0.858257
vt 0.989527 0.856215
vt 0.997181 0.856215
vt 0.930608 0.839215
vt 0.938262 0.837173
vt 0.938262 0.839215
vt 0.389228 0.227610
vt 0.389228 0.604631
vt 0.997181 0.837615
vt 0.989527 0.835573
vt 0.997181 0.835573
vt 0.041600 0.997983
vt 0.049254 0.622776
vt 0.049254 0.997983
vt 0.123176 0.622782
vt 0.130830 0.997989
vt 0.123177 0.997989
vt 0.989527 0.837615
vt 0.930608 0.857815
vt 0.366729 0.227613
vt 0.368355 0.226002
vt 0.788231 0.951405
vt 0.766719 0.576210
vt 0.766719 0.951405
vt 0.786775 0.952837
vt 0.768175 0.952837
vt 0.954839 0.385817
vt 0.934783 0.384385
vt 0.953383 0.384385
vt 0.520073 0.225998
vt 0.501131 0.227916
vt 0.500834 0.225994
vt 0.679764 0.886616
vt 0.687418 0.888658
vt 0.679764 0.888658
vt 0.521702 0.227610
vt 0.519778 0.604360
vt 0.519775 0.227917
vt 0.520074 0.606280
vt 0.501133 0.604358
vt 0.710721 0.878614
vt 0.703067 0.880657
vt 0.703067 0.878614
vt 0.679764 0.865973
vt 0.687418 0.868015
vt 0.679764 0.868015
vt 0.499210 0.604665
vt 0.499204 0.227608
vt 0.710721 0.857972
vt 0.703067 0.860014
vt 0.703067 0.857972
vt 0.037600 0.997987
vt 0.029947 0.622781
vt 0.037600 0.622781
vt 0.584975 0.988389
vt 0.592628 0.613183
vt 0.592628 0.988389
vt 0.710721 0.860014
vt 0.687418 0.886616
vt 0.521702 0.604667
vt 0.500836 0.606276
vt 0.954839 0.761012
vt 0.933326 0.385817
vt 0.933326 0.761012
vt 0.953383 0.762444
vt 0.934782 0.762444
vt 0.654254 0.945005
vt 0.674310 0.946437
vt 0.655710 0.946437
vt 0.421351 0.606281
vt 0.440293 0.604358
vt 0.440590 0.606278
vt 0.679770 0.859415
vt 0.687424 0.861457
vt 0.679770 0.861457
vt 0.419721 0.604667
vt 0.421651 0.227915
vt 0.421648 0.604360
vt 0.421354 0.225994
vt 0.440296 0.227916
vt 0.850936 0.845613
vt 0.858590 0.843571
vt 0.858590 0.845613
vt 0.679770 0.838773
vt 0.687424 0.840815
vt 0.679770 0.840815
vt 0.442219 0.227609
vt 0.442219 0.604665
vt 0.850936 0.866255
vt 0.858590 0.864213
vt 0.858590 0.866255
vt 0.107535 0.997989
vt 0.099882 0.622783
vt 0.107535 0.622783
vt 0.283768 0.616382
vt 0.276115 0.991589
vt 0.276115 0.616382
vt 0.850936 0.864213
vt 0.687424 0.859415
vt 0.419727 0.227607
vt 0.440593 0.225998
vt 0.654253 0.569810
vt 0.675766 0.945005
vt 0.675766 0.569810
vt 0.655709 0.568379
vt 0.674310 0.568379
vt 0.958830 0.378625
vt 0.978887 0.380057
vt 0.960286 0.380057
vt 0.215608 0.612680
vt 0.234550 0.610757
vt 0.234848 0.612676
vt 0.839282 0.859415
vt 0.846936 0.861457
vt 0.839282 0.861457
vt 0.213979 0.611066
vt 0.215908 0.234316
vt 0.215906 0.610758
vt 0.215611 0.232398
vt 0.234552 0.234314
vt 0.918404 0.859418
vt 0.910750 0.861460
vt 0.910750 0.859418
vt 0.839282 0.838773
vt 0.846936 0.840815
vt 0.839282 0.840815
vt 0.236476 0.234007
vt 0.236476 0.611064
vt 0.918404 0.838776
vt 0.910750 0.840818
vt 0.910750 0.838776
vt 0.060907 0.997985
vt 0.053254 0.622779
vt 0.060907 0.622779
vt 0.187474 0.993189
vt 0.195128 0.617983
vt 0.195127 0.993189
vt 0.918404 0.840818
vt 0.846936 0.859415
vt 0.213985 0.234009
vt 0.234849 0.232394
vt 0.958830 0.003430
vt 0.980343 0.378625
vt 0.980343 0.003429
vt 0.960286 0.001998
vt 0.978887 0.001998
vt 0.624748 0.569810
vt 0.604692 0.568379
vt 0.623292 0.568378
vt 0.242111 0.612679
vt 0.261053 0.610757
vt 0.261351 0.612676
vt 0.699073 0.855214
vt 0.691419 0.853172
vt 0.699073 0.853172
vt 0.240481 0.611066
vt 0.242411 0.234316
vt 0.242409 0.610758
vt 0.261352 0.232394
vt 0.261055 0.234314
vt 0.803890 0.853611
vt 0.811544 0.851569
vt 0.811544 0.853611
vt 0.699073 0.875857
vt 0.691419 0.873815
vt 0.699073 0.873815
vt 0.262979 0.234007
vt 0.262979 0.611064
vt 0.803890 0.874254
vt 0.811544 0.872212
vt 0.811544 0.874254
vt 0.206784 0.993189
vt 0.199131 0.617983
vt 0.206784 0.617983
vt 0.064911 0.997983
vt 0.072564 0.622776
vt 0.072564 0.997983
vt 0.803890 0.872212
vt 0.691419 0.855214
vt 0.240487 0.234009
vt 0.242114 0.232398
vt 0.624748 0.945005
vt 0.603236 0.569810
vt 0.603236 0.945005
vt 0.623292 0.946437
vt 0.604692 0.946437
vt 0.958838 0.761010
vt 0.978895 0.762442
vt 0.960294 0.762442
vt 0.361100 0.225998
vt 0.342158 0.227916
vt 0.341861 0.225994
vt 0.865658 0.862617
vt 0.873312 0.864659
vt 0.865658 0.864659
vt 0.362729 0.227610
vt 0.360805 0.604360
vt 0.360802 0.227917
vt 0.341863 0.606276
vt 0.342160 0.604358
vt 0.949920 0.859418
vt 0.942266 0.861460
vt 0.942266 0.859418
vt 0.865658 0.841974
vt 0.873312 0.844016
vt 0.865658 0.844016
vt 0.340237 0.604665
vt 0.340231 0.227608
vt 0.949920 0.838776
vt 0.942266 0.840818
vt 0.942266 0.838776
vt 0.119182 0.997989
vt 0.111528 0.622782
vt 0.119182 0.622782
vt 0.088225 0.997985
vt 0.095878 0.622779
vt 0.095878 0.997985
vt 0.949920 0.840818
vt 0.873312 0.862617
vt 0.362729 0.604667
vt 0.361101 0.606280
vt 0.958838 0.385815
vt 0.980351 0.761010
vt 0.980351 0.385815
vt 0.960294 0.384383
vt 0.978894 0.384383
vt 0.929330 0.385817
vt 0.909274 0.384385
vt 0.927874 0.384385
vt 0.189106 0.612681
vt 0.208048 0.610758
vt 0.208346 0.612677
vt 0.815541 0.861015
vt 0.823195 0.863057
vt 0.815541 0.863057
vt 0.187477 0.611067
vt 0.189407 0.234314
vt 0.189404 0.610759
vt 0.208348 0.232398
vt 0.208051 0.234316
vt 0.722370 0.883414
vt 0.714716 0.885456
vt 0.714716 0.883414
vt 0.815541 0.840373
vt 0.823195 0.842415
vt 0.815541 0.842415
vt 0.209974 0.234009
vt 0.209974 0.611065
vt 0.722370 0.862772
vt 0.714716 0.864814
vt 0.714716 0.862772
vt 0.154125 0.997986
vt 0.146472 0.622780
vt 0.154125 0.622780
vt 0.222440 0.993189
vt 0.230094 0.617982
vt 0.230094 0.993189
vt 0.722370 0.864814
vt 0.823195 0.861015
vt 0.187483 0.234007
vt 0.189110 0.232394
vt 0.929330 0.761012
vt 0.907818 0.385817
vt 0.907818 0.761012
vt 0.927874 0.762444
vt 0.909274 0.762444
vt 0.712073 0.390639
vt 0.692017 0.389189
vt 0.710617 0.389189
vt 0.162906 0.615701
vt 0.181845 0.617634
vt 0.162611 0.617638
vt 0.292493 0.592693
vt 0.300147 0.590637
vt 0.300147 0.592693
vt 0.160978 0.616008
vt 0.162909 0.234329
vt 0.181847 0.232398
vt 0.181553 0.234331
vt 0.803889 0.718777
vt 0.811543 0.720832
vt 0.803889 0.720832
vt 0.292493 0.572037
vt 0.300147 0.569982
vt 0.300147 0.572037
vt 0.183477 0.616006
vt 0.183477 0.234025
vt 0.803889 0.739432
vt 0.811543 0.741488
vt 0.803889 0.741488
vt 0.991995 0.002002
vt 0.984341 0.382121
vt 0.984341 0.002002
vt 0.181550 0.615700
vt 0.478739 0.611577
vt 0.486393 0.991698
vt 0.478739 0.991698
vt 0.811543 0.739432
vt 0.292493 0.590637
vt 0.160984 0.234022
vt 0.162615 0.232394
vt 0.712073 0.770759
vt 0.690561 0.390639
vt 0.690561 0.770759
vt 0.710617 0.772209
vt 0.692017 0.772209
vt 0.547216 0.227445
vt 0.527160 0.225994
vt 0.545760 0.225994
vt 0.612989 0.561303
vt 0.631928 0.563236
vt 0.612694 0.563240
vt 0.687419 0.811573
vt 0.679765 0.813628
vt 0.679765 0.811573
vt 0.611061 0.561610
vt 0.612992 0.179931
vt 0.631930 0.178000
vt 0.631636 0.179933
vt 0.803886 0.824369
vt 0.811540 0.826425
vt 0.803886 0.826425
vt 0.687418 0.832228
vt 0.679765 0.834283
vt 0.679765 0.832228
vt 0.633559 0.561608
vt 0.633559 0.179627
vt 0.803886 0.845025
vt 0.811540 0.847080
vt 0.803886 0.847080
vt 0.385495 0.991701
vt 0.393148 0.611582
vt 0.393148 0.991701
vt 0.631633 0.561302
vt 0.420459 0.611582
vt 0.428113 0.991703
vt 0.420459 0.991703
vt 0.811540 0.845025
vt 0.687418 0.813628
vt 0.611067 0.179624
vt 0.612698 0.177996
vt 0.547216 0.607564
vt 0.525704 0.227445
vt 0.525704 0.607564
vt 0.545760 0.609014
vt 0.527160 0.609014
vt 0.314003 0.611413
vt 0.293947 0.609981
vt 0.312547 0.609981
vt 0.447844 0.606281
vt 0.466786 0.604358
vt 0.467083 0.606277
vt 0.973222 0.845170
vt 0.965568 0.847212
vt 0.965568 0.845170
vt 0.446214 0.604667
vt 0.448144 0.227915
vt 0.448141 0.604359
vt 0.467086 0.225998
vt 0.466789 0.227916
vt 0.348969 0.864657
vt 0.341315 0.862615
vt 0.348969 0.862615
vt 0.973222 0.865813
vt 0.965568 0.867855
vt 0.965568 0.865813
vt 0.468712 0.227609
vt 0.468712 0.604665
vt 0.348969 0.844015
vt 0.341315 0.841973
vt 0.348968 0.841973
vt 0.210783 0.993189
vt 0.218438 0.617983
vt 0.218438 0.993189
vt 0.245750 0.617981
vt 0.253404 0.993187
vt 0.245751 0.993187
vt 0.341315 0.844015
vt 0.973222 0.847212
vt 0.446220 0.227607
vt 0.447848 0.225994
vt 0.314003 0.986608
vt 0.292491 0.611413
vt 0.292491 0.986608
vt 0.312547 0.988040
vt 0.293947 0.988040
vt 0.929323 0.003430
vt 0.909267 0.001998
vt 0.927867 0.001998
vt 0.474340 0.606281
vt 0.493282 0.604358
vt 0.493579 0.606277
vt 0.738015 0.864657
vt 0.745669 0.862615
vt 0.745669 0.864657
vt 0.472710 0.604667
vt 0.474640 0.227915
vt 0.474637 0.604359
vt 0.493582 0.225998
vt 0.493285 0.227916
vt 0.734018 0.885457
vt 0.726364 0.883414
vt 0.734018 0.883414
vt 0.738015 0.844015
vt 0.745669 0.841973
vt 0.745669 0.844015
vt 0.495208 0.227609
vt 0.495208 0.604665
vt 0.734018 0.864814
vt 0.726364 0.862772
vt 0.734018 0.862772
vt 0.241753 0.617983
vt 0.234099 0.993189
vt 0.234099 0.617983
vt 0.169766 0.622783
vt 0.177420 0.997989
vt 0.169767 0.997989
vt 0.726364 0.864814
vt 0.738015 0.862615
vt 0.472716 0.227607
vt 0.474344 0.225994
vt 0.929323 0.378625
vt 0.907811 0.003430
vt 0.907810 0.378625
vt 0.927867 0.380056
vt 0.909266 0.380056
vt 0.357160 0.716027
vt 0.342340 0.654796
vt 0.357160 0.654797
vt 0.760743 0.697693
vt 0.759596 0.758973
vt 0.759597 0.697738
vt 0.758569 0.697760
vt 0.743750 0.758980
vt 0.743751 0.697760
vt 0.741589 0.697693
vt 0.742734 0.758973
vt 0.741588 0.758960
vt 0.342339 0.716027
vt 0.341312 0.654790
vt 0.358176 0.654790
vt 0.358176 0.716005
vt 0.758568 0.758980
vt 0.742734 0.697738
vt 0.342341 0.776679
vt 0.341312 0.746394
vt 0.342340 0.746424
vt 0.742736 0.637079
vt 0.741591 0.667272
vt 0.741592 0.637012
vt 0.743753 0.637112
vt 0.742736 0.667335
vt 0.758573 0.637112
vt 0.743752 0.667366
vt 0.759601 0.637079
vt 0.758571 0.667366
vt 0.760743 0.667272
vt 0.759598 0.667335
vt 0.358177 0.776646
vt 0.357160 0.746425
vt 0.358176 0.746394
vt 0.357161 0.776679
vt 0.342341 0.806985
vt 0.341313 0.776646
vt 0.741595 0.606699
vt 0.743754 0.606807
vt 0.742739 0.606771
vt 0.758574 0.606807
vt 0.759601 0.606771
vt 0.760744 0.606700
vt 0.358178 0.806950
vt 0.357161 0.806986
vt 0.341313 0.632252
vt 0.342341 0.632241
vt 0.357161 0.632241
vt 0.358177 0.632253
vt 0.760742 0.758960
vt 0.759597 0.781542
vt 0.758569 0.781531
vt 0.743751 0.781531
vt 0.742734 0.781542
vt 0.741588 0.781565
vt 0.341315 0.611597
vt 0.342342 0.611579
vt 0.357162 0.611579
vt 0.358178 0.611598
vt 0.760743 0.781565
vt 0.759600 0.802212
vt 0.758571 0.802193
vt 0.743750 0.802193
vt 0.742733 0.802212
vt 0.741586 0.802251
vt 0.342342 0.837150
vt 0.341313 0.806950
vt 0.742739 0.576604
vt 0.741596 0.576524
vt 0.743756 0.576643
vt 0.758576 0.576643
vt 0.759604 0.576604
vt 0.760747 0.576525
vt 0.358178 0.837111
vt 0.357162 0.837150
vt 0.341312 0.716004
vt 0.308340 0.333640
vt 0.293520 0.272409
vt 0.308340 0.272410
vt 0.106626 0.145950
vt 0.045346 0.144804
vt 0.106582 0.144805
vt 0.106560 0.143777
vt 0.045339 0.128959
vt 0.106559 0.128959
vt 0.106626 0.126797
vt 0.045346 0.127942
vt 0.045360 0.126796
vt 0.293519 0.333639
vt 0.292492 0.272402
vt 0.309356 0.272403
vt 0.309356 0.333618
vt 0.045340 0.143776
vt 0.106581 0.127942
vt 0.293521 0.394292
vt 0.292492 0.364007
vt 0.293520 0.364037
vt 0.167240 0.127943
vt 0.137047 0.126799
vt 0.167308 0.126799
vt 0.167207 0.128960
vt 0.136985 0.127943
vt 0.167207 0.143780
vt 0.136954 0.128959
vt 0.167240 0.144808
vt 0.136954 0.143778
vt 0.137047 0.145950
vt 0.136985 0.144806
vt 0.309357 0.394259
vt 0.308340 0.364038
vt 0.309356 0.364007
vt 0.308341 0.394292
vt 0.293521 0.424598
vt 0.292493 0.394258
vt 0.197620 0.126802
vt 0.197513 0.128961
vt 0.197548 0.127945
vt 0.197513 0.143781
vt 0.197548 0.144808
vt 0.197620 0.145951
vt 0.309358 0.424563
vt 0.308342 0.424598
vt 0.292493 0.249865
vt 0.293521 0.249854
vt 0.308341 0.249854
vt 0.309358 0.249866
vt 0.045360 0.145951
vt 0.022778 0.144805
vt 0.022789 0.143777
vt 0.022788 0.128959
vt 0.022777 0.127943
vt 0.022754 0.126796
vt 0.292495 0.229210
vt 0.293523 0.229191
vt 0.308342 0.229192
vt 0.309358 0.229211
vt 0.022755 0.145952
vt 0.002108 0.144809
vt 0.002127 0.143780
vt 0.002127 0.128959
vt 0.002107 0.127941
vt 0.002069 0.126795
vt 0.293522 0.454762
vt 0.292494 0.424562
vt 0.227715 0.127946
vt 0.227795 0.126802
vt 0.227676 0.128962
vt 0.227676 0.143782
vt 0.227715 0.144810
vt 0.227795 0.145953
vt 0.309358 0.454724
vt 0.308342 0.454763
vt 0.292492 0.333617
vt 0.840478 0.163918
vt 0.825675 0.109822
vt 0.840482 0.109820
vt 0.841669 0.163950
vt 0.843110 0.109985
vt 0.843109 0.164014
vt 0.807002 0.164061
vt 0.821842 0.110038
vt 0.821861 0.164054
vt 0.824496 0.163954
vt 0.823036 0.109985
vt 0.824474 0.109875
vt 0.825696 0.163920
vt 0.841672 0.109875
vt 0.805797 0.164029
vt 0.806994 0.110039
vt 0.823056 0.164020
vt 0.825725 0.205155
vt 0.824517 0.186203
vt 0.825714 0.186160
vt 0.824536 0.205222
vt 0.823081 0.186293
vt 0.823109 0.205355
vt 0.821886 0.186338
vt 0.807018 0.205448
vt 0.821920 0.205424
vt 0.805812 0.205386
vt 0.807006 0.186350
vt 0.841613 0.205234
vt 0.843082 0.186301
vt 0.843046 0.205369
vt 0.840428 0.205167
vt 0.841646 0.186209
vt 0.840459 0.186163
vt 0.824465 0.056107
vt 0.825667 0.056114
vt 0.840487 0.056114
vt 0.841680 0.056106
vt 0.843121 0.056090
vt 0.805791 0.109985
vt 0.806987 0.056088
vt 0.821830 0.056085
vt 0.823024 0.056092
vt 0.824534 0.236807
vt 0.825713 0.221724
vt 0.825704 0.236836
vt 0.823183 0.236747
vt 0.824537 0.221738
vt 0.822004 0.236717
vt 0.823163 0.221763
vt 0.807043 0.236715
vt 0.821979 0.221778
vt 0.805848 0.221794
vt 0.807038 0.221801
vt 0.842860 0.236763
vt 0.841547 0.221755
vt 0.842918 0.221782
vt 0.841512 0.236820
vt 0.840385 0.221741
vt 0.840357 0.236847
vt 0.824535 0.251726
vt 0.825704 0.251795
vt 0.823168 0.251592
vt 0.821983 0.251520
vt 0.807025 0.251491
vt 0.805860 0.236745
vt 0.842862 0.251602
vt 0.841502 0.251732
vt 0.840349 0.251797
vt 0.825661 0.002283
vt 0.840488 0.002285
vt 0.841681 0.002235
vt 0.843121 0.002135
vt 0.805781 0.002131
vt 0.806984 0.002082
vt 0.821824 0.002080
vt 0.823017 0.002131
vt 0.824457 0.002233
vt 0.824518 0.263737
vt 0.825705 0.263871
vt 0.823112 0.263463
vt 0.821935 0.263327
vt 0.807004 0.263298
vt 0.805836 0.251550
vt 0.842972 0.263441
vt 0.841558 0.263724
vt 0.840372 0.263865
vt 0.805801 0.186306
vt 0.847822 0.099025
vt 0.850685 0.113793
vt 0.847822 0.113845
vt 0.848530 0.098052
vt 0.850685 0.098972
vt 0.849978 0.114765
vt 0.848536 0.114801
vt 0.849959 0.057436
vt 0.847096 0.072203
vt 0.847096 0.057383
vt 0.849252 0.056463
vt 0.847810 0.056428
vt 0.849959 0.072256
vt 0.847804 0.073176
vt 0.720499 0.221950
vt 0.735278 0.276049
vt 0.720472 0.276048
vt 0.719308 0.221916
vt 0.717843 0.275886
vt 0.717868 0.221850
vt 0.716664 0.221816
vt 0.701791 0.275827
vt 0.701804 0.221805
vt 0.736481 0.221921
vt 0.737916 0.275884
vt 0.736479 0.275994
vt 0.735281 0.221953
vt 0.719281 0.275995
vt 0.716639 0.275832
vt 0.700609 0.221837
vt 0.700598 0.275882
vt 0.735237 0.180705
vt 0.736461 0.199662
vt 0.735264 0.199708
vt 0.736431 0.180638
vt 0.737897 0.199571
vt 0.700632 0.180478
vt 0.701812 0.199515
vt 0.700616 0.199559
vt 0.716730 0.180447
vt 0.701828 0.180416
vt 0.717929 0.180516
vt 0.716691 0.199532
vt 0.719356 0.180650
vt 0.717896 0.199577
vt 0.720534 0.180717
vt 0.719332 0.199667
vt 0.720520 0.199712
vt 0.736484 0.329764
vt 0.735281 0.329756
vt 0.720461 0.329755
vt 0.719269 0.329762
vt 0.717827 0.329777
vt 0.716624 0.329784
vt 0.701780 0.329782
vt 0.700586 0.329774
vt 0.737925 0.329780
vt 0.736339 0.149058
vt 0.735197 0.164134
vt 0.735173 0.149031
vt 0.737686 0.149115
vt 0.736369 0.164120
vt 0.701862 0.149152
vt 0.700673 0.164072
vt 0.700689 0.149122
vt 0.716822 0.149152
vt 0.701852 0.164065
vt 0.717987 0.164108
vt 0.716793 0.164092
vt 0.718011 0.149123
vt 0.719360 0.164133
vt 0.719362 0.149064
vt 0.720526 0.164147
vt 0.720521 0.149035
vt 0.736335 0.134149
vt 0.735172 0.134084
vt 0.737695 0.134280
vt 0.701847 0.134378
vt 0.700668 0.134318
vt 0.716806 0.134348
vt 0.718001 0.134277
vt 0.719368 0.134143
vt 0.720526 0.134074
vt 0.735282 0.383587
vt 0.720455 0.383585
vt 0.719261 0.383637
vt 0.717821 0.383739
vt 0.716618 0.383789
vt 0.701777 0.383790
vt 0.700584 0.383741
vt 0.736485 0.383636
vt 0.737864 0.180504
vt 0.736399 0.122159
vt 0.735203 0.122018
vt 0.737813 0.122444
vt 0.701826 0.122573
vt 0.700636 0.122440
vt 0.716760 0.122536
vt 0.717948 0.122402
vt 0.719356 0.122128
vt 0.720535 0.121994
vt 0.737921 0.221857
vt 0.849364 0.036629
vt 0.852227 0.051397
vt 0.849364 0.051449
vt 0.850072 0.035656
vt 0.852227 0.036576
vt 0.851520 0.052369
vt 0.850078 0.052404
vt 0.849953 0.078227
vt 0.847089 0.092995
vt 0.847089 0.078175
vt 0.849245 0.077254
vt 0.847804 0.077219
vt 0.849953 0.093047
vt 0.847797 0.093967
vt 0.266691 0.125163
vt 0.307522 0.128376
vt 0.266684 0.128018
vt 0.266657 0.123209
vt 0.307919 0.125555
vt 0.308084 0.123612
vt 0.354367 0.125146
vt 0.354311 0.128011
vt 0.405917 0.128079
vt 0.354383 0.123202
vt 0.405902 0.125212
vt 0.405869 0.123268
vt 0.461683 0.125147
vt 0.461612 0.128032
vt 0.266746 0.166921
vt 0.307866 0.164781
vt 0.308024 0.166734
vt 0.266767 0.165001
vt 0.307479 0.161952
vt 0.354276 0.162394
vt 0.354327 0.165257
vt 0.354339 0.167198
vt 0.405861 0.165315
vt 0.405824 0.167260
vt 0.405881 0.162448
vt 0.461596 0.162591
vt 0.461665 0.165479
vt 0.461629 0.167432
vt 0.683790 0.141463
vt 0.633537 0.138220
vt 0.685757 0.138485
vt 0.683037 0.143372
vt 0.632552 0.141291
vt 0.632200 0.143292
vt 0.578559 0.141246
vt 0.578875 0.138173
vt 0.520005 0.138162
vt 0.578487 0.143258
vt 0.519889 0.141204
vt 0.519900 0.143237
vt 0.460923 0.141299
vt 0.461006 0.138384
vt 0.683042 0.147372
vt 0.632549 0.149401
vt 0.632198 0.147400
vt 0.683792 0.149282
vt 0.633531 0.152472
vt 0.578871 0.152480
vt 0.578557 0.149406
vt 0.578486 0.147394
vt 0.519888 0.149423
vt 0.519900 0.147391
vt 0.520003 0.152466
vt 0.461000 0.152236
vt 0.460919 0.149319
vt 0.460937 0.147349
vt 0.520764 0.127324
vt 0.520860 0.124362
vt 0.520831 0.122408
vt 0.580655 0.123973
vt 0.580357 0.126982
vt 0.637563 0.126977
vt 0.580715 0.122017
vt 0.638534 0.123953
vt 0.638879 0.121995
vt 0.695464 0.124291
vt 0.693507 0.127314
vt 0.520855 0.166265
vt 0.520826 0.168217
vt 0.520760 0.163304
vt 0.580346 0.163670
vt 0.580643 0.166679
vt 0.580702 0.168635
vt 0.638514 0.166743
vt 0.638858 0.168701
vt 0.637546 0.163719
vt 0.693494 0.163444
vt 0.695448 0.166470
vt 0.696200 0.168431
vt 0.405758 0.149311
vt 0.405790 0.147314
vt 0.405746 0.152233
vt 0.353992 0.152194
vt 0.353925 0.149267
vt 0.353905 0.147256
vt 0.305565 0.149168
vt 0.305398 0.147192
vt 0.305974 0.152016
vt 0.266616 0.152212
vt 0.266556 0.149247
vt 0.266525 0.147176
vt 0.405760 0.138292
vt 0.460939 0.143269
vt 0.405766 0.141214
vt 0.405794 0.143211
vt 0.353933 0.141138
vt 0.354007 0.138211
vt 0.305992 0.138310
vt 0.353910 0.143149
vt 0.305575 0.141157
vt 0.305403 0.143133
vt 0.266540 0.140992
vt 0.266588 0.138020
vt 0.461596 0.171438
vt 0.520785 0.172231
vt 0.580685 0.172660
vt 0.354317 0.171182
vt 0.405815 0.171255
vt 0.308010 0.170711
vt 0.266571 0.170843
vt 0.266744 0.162181
vt 0.266519 0.143065
vt 0.685756 0.152263
vt 0.638865 0.172734
vt 0.696219 0.172467
vt 0.005026 0.168003
vt 0.004403 0.165790
vt 0.005469 0.166489
vt 0.009331 0.167985
vt 0.009942 0.165786
vt 0.011125 0.166803
vt 0.010852 0.154998
vt 0.011131 0.151959
vt 0.012339 0.154613
vt 0.012339 0.164148
vt 0.010836 0.163835
vt 0.002011 0.154615
vt 0.003509 0.163836
vt 0.001999 0.164151
vt 0.003504 0.155003
vt 0.003222 0.151973
vt 0.004378 0.153038
vt 0.003216 0.166816
vt 0.005026 0.150826
vt 0.005460 0.152335
vt 0.009319 0.150797
vt 0.008879 0.152317
vt 0.009976 0.153019
vt 0.245594 0.168867
vt 0.245964 0.164941
vt 0.246453 0.160374
vt 0.247452 0.151378
vt 0.246358 0.130019
vt 0.247773 0.143271
vt 0.246044 0.127394
vt 0.245827 0.125511
vt 0.246162 0.163027
vt 0.247688 0.148859
vt 0.247777 0.147097
vt 0.247676 0.141514
vt 0.247425 0.139001
vt 0.008873 0.166484
vt 0.995995 0.113781
vt 0.997124 0.110120
vt 0.997124 0.113781
vt 0.995995 0.106460
vt 0.997124 0.106460
vt 0.995995 0.102800
vt 0.997124 0.102800
vt 0.997124 0.132081
vt 0.995995 0.128421
vt 0.997124 0.128421
vt 0.995995 0.124761
vt 0.997124 0.124761
vt 0.997124 0.121101
vt 0.995995 0.121101
vt 0.997124 0.117441
vt 0.995995 0.117441
vt 0.442594 0.063504
vt 0.443403 0.061550
vt 0.444213 0.063504
vt 0.445357 0.062360
vt 0.445357 0.060741
vt 0.444213 0.059596
vt 0.442594 0.059596
vt 0.441449 0.060741
vt 0.441449 0.062359
vt 0.534587 0.058003
vt 0.531404 0.059797
vt 0.530659 0.058015
vt 0.527892 0.060802
vt 0.529669 0.061552
vt 0.527892 0.064754
vt 0.531420 0.065737
vt 0.530705 0.067529
vt 0.533888 0.065735
vt 0.534633 0.067517
vt 0.537400 0.064730
vt 0.535622 0.063980
vt 0.537400 0.060778
vt 0.533872 0.059795
vt 0.741822 0.129560
vt 0.743834 0.127038
vt 0.743834 0.129560
vt 0.741823 0.124516
vt 0.743834 0.124516
vt 0.741823 0.121994
vt 0.743834 0.121994
vt 0.743834 0.142169
vt 0.741823 0.139647
vt 0.743834 0.139647
vt 0.741823 0.137125
vt 0.743834 0.137125
vt 0.743834 0.134604
vt 0.741822 0.134604
vt 0.743834 0.132082
vt 0.741823 0.132082
vt 0.650331 0.059783
vt 0.648096 0.059090
vt 0.648548 0.058000
vt 0.646026 0.058000
vt 0.646477 0.059090
vt 0.644243 0.059783
vt 0.645333 0.061854
vt 0.644243 0.062305
vt 0.646477 0.062998
vt 0.646026 0.064088
vt 0.648548 0.064089
vt 0.648096 0.062998
vt 0.650331 0.062305
vt 0.649241 0.060235
vt 0.799762 0.064491
vt 0.800496 0.066109
vt 0.799762 0.066109
vt 0.799762 0.067728
vt 0.800496 0.067728
vt 0.799762 0.069347
vt 0.800497 0.056397
vt 0.799762 0.058016
vt 0.799762 0.056397
vt 0.800497 0.058016
vt 0.799762 0.059634
vt 0.800496 0.061253
vt 0.799762 0.061253
vt 0.800496 0.062872
vt 0.799762 0.062872
vt 0.800496 0.064491
vt 0.295158 0.492213
vt 0.292495 0.498123
vt 0.292495 0.492213
vt 0.878030 0.804599
vt 0.855760 0.782939
vt 0.878030 0.774816
vt 0.292495 0.526432
vt 0.295158 0.502726
vt 0.295158 0.526432
vt 0.696770 0.806202
vt 0.719040 0.784541
vt 0.719040 0.798079
vt 0.295158 0.463905
vt 0.292495 0.487610
vt 0.292495 0.463905
vt 0.879789 0.804558
vt 0.294402 0.529666
vt 0.294402 0.460671
vt 0.296286 0.462554
vt 0.696770 0.776418
vt 0.693015 0.806161
vt 0.693015 0.776377
vt 0.854555 0.795387
vt 0.853351 0.786752
vt 0.854555 0.784028
vt 0.292495 0.501102
vt 0.295158 0.498123
vt 0.295158 0.501102
vt 0.720244 0.796990
vt 0.721448 0.788355
vt 0.721448 0.794265
vt 0.295158 0.489234
vt 0.292495 0.489234
vt 0.881226 0.774816
vt 0.881226 0.804599
vt 0.296286 0.527782
vt 0.297691 0.530748
vt 0.297691 0.459588
vt 0.297691 0.462252
vt 0.689553 0.776418
vt 0.891009 0.774816
vt 0.891009 0.804599
vt 0.297691 0.528085
vt 0.307473 0.530751
vt 0.307473 0.459586
vt 0.307474 0.462249
vt 0.689553 0.806202
vt 0.679770 0.776418
vt 0.292495 0.502726
vt 0.720244 0.785630
vt 0.295158 0.487610
vt 0.855759 0.796476
vt 0.849781 0.031786
vt 0.847118 0.002002
vt 0.849781 0.002002
vt 0.997065 0.227862
vt 0.995995 0.231330
vt 0.995995 0.227862
vt 0.997065 0.207061
vt 0.995995 0.203593
vt 0.997065 0.203593
vt 0.997065 0.210527
vt 0.995995 0.207061
vt 0.997065 0.213994
vt 0.995995 0.210527
vt 0.997065 0.217461
vt 0.995995 0.213994
vt 0.995995 0.220929
vt 0.995995 0.217461
vt 0.997065 0.220929
vt 0.995995 0.224395
vt 0.997065 0.224395
vt 0.473751 0.063300
vt 0.472667 0.062216
vt 0.474518 0.061450
vt 0.472667 0.060683
vt 0.473751 0.059599
vt 0.475285 0.059599
vt 0.476369 0.060683
vt 0.476369 0.062216
vt 0.475285 0.063300
vt 0.623815 0.058019
vt 0.626819 0.059762
vt 0.624497 0.059716
vt 0.630153 0.060738
vt 0.627536 0.058092
vt 0.630153 0.064481
vt 0.628453 0.061413
vt 0.626758 0.065362
vt 0.628451 0.063750
vt 0.627441 0.067059
vt 0.624437 0.065317
vt 0.621104 0.064341
vt 0.623720 0.066987
vt 0.621103 0.060598
vt 0.622804 0.063665
vt 0.622806 0.061328
vt 0.046682 0.167517
vt 0.044777 0.169906
vt 0.044777 0.167517
vt 0.046682 0.153184
vt 0.044777 0.150795
vt 0.046682 0.150795
vt 0.046682 0.155573
vt 0.044777 0.153184
vt 0.046682 0.157962
vt 0.044777 0.155573
vt 0.046682 0.160350
vt 0.044777 0.157962
vt 0.044777 0.162739
vt 0.044777 0.160350
vt 0.046682 0.162739
vt 0.044777 0.165128
vt 0.046682 0.165128
vt 0.718934 0.063764
vt 0.716973 0.062731
vt 0.718506 0.062731
vt 0.714856 0.062075
vt 0.716545 0.063764
vt 0.714856 0.059686
vt 0.715888 0.061647
vt 0.716973 0.059029
vt 0.715888 0.060114
vt 0.716545 0.057997
vt 0.718506 0.059029
vt 0.720623 0.059686
vt 0.718934 0.057997
vt 0.720623 0.062075
vt 0.719590 0.060114
vt 0.719590 0.061647
vt 0.332422 0.002000
vt 0.330888 0.002696
vt 0.330888 0.002000
vt 0.320156 0.002000
vt 0.321689 0.002696
vt 0.320156 0.002696
vt 0.321689 0.002000
vt 0.323222 0.002696
vt 0.323222 0.002000
vt 0.324755 0.002696
vt 0.324755 0.002000
vt 0.326289 0.002696
vt 0.327822 0.002000
vt 0.326289 0.002000
vt 0.329355 0.002000
vt 0.327822 0.002696
vt 0.329355 0.002696
vt 0.847050 0.220758
vt 0.848179 0.224418
vt 0.847050 0.224418
vt 0.848179 0.217098
vt 0.848179 0.220758
vt 0.847050 0.217098
vt 0.848179 0.213438
vt 0.847050 0.213438
vt 0.848179 0.209778
vt 0.847050 0.209778
vt 0.848179 0.206117
vt 0.847050 0.202457
vt 0.847050 0.206117
vt 0.847050 0.198797
vt 0.848179 0.202457
vt 0.848179 0.228078
vt 0.847050 0.228078
vt 0.005909 0.019164
vt 0.004765 0.020309
vt 0.003955 0.018355
vt 0.003146 0.020309
vt 0.002002 0.019164
vt 0.002002 0.017546
vt 0.003146 0.016401
vt 0.004765 0.016401
vt 0.005909 0.017546
vt 0.550922 0.064697
vt 0.547436 0.065731
vt 0.549139 0.063971
vt 0.544219 0.067518
vt 0.548171 0.067534
vt 0.541439 0.064741
vt 0.544976 0.065743
vt 0.543193 0.061546
vt 0.543222 0.064014
vt 0.541402 0.060814
vt 0.544927 0.059799
vt 0.548131 0.058003
vt 0.544179 0.058007
vt 0.550922 0.060769
vt 0.547383 0.059782
vt 0.549140 0.061511
vt 0.998001 0.032646
vt 0.995990 0.030124
vt 0.998001 0.030124
vt 0.995990 0.035168
vt 0.995990 0.032646
vt 0.998001 0.035168
vt 0.995990 0.037690
vt 0.998001 0.037690
vt 0.995990 0.040212
vt 0.998001 0.040212
vt 0.995990 0.042734
vt 0.998001 0.045256
vt 0.998001 0.042734
vt 0.998001 0.047778
vt 0.995990 0.045256
vt 0.995990 0.027603
vt 0.998001 0.027603
vt 0.686372 0.057996
vt 0.688442 0.059086
vt 0.686824 0.059086
vt 0.690677 0.059779
vt 0.688894 0.057996
vt 0.690677 0.062301
vt 0.689587 0.060231
vt 0.688442 0.062994
vt 0.689587 0.061850
vt 0.688894 0.064085
vt 0.686824 0.062994
vt 0.684589 0.062301
vt 0.686372 0.064084
vt 0.684589 0.059779
vt 0.685679 0.061850
vt 0.685679 0.060231
vt 0.060154 0.162124
vt 0.060889 0.160505
vt 0.060889 0.162124
vt 0.060154 0.158886
vt 0.060154 0.160505
vt 0.060154 0.157268
vt 0.060889 0.158886
vt 0.060154 0.155649
vt 0.060889 0.157268
vt 0.060154 0.154030
vt 0.060889 0.155649
vt 0.060889 0.152412
vt 0.060889 0.154030
vt 0.060154 0.152412
vt 0.060889 0.150793
vt 0.060154 0.163742
vt 0.060889 0.163742
vt 0.690558 0.211593
vt 0.691628 0.215060
vt 0.690558 0.215060
vt 0.690558 0.239329
vt 0.691628 0.235862
vt 0.691628 0.239329
vt 0.690558 0.235862
vt 0.691628 0.232395
vt 0.690558 0.232395
vt 0.691628 0.228928
vt 0.690558 0.228928
vt 0.691628 0.225461
vt 0.690558 0.221994
vt 0.690558 0.225461
vt 0.690558 0.218527
vt 0.691628 0.221994
vt 0.691628 0.218527
vt 0.482992 0.059599
vt 0.484076 0.060683
vt 0.482225 0.061450
vt 0.484076 0.062216
vt 0.482992 0.063301
vt 0.481459 0.063301
vt 0.480375 0.062217
vt 0.480375 0.060683
vt 0.481459 0.059599
vt 0.577487 0.064338
vt 0.574153 0.065314
vt 0.575787 0.063663
vt 0.571149 0.067057
vt 0.574870 0.066984
vt 0.568437 0.064478
vt 0.571831 0.065360
vt 0.570138 0.061411
vt 0.570140 0.063748
vt 0.568438 0.060736
vt 0.571771 0.059759
vt 0.574775 0.058017
vt 0.571054 0.058089
vt 0.577487 0.060596
vt 0.574092 0.059715
vt 0.575785 0.061326
vt 0.997901 0.097909
vt 0.995996 0.095521
vt 0.997901 0.095521
vt 0.997901 0.078799
vt 0.995996 0.081188
vt 0.995996 0.078799
vt 0.997901 0.081188
vt 0.995996 0.083577
vt 0.997901 0.083577
vt 0.995996 0.085965
vt 0.997901 0.085965
vt 0.995996 0.088354
vt 0.997901 0.090743
vt 0.997901 0.088354
vt 0.997901 0.093132
vt 0.995996 0.090743
vt 0.995996 0.093132
vt 0.384058 0.059602
vt 0.386019 0.060635
vt 0.384486 0.060635
vt 0.388136 0.061291
vt 0.386447 0.059602
vt 0.388136 0.063680
vt 0.387103 0.061719
vt 0.386019 0.064336
vt 0.387103 0.063252
vt 0.386447 0.065369
vt 0.384486 0.064336
vt 0.382369 0.063680
vt 0.384058 0.065369
vt 0.382369 0.061291
vt 0.383402 0.063252
vt 0.383402 0.061719
vt 0.069583 0.152325
vt 0.070278 0.150792
vt 0.070278 0.152325
vt 0.069583 0.161524
vt 0.070278 0.163058
vt 0.069583 0.163058
vt 0.069583 0.159991
vt 0.070278 0.161524
vt 0.069583 0.158458
vt 0.070278 0.159991
vt 0.069583 0.156925
vt 0.070278 0.158458
vt 0.070278 0.155392
vt 0.070278 0.156925
vt 0.069583 0.155392
vt 0.070278 0.153858
vt 0.069583 0.153858
vt 0.743001 0.220294
vt 0.741872 0.223954
vt 0.741872 0.220294
vt 0.743001 0.227614
vt 0.741872 0.227614
vt 0.743001 0.231274
vt 0.741872 0.231274
vt 0.741872 0.201993
vt 0.743001 0.205653
vt 0.741872 0.205653
vt 0.743001 0.209313
vt 0.741872 0.209313
vt 0.741872 0.212974
vt 0.743001 0.212974
vt 0.741872 0.216634
vt 0.743001 0.216634
vt 0.433538 0.062358
vt 0.435492 0.061548
vt 0.434682 0.063502
vt 0.436301 0.063502
vt 0.437446 0.062358
vt 0.437446 0.060739
vt 0.436301 0.059595
vt 0.434682 0.059595
vt 0.433538 0.060739
vt 0.779506 0.065914
vt 0.780470 0.062401
vt 0.782260 0.063112
vt 0.782260 0.059185
vt 0.780476 0.059932
vt 0.779459 0.056405
vt 0.776260 0.058205
vt 0.775513 0.056421
vt 0.774532 0.059968
vt 0.772757 0.059219
vt 0.772756 0.063151
vt 0.774545 0.062429
vt 0.775552 0.065949
vt 0.778738 0.064146
vt 0.995989 0.060764
vt 0.998000 0.058242
vt 0.998000 0.060764
vt 0.995989 0.055720
vt 0.998000 0.055720
vt 0.995989 0.053198
vt 0.998000 0.053198
vt 0.998000 0.073373
vt 0.995989 0.070851
vt 0.998000 0.070852
vt 0.995989 0.068330
vt 0.998000 0.068330
vt 0.998000 0.065808
vt 0.995989 0.065808
vt 0.998000 0.063286
vt 0.995989 0.063286
vt 0.696463 0.064084
vt 0.698533 0.062994
vt 0.698985 0.064084
vt 0.700768 0.062301
vt 0.699678 0.061849
vt 0.700768 0.059779
vt 0.698533 0.059086
vt 0.698985 0.057995
vt 0.696915 0.059086
vt 0.696463 0.057995
vt 0.694680 0.059779
vt 0.695770 0.060230
vt 0.694680 0.062301
vt 0.696915 0.062994
vt 0.009017 0.114054
vt 0.008282 0.112435
vt 0.009017 0.112435
vt 0.009017 0.110817
vt 0.008282 0.110817
vt 0.009017 0.109198
vt 0.008282 0.122147
vt 0.009017 0.120529
vt 0.009017 0.122147
vt 0.008282 0.120529
vt 0.009017 0.118910
vt 0.008282 0.117291
vt 0.009017 0.117291
vt 0.008282 0.115673
vt 0.009017 0.115673
vt 0.008282 0.114054
vt 0.848193 0.190819
vt 0.847064 0.194479
vt 0.847064 0.190819
vt 0.847064 0.165198
vt 0.848193 0.168858
vt 0.847064 0.168858
vt 0.848193 0.172518
vt 0.847064 0.172518
vt 0.848193 0.176179
vt 0.847064 0.176179
vt 0.848193 0.179839
vt 0.847064 0.179839
vt 0.847064 0.183499
vt 0.848193 0.183499
vt 0.847064 0.187159
vt 0.848193 0.187159
vt 0.450500 0.059599
vt 0.451309 0.061553
vt 0.449355 0.060744
vt 0.449355 0.062362
vt 0.450500 0.063507
vt 0.452119 0.063507
vt 0.453263 0.062362
vt 0.453263 0.060744
vt 0.452119 0.059599
vt 0.564436 0.060842
vt 0.560951 0.059808
vt 0.561685 0.058005
vt 0.557734 0.058021
vt 0.558491 0.059796
vt 0.554954 0.060798
vt 0.556708 0.063993
vt 0.554916 0.064725
vt 0.558441 0.065741
vt 0.557693 0.067532
vt 0.561646 0.067536
vt 0.560897 0.065758
vt 0.564436 0.064770
vt 0.562654 0.061569
vt 0.852228 0.136449
vt 0.850216 0.138971
vt 0.850216 0.136449
vt 0.850216 0.118796
vt 0.852228 0.121318
vt 0.850216 0.121318
vt 0.852228 0.123840
vt 0.850216 0.123840
vt 0.852228 0.126362
vt 0.850216 0.126362
vt 0.852228 0.128883
vt 0.850216 0.128883
vt 0.850216 0.131405
vt 0.852228 0.131405
vt 0.850216 0.133927
vt 0.852228 0.133927
vt 0.656111 0.064087
vt 0.658181 0.062997
vt 0.658633 0.064087
vt 0.660416 0.062304
vt 0.659326 0.061853
vt 0.660416 0.059782
vt 0.658181 0.059089
vt 0.658633 0.057999
vt 0.656562 0.059089
vt 0.656111 0.057999
vt 0.654328 0.059782
vt 0.655418 0.060234
vt 0.654328 0.062304
vt 0.656562 0.062997
vt 0.270934 0.002000
vt 0.269315 0.002734
vt 0.269315 0.002000
vt 0.282265 0.002734
vt 0.280646 0.002000
vt 0.282265 0.002000
vt 0.280646 0.002734
vt 0.279027 0.002000
vt 0.279027 0.002734
vt 0.277408 0.002000
vt 0.277408 0.002734
vt 0.275790 0.002000
vt 0.274171 0.002734
vt 0.274171 0.002000
vt 0.272552 0.002734
vt 0.272552 0.002000
vt 0.270934 0.002734
vt 0.307474 0.567409
vt 0.304811 0.573319
vt 0.304811 0.567409
vt 0.702144 0.822041
vt 0.724415 0.800381
vt 0.724415 0.830164
vt 0.304811 0.601627
vt 0.307474 0.577922
vt 0.307474 0.601627
vt 0.977324 0.803002
vt 0.955053 0.781342
vt 0.977324 0.773219
vt 0.307474 0.539100
vt 0.304811 0.562806
vt 0.304811 0.539100
vt 0.726174 0.800422
vt 0.305567 0.604861
vt 0.305567 0.535866
vt 0.981078 0.802961
vt 0.699736 0.818228
vt 0.700940 0.809593
vt 0.700940 0.820952
vt 0.304811 0.576298
vt 0.307474 0.573319
vt 0.307474 0.576298
vt 0.953849 0.793790
vt 0.952645 0.785155
vt 0.953849 0.782431
vt 0.307474 0.564430
vt 0.304811 0.564430
vt 0.727611 0.830164
vt 0.726174 0.830206
vt 0.302278 0.605944
vt 0.303683 0.602978
vt 0.303683 0.537749
vt 0.302278 0.534784
vt 0.981078 0.773177
vt 0.984540 0.803002
vt 0.737394 0.800381
vt 0.727611 0.800381
vt 0.292495 0.603283
vt 0.302278 0.603280
vt 0.292495 0.537445
vt 0.302278 0.537447
vt 0.984540 0.773219
vt 0.994323 0.803002
vt 0.304811 0.577922
vt 0.955053 0.794879
vt 0.307474 0.562806
vt 0.702144 0.808504
vt 0.725463 0.056398
vt 0.755247 0.059062
vt 0.725463 0.059062
vt 0.741875 0.179378
vt 0.743004 0.183038
vt 0.741875 0.183038
vt 0.741875 0.186699
vt 0.743004 0.186699
vt 0.741875 0.190359
vt 0.743004 0.190359
vt 0.741875 0.194019
vt 0.743004 0.194019
vt 0.741875 0.197679
vt 0.741875 0.168398
vt 0.743004 0.172058
vt 0.741875 0.172058
vt 0.743004 0.175718
vt 0.741875 0.175718
vt 0.743004 0.179378
vt 0.420488 0.063508
vt 0.419679 0.061554
vt 0.421633 0.062363
vt 0.421633 0.060744
vt 0.420488 0.059600
vt 0.418870 0.059600
vt 0.417725 0.060744
vt 0.417725 0.062363
vt 0.418870 0.063508
vt 0.591002 0.060836
vt 0.587516 0.059802
vt 0.588251 0.058000
vt 0.584300 0.058015
vt 0.585057 0.059790
vt 0.581519 0.060792
vt 0.583273 0.063988
vt 0.581482 0.064719
vt 0.585007 0.065735
vt 0.584259 0.067526
vt 0.588212 0.067530
vt 0.587463 0.065752
vt 0.591002 0.064764
vt 0.589220 0.061563
vt 0.495076 0.004013
vt 0.497598 0.002002
vt 0.497598 0.004013
vt 0.500120 0.004013
vt 0.500120 0.002002
vt 0.502642 0.004013
vt 0.502642 0.002002
vt 0.505164 0.004013
vt 0.505164 0.002002
vt 0.507686 0.004013
vt 0.487511 0.004013
vt 0.490033 0.002002
vt 0.490033 0.004013
vt 0.492554 0.002002
vt 0.492554 0.004013
vt 0.495076 0.002002
vt 0.676288 0.058001
vt 0.675595 0.060235
vt 0.674505 0.059784
vt 0.674505 0.062306
vt 0.675595 0.061854
vt 0.676288 0.064089
vt 0.678358 0.062999
vt 0.678810 0.064089
vt 0.679503 0.061854
vt 0.680593 0.062306
vt 0.680593 0.059784
vt 0.679503 0.060235
vt 0.678810 0.058001
vt 0.676739 0.059091
vt 0.308068 0.001999
vt 0.309687 0.002734
vt 0.308068 0.002734
vt 0.311305 0.001999
vt 0.311305 0.002734
vt 0.312924 0.001999
vt 0.312924 0.002734
vt 0.314543 0.001999
vt 0.314543 0.002734
vt 0.316162 0.001999
vt 0.316162 0.002734
vt 0.303212 0.001999
vt 0.304831 0.002734
vt 0.303212 0.002734
vt 0.304831 0.001999
vt 0.306449 0.002734
vt 0.306449 0.001999
vt 0.846949 0.242794
vt 0.848019 0.246261
vt 0.846949 0.246261
vt 0.846949 0.249727
vt 0.848019 0.249727
vt 0.846949 0.253195
vt 0.848019 0.253195
vt 0.846949 0.256662
vt 0.848019 0.256662
vt 0.846949 0.260129
vt 0.846949 0.232393
vt 0.848019 0.235860
vt 0.846949 0.235860
vt 0.848019 0.239327
vt 0.846949 0.239326
vt 0.848019 0.242794
vt 0.464968 0.060682
vt 0.466819 0.061449
vt 0.464968 0.062215
vt 0.466052 0.063300
vt 0.467585 0.063300
vt 0.468669 0.062215
vt 0.468669 0.060682
vt 0.467585 0.059598
vt 0.466052 0.059598
vt 0.604054 0.060734
vt 0.600720 0.059758
vt 0.601437 0.058088
vt 0.597716 0.058015
vt 0.598398 0.059712
vt 0.595004 0.060594
vt 0.596705 0.063661
vt 0.595005 0.064336
vt 0.598337 0.065313
vt 0.597621 0.066983
vt 0.601342 0.067055
vt 0.600659 0.065357
vt 0.604054 0.064476
vt 0.602354 0.061409
vt 0.590314 0.003908
vt 0.592703 0.002003
vt 0.592703 0.003908
vt 0.595092 0.003908
vt 0.595092 0.002003
vt 0.597480 0.003908
vt 0.597480 0.002003
vt 0.599869 0.003908
vt 0.599869 0.002003
vt 0.602258 0.003908
vt 0.583148 0.003908
vt 0.585536 0.002003
vt 0.585537 0.003908
vt 0.587925 0.002003
vt 0.587925 0.003908
vt 0.590314 0.002003
vt 0.393824 0.065369
vt 0.395785 0.064336
vt 0.396213 0.065369
vt 0.397902 0.063680
vt 0.396869 0.063252
vt 0.397902 0.061291
vt 0.395785 0.060634
vt 0.396213 0.059602
vt 0.394252 0.060634
vt 0.393824 0.059602
vt 0.392135 0.061291
vt 0.393168 0.061719
vt 0.392135 0.063680
vt 0.394252 0.064336
vt 0.074284 0.158458
vt 0.074980 0.156925
vt 0.074980 0.158458
vt 0.074284 0.155391
vt 0.074980 0.155391
vt 0.074284 0.153858
vt 0.074980 0.153858
vt 0.074284 0.152325
vt 0.074980 0.152325
vt 0.074284 0.150792
vt 0.074980 0.150792
vt 0.074284 0.163058
vt 0.074980 0.161524
vt 0.074980 0.163058
vt 0.074284 0.161524
vt 0.074980 0.159991
vt 0.074284 0.159991
vt 0.005997 0.083694
vt 0.125039 0.087364
vt 0.002830 0.087179
vt 0.124739 0.089193
vt 0.002015 0.088939
vt 0.242550 0.089346
vt 0.126205 0.083485
vt 0.242667 0.087537
vt 0.243150 0.083765
vt 0.353064 0.087672
vt 0.353055 0.089474
vt 0.456566 0.089597
vt 0.353169 0.083961
vt 0.456569 0.087790
vt 0.124730 0.093842
vt 0.002810 0.095311
vt 0.002003 0.093547
vt 0.125024 0.095671
vt 0.005962 0.098809
vt 0.242656 0.095815
vt 0.126175 0.099555
vt 0.242544 0.094005
vt 0.353050 0.094130
vt 0.353055 0.095932
vt 0.243130 0.099588
vt 0.456558 0.096068
vt 0.353151 0.099642
vt 0.456560 0.094260
vt 0.745993 0.074331
vt 0.651353 0.072194
vt 0.746007 0.072539
vt 0.745899 0.077671
vt 0.651345 0.073982
vt 0.651256 0.077352
vt 0.555066 0.072955
vt 0.555078 0.071172
vt 0.455834 0.069900
vt 0.554962 0.076422
vt 0.455815 0.071679
vt 0.651319 0.110356
vt 0.745892 0.106741
vt 0.745984 0.110081
vt 0.651324 0.112145
vt 0.745997 0.111874
vt 0.555027 0.112956
vt 0.555019 0.111173
vt 0.651235 0.106986
vt 0.455762 0.112176
vt 0.554924 0.107705
vt 0.455777 0.113955
vt 0.456688 0.084164
vt 0.555412 0.087934
vt 0.555416 0.089735
vt 0.651372 0.089840
vt 0.555508 0.084440
vt 0.651369 0.088039
vt 0.651453 0.084652
vt 0.745792 0.088086
vt 0.745782 0.089883
vt 0.555411 0.094392
vt 0.555402 0.096194
vt 0.456667 0.099694
vt 0.651363 0.096297
vt 0.555490 0.099689
vt 0.651369 0.094495
vt 0.745781 0.094529
vt 0.745789 0.096326
vt 0.651442 0.099684
vt 0.351559 0.114700
vt 0.351543 0.112921
vt 0.455644 0.108590
vt 0.243065 0.113440
vt 0.351440 0.109246
vt 0.243183 0.115225
vt 0.129796 0.115979
vt 0.129490 0.114165
vt 0.242592 0.109701
vt 0.022100 0.116371
vt 0.128343 0.110300
vt 0.022929 0.118146
vt 0.455687 0.075265
vt 0.351593 0.070678
vt 0.351613 0.068899
vt 0.243242 0.068129
vt 0.351482 0.074353
vt 0.243119 0.069914
vt 0.242637 0.073652
vt 0.129570 0.068890
vt 0.129883 0.067079
vt 0.023048 0.064433
vt 0.128410 0.072749
vt 0.022212 0.066205
vt 0.651350 0.116766
vt 0.555070 0.117561
vt 0.455816 0.118550
vt 0.351586 0.119295
vt 0.746005 0.116504
vt 0.745878 0.099673
vt 0.745882 0.084738
vt 0.018951 0.112854
vt 0.243210 0.119827
vt 0.129858 0.120591
vt 0.019048 0.069708
vt 0.018345 0.153719
vt 0.018736 0.151852
vt 0.019349 0.153048
vt 0.019157 0.151774
vt 0.023535 0.153167
vt 0.023915 0.151957
vt 0.024525 0.153745
vt 0.017574 0.156462
vt 0.017254 0.153005
vt 0.017585 0.163259
vt 0.016330 0.156317
vt 0.026557 0.156296
vt 0.025318 0.163254
vt 0.025312 0.156459
vt 0.026557 0.163460
vt 0.024541 0.165986
vt 0.023873 0.167825
vt 0.023535 0.166581
vt 0.019366 0.166580
vt 0.019023 0.167814
vt 0.018367 0.165981
vt 0.016347 0.163467
vt 0.801270 0.077723
vt 0.801402 0.074385
vt 0.801436 0.072592
vt 0.801399 0.110040
vt 0.801432 0.111832
vt 0.801268 0.106701
vt 0.800898 0.089896
vt 0.800930 0.088111
vt 0.800931 0.096313
vt 0.800900 0.094527
vt 0.801436 0.116463
vt 0.801061 0.099648
vt 0.801061 0.084775
vt 0.603237 0.229460
vt 0.604307 0.225993
vt 0.604307 0.229460
vt 0.604307 0.253729
vt 0.603237 0.250262
vt 0.604307 0.250262
vt 0.603237 0.246795
vt 0.604307 0.246795
vt 0.603237 0.243328
vt 0.604307 0.243328
vt 0.603237 0.239861
vt 0.604307 0.239861
vt 0.604307 0.236394
vt 0.603237 0.236394
vt 0.604307 0.232927
vt 0.603237 0.232927
vt 0.460966 0.062214
vt 0.459115 0.061448
vt 0.460966 0.060681
vt 0.459882 0.059597
vt 0.458349 0.059597
vt 0.457264 0.060681
vt 0.457264 0.062214
vt 0.458349 0.063298
vt 0.459882 0.063298
vt 0.617108 0.060731
vt 0.613774 0.059755
vt 0.614490 0.058085
vt 0.610769 0.058012
vt 0.611451 0.059709
vt 0.608057 0.060591
vt 0.609758 0.063658
vt 0.608058 0.064333
vt 0.611391 0.065310
vt 0.610674 0.066980
vt 0.614395 0.067052
vt 0.613712 0.065355
vt 0.617108 0.064474
vt 0.615407 0.061406
vt 0.576758 0.001998
vt 0.579147 0.003903
vt 0.576758 0.003903
vt 0.560036 0.003903
vt 0.562425 0.001998
vt 0.562425 0.003903
vt 0.564814 0.001998
vt 0.564814 0.003903
vt 0.567203 0.001998
vt 0.567203 0.003903
vt 0.569592 0.001998
vt 0.569592 0.003903
vt 0.571980 0.003903
vt 0.571980 0.001998
vt 0.574369 0.003903
vt 0.574369 0.001998
vt 0.376679 0.059600
vt 0.374717 0.060632
vt 0.374290 0.059600
vt 0.372601 0.061289
vt 0.373633 0.061717
vt 0.372601 0.063678
vt 0.374718 0.064334
vt 0.374290 0.065367
vt 0.376251 0.064334
vt 0.376679 0.065367
vt 0.378368 0.063678
vt 0.377335 0.063250
vt 0.378368 0.061289
vt 0.376251 0.060632
vt 0.065587 0.152330
vt 0.064891 0.150797
vt 0.065587 0.150797
vt 0.064891 0.163063
vt 0.065587 0.161529
vt 0.065587 0.163063
vt 0.064891 0.161530
vt 0.065587 0.159996
vt 0.064891 0.159996
vt 0.065587 0.158463
vt 0.064891 0.158463
vt 0.065587 0.156930
vt 0.064891 0.155397
vt 0.065587 0.155397
vt 0.064891 0.153863
vt 0.065587 0.153863
vt 0.064891 0.152330
vt 0.796398 0.509945
vt 0.799824 0.550685
vt 0.796975 0.550708
vt 0.799212 0.509534
vt 0.801775 0.550709
vt 0.799387 0.463161
vt 0.801151 0.509359
vt 0.796526 0.463231
vt 0.796223 0.411697
vt 0.799086 0.411699
vt 0.801327 0.463136
vt 0.798938 0.355975
vt 0.801028 0.411724
vt 0.796056 0.356056
vt 0.758138 0.550859
vt 0.760050 0.509793
vt 0.760055 0.550827
vt 0.762876 0.510164
vt 0.762870 0.550834
vt 0.762190 0.463435
vt 0.758099 0.509646
vt 0.759330 0.463398
vt 0.757391 0.463396
vt 0.759022 0.411915
vt 0.761886 0.411882
vt 0.761510 0.356195
vt 0.757078 0.411961
vt 0.758623 0.356137
vt 0.785546 0.184076
vt 0.782330 0.133735
vt 0.785313 0.131767
vt 0.782470 0.185063
vt 0.780420 0.134486
vt 0.782553 0.239129
vt 0.780465 0.185416
vt 0.785629 0.238809
vt 0.785754 0.297709
vt 0.782712 0.297833
vt 0.780539 0.239205
vt 0.782798 0.356790
vt 0.780678 0.297827
vt 0.785712 0.356696
vt 0.776414 0.134477
vt 0.774343 0.185068
vt 0.774503 0.133709
vt 0.771265 0.184084
vt 0.771517 0.131724
vt 0.771306 0.238834
vt 0.776348 0.185418
vt 0.774384 0.239143
vt 0.776398 0.239212
vt 0.774491 0.297856
vt 0.771446 0.297748
vt 0.771866 0.356752
vt 0.776524 0.297838
vt 0.774782 0.356822
vt 0.799552 0.296822
vt 0.800888 0.356002
vt 0.799837 0.237011
vt 0.801506 0.296846
vt 0.796827 0.237313
vt 0.796590 0.296924
vt 0.796806 0.180045
vt 0.799834 0.179074
vt 0.801794 0.236949
vt 0.799536 0.122055
vt 0.801794 0.178728
vt 0.796508 0.124013
vt 0.756670 0.356180
vt 0.757638 0.296935
vt 0.760601 0.297022
vt 0.760098 0.237375
vt 0.755684 0.296970
vt 0.757083 0.237083
vt 0.755124 0.237027
vt 0.756958 0.179091
vt 0.759991 0.180061
vt 0.760310 0.123938
vt 0.754995 0.178747
vt 0.757275 0.121962
vt 0.776751 0.356797
vt 0.775013 0.411947
vt 0.772094 0.411972
vt 0.772378 0.463667
vt 0.777009 0.411906
vt 0.775302 0.463720
vt 0.777310 0.463729
vt 0.775650 0.512008
vt 0.772805 0.511614
vt 0.772823 0.550908
vt 0.777624 0.512164
vt 0.775784 0.550951
vt 0.786022 0.411897
vt 0.783103 0.411903
vt 0.780829 0.356781
vt 0.783420 0.463672
vt 0.781108 0.411884
vt 0.786342 0.463584
vt 0.786488 0.511524
vt 0.783649 0.511955
vt 0.781412 0.463705
vt 0.784024 0.550922
vt 0.781677 0.512138
vt 0.786990 0.550858
vt 0.751667 0.297022
vt 0.752665 0.356229
vt 0.751092 0.237051
vt 0.753086 0.411989
vt 0.753412 0.463439
vt 0.754127 0.509681
vt 0.754224 0.551055
vt 0.777851 0.550971
vt 0.750950 0.178741
vt 0.751256 0.121171
vt 0.004414 0.053815
vt 0.005043 0.051601
vt 0.005482 0.053116
vt 0.008884 0.053123
vt 0.009342 0.051625
vt 0.009951 0.053821
vt 0.011140 0.067628
vt 0.010861 0.064604
vt 0.012344 0.064987
vt 0.010843 0.055771
vt 0.011133 0.052806
vt 0.012344 0.055459
vt 0.002004 0.055455
vt 0.003513 0.064611
vt 0.002016 0.065002
vt 0.003233 0.067657
vt 0.003226 0.052786
vt 0.003515 0.055771
vt 0.005056 0.068809
vt 0.004394 0.066583
vt 0.005481 0.067287
vt 0.008897 0.067276
vt 0.009989 0.066576
vt 0.009344 0.068782
vt 0.760230 0.571595
vt 0.764787 0.571081
vt 0.795088 0.571008
vt 0.781954 0.550955
vt 0.778034 0.569684
vt 0.797710 0.571306
vt 0.799590 0.571513
vt 0.762140 0.571387
vt 0.773762 0.570034
vt 0.776276 0.569784
vt 0.783607 0.569755
vt 0.786116 0.569992
vt 0.691688 0.196298
vt 0.690559 0.199959
vt 0.690559 0.196298
vt 0.691688 0.203619
vt 0.691688 0.199959
vt 0.691688 0.207279
vt 0.690559 0.203619
vt 0.691688 0.181658
vt 0.690559 0.177998
vt 0.691688 0.177998
vt 0.691688 0.185318
vt 0.690559 0.181658
vt 0.690559 0.188978
vt 0.690559 0.185318
vt 0.691688 0.188978
vt 0.690559 0.192638
vt 0.691688 0.192638
vt 0.428394 0.063508
vt 0.426775 0.063508
vt 0.427584 0.061554
vt 0.425631 0.062363
vt 0.425631 0.060744
vt 0.426775 0.059600
vt 0.428394 0.059600
vt 0.429538 0.060744
vt 0.429538 0.062363
vt 0.011532 0.008698
vt 0.008047 0.009732
vt 0.009750 0.007971
vt 0.004830 0.011519
vt 0.008781 0.011534
vt 0.002050 0.008742
vt 0.005587 0.009744
vt 0.003804 0.005546
vt 0.003833 0.008014
vt 0.002012 0.004814
vt 0.005537 0.003799
vt 0.008742 0.002003
vt 0.004789 0.002008
vt 0.011532 0.004769
vt 0.007993 0.003782
vt 0.009751 0.005511
vt 0.519252 0.004011
vt 0.516730 0.001999
vt 0.519252 0.001999
vt 0.514208 0.004011
vt 0.516730 0.004011
vt 0.511686 0.004011
vt 0.514208 0.001999
vt 0.529339 0.004011
vt 0.531861 0.001999
vt 0.531861 0.004011
vt 0.526817 0.004011
vt 0.529339 0.001999
vt 0.524295 0.001999
vt 0.526817 0.001999
vt 0.524295 0.004011
vt 0.521773 0.001999
vt 0.521773 0.004011
vt 0.670503 0.059783
vt 0.669413 0.061854
vt 0.669413 0.060235
vt 0.668720 0.064089
vt 0.670503 0.062305
vt 0.666198 0.064089
vt 0.668269 0.062998
vt 0.665505 0.061854
vt 0.666650 0.062998
vt 0.664415 0.062305
vt 0.665505 0.060235
vt 0.666198 0.058000
vt 0.664415 0.059783
vt 0.668720 0.058000
vt 0.666650 0.059091
vt 0.668269 0.059091
vt 0.056153 0.160510
vt 0.055418 0.158891
vt 0.056153 0.158891
vt 0.055418 0.162128
vt 0.055418 0.160510
vt 0.056153 0.162128
vt 0.055418 0.163747
vt 0.056153 0.150798
vt 0.055418 0.152416
vt 0.055418 0.150798
vt 0.056153 0.152416
vt 0.055418 0.154035
vt 0.056153 0.155653
vt 0.056153 0.154035
vt 0.056153 0.157272
vt 0.055418 0.155653
vt 0.055418 0.157272
vt 0.005997 0.041105
vt 0.125041 0.037435
vt 0.126207 0.041314
vt 0.002830 0.037620
vt 0.124741 0.035606
vt 0.242551 0.035453
vt 0.242668 0.037263
vt 0.243152 0.041034
vt 0.353066 0.037128
vt 0.353171 0.040838
vt 0.353056 0.035326
vt 0.456567 0.035202
vt 0.456570 0.037010
vt 0.456689 0.040636
vt 0.002810 0.029488
vt 0.124733 0.030958
vt 0.002003 0.031252
vt 0.005962 0.025989
vt 0.125026 0.029128
vt 0.126178 0.025245
vt 0.242658 0.028984
vt 0.242545 0.030794
vt 0.353051 0.030670
vt 0.243132 0.025212
vt 0.353056 0.028868
vt 0.353152 0.025158
vt 0.456559 0.028732
vt 0.456561 0.030539
vt 0.745996 0.050468
vt 0.651355 0.052605
vt 0.651347 0.050817
vt 0.745902 0.047128
vt 0.651258 0.047448
vt 0.555068 0.051845
vt 0.554964 0.048378
vt 0.555080 0.053628
vt 0.455836 0.054900
vt 0.455816 0.053121
vt 0.455688 0.049534
vt 0.745894 0.018059
vt 0.651321 0.014443
vt 0.745986 0.014718
vt 0.651326 0.012654
vt 0.746000 0.012926
vt 0.555029 0.011843
vt 0.651237 0.017814
vt 0.555021 0.013626
vt 0.554925 0.017094
vt 0.455763 0.012623
vt 0.455778 0.010845
vt 0.555414 0.036866
vt 0.555510 0.040360
vt 0.555418 0.035064
vt 0.651374 0.034959
vt 0.651371 0.036761
vt 0.651454 0.040148
vt 0.745794 0.036714
vt 0.745885 0.040061
vt 0.745785 0.034917
vt 0.555413 0.030407
vt 0.456669 0.025106
vt 0.555404 0.028606
vt 0.555491 0.025111
vt 0.651365 0.028502
vt 0.651371 0.030304
vt 0.745783 0.030271
vt 0.651444 0.025115
vt 0.745792 0.028474
vt 0.351560 0.010100
vt 0.455645 0.016210
vt 0.351544 0.011879
vt 0.351442 0.015554
vt 0.243067 0.011360
vt 0.243185 0.009575
vt 0.129798 0.008820
vt 0.242594 0.015099
vt 0.129492 0.010634
vt 0.128345 0.014499
vt 0.022101 0.008428
vt 0.022929 0.006652
vt 0.351594 0.054121
vt 0.351483 0.050446
vt 0.351614 0.055900
vt 0.243243 0.056670
vt 0.243120 0.054885
vt 0.242638 0.051148
vt 0.129572 0.055909
vt 0.128412 0.052050
vt 0.129885 0.057720
vt 0.023049 0.060367
vt 0.022212 0.058594
vt 0.019049 0.055091
vt 0.555072 0.007239
vt 0.455818 0.006250
vt 0.351588 0.005505
vt 0.243212 0.004972
vt 0.651352 0.008033
vt 0.745880 0.025126
vt 0.002015 0.035860
vt 0.018952 0.011945
vt 0.129861 0.004208
vt 0.023023 0.002038
vt 0.038366 0.151829
vt 0.038764 0.153668
vt 0.037766 0.153002
vt 0.033192 0.151884
vt 0.037965 0.151725
vt 0.032583 0.153685
vt 0.031557 0.152910
vt 0.040779 0.156254
vt 0.039538 0.156403
vt 0.039539 0.163199
vt 0.030553 0.156246
vt 0.031806 0.163202
vt 0.030569 0.163410
vt 0.031799 0.156406
vt 0.032588 0.165927
vt 0.031590 0.166752
vt 0.033257 0.167756
vt 0.033595 0.166518
vt 0.038107 0.167771
vt 0.038762 0.165926
vt 0.039772 0.166754
vt 0.040779 0.163404
vt 0.801272 0.047076
vt 0.801404 0.050415
vt 0.746010 0.052260
vt 0.801401 0.014760
vt 0.801435 0.012967
vt 0.801270 0.018098
vt 0.800901 0.034903
vt 0.800932 0.036689
vt 0.801063 0.040024
vt 0.800933 0.028486
vt 0.800902 0.030272
vt 0.746008 0.008296
vt 0.801063 0.025151
vt 0.037763 0.166529
vt 0.033573 0.153102
vt 0.461649 0.123195
vt 0.741734 0.148471
vt 0.743447 0.147661
vt 0.744009 0.163342
vt 0.004278 0.118541
vt 0.002565 0.119351
vt 0.002002 0.103670
vt 0.847637 0.160985
vt 0.847069 0.145322
vt 0.848777 0.144427
vt 0.694223 0.149795
vt 0.693655 0.134131
vt 0.695363 0.133237
vt 0.840830 0.778967
vt 0.880835 0.837102
vt 0.953861 0.765313
vt 0.954370 0.833835
vt 0.842981 0.656386
vt 0.854648 0.839157
vt 0.847955 0.709635
vt 0.848634 0.796823
vt 0.023632 0.934063
vt 0.337317 0.611578
vt 0.607056 0.221253
vt 0.314919 0.177998
vt 0.995990 0.199279
vt 0.995992 0.022178
vt 0.050683 0.150796
vt 0.995993 0.165680
vt 0.535861 0.001997
vt 0.286267 0.002733
vt 0.306813 0.467585
vt 0.231935 0.125196
vt 0.799890 0.956502
vt 0.451426 0.611577
vt 0.997177 0.808372
vt 0.985526 0.831088
vt 0.525355 0.613177
vt 0.408803 0.991702
vt 0.749242 0.440386
vt 0.710715 0.853484
vt 0.362180 0.611580
vt 0.521356 0.611577
vt 0.896382 0.809975
vt 0.749241 0.490296
vt 0.432115 0.611581
vt 0.992003 0.387584
vt 0.961570 0.845168
vt 0.306813 0.517495
vt 0.381488 0.991701
vt 0.509704 0.611577
vt 0.741587 0.544694
vt 0.741585 0.494784
vt 0.463078 0.991701
vt 0.474735 0.611578
vt 0.699067 0.825972
vt 0.292496 0.542783
vt 0.569320 0.991701
vt 0.490389 0.991697
vt 0.749236 0.549182
vt 0.734017 0.858284
vt 0.404802 0.991701
vt 0.550014 0.991697
vt 0.985524 0.858257
vt 0.722367 0.835571
vt 0.537007 0.988389
vt 0.158118 0.622779
vt 0.899094 0.859857
vt 0.887441 0.837173
vt 0.580970 0.988389
vt 0.084220 0.622781
vt 0.827191 0.864658
vt 0.749669 0.841974
vt 0.264456 0.616383
vt 0.142477 0.622781
vt 0.989527 0.858257
vt 0.930608 0.837173
vt 0.041601 0.622776
vt 0.130830 0.622782
vt 0.710721 0.880657
vt 0.687418 0.865973
vt 0.029946 0.997987
vt 0.584974 0.613183
vt 0.850936 0.843571
vt 0.687424 0.838773
vt 0.099880 0.997989
vt 0.283769 0.991589
vt 0.918404 0.861460
vt 0.846936 0.838773
vt 0.053252 0.997985
vt 0.187473 0.617983
vt 0.803890 0.851569
vt 0.691419 0.875857
vt 0.199130 0.993189
vt 0.064910 0.622776
vt 0.949920 0.861460
vt 0.873312 0.841974
vt 0.111527 0.997989
vt 0.088224 0.622779
vt 0.722370 0.885456
vt 0.823195 0.840373
vt 0.146470 0.997986
vt 0.222440 0.617982
vt 0.811543 0.718777
vt 0.292493 0.569982
vt 0.991994 0.382121
vt 0.486393 0.611577
vt 0.811540 0.824369
vt 0.687419 0.834283
vt 0.385495 0.611582
vt 0.428113 0.611582
vt 0.341315 0.864657
vt 0.973222 0.867855
vt 0.210784 0.617983
vt 0.253404 0.617981
vt 0.726364 0.885457
vt 0.738015 0.841973
vt 0.241753 0.993189
vt 0.177420 0.622783
vt 0.760745 0.637012
vt 0.760747 0.802250
vt 0.341315 0.837111
vt 0.167308 0.145952
vt 0.002069 0.145956
vt 0.292495 0.454723
vt 0.805783 0.056096
vt 0.805804 0.263429
vt 0.849971 0.098017
vt 0.849245 0.073211
vt 0.737740 0.164093
vt 0.737925 0.383737
vt 0.851513 0.035621
vt 0.849238 0.094003
vt 0.696219 0.122332
vt 0.995995 0.110120
vt 0.995995 0.132082
vt 0.529682 0.064005
vt 0.535610 0.061527
vt 0.741823 0.127038
vt 0.741823 0.142169
vt 0.645333 0.060235
vt 0.649241 0.061854
vt 0.800497 0.069346
vt 0.800497 0.059634
vt 0.879789 0.774774
vt 0.853351 0.792663
vt 0.307474 0.528087
vt 0.679770 0.806202
vt 0.847118 0.031786
vt 0.997065 0.231330
vt 0.046682 0.169906
vt 0.332422 0.002696
vt 0.848179 0.198797
vt 0.995990 0.047778
vt 0.060154 0.150793
vt 0.691628 0.211593
vt 0.995996 0.097909
vt 0.069583 0.150792
vt 0.743001 0.223954
vt 0.743001 0.201993
vt 0.778723 0.058202
vt 0.776287 0.064154
vt 0.995989 0.058242
vt 0.995989 0.073373
vt 0.699678 0.060230
vt 0.695770 0.061849
vt 0.008282 0.109198
vt 0.008282 0.118910
vt 0.848193 0.194479
vt 0.848193 0.165198
vt 0.556737 0.061526
vt 0.562655 0.064029
vt 0.852228 0.138971
vt 0.852228 0.118796
vt 0.659326 0.060234
vt 0.655418 0.061853
vt 0.275790 0.002734
vt 0.699736 0.812317
vt 0.952645 0.791066
vt 0.737394 0.830164
vt 0.292495 0.605946
vt 0.292495 0.534781
vt 0.994323 0.773219
vt 0.755247 0.056398
vt 0.743004 0.197679
vt 0.743004 0.168398
vt 0.583303 0.061520
vt 0.589221 0.064023
vt 0.507686 0.002002
vt 0.487511 0.002002
vt 0.676739 0.062999
vt 0.678358 0.059091
vt 0.309687 0.001999
vt 0.848019 0.260129
vt 0.848019 0.232393
vt 0.596707 0.061324
vt 0.602352 0.063746
vt 0.602258 0.002003
vt 0.583148 0.002003
vt 0.396869 0.061719
vt 0.393168 0.063252
vt 0.074284 0.156925
vt 0.023022 0.122760
vt 0.025545 0.152972
vt 0.025544 0.166811
vt 0.017362 0.166807
vt 0.603237 0.225993
vt 0.603237 0.253729
vt 0.609760 0.061321
vt 0.615405 0.063743
vt 0.579147 0.001998
vt 0.560036 0.001998
vt 0.373633 0.063250
vt 0.377335 0.061717
vt 0.064891 0.156930
vt 0.801499 0.121300
vt 0.755307 0.121192
vt 0.756314 0.571986
vt 0.781853 0.569667
vt 0.690559 0.207279
vt 0.511686 0.001999
vt 0.056153 0.163747
vt 0.039842 0.152954
vt 0.801438 0.052207
vt 0.801438 0.008336
vt 0.743441 0.164185
vt 0.742296 0.164151
vt 0.741734 0.163291
vt 0.742301 0.147627
vt 0.744009 0.148522
vt 0.002570 0.102827
vt 0.003715 0.102861
vt 0.004278 0.103721
vt 0.003710 0.119385
vt 0.002002 0.118490
vt 0.849345 0.145270
vt 0.849345 0.160091
vt 0.848782 0.160951
vt 0.847069 0.160142
vt 0.847632 0.144461
vt 0.695931 0.134080
vt 0.695931 0.148901
vt 0.695368 0.149761
vt 0.693655 0.148952
vt 0.694218 0.133271
s 1
usemtl outdoor_table_chair_set_01_chair.001
f 2/1/1 4/2/2 1/3/3
f 5/4/4 1/3/3 4/2/2
f 7/5/5 6/6/6 5/4/4
f 2/1/1 10/7/7 3/8/8
f 9/9/9 12/10/10 10/7/7
f 11/11/11 14/12/12 12/10/10
f 13/13/13 16/14/14 14/12/12
f 7/5/5 15/15/15 8/16/16
f 1/3/3 9/9/9 2/1/1
f 18/17/17 20/18/18 17/19/19
f 21/20/20 17/19/19 20/18/18
f 21/20/20 24/21/21 22/22/22
f 25/23/23 19/24/24 18/17/17
f 23/25/25 28/26/26 24/21/21
f 29/27/27 26/28/28 25/23/23
f 31/29/29 30/30/30 29/27/27
f 31/29/29 27/31/31 32/32/32
f 18/17/17 22/22/22 24/21/21
f 3/33/8 21/34/20 20/35/18
f 32/36/32 7/37/5 30/38/30
f 12/39/10 27/40/31 23/41/25
f 4/42/2 26/43/28 5/44/4
f 19/45/24 3/33/8 20/35/18
f 10/46/7 23/41/25 21/34/20
f 5/44/4 30/47/30 7/48/5
f 32/36/32 14/49/12 16/50/14
f 28/26/26 29/27/27 25/23/23
f 25/23/23 24/21/21 28/26/26
f 8/16/16 13/13/13 6/6/6
f 6/6/6 11/11/11 1/3/3
f 34/51/33 36/52/34 33/53/35
f 33/53/35 38/54/36 34/51/33
f 37/55/37 40/56/38 38/54/36
f 35/57/39 42/58/40 36/52/34
f 42/58/40 43/59/41 44/60/42
f 44/60/42 45/61/43 46/62/44
f 46/62/44 47/63/45 48/64/46
f 39/65/47 47/63/45 40/56/38
f 36/52/34 44/60/42 33/53/35
f 50/66/48 52/67/49 49/68/50
f 50/66/48 53/69/51 54/70/52
f 54/70/52 55/71/53 56/72/54
f 51/73/55 58/74/56 52/67/49
f 56/72/54 59/75/57 60/76/58
f 57/77/59 62/78/60 58/74/56
f 62/78/60 63/79/61 64/80/62
f 64/80/62 60/76/58 59/75/57
f 55/71/53 49/68/50 52/67/49
f 50/81/48 41/82/63 35/83/39
f 61/84/64 47/85/45 63/86/61
f 43/87/41 60/88/58 45/89/43
f 57/90/59 34/91/33 38/92/36
f 51/93/55 35/83/39 34/91/33
f 56/94/54 41/82/63 54/95/52
f 38/92/36 61/96/64 57/90/59
f 45/89/43 63/86/61 47/85/45
f 58/74/56 64/80/62 59/75/57
f 59/75/57 52/67/49 58/74/56
f 37/55/37 48/64/46 39/65/47
f 33/53/35 46/62/44 37/55/37
f 66/97/65 68/98/66 65/99/67
f 69/100/68 65/99/67 68/98/66
f 71/101/69 70/102/70 69/100/68
f 66/97/65 74/103/71 67/104/72
f 73/105/73 76/106/74 74/103/71
f 75/107/75 78/108/76 76/106/74
f 77/109/77 80/110/78 78/108/76
f 71/101/69 79/111/79 72/112/80
f 65/99/67 73/105/73 66/97/65
f 82/113/81 84/114/82 81/115/83
f 85/116/84 81/115/83 84/114/82
f 85/116/84 88/117/85 86/118/86
f 89/119/87 83/120/88 82/113/81
f 87/121/89 92/122/90 88/117/85
f 93/123/91 90/124/92 89/119/87
f 95/125/93 94/126/94 93/123/91
f 95/125/93 91/127/95 96/128/96
f 82/113/81 86/118/86 88/117/85
f 67/129/72 85/130/84 84/131/82
f 96/132/96 71/133/69 94/134/94
f 76/135/74 91/136/95 87/137/89
f 68/138/66 90/139/92 69/140/68
f 83/141/88 67/129/72 84/131/82
f 74/142/71 87/137/89 85/130/84
f 69/140/68 94/134/94 71/133/69
f 96/143/96 78/144/76 80/145/78
f 92/122/90 93/123/91 89/119/87
f 89/119/87 88/117/85 92/122/90
f 72/112/80 77/109/77 70/102/70
f 70/102/70 75/107/75 65/99/67
f 98/146/97 100/147/98 97/148/99
f 97/148/99 102/149/100 98/146/97
f 101/150/101 104/151/102 102/149/100
f 99/152/103 106/153/104 100/147/98
f 106/153/104 107/154/105 108/155/106
f 108/155/106 109/156/107 110/157/108
f 110/157/108 111/158/109 112/159/110
f 103/160/111 111/158/109 104/151/102
f 100/147/98 108/155/106 97/148/99
f 114/161/112 116/162/113 113/163/114
f 114/161/112 117/164/115 118/165/116
f 118/165/116 119/166/117 120/167/118
f 115/168/119 122/169/120 116/162/113
f 120/167/118 123/170/121 124/171/122
f 121/172/123 126/173/124 122/169/120
f 126/173/124 127/174/125 128/175/126
f 128/175/126 124/171/122 123/170/121
f 119/166/117 113/163/114 116/162/113
f 114/176/112 105/177/127 99/178/103
f 125/179/128 111/180/109 127/181/125
f 107/182/105 124/183/122 109/184/107
f 121/185/123 98/186/97 102/187/100
f 115/188/119 99/178/103 98/186/97
f 120/189/118 105/177/127 118/190/116
f 102/187/100 125/179/128 121/185/123
f 109/184/107 127/191/125 111/192/109
f 122/169/120 128/175/126 123/170/121
f 123/170/121 116/162/113 122/169/120
f 101/150/101 112/159/110 103/160/111
f 97/148/99 110/157/108 101/150/101
f 129/193/129 131/194/130 132/195/131
f 133/196/132 135/197/133 136/198/134
f 138/199/135 140/200/136 137/201/137
f 142/202/138 144/203/139 141/204/140
f 144/203/139 130/205/141 129/193/129
f 132/195/131 134/206/142 133/196/132
f 137/201/137 135/207/133 138/199/135
f 141/208/140 139/209/143 142/210/138
f 146/211/144 148/212/145 145/213/146
f 149/214/147 151/215/148 152/216/149
f 153/217/150 155/218/151 156/219/152
f 158/220/153 160/221/154 157/222/155
f 145/213/146 159/223/156 146/211/144
f 149/214/147 147/224/157 150/225/158
f 152/216/149 154/226/159 153/217/150
f 156/219/152 158/220/153 157/222/155
f 161/227/160 163/228/161 164/229/162
f 165/230/163 163/228/161 162/231/161
f 167/232/164 166/233/165 165/230/163
f 169/234/166 168/235/167 167/236/164
f 171/237/168 170/238/169 169/234/166
f 171/237/168 174/239/170 172/240/168
f 173/241/171 176/242/172 174/239/170
f 175/243/173 164/229/162 176/242/172
f 177/244/174 178/245/175 179/246/175
f 178/245/175 180/247/175 179/246/175
f 180/247/175 181/248/175 179/246/175
f 181/248/175 182/249/175 179/246/175
f 182/249/175 183/250/175 179/246/175
f 183/250/175 184/251/176 179/246/175
f 184/251/176 185/252/175 179/246/175
f 185/252/175 177/244/174 179/246/175
f 164/253/177 186/254/178 187/255/177
f 166/256/179 186/254/178 163/257/180
f 168/258/181 188/259/179 166/256/179
f 168/258/181 190/260/182 189/261/183
f 170/262/184 191/263/185 190/260/182
f 174/264/186 191/263/185 172/265/185
f 176/266/187 192/267/186 174/264/186
f 176/266/187 187/255/177 193/268/188
f 187/269/189 194/270/189 195/271/189
f 188/272/190 194/270/190 186/273/191
f 189/274/192 196/275/192 188/272/193
f 190/276/194 197/277/195 189/278/195
f 191/279/196 198/280/196 190/276/197
f 191/279/198 200/281/199 199/282/198
f 192/283/200 201/284/200 200/281/200
f 193/285/201 195/271/201 201/284/201
f 195/286/202 202/287/175 203/288/202
f 196/289/203 202/287/175 194/290/175
f 197/291/203 204/292/204 196/289/203
f 197/291/203 206/293/205 205/294/176
f 198/295/206 207/296/175 206/293/205
f 200/297/207 207/296/175 199/298/175
f 201/299/174 208/300/176 200/297/207
f 201/299/174 203/288/202 209/301/175
f 202/302/168 177/303/208 203/304/209
f 202/302/168 180/305/210 178/306/168
f 204/307/211 181/308/212 180/305/210
f 205/309/213 182/310/214 181/311/212
f 206/312/215 183/313/216 182/310/214
f 208/314/217 183/313/216 207/315/218
f 209/316/219 184/317/220 208/314/217
f 203/304/209 185/318/167 209/316/219
f 210/319/221 212/320/222 213/321/223
f 214/322/224 216/323/225 217/324/226
f 219/325/227 221/326/228 218/327/229
f 223/328/230 225/329/231 222/330/232
f 210/319/221 224/331/233 211/332/234
f 213/321/223 215/333/235 214/322/224
f 217/324/226 219/325/227 218/327/229
f 222/334/232 220/335/236 223/336/230
f 226/337/237 228/338/161 229/339/162
f 230/340/238 228/338/161 227/341/161
f 232/342/167 231/343/239 230/340/238
f 234/344/240 233/345/219 232/346/167
f 236/347/241 235/348/169 234/344/240
f 236/347/241 239/349/170 237/350/241
f 238/351/242 241/352/243 239/349/170
f 240/353/212 229/339/162 241/352/243
f 242/354/203 243/355/175 244/356/175
f 243/355/175 245/357/174 244/356/175
f 245/357/174 246/358/175 244/356/175
f 246/358/175 247/359/176 244/356/175
f 247/359/176 248/360/175 244/356/175
f 248/360/175 249/361/176 244/356/175
f 249/361/176 250/362/176 244/356/175
f 250/362/176 242/354/203 244/356/175
f 229/363/177 251/364/178 252/365/177
f 231/366/244 251/364/178 228/367/178
f 233/368/245 253/369/179 231/366/244
f 233/368/245 255/370/182 254/371/246
f 235/372/247 256/373/185 255/370/182
f 239/374/186 256/373/185 237/375/185
f 241/376/187 257/377/186 239/374/186
f 241/376/187 252/365/177 258/378/187
f 252/379/248 259/380/248 260/381/189
f 253/382/191 259/380/191 251/383/191
f 254/384/192 261/385/192 253/382/192
f 255/386/249 262/387/249 254/388/249
f 256/389/196 263/390/196 255/386/196
f 256/389/198 265/391/198 264/392/198
f 257/393/200 266/394/200 265/391/250
f 258/395/251 260/381/251 266/394/251
f 260/396/175 267/397/175 268/398/175
f 261/399/175 267/397/175 259/400/175
f 262/401/175 269/402/175 261/399/175
f 262/401/175 271/403/203 270/404/176
f 263/405/203 272/406/205 271/403/203
f 265/407/207 272/406/205 264/408/205
f 266/409/175 273/410/174 265/407/207
f 266/409/175 268/398/175 274/411/175
f 267/412/252 242/413/253 268/414/254
f 267/412/252 245/415/255 243/416/168
f 269/417/256 246/418/212 245/415/255
f 270/419/243 247/420/214 246/421/212
f 271/422/257 248/423/218 247/420/214
f 273/424/258 248/423/218 272/425/259
f 274/426/260 249/427/261 273/424/258
f 268/414/254 250/428/262 274/426/260
f 275/429/263 277/430/264 278/431/265
f 280/432/266 282/433/266 279/434/266
f 283/435/267 284/436/268 285/437/268
f 283/438/269 287/439/269 280/432/269
f 287/439/270 289/440/271 290/441/271
f 286/442/272 278/443/272 288/444/272
f 282/445/273 292/446/274 293/447/274
f 291/448/275 290/441/276 294/449/276
f 289/450/277 276/451/277 294/452/278
f 285/453/279 286/454/280 283/455/279
f 280/432/281 290/441/281 281/456/281
f 294/457/282 292/458/282 291/459/282
f 288/444/283 277/460/283 289/450/284
f 293/447/175 279/461/175 282/445/175
f 279/434/285 283/438/285 280/432/285
f 287/439/286 286/462/286 288/463/286
f 282/433/287 281/456/287 291/448/287
f 294/449/288 290/441/288 289/440/288
f 285/464/264 276/465/264 275/429/263
f 292/466/264 284/467/263 293/468/263
f 295/469/289 297/470/290 298/471/291
f 300/472/292 302/473/293 299/474/292
f 303/475/294 304/476/295 305/477/295
f 303/478/195 307/479/296 300/472/195
f 307/479/297 309/480/298 310/481/298
f 306/482/299 298/483/300 308/484/299
f 302/485/301 312/486/302 313/487/302
f 311/488/303 310/481/304 314/489/304
f 309/490/305 296/491/306 314/492/305
f 305/493/307 306/494/307 303/495/307
f 300/472/308 310/481/309 301/496/308
f 314/497/310 312/498/310 311/499/310
f 308/484/283 297/500/283 309/490/283
f 313/487/175 299/501/175 302/485/175
f 299/474/311 303/478/311 300/472/311
f 307/479/312 306/502/312 308/503/312
f 302/473/313 301/496/313 311/488/313
f 314/489/314 310/481/314 309/480/314
f 305/504/290 296/505/289 295/469/289
f 312/506/290 304/507/290 313/508/315
f 315/509/316 317/510/316 318/511/317
f 320/512/318 322/513/319 319/514/318
f 323/515/320 324/516/321 325/517/321
f 323/518/322 327/519/323 320/512/322
f 327/519/324 329/520/324 330/521/325
f 326/522/326 318/523/326 328/524/326
f 322/525/327 332/526/327 333/527/327
f 331/528/328 330/521/328 334/529/328
f 329/530/329 316/531/329 334/532/329
f 325/533/330 326/534/330 323/535/330
f 320/512/331 330/521/331 321/536/331
f 334/537/332 332/538/332 331/539/332
f 328/524/283 317/540/283 329/530/283
f 333/527/175 319/541/175 322/525/175
f 319/514/333 323/518/333 320/512/333
f 327/519/334 326/542/334 328/543/334
f 322/513/335 321/536/335 331/528/335
f 334/529/336 330/521/336 329/520/336
f 325/544/316 316/545/316 315/509/316
f 332/546/337 324/547/338 333/548/337
f 335/549/339 337/550/340 338/551/341
f 340/552/342 342/553/343 339/554/342
f 343/555/344 344/556/344 345/557/345
f 343/558/346 347/559/346 340/552/346
f 347/559/347 349/560/347 350/561/347
f 346/562/348 338/563/348 348/564/348
f 342/565/349 352/566/349 353/567/349
f 351/568/350 350/561/351 354/569/351
f 349/570/352 336/571/352 354/572/352
f 345/573/353 346/574/354 343/575/353
f 340/552/355 350/561/355 341/576/355
f 354/577/356 352/578/357 351/579/357
f 348/564/283 337/580/283 349/570/283
f 353/567/175 339/581/175 342/565/175
f 339/554/358 343/558/358 340/552/358
f 347/559/359 346/582/359 348/583/359
f 342/553/360 341/576/360 351/568/360
f 354/569/361 350/561/361 349/560/361
f 345/584/339 336/585/339 335/549/339
f 352/586/341 344/587/339 353/588/362
f 355/589/363 357/590/363 358/591/364
f 360/592/365 362/593/366 359/594/365
f 363/595/367 364/596/367 365/597/367
f 363/598/368 367/599/368 360/592/368
f 367/599/369 369/600/370 370/601/370
f 366/602/371 358/603/372 368/604/373
f 362/605/374 372/606/374 373/607/375
f 371/608/376 370/601/377 374/609/377
f 369/610/378 356/611/378 374/612/378
f 365/613/379 366/614/379 363/615/379
f 360/592/380 370/601/380 361/616/380
f 374/617/381 372/618/381 371/619/381
f 368/604/283 357/620/283 369/610/283
f 373/607/175 359/621/175 362/605/175
f 359/594/382 363/598/382 360/592/382
f 367/599/383 366/622/383 368/623/383
f 362/593/384 361/616/384 371/608/384
f 374/609/385 370/601/385 369/600/385
f 365/624/363 356/625/363 355/589/363
f 372/626/363 364/627/386 373/628/363
f 375/629/387 377/630/387 378/631/387
f 380/632/388 382/633/388 379/634/388
f 383/635/389 384/636/389 385/637/389
f 383/638/390 387/639/391 380/632/390
f 387/639/392 389/640/393 390/641/393
f 386/642/394 378/643/395 388/644/394
f 382/645/396 392/646/397 393/647/397
f 391/648/398 390/641/399 394/649/399
f 389/650/400 376/651/400 394/652/400
f 385/653/401 386/654/401 383/655/401
f 380/632/402 390/641/402 381/656/402
f 394/657/403 392/658/403 391/659/403
f 388/644/283 377/660/283 389/650/283
f 393/647/175 379/661/175 382/645/175
f 379/634/404 383/638/404 380/632/404
f 387/639/405 386/662/405 388/663/405
f 382/633/406 381/656/406 391/648/406
f 394/649/407 390/641/407 389/640/407
f 385/664/387 376/665/387 375/629/387
f 392/666/387 384/667/387 393/668/387
f 395/669/408 397/670/409 398/671/410
f 400/672/411 402/673/411 399/674/411
f 403/675/412 404/676/413 405/677/413
f 403/678/414 407/679/415 400/672/414
f 407/679/416 409/680/416 410/681/416
f 406/682/417 398/683/417 408/684/417
f 402/685/418 412/686/419 413/687/420
f 411/688/421 410/681/422 414/689/422
f 409/690/423 396/691/424 414/692/423
f 405/693/425 406/694/425 403/695/425
f 400/672/426 410/681/427 401/696/426
f 414/697/428 412/698/428 411/699/428
f 408/684/283 397/700/283 409/690/283
f 413/687/175 399/701/175 402/685/175
f 399/674/429 403/678/429 400/672/429
f 407/679/430 406/702/430 408/703/430
f 402/673/431 401/696/431 411/688/431
f 414/689/432 410/681/432 409/680/432
f 405/704/408 396/705/433 395/669/408
f 412/706/434 404/707/434 413/708/435
f 415/709/436 417/710/437 418/711/436
f 420/712/438 422/713/439 419/714/438
f 423/715/440 424/716/441 425/717/441
f 423/718/442 427/719/443 420/712/442
f 427/719/444 429/720/445 430/721/445
f 426/722/446 418/723/447 428/724/446
f 422/725/448 432/726/449 433/727/449
f 431/728/450 430/721/451 434/729/451
f 429/730/452 416/731/453 434/732/452
f 425/733/454 426/734/454 423/735/454
f 420/712/455 430/721/455 421/736/455
f 434/737/456 432/738/456 431/739/456
f 428/724/283 417/740/283 429/730/283
f 433/727/175 419/741/175 422/725/176
f 419/714/457 423/718/457 420/712/457
f 427/719/458 426/742/458 428/743/458
f 422/713/459 421/736/459 431/728/459
f 434/729/460 430/721/460 429/720/460
f 425/744/436 416/745/436 415/709/436
f 432/746/436 424/747/461 433/748/462
f 435/749/463 437/750/464 438/751/463
f 439/752/465 441/753/466 442/754/466
f 439/755/467 445/756/467 443/757/467
f 443/758/468 447/759/468 440/760/468
f 447/759/469 449/761/469 450/762/469
f 448/763/470 435/764/470 438/765/470
f 451/766/471 453/767/472 442/768/471
f 441/753/473 454/769/473 451/770/473
f 454/771/474 437/772/474 436/773/475
f 443/774/476 435/775/476 446/776/476
f 440/760/477 450/762/477 441/753/477
f 451/777/478 436/778/479 452/779/478
f 438/765/283 449/780/283 448/763/283
f 442/768/175 444/781/175 439/755/175
f 439/752/480 443/758/480 440/760/480
f 447/759/481 446/782/481 448/783/481
f 442/754/482 441/753/482 451/770/482
f 454/769/483 450/762/483 449/761/483
f 445/784/464 436/785/464 435/749/463
f 452/786/463 444/787/464 453/788/484
f 455/789/485 457/790/485 458/791/486
f 459/792/487 461/793/488 462/794/489
f 463/795/490 464/796/491 465/797/491
f 463/798/492 467/799/493 460/800/492
f 467/799/494 469/801/495 470/802/495
f 466/803/496 458/804/496 468/805/496
f 462/806/497 472/807/497 473/808/497
f 461/793/498 474/809/498 471/810/498
f 469/811/499 456/812/500 474/813/499
f 465/814/501 466/815/501 463/816/501
f 460/800/502 470/802/502 461/793/502
f 474/817/503 472/818/503 471/819/503
f 468/805/283 457/820/283 469/811/283
f 473/808/175 459/821/175 462/806/175
f 459/792/504 463/798/504 460/800/504
f 467/799/505 466/822/505 468/823/505
f 462/794/506 461/793/506 471/810/506
f 474/809/507 470/802/507 469/801/507
f 465/824/508 456/825/485 455/789/485
f 472/826/485 464/827/509 473/828/485
f 475/829/510 477/830/510 478/831/511
f 479/832/512 481/833/513 482/834/513
f 483/835/514 484/836/514 485/837/515
f 483/838/516 487/839/516 480/840/516
f 487/839/517 489/841/518 490/842/518
f 486/843/519 478/844/519 488/845/519
f 482/846/520 492/847/520 493/848/520
f 481/833/521 494/849/522 491/850/521
f 489/851/523 476/852/523 494/853/523
f 485/854/524 486/855/524 483/856/524
f 480/840/525 490/842/525 481/833/525
f 494/857/526 492/858/526 491/859/526
f 488/845/283 477/860/283 489/851/283
f 493/848/175 479/861/175 482/846/175
f 479/832/527 483/838/527 480/840/527
f 487/839/528 486/862/528 488/863/528
f 482/834/529 481/833/529 491/850/529
f 494/849/530 490/842/530 489/841/530
f 485/864/510 476/865/510 475/829/510
f 492/866/510 484/867/531 493/868/531
f 495/869/532 497/870/533 498/871/532
f 499/872/534 501/873/535 502/874/535
f 503/875/536 504/876/536 505/877/536
f 503/878/537 507/879/537 500/880/537
f 507/879/538 509/881/539 510/882/539
f 506/883/540 498/884/540 508/885/540
f 502/886/541 512/887/541 513/888/541
f 501/873/542 514/889/542 511/890/542
f 509/891/543 496/892/543 514/893/543
f 505/894/544 506/895/544 503/896/544
f 500/880/545 510/882/545 501/873/545
f 514/897/546 512/898/546 511/899/546
f 508/885/283 497/900/283 509/891/283
f 513/888/175 499/901/175 502/886/175
f 499/872/547 503/878/547 500/880/547
f 507/879/548 506/902/548 508/903/548
f 502/874/549 501/873/549 511/890/549
f 514/889/550 510/882/550 509/881/550
f 505/904/532 496/905/532 495/869/532
f 512/906/532 504/907/532 513/908/532
f 515/909/551 517/910/552 518/911/551
f 519/912/553 521/913/554 522/914/554
f 519/915/555 525/916/556 523/917/555
f 523/918/557 527/919/557 520/920/557
f 528/921/558 530/922/559 527/919/558
f 528/923/560 515/924/560 518/925/560
f 531/926/561 533/927/561 522/928/561
f 521/913/562 534/929/562 531/930/562
f 534/931/563 517/932/563 516/933/563
f 523/934/564 515/935/564 526/936/564
f 520/920/565 530/922/565 521/913/565
f 531/937/566 516/938/566 532/939/566
f 518/925/283 529/940/283 528/923/283
f 522/928/175 524/941/175 519/915/175
f 519/912/567 523/918/567 520/920/567
f 527/919/568 526/942/568 528/921/568
f 522/914/569 521/913/569 531/930/569
f 534/929/570 530/922/570 529/943/570
f 525/944/551 516/945/571 515/909/551
f 532/946/551 524/947/572 533/948/551
f 535/949/573 537/950/573 538/951/574
f 539/952/575 541/953/576 542/954/576
f 539/955/577 545/956/578 543/957/577
f 543/958/579 547/959/579 540/960/579
f 548/961/580 550/962/580 547/959/580
f 548/963/581 535/964/581 538/965/581
f 551/966/582 553/967/583 542/968/582
f 541/953/584 554/969/584 551/970/584
f 554/971/585 537/972/586 536/973/586
f 543/974/587 535/975/587 546/976/587
f 540/960/588 550/962/588 541/953/588
f 551/977/589 536/978/590 552/979/589
f 538/965/283 549/980/283 548/963/283
f 542/968/175 544/981/175 539/955/175
f 539/952/591 543/958/591 540/960/591
f 547/959/592 546/982/592 548/961/592
f 542/954/593 541/953/593 551/970/593
f 554/969/594 550/962/594 549/983/594
f 545/984/573 536/985/573 535/949/573
f 552/986/573 544/987/595 553/988/573
f 555/989/596 557/990/596 558/991/596
f 559/992/597 561/993/598 562/994/598
f 559/995/599 565/996/600 563/997/599
f 563/998/601 567/999/602 560/1000/601
f 568/1001/603 570/1002/604 567/999/603
f 568/1003/605 555/1004/605 558/1005/605
f 571/1006/606 573/1007/606 562/1008/606
f 561/993/607 574/1009/607 571/1010/607
f 574/1011/608 557/1012/608 556/1013/608
f 563/1014/609 555/1015/609 566/1016/609
f 560/1000/610 570/1002/610 561/993/610
f 571/1017/611 556/1018/611 572/1019/611
f 558/1005/283 569/1020/283 568/1003/283
f 562/1008/175 564/1021/175 559/995/175
f 559/992/612 563/998/612 560/1000/612
f 567/999/613 566/1022/613 568/1001/613
f 562/994/614 561/993/614 571/1010/614
f 574/1009/615 570/1002/615 569/1023/615
f 565/1024/596 556/1025/596 555/989/596
f 572/1026/596 564/1027/596 573/1028/596
f 575/1029/616 577/1030/616 578/1031/616
f 579/1032/617 581/1033/618 582/1034/618
f 579/1035/619 585/1036/619 583/1037/619
f 583/1038/620 587/1039/621 580/1040/620
f 587/1039/622 589/1041/623 590/1042/624
f 588/1043/625 575/1044/625 578/1045/625
f 591/1046/626 593/1047/627 582/1048/626
f 581/1033/628 594/1049/628 591/1050/628
f 594/1051/629 577/1052/630 576/1053/631
f 583/1054/632 575/1055/632 586/1056/632
f 580/1040/633 590/1042/633 581/1033/633
f 591/1057/634 576/1058/634 592/1059/634
f 578/1045/283 589/1060/283 588/1043/283
f 582/1048/175 584/1061/175 579/1035/175
f 579/1032/635 583/1038/635 580/1040/635
f 587/1039/636 586/1062/636 588/1063/636
f 582/1034/637 581/1033/637 591/1050/637
f 594/1049/638 590/1042/638 589/1041/638
f 585/1064/616 576/1065/616 575/1029/616
f 592/1066/616 584/1067/616 593/1068/616
f 595/1069/639 597/1070/640 598/1071/641
f 599/1072/642 601/1073/642 602/1074/642
f 599/1075/643 605/1076/643 603/1077/643
f 603/1078/644 607/1079/644 600/1080/644
f 607/1079/645 609/1081/646 610/1082/646
f 608/1083/647 595/1084/648 598/1085/649
f 611/1086/650 613/1087/650 602/1088/650
f 601/1073/651 614/1089/651 611/1090/651
f 614/1091/652 597/1092/652 596/1093/652
f 603/1094/653 595/1095/653 606/1096/653
f 600/1080/654 610/1082/654 601/1073/654
f 611/1097/655 596/1098/656 612/1099/655
f 598/1085/283 609/1100/283 608/1083/283
f 602/1088/175 604/1101/175 599/1075/175
f 599/1072/657 603/1078/657 600/1080/657
f 607/1079/658 606/1102/658 608/1103/658
f 602/1074/659 601/1073/659 611/1090/659
f 614/1089/660 610/1082/660 609/1081/660
f 605/1104/640 596/1105/640 595/1069/639
f 612/1106/639 604/1107/640 613/1108/641
f 615/1109/661 617/1110/662 618/1111/661
f 619/1112/663 621/1113/664 622/1114/664
f 619/1115/665 625/1116/665 623/1117/665
f 623/1118/666 627/1119/666 620/1120/666
f 627/1119/667 629/1121/668 630/1122/668
f 628/1123/669 615/1124/670 618/1125/670
f 631/1126/671 633/1127/672 622/1128/671
f 621/1113/673 634/1129/673 631/1130/673
f 634/1131/674 617/1132/674 616/1133/674
f 623/1134/675 615/1135/675 626/1136/675
f 620/1120/676 630/1122/676 621/1113/676
f 631/1137/677 616/1138/677 632/1139/677
f 618/1125/283 629/1140/283 628/1123/283
f 622/1128/175 624/1141/175 619/1115/175
f 619/1112/678 623/1118/678 620/1120/678
f 627/1119/679 626/1142/679 628/1143/679
f 622/1114/680 621/1113/680 631/1130/680
f 634/1129/681 630/1122/681 629/1121/681
f 625/1144/661 616/1145/682 615/1109/661
f 632/1146/661 624/1147/683 633/1148/661
f 635/1149/684 637/1150/684 638/1151/685
f 640/1152/686 642/1153/686 639/1154/686
f 643/1155/687 644/1156/687 645/1157/687
f 643/1158/688 647/1159/688 640/1152/688
f 647/1159/689 649/1160/689 650/1161/689
f 646/1162/690 638/1163/690 648/1164/690
f 642/1165/691 652/1166/691 653/1167/691
f 651/1168/692 650/1161/693 654/1169/693
f 649/1170/694 636/1171/694 654/1172/695
f 645/1173/696 646/1174/697 643/1175/696
f 640/1152/698 650/1161/698 641/1176/698
f 654/1177/699 652/1178/700 651/1179/700
f 648/1164/283 637/1180/283 649/1170/283
f 653/1167/175 639/1181/175 642/1165/175
f 639/1154/701 643/1158/701 640/1152/701
f 647/1159/702 646/1182/702 648/1183/702
f 642/1153/703 641/1176/703 651/1168/703
f 654/1169/704 650/1161/704 649/1160/704
f 645/1184/684 636/1185/684 635/1149/684
f 652/1186/685 644/1187/684 653/1188/705
f 655/1189/706 657/1190/706 658/1191/707
f 660/1192/708 662/1193/709 659/1194/708
f 663/1195/710 664/1196/711 665/1197/712
f 663/1198/713 667/1199/714 660/1192/713
f 667/1199/715 669/1200/715 670/1201/715
f 666/1202/716 658/1203/717 668/1204/718
f 662/1205/719 672/1206/719 673/1207/719
f 671/1208/720 670/1201/721 674/1209/721
f 669/1210/722 656/1211/722 674/1212/722
f 665/1213/723 666/1214/723 663/1215/723
f 660/1192/724 670/1201/724 661/1216/724
f 674/1217/725 672/1218/726 671/1219/726
f 668/1204/283 657/1220/283 669/1210/283
f 673/1207/175 659/1221/175 662/1205/175
f 659/1194/727 663/1198/727 660/1192/727
f 667/1199/728 666/1222/728 668/1223/728
f 662/1193/729 661/1216/729 671/1208/729
f 674/1209/730 670/1201/730 669/1200/730
f 665/1224/706 656/1225/706 655/1189/706
f 672/1226/731 664/1227/706 673/1228/732
f 675/1229/733 677/1230/733 678/1231/733
f 679/1232/734 681/1233/735 682/1234/735
f 683/1235/736 684/1236/737 685/1237/737
f 683/1238/738 687/1239/739 680/1240/738
f 687/1239/740 689/1241/741 690/1242/741
f 686/1243/742 678/1244/742 688/1245/742
f 682/1246/743 692/1247/744 693/1248/744
f 681/1233/745 694/1249/745 691/1250/745
f 689/1251/746 676/1252/747 694/1253/746
f 685/1254/748 686/1255/748 683/1256/748
f 680/1240/749 690/1242/749 681/1233/749
f 694/1257/750 692/1258/751 691/1259/751
f 688/1245/283 677/1260/283 689/1251/283
f 693/1248/175 679/1261/175 682/1246/175
f 679/1232/752 683/1238/752 680/1240/752
f 687/1239/753 686/1262/753 688/1263/753
f 682/1234/754 681/1233/754 691/1250/754
f 694/1249/755 690/1242/755 689/1241/755
f 685/1264/733 676/1265/733 675/1229/733
f 692/1266/733 684/1267/733 693/1268/733
f 695/1269/756 697/1270/757 698/1271/758
f 699/1272/759 701/1273/759 702/1274/759
f 703/1275/760 704/1276/761 705/1277/761
f 703/1278/762 707/1279/762 700/1280/762
f 707/1279/763 709/1281/763 710/1282/763
f 706/1283/764 698/1284/764 708/1285/764
f 702/1286/765 712/1287/765 713/1288/765
f 701/1273/766 714/1289/767 711/1290/766
f 709/1291/768 696/1292/768 714/1293/768
f 705/1294/769 706/1295/769 703/1296/769
f 700/1280/770 710/1282/770 701/1273/770
f 714/1297/771 712/1298/771 711/1299/771
f 708/1285/283 697/1300/283 709/1291/283
f 713/1288/175 699/1301/175 702/1286/175
f 699/1272/772 703/1278/772 700/1280/772
f 707/1279/773 706/1302/773 708/1303/773
f 702/1274/774 701/1273/774 711/1290/774
f 714/1289/775 710/1282/775 709/1281/775
f 705/1304/756 696/1305/756 695/1269/756
f 712/1306/756 704/1307/756 713/1308/776
f 715/1309/777 717/1310/778 718/1311/779
f 720/1312/780 722/1313/781 719/1314/782
f 724/1315/783 726/1316/784 723/1317/785
f 727/1318/786 729/1319/787 730/1320/788
f 716/1321/789 730/1322/788 717/1310/778
f 715/1309/777 721/1323/790 720/1324/780
f 719/1314/782 725/1325/791 724/1315/783
f 728/1326/792 726/1316/784 729/1319/787
f 731/1327/793 733/1328/794 734/1329/795
f 735/1330/796 733/1331/794 732/1332/797
f 737/1333/798 736/1334/799 735/1330/796
f 739/1335/800 738/1336/801 737/1333/798
f 741/1337/802 740/1338/803 739/1335/800
f 741/1337/802 744/1339/804 742/1340/805
f 743/1341/806 746/1342/807 744/1343/804
f 745/1344/808 734/1329/795 746/1342/807
f 747/1345/809 732/1346/797 731/1327/793
f 748/1347/810 735/1330/796 732/1332/797
f 750/1348/811 735/1330/796 749/1349/812
f 751/1350/813 737/1333/798 750/1348/811
f 752/1351/814 739/1335/800 751/1350/813
f 753/1352/815 741/1337/802 752/1351/814
f 753/1353/815 745/1344/808 743/1341/806
f 754/1354/816 731/1327/793 745/1344/808
f 717/1310/778 755/1355/817 756/1356/818
f 718/1311/779 756/1356/818 757/1357/819
f 718/1311/779 758/1358/820 721/1323/790
f 721/1359/790 759/1360/821 722/1313/781
f 722/1313/781 760/1361/822 725/1325/791
f 725/1325/791 761/1362/823 726/1316/784
f 729/1319/787 761/1362/823 762/1363/824
f 730/1320/788 762/1363/824 755/1364/817
f 756/1356/818 763/1365/825 764/1366/826
f 757/1357/819 764/1366/826 765/1367/827
f 757/1357/819 766/1368/828 758/1358/820
f 758/1369/820 767/1370/829 759/1360/821
f 759/1360/821 768/1371/830 760/1361/822
f 760/1361/822 769/1372/831 761/1362/823
f 762/1363/824 769/1372/831 770/1373/832
f 755/1364/817 770/1373/832 763/1374/825
f 771/1375/833 748/1376/810 747/1345/809
f 773/1377/834 748/1347/810 772/1378/835
f 774/1379/836 749/1349/812 773/1377/834
f 775/1380/837 750/1348/811 774/1379/836
f 776/1381/838 751/1350/813 775/1380/837
f 753/1352/815 776/1381/838 777/1382/839
f 777/1383/839 754/1354/816 753/1353/815
f 747/1345/809 778/1384/840 771/1375/833
f 734/1329/795 727/1385/786 716/1321/789
f 746/1342/807 716/1321/789 715/1309/777
f 744/1343/804 715/1309/777 720/1324/780
f 744/1339/804 719/1314/782 742/1340/805
f 742/1340/805 724/1315/783 740/1338/803
f 740/1338/803 723/1317/785 738/1336/801
f 738/1336/801 728/1326/792 736/1334/799
f 733/1331/794 728/1326/792 727/1318/786
f 779/1386/841 781/1387/842 782/1388/843
f 784/1389/844 786/1390/781 783/1391/782
f 788/1392/783 790/1393/845 787/1394/785
f 791/1395/786 793/1396/787 794/1397/788
f 780/1398/846 794/1399/788 781/1387/842
f 779/1386/841 785/1400/790 784/1401/844
f 783/1391/782 789/1402/847 788/1392/783
f 792/1403/848 790/1393/845 793/1396/787
f 795/1404/849 797/1405/850 798/1406/851
f 799/1407/852 797/1408/850 796/1409/797
f 801/1410/798 800/1411/799 799/1407/852
f 803/1412/800 802/1413/853 801/1410/798
f 805/1414/802 804/1415/854 803/1412/800
f 805/1414/802 808/1416/855 806/1417/856
f 807/1418/806 810/1419/857 808/1420/855
f 809/1421/858 798/1406/851 810/1419/857
f 811/1422/859 796/1423/797 795/1404/849
f 812/1424/860 799/1407/852 796/1409/797
f 814/1425/861 799/1407/852 813/1426/862
f 815/1427/863 801/1410/798 814/1425/861
f 816/1428/864 803/1412/800 815/1427/863
f 817/1429/865 805/1414/802 816/1428/864
f 817/1430/865 809/1421/858 807/1418/806
f 818/1431/866 795/1404/849 809/1421/858
f 781/1387/842 819/1432/867 820/1433/818
f 782/1388/843 820/1433/818 821/1434/819
f 782/1388/843 822/1435/868 785/1400/790
f 785/1436/790 823/1437/821 786/1390/781
f 786/1390/781 824/1438/869 789/1402/847
f 789/1402/847 825/1439/823 790/1393/845
f 793/1396/787 825/1439/823 826/1440/824
f 794/1397/788 826/1440/824 819/1441/867
f 820/1433/818 827/1442/870 828/1443/871
f 821/1434/819 828/1443/871 829/1444/872
f 821/1434/819 830/1445/873 822/1435/868
f 822/1446/868 831/1447/829 823/1437/821
f 823/1437/821 832/1448/830 824/1438/869
f 824/1438/869 833/1449/831 825/1439/823
f 826/1440/824 833/1449/831 834/1450/874
f 819/1441/867 834/1450/874 827/1451/870
f 835/1452/875 812/1453/860 811/1422/859
f 837/1454/876 812/1424/860 836/1455/835
f 838/1456/877 813/1426/862 837/1454/876
f 839/1457/878 814/1425/861 838/1456/877
f 840/1458/879 815/1427/863 839/1457/878
f 817/1429/865 840/1458/879 841/1459/880
f 841/1460/880 818/1431/866 817/1430/865
f 811/1422/859 842/1461/881 835/1452/875
f 798/1406/851 791/1462/786 780/1398/846
f 810/1419/857 780/1398/846 779/1386/841
f 808/1420/855 779/1386/841 784/1401/844
f 808/1416/855 783/1391/782 806/1417/856
f 806/1417/856 788/1392/783 804/1415/854
f 804/1415/854 787/1394/785 802/1413/853
f 802/1413/853 792/1403/848 800/1411/799
f 797/1408/850 792/1403/848 791/1395/786
f 843/1463/882 845/1464/883 846/1465/884
f 848/1466/885 850/1467/886 847/1468/887
f 852/1469/888 854/1470/889 851/1471/890
f 855/1472/891 857/1473/892 858/1474/893
f 844/1475/894 858/1474/893 845/1464/883
f 843/1463/882 849/1476/895 848/1466/885
f 847/1477/887 853/1478/896 852/1469/888
f 856/1479/897 854/1470/889 857/1473/892
f 859/1480/898 861/1481/899 862/1482/900
f 860/1483/901 864/1484/902 861/1481/899
f 863/1485/903 866/1486/904 864/1484/902
f 867/1487/905 866/1486/904 865/1488/906
f 869/1489/907 868/1490/908 867/1487/905
f 871/1491/909 870/1492/910 869/1493/907
f 873/1494/911 872/1495/912 871/1491/909
f 873/1494/911 862/1482/900 874/1496/913
f 845/1464/883 875/1497/914 876/1498/915
f 846/1465/884 876/1498/915 877/1499/916
f 846/1465/884 878/1500/917 849/1476/895
f 849/1476/895 879/1501/918 850/1467/886
f 850/1502/886 880/1503/919 853/1478/896
f 853/1478/896 881/1504/920 854/1470/889
f 857/1473/892 881/1504/920 882/1505/921
f 858/1474/893 882/1505/921 875/1497/914
f 884/1506/922 886/1507/923 883/1508/924
f 887/1509/925 885/1510/926 884/1506/922
f 889/1511/927 888/1512/928 887/1509/925
f 891/1513/929 890/1514/930 889/1511/927
f 891/1513/929 894/1515/931 892/1516/932
f 893/1517/933 896/1518/934 894/1519/931
f 895/1520/935 898/1521/936 896/1518/934
f 897/1522/937 886/1507/923 898/1521/936
f 900/1523/938 883/1508/924 899/1524/939
f 901/1525/940 884/1506/922 900/1523/938
f 902/1526/941 887/1509/925 901/1525/940
f 903/1527/942 889/1511/927 902/1526/941
f 903/1527/942 893/1528/933 891/1513/929
f 904/1529/943 895/1520/935 893/1517/933
f 905/1530/944 897/1522/937 895/1520/935
f 906/1531/945 883/1508/924 897/1522/937
f 875/1497/914 908/1532/946 876/1498/915
f 877/1499/916 908/1532/946 909/1533/947
f 878/1500/917 909/1533/947 910/1534/948
f 879/1501/918 910/1534/948 911/1535/949
f 880/1503/919 911/1536/949 912/1537/950
f 880/1503/919 913/1538/951 881/1504/920
f 881/1504/920 914/1539/952 882/1505/921
f 882/1505/921 907/1540/953 875/1497/914
f 886/1507/923 860/1483/901 859/1480/898
f 898/1521/936 859/1480/898 873/1494/911
f 896/1518/934 873/1494/911 871/1491/909
f 896/1518/934 869/1493/907 894/1519/931
f 894/1515/931 867/1487/905 892/1516/932
f 892/1516/932 865/1488/906 890/1514/930
f 890/1514/930 863/1485/903 888/1512/928
f 885/1510/926 863/1485/903 860/1483/901
f 916/1541/954 899/1524/939 915/1542/955
f 917/1543/956 900/1523/938 916/1541/954
f 918/1544/957 901/1525/940 917/1543/956
f 919/1545/958 902/1526/941 918/1544/957
f 919/1545/958 904/1546/943 903/1527/942
f 905/1530/944 920/1547/959 921/1548/960
f 921/1548/960 906/1531/945 905/1530/944
f 899/1524/939 922/1549/961 915/1542/955
f 862/1482/900 855/1472/891 844/1475/894
f 874/1496/913 844/1475/894 843/1463/882
f 874/1496/913 848/1466/885 872/1495/912
f 872/1495/912 847/1468/887 870/1492/910
f 870/1550/910 852/1469/888 868/1490/908
f 868/1490/908 851/1471/890 866/1486/904
f 864/1484/902 851/1471/890 856/1479/897
f 861/1481/899 856/1479/897 855/1472/891
f 908/1551/962 912/1552/962 909/1553/962
f 907/1554/963 913/1555/962 908/1551/962
f 909/1553/962 911/1556/962 910/1557/964
f 915/1558/965 919/1559/965 918/1560/965
f 916/1561/965 918/1560/965 917/1562/965
f 922/1563/965 920/1564/965 919/1559/965
f 923/1565/882 925/1566/966 926/1567/884
f 928/1568/967 930/1569/968 927/1570/969
f 932/1571/888 934/1572/889 931/1573/970
f 935/1574/971 937/1575/972 938/1576/973
f 924/1577/974 938/1576/973 925/1566/966
f 923/1565/882 929/1578/975 928/1568/967
f 927/1570/969 933/1579/976 932/1571/888
f 936/1580/977 934/1572/889 937/1581/972
f 939/1582/898 941/1583/978 942/1584/979
f 940/1585/980 944/1586/981 941/1583/978
f 943/1587/982 946/1588/983 944/1589/981
f 947/1590/905 946/1588/983 945/1591/906
f 949/1592/984 948/1593/985 947/1590/905
f 951/1594/986 950/1595/987 949/1592/984
f 953/1596/911 952/1597/912 951/1594/986
f 953/1596/911 942/1584/979 954/1598/988
f 925/1566/966 955/1599/989 956/1600/990
f 926/1567/884 956/1600/990 957/1601/991
f 926/1567/884 958/1602/917 929/1578/975
f 929/1578/975 959/1603/992 930/1569/968
f 930/1569/968 960/1604/919 933/1579/976
f 933/1579/976 961/1605/993 934/1572/889
f 937/1581/972 961/1605/993 962/1606/994
f 938/1576/973 962/1607/994 955/1599/989
f 964/1608/922 966/1609/995 963/1610/996
f 967/1611/925 965/1612/926 964/1608/922
f 969/1613/927 968/1614/997 967/1615/925
f 971/1616/998 970/1617/930 969/1613/927
f 971/1616/998 974/1618/999 972/1619/932
f 973/1620/1000 976/1621/1001 974/1618/999
f 975/1622/935 978/1623/1002 976/1621/1001
f 977/1624/937 966/1609/995 978/1623/1002
f 980/1625/938 963/1610/996 979/1626/1003
f 981/1627/940 964/1608/922 980/1625/938
f 982/1628/941 967/1615/925 981/1629/940
f 983/1630/1004 969/1613/927 982/1628/941
f 983/1630/1004 973/1620/1000 971/1616/998
f 984/1631/943 975/1622/935 973/1620/1000
f 985/1632/1005 977/1624/937 975/1622/935
f 986/1633/945 963/1610/996 977/1624/937
f 955/1599/989 988/1634/1006 956/1600/990
f 957/1601/991 988/1634/1006 989/1635/947
f 958/1602/917 989/1635/947 990/1636/948
f 959/1603/992 990/1636/948 991/1637/1007
f 960/1604/919 991/1637/1007 992/1638/950
f 960/1604/919 993/1639/1008 961/1605/993
f 961/1605/993 994/1640/1009 962/1606/994
f 962/1607/994 987/1641/953 955/1599/989
f 966/1609/995 940/1585/980 939/1582/898
f 978/1623/1002 939/1582/898 953/1596/911
f 976/1621/1001 953/1596/911 951/1594/986
f 976/1621/1001 949/1592/984 974/1618/999
f 974/1618/999 947/1590/905 972/1619/932
f 972/1619/932 945/1591/906 970/1617/930
f 970/1617/930 943/1587/982 968/1614/997
f 965/1612/926 943/1642/982 940/1585/980
f 996/1643/1010 979/1626/1003 995/1644/1011
f 997/1645/956 980/1625/938 996/1643/1010
f 998/1646/957 981/1629/940 997/1647/956
f 999/1648/958 982/1628/941 998/1646/957
f 999/1648/958 984/1631/943 983/1630/1004
f 985/1632/1005 1000/1649/1012 1001/1650/1013
f 1001/1650/1013 986/1633/945 985/1632/1005
f 979/1626/1003 1002/1651/961 995/1644/1011
f 942/1584/979 935/1574/971 924/1577/974
f 954/1598/988 924/1577/974 923/1565/882
f 954/1598/988 928/1568/967 952/1597/912
f 952/1597/912 927/1570/969 950/1595/987
f 950/1595/987 932/1571/888 948/1593/985
f 948/1593/985 931/1573/970 946/1588/983
f 944/1589/981 931/1573/970 936/1580/977
f 941/1583/978 936/1652/977 935/1574/971
f 988/1653/962 992/1654/964 989/1655/964
f 987/1656/962 993/1657/962 988/1653/962
f 989/1655/964 991/1658/964 990/1659/964
f 995/1660/1014 999/1661/1014 998/1662/965
f 996/1663/1014 998/1662/965 997/1664/1015
f 1002/1665/965 1000/1666/965 999/1661/1014
f 1004/1667/1016 1006/1668/1017 1003/1669/1018
f 1007/1670/1019 1005/1671/1020 1004/1667/1016
f 1008/1672/1021 1010/1673/1022 1005/1671/1020
f 1005/1671/1020 1011/1674/1023 1006/1668/1017
f 1010/1673/1022 1013/1675/1024 1011/1674/1023
f 1009/1676/1025 1012/1677/1026 1010/1673/1022
f 1014/1678/1027 1016/1679/1028 1012/1677/1026
f 1012/1677/1026 1017/1680/1029 1013/1675/1024
f 1018/1681/1030 1020/1682/1031 1021/1683/1032
f 1019/1684/1033 1023/1685/1034 1020/1682/1031
f 1020/1682/1031 1024/1686/1035 1025/1687/1036
f 1021/1683/1032 1025/1687/1036 1026/1688/1037
f 1026/1688/1037 1027/1689/1038 1028/1690/1039
f 1025/1687/1036 1029/1691/1040 1027/1689/1038
f 1027/1689/1038 1030/1692/1041 1031/1693/1042
f 1028/1690/1039 1031/1693/1042 1032/1694/1043
f 1034/1695/1044 1036/1696/1045 1033/1697/1046
f 1037/1698/1047 1035/1699/1048 1034/1695/1044
f 1038/1700/1049 1040/1701/1050 1035/1699/1048
f 1035/1699/1048 1041/1702/1051 1036/1696/1045
f 1040/1701/1050 1043/1703/1052 1041/1702/1051
f 1039/1704/1053 1042/1705/1054 1040/1701/1050
f 1044/1706/1055 1046/1707/1056 1042/1705/1054
f 1042/1705/1054 1047/1708/1057 1043/1703/1052
f 1048/1709/1058 1050/1710/1059 1051/1711/1060
f 1049/1712/1061 1053/1713/1062 1050/1710/1059
f 1050/1710/1059 1054/1714/1063 1055/1715/1064
f 1051/1711/1060 1055/1715/1064 1056/1716/1065
f 1056/1716/1065 1057/1717/1066 1058/1718/1067
f 1055/1715/1064 1059/1719/1068 1057/1717/1066
f 1057/1717/1066 1060/1720/1069 1061/1721/1070
f 1058/1718/1067 1061/1721/1070 1062/1722/1071
f 1064/1723/1072 1016/1679/1028 1063/1724/1073
f 1065/1725/1074 1067/1726/1075 1063/1724/1073
f 1063/1724/1073 1068/1727/1076 1064/1723/1072
f 1067/1726/1075 1070/1728/1077 1068/1727/1076
f 1066/1729/1078 1069/1730/1079 1067/1726/1075
f 1071/1731/1080 1073/1732/1081 1069/1730/1079
f 1069/1730/1079 1074/1733/1082 1070/1728/1077
f 1032/1694/1043 1075/1734/1083 1076/1735/1084
f 1031/1693/1042 1077/1736/1085 1075/1734/1083
f 1075/1734/1083 1078/1737/1086 1079/1738/1087
f 1076/1735/1084 1079/1738/1087 1080/1739/1088
f 1080/1739/1088 1081/1740/1089 1082/1741/1090
f 1079/1738/1087 1083/1742/1091 1081/1740/1089
f 1081/1740/1089 1084/1743/1092 1085/1744/1093
f 1082/1741/1090 1085/1744/1093 1086/1745/1094
f 1062/1722/1071 1087/1746/1095 1088/1747/1096
f 1061/1721/1070 1089/1748/1097 1087/1746/1095
f 1087/1746/1095 1090/1749/1098 1091/1750/1099
f 1088/1747/1096 1091/1750/1099 1092/1751/1100
f 1092/1751/1100 1093/1752/1101 1094/1753/1102
f 1091/1750/1099 1095/1754/1103 1093/1752/1101
f 1093/1752/1101 1096/1755/1104 1097/1756/1105
f 1094/1753/1102 1097/1756/1105 1098/1757/1106
f 1046/1707/1056 1100/1758/1107 1047/1708/1057
f 1045/1759/1108 1099/1760/1109 1046/1707/1056
f 1101/1761/1110 1103/1762/1111 1099/1760/1109
f 1099/1760/1109 1104/1763/1112 1100/1758/1107
f 1103/1762/1111 1106/1764/1113 1104/1763/1112
f 1102/1765/1114 1105/1766/1115 1103/1762/1111
f 1107/1767/1116 1109/1768/1117 1105/1766/1115
f 1105/1766/1115 1110/1769/1118 1106/1764/1113
f 1015/1770/1119 1076/1735/1084 1065/1771/1074
f 1065/1771/1074 1080/1739/1088 1066/1772/1078
f 1044/1706/1055 1056/1716/1065 1058/1718/1067
f 1058/1718/1067 1045/1759/1108 1044/1706/1055
f 1030/1692/1041 1059/1719/1068 1077/1736/1085
f 1077/1736/1085 1054/1714/1063 1078/1737/1086
f 1064/1723/1072 1041/1702/1051 1043/1703/1052
f 1043/1703/1052 1017/1680/1029 1064/1723/1072
f 1009/1773/1025 1028/1690/1039 1014/1774/1027
f 1014/1774/1027 1032/1694/1043 1015/1770/1119
f 1024/1686/1035 1089/1748/1097 1029/1691/1040
f 1029/1691/1040 1060/1720/1069 1030/1692/1041
f 1101/1761/1110 1062/1722/1071 1088/1747/1096
f 1088/1747/1096 1102/1765/1114 1101/1761/1110
f 1013/1675/1024 1047/1708/1057 1100/1758/1107
f 1100/1758/1107 1011/1674/1023 1013/1675/1024
f 1026/1688/1037 1008/1775/1021 1021/1683/1032
f 1007/1776/1019 1021/1683/1032 1008/1775/1021
f 1022/1777/1120 1095/1754/1103 1023/1685/1034
f 1090/1749/1098 1023/1685/1034 1095/1754/1103
f 1107/1767/1116 1092/1751/1100 1094/1753/1102
f 1094/1753/1102 1108/1778/1121 1107/1767/1116
f 1006/1668/1017 1104/1763/1112 1106/1764/1113
f 1106/1764/1113 1003/1669/1018 1006/1668/1017
f 1039/1704/1053 1051/1711/1060 1056/1716/1065
f 1038/1700/1049 1048/1709/1058 1051/1711/1060
f 1078/1737/1086 1053/1713/1062 1083/1742/1091
f 1083/1742/1091 1052/1779/1122 1084/1743/1092
f 1066/1772/1078 1082/1741/1090 1071/1780/1080
f 1071/1780/1080 1086/1745/1094 1072/1781/1123
f 1033/1697/1046 1070/1728/1077 1074/1733/1082
f 1036/1696/1045 1068/1727/1076 1070/1728/1077
f 1112/1782/1124 1114/1783/1125 1111/1784/1126
f 1111/1784/1126 1116/1785/1127 1112/1782/1124
f 1116/1785/1127 1117/1786/1128 1118/1787/1129
f 1120/1788/1130 1122/1789/1131 1119/1790/1132
f 1120/1788/1130 1123/1791/1133 1124/1792/1134
f 1124/1792/1134 1118/1787/1129 1117/1786/1128
f 1125/1793/1135 1127/1794/1136 1128/1795/1137
f 1126/1796/1138 1129/1797/1139 1130/1798/1140
f 1127/1794/1136 1113/1799/1141 1128/1795/1137
f 1131/1800/1142 1130/1798/1140 1129/1797/1139
f 1132/1801/1143 1133/1802/1144 1134/1803/1145
f 1133/1802/1144 1121/1804/1146 1134/1803/1145
f 1018/1681/1030 1112/1805/1124 1116/1806/1127
f 1096/1755/1104 1123/1807/1133 1119/1808/1132
f 1110/1769/1118 1128/1809/1137 1003/1669/1018
f 1098/1757/1106 1131/1810/1142 1108/1778/1121
f 1003/1669/1018 1113/1811/1141 1004/1667/1016
f 1004/1667/1016 1112/1812/1124 1007/1670/1019
f 1019/1684/1033 1116/1806/1127 1118/1813/1129
f 1022/1777/1120 1118/1813/1129 1123/1807/1133
f 1097/1756/1105 1119/1808/1132 1122/1814/1131
f 1098/1757/1106 1122/1814/1131 1133/1815/1144
f 1108/1778/1121 1129/1816/1139 1109/1768/1117
f 1109/1768/1117 1125/1817/1135 1110/1769/1118
f 1124/1792/1134 1126/1796/1138 1120/1788/1130
f 1127/1794/1136 1117/1786/1128 1114/1783/1125
f 1114/1783/1125 1115/1818/1147 1111/1784/1126
f 1130/1798/1140 1120/1788/1130 1126/1796/1138
f 1130/1798/1140 1134/1803/1145 1121/1804/1146
f 1136/1819/160 1138/1820/216 1135/1821/162
f 1138/1820/216 1139/1822/238 1140/1823/163
f 1140/1823/163 1141/1824/167 1142/1825/219
f 1142/1826/219 1143/1827/1148 1144/1828/1148
f 1144/1828/1148 1145/1829/1149 1146/1830/1149
f 1145/1829/1149 1148/1831/1150 1146/1830/1149
f 1147/1832/171 1150/1833/172 1148/1831/1150
f 1149/1834/172 1135/1821/162 1150/1833/172
f 1151/1835/1151 1152/1836/283 1153/1837/284
f 1153/1837/284 1152/1836/283 1154/1838/1152
f 1154/1838/1152 1152/1836/283 1155/1839/283
f 1155/1839/283 1152/1836/283 1156/1840/1153
f 1156/1840/1153 1152/1836/283 1157/1841/1153
f 1157/1841/1153 1152/1836/283 1158/1842/1153
f 1158/1842/1153 1152/1836/283 1159/1843/283
f 1159/1843/283 1152/1836/283 1151/1835/1151
f 1136/1844/1154 1161/1845/1155 1137/1846/1156
f 1161/1845/1155 1139/1847/1157 1137/1846/1156
f 1162/1848/1158 1141/1849/1159 1139/1847/1157
f 1141/1849/1159 1164/1850/1160 1143/1851/1161
f 1143/1851/1161 1165/1852/1162 1145/1853/1162
f 1165/1852/1162 1147/1854/1163 1145/1853/1162
f 1166/1855/1164 1149/1856/1165 1147/1854/1163
f 1149/1856/1165 1160/1857/1166 1136/1844/1154
f 1168/1858/1167 1161/1859/1167 1160/1860/1167
f 1161/1859/190 1170/1861/191 1162/1862/191
f 1162/1862/192 1171/1863/192 1163/1864/1168
f 1163/1865/249 1172/1866/249 1164/1867/249
f 1164/1867/1169 1173/1868/1169 1165/1869/197
f 1173/1868/198 1166/1870/198 1165/1869/198
f 1174/1871/200 1167/1872/200 1166/1870/250
f 1175/1873/201 1160/1860/201 1167/1872/201
f 1168/1874/283 1177/1875/1170 1169/1876/1171
f 1177/1875/1170 1170/1877/283 1169/1876/1171
f 1178/1878/1153 1171/1879/283 1170/1877/283
f 1171/1879/283 1180/1880/1170 1172/1881/284
f 1172/1881/284 1181/1882/283 1173/1883/283
f 1181/1882/283 1174/1884/284 1173/1883/283
f 1182/1885/1170 1175/1886/284 1174/1884/284
f 1175/1886/284 1176/1887/1153 1168/1874/283
f 1176/1888/253 1153/1889/1172 1177/1890/1173
f 1153/1889/1172 1178/1891/210 1177/1890/1173
f 1154/1892/1174 1179/1893/212 1178/1891/210
f 1155/1894/172 1180/1895/1175 1179/1896/212
f 1156/1897/215 1181/1898/1176 1180/1895/1175
f 1181/1898/1176 1158/1899/1177 1182/1900/220
f 1182/1900/220 1159/1901/260 1183/1902/167
f 1183/1902/167 1151/1903/209 1176/1888/253
f 1184/1904/1178 1186/1905/1179 1187/1906/1180
f 1189/1907/283 1191/1908/283 1188/1909/283
f 1192/1910/1181 1190/1911/1182 1189/1912/1183
f 1192/1913/1184 1195/1914/175 1193/1915/175
f 1188/1916/1185 1195/1917/1186 1194/1918/1187
f 1188/1909/1188 1197/1919/1189 1189/1907/1189
f 1189/1912/1183 1198/1920/1190 1192/1910/1181
f 1188/1916/1185 1199/1921/1191 1196/1922/1192
f 1194/1923/1193 1198/1924/1194 1199/1925/1195
f 1201/1926/283 1184/1927/283 1200/1928/1196
f 1202/1929/1197 1185/1930/1198 1201/1931/1199
f 1202/1932/174 1187/1933/175 1186/1934/175
f 1200/1935/1200 1187/1906/1180 1203/1936/1201
f 1197/1919/1202 1204/1937/1203 1205/1938/1204
f 1197/1939/1205 1206/1940/1206 1198/1920/1207
f 1196/1922/1208 1207/1941/1209 1204/1942/1210
f 1198/1924/1194 1207/1943/1211 1199/1925/1195
f 1205/1938/1212 1208/1944/1212 1209/1945/1212
f 1205/1946/1213 1210/1947/1213 1206/1940/1213
f 1204/1942/1214 1211/1948/1214 1208/1949/1214
f 1206/1950/1215 1211/1951/1216 1207/1943/1211
f 1193/1952/1217 1201/1931/1199 1190/1911/1182
f 1193/1915/175 1203/1953/174 1202/1932/174
f 1191/1954/1218 1203/1936/1201 1195/1917/1186
f 1190/1955/283 1200/1928/1196 1191/1908/283
f 1210/1956/283 1208/1957/283 1211/1958/283
f 1212/1959/237 1214/1960/161 1215/1961/1219
f 1216/1962/238 1214/1963/161 1213/1964/161
f 1218/1965/164 1217/1966/165 1216/1962/238
f 1220/1967/1148 1219/1968/219 1218/1965/164
f 1222/1969/168 1221/1970/1148 1220/1967/1148
f 1222/1969/168 1225/1971/1150 1223/1972/252
f 1224/1973/171 1227/1974/213 1225/1971/1150
f 1226/1975/173 1215/1961/1219 1227/1974/213
f 1228/1976/175 1229/1977/176 1230/1978/175
f 1229/1977/176 1231/1979/176 1230/1978/175
f 1231/1979/176 1232/1980/175 1230/1978/175
f 1232/1980/175 1233/1981/175 1230/1978/175
f 1233/1981/175 1234/1982/175 1230/1978/175
f 1234/1982/175 1235/1983/175 1230/1978/175
f 1235/1983/175 1236/1984/175 1230/1978/175
f 1236/1984/175 1228/1976/175 1230/1978/175
f 1215/1985/177 1237/1986/178 1238/1987/177
f 1217/1988/179 1237/1986/178 1214/1989/178
f 1219/1990/181 1239/1991/179 1217/1988/179
f 1219/1990/181 1241/1992/182 1240/1993/181
f 1221/1994/184 1242/1995/185 1241/1992/182
f 1225/1996/186 1242/1995/185 1223/1997/185
f 1227/1998/1220 1243/1999/1221 1225/1996/186
f 1227/1998/1220 1238/1987/177 1244/2000/1222
f 1238/2001/189 1245/2002/189 1246/2003/248
f 1239/2004/190 1245/2005/190 1237/2006/1223
f 1240/2007/192 1247/2008/192 1239/2004/192
f 1241/2009/249 1248/2010/249 1240/2007/249
f 1242/2011/196 1249/2012/196 1241/2009/1169
f 1242/2011/199 1251/2013/199 1250/2014/199
f 1243/2015/250 1252/2016/250 1251/2013/250
f 1244/2017/251 1246/2003/1224 1252/2016/201
f 1246/2018/175 1253/2019/175 1254/2020/176
f 1247/2021/175 1253/2019/175 1245/2022/175
f 1248/2023/175 1255/2024/176 1247/2021/175
f 1248/2023/175 1257/2025/174 1256/2026/175
f 1249/2027/174 1258/2028/175 1257/2025/174
f 1251/2029/203 1258/2028/175 1250/2030/175
f 1252/2031/175 1259/2032/203 1251/2029/203
f 1252/2031/175 1254/2020/176 1260/2033/176
f 1253/2034/168 1228/2035/253 1254/2036/209
f 1253/2037/168 1231/2038/1225 1229/2039/168
f 1255/2040/1174 1232/2041/172 1231/2038/1225
f 1256/2042/213 1233/2043/1226 1232/2041/172
f 1257/2044/1227 1234/2045/1228 1233/2043/1226
f 1259/2046/217 1234/2045/1228 1258/2047/1228
f 1260/2048/219 1235/2049/1177 1259/2046/217
f 1254/2036/209 1236/2050/262 1260/2048/219
f 1262/2051/161 1264/2052/238 1261/2053/163
f 1262/2051/161 1266/2054/1229 1263/2055/161
f 1265/2056/1230 1268/2057/172 1266/2054/1229
f 1267/2058/172 1270/2059/1231 1268/2057/172
f 1269/2060/1150 1272/2061/168 1270/2059/1231
f 1273/2062/169 1272/2061/168 1271/2063/168
f 1275/2064/219 1274/2065/166 1273/2062/169
f 1261/2053/163 1276/2066/167 1275/2067/219
f 1277/2068/1196 1278/2069/283 1279/2070/283
f 1278/2069/283 1280/2071/1232 1279/2070/283
f 1280/2071/1232 1281/2072/283 1279/2070/283
f 1281/2072/283 1282/2073/283 1279/2070/283
f 1282/2073/283 1283/2074/283 1279/2070/283
f 1283/2074/283 1284/2075/283 1279/2070/283
f 1284/2075/283 1285/2076/283 1279/2070/283
f 1285/2076/283 1277/2068/1196 1279/2070/283
f 1264/2077/1157 1286/2078/1155 1287/2079/1233
f 1266/2080/1154 1286/2078/1155 1263/2081/1155
f 1268/2082/1165 1288/2083/1234 1266/2080/1154
f 1268/2082/1165 1290/2084/1164 1289/2085/1165
f 1270/2086/1163 1291/2087/1235 1290/2084/1164
f 1274/2088/1161 1291/2087/1235 1272/2089/1162
f 1276/2090/1236 1292/2091/1161 1274/2088/1161
f 1276/2090/1236 1287/2079/1233 1293/2092/1159
f 1286/2093/190 1295/2094/190 1287/2095/191
f 1286/2093/189 1296/2096/189 1294/2097/189
f 1288/2098/201 1297/2099/201 1296/2096/201
f 1289/2100/200 1298/2101/200 1297/2099/200
f 1290/2102/198 1299/2103/198 1298/2101/198
f 1292/2104/197 1299/2103/197 1291/2105/1237
f 1293/2106/249 1300/2107/249 1292/2104/249
f 1287/2095/192 1301/2108/192 1293/2109/192
f 1295/2110/284 1302/2111/284 1303/2112/283
f 1296/2113/284 1302/2111/284 1294/2114/284
f 1297/2115/283 1304/2116/283 1296/2113/284
f 1297/2115/283 1306/2117/283 1305/2118/283
f 1298/2119/283 1307/2120/283 1306/2117/283
f 1300/2121/283 1307/2120/283 1299/2122/283
f 1301/2123/283 1308/2124/283 1300/2121/283
f 1301/2123/283 1303/2112/283 1309/2125/283
f 1303/2126/210 1278/2127/1149 1277/2128/1238
f 1304/2129/253 1278/2127/1149 1302/2130/241
f 1305/2131/167 1280/2132/209 1304/2129/253
f 1306/2133/220 1281/2134/219 1305/2131/167
f 1307/2135/161 1282/2136/1177 1306/2133/220
f 1307/2135/161 1284/2137/215 1283/2138/161
f 1308/2139/1239 1285/2140/213 1284/2137/215
f 1309/2141/172 1277/2128/1238 1285/2142/213
f 1311/2143/161 1313/2144/238 1310/2145/165
f 1311/2146/161 1315/2147/237 1312/2148/161
f 1314/2149/1230 1317/2150/172 1315/2147/237
f 1316/2151/213 1319/2152/171 1317/2150/172
f 1318/2153/1150 1321/2154/252 1319/2152/171
f 1322/2155/1148 1321/2154/252 1320/2156/252
f 1324/2157/219 1323/2158/166 1322/2155/1148
f 1310/2145/165 1325/2159/167 1324/2157/219
f 1326/2160/284 1327/2161/284 1328/2162/283
f 1327/2161/284 1329/2163/284 1328/2162/283
f 1329/2163/284 1330/2164/283 1328/2162/283
f 1330/2164/283 1331/2165/283 1328/2162/283
f 1331/2165/283 1332/2166/283 1328/2162/283
f 1332/2166/283 1333/2167/283 1328/2162/283
f 1333/2167/283 1334/2168/283 1328/2162/283
f 1334/2168/283 1326/2160/284 1328/2162/283
f 1313/2169/1157 1335/2170/1240 1336/2171/1233
f 1315/2172/1154 1335/2170/1240 1312/2173/1155
f 1317/2174/1165 1337/2175/1234 1315/2172/1154
f 1317/2174/1165 1339/2176/1163 1338/2177/1165
f 1319/2178/1163 1340/2179/1162 1339/2176/1163
f 1323/2180/1161 1340/2179/1162 1321/2181/1162
f 1325/2182/1236 1341/2183/1161 1323/2180/1161
f 1325/2182/1236 1336/2171/1233 1342/2184/1236
f 1335/2185/190 1344/2186/190 1336/2187/190
f 1335/2188/248 1345/2189/248 1343/2190/248
f 1337/2191/251 1346/2192/251 1345/2189/251
f 1338/2193/250 1347/2194/250 1346/2192/250
f 1339/2195/199 1348/2196/199 1347/2194/199
f 1341/2197/196 1348/2196/196 1340/2198/196
f 1342/2199/249 1349/2200/249 1341/2197/249
f 1336/2187/192 1350/2201/192 1342/2199/192
f 1344/2202/283 1351/2203/283 1352/2204/283
f 1345/2205/283 1351/2203/283 1343/2206/283
f 1346/2207/283 1353/2208/283 1345/2205/283
f 1346/2207/283 1355/2209/1232 1354/2210/284
f 1347/2211/1232 1356/2212/283 1355/2209/1232
f 1349/2213/1196 1356/2212/283 1348/2214/283
f 1350/2215/283 1357/2216/1196 1349/2213/1196
f 1350/2215/283 1352/2204/283 1358/2217/283
f 1352/2218/210 1327/2219/241 1326/2220/211
f 1353/2221/253 1327/2222/241 1351/2223/241
f 1354/2224/262 1329/2225/209 1353/2221/253
f 1355/2226/220 1330/2227/219 1354/2224/262
f 1356/2228/218 1331/2229/1177 1355/2226/220
f 1356/2228/218 1333/2230/215 1332/2231/218
f 1357/2232/214 1334/2233/172 1333/2230/215
f 1358/2234/172 1326/2220/211 1334/2233/172
f 1360/2235/237 1362/2236/161 1359/2237/1219
f 1362/2236/161 1363/2238/238 1364/2239/1241
f 1364/2239/1241 1365/2240/167 1366/2241/219
f 1366/2242/219 1367/2243/1242 1368/2244/169
f 1368/2244/169 1369/2245/168 1370/2246/168
f 1369/2245/168 1372/2247/1150 1370/2246/168
f 1371/2248/1243 1374/2249/213 1372/2247/1150
f 1373/2250/172 1359/2237/1219 1374/2249/213
f 1375/2251/1232 1376/2252/283 1377/2253/283
f 1377/2253/283 1376/2252/283 1378/2254/1196
f 1378/2254/1196 1376/2252/283 1379/2255/284
f 1379/2255/284 1376/2252/283 1380/2256/1244
f 1380/2256/1244 1376/2252/283 1381/2257/284
f 1381/2257/284 1376/2252/283 1382/2258/284
f 1382/2258/284 1376/2252/283 1383/2259/284
f 1383/2259/284 1376/2252/283 1375/2251/1232
f 1360/2260/1154 1385/2261/1155 1361/2262/1155
f 1385/2261/1155 1363/2263/1157 1361/2262/1155
f 1386/2264/1233 1365/2265/1159 1363/2263/1157
f 1365/2265/1159 1388/2266/1161 1367/2267/1161
f 1367/2267/1161 1389/2268/1162 1369/2269/1162
f 1389/2268/1162 1371/2270/1163 1369/2269/1162
f 1390/2271/1163 1373/2272/1245 1371/2270/1163
f 1373/2272/1245 1384/2273/1234 1360/2260/1154
f 1392/2274/189 1385/2275/189 1384/2276/1246
f 1385/2275/190 1394/2277/190 1386/2278/190
f 1386/2278/192 1395/2279/192 1387/2280/192
f 1387/2281/249 1396/2282/249 1388/2283/249
f 1388/2283/197 1397/2284/197 1389/2285/197
f 1397/2284/199 1390/2286/199 1389/2285/199
f 1398/2287/200 1391/2288/200 1390/2286/200
f 1399/2289/201 1384/2276/201 1391/2288/201
f 1392/2290/283 1401/2291/283 1393/2292/283
f 1401/2291/283 1394/2293/283 1393/2292/283
f 1402/2294/283 1395/2295/283 1394/2293/283
f 1395/2295/283 1404/2296/283 1396/2297/283
f 1396/2297/283 1405/2298/283 1397/2299/283
f 1405/2298/283 1398/2300/283 1397/2299/283
f 1406/2301/283 1399/2302/283 1398/2300/283
f 1399/2302/283 1400/2303/283 1392/2290/283
f 1400/2304/253 1377/2305/241 1401/2306/241
f 1377/2305/241 1402/2307/210 1401/2306/241
f 1378/2308/1174 1403/2309/212 1402/2307/210
f 1379/2310/172 1404/2311/214 1403/2312/212
f 1380/2313/215 1405/2314/161 1404/2311/214
f 1405/2314/161 1382/2315/1177 1406/2316/1247
f 1406/2316/1247 1383/2317/167 1407/2318/167
f 1407/2318/167 1375/2319/209 1400/2304/253
f 1409/2320/237 1411/2321/218 1408/2322/1248
f 1411/2323/218 1412/2324/238 1413/2325/1241
f 1413/2325/1241 1414/2326/167 1415/2327/219
f 1415/2327/219 1416/2328/166 1417/2329/169
f 1417/2329/169 1418/2330/168 1419/2331/252
f 1418/2330/168 1421/2332/1249 1419/2331/252
f 1420/2333/1249 1423/2334/213 1421/2332/1249
f 1422/2335/172 1408/2322/1248 1423/2334/213
f 1424/2336/1196 1425/2337/283 1426/2338/283
f 1426/2338/283 1425/2337/283 1427/2339/1232
f 1427/2339/1232 1425/2337/283 1428/2340/283
f 1428/2340/283 1425/2337/283 1429/2341/1196
f 1429/2341/1196 1425/2337/283 1430/2342/284
f 1430/2342/284 1425/2337/283 1431/2343/1232
f 1431/2343/1232 1425/2337/283 1432/2344/283
f 1432/2344/283 1425/2337/283 1424/2336/1196
f 1409/2345/1154 1434/2346/1155 1410/2347/1155
f 1434/2346/1155 1412/2348/1157 1410/2347/1155
f 1435/2349/1157 1414/2350/1236 1412/2348/1157
f 1414/2350/1236 1437/2351/1160 1416/2352/1161
f 1416/2352/1161 1438/2353/1162 1418/2354/1162
f 1438/2353/1162 1420/2355/1163 1418/2354/1162
f 1439/2356/1163 1422/2357/1165 1420/2355/1163
f 1422/2357/1165 1433/2358/1234 1409/2345/1154
f 1441/2359/189 1434/2360/189 1433/2361/248
f 1434/2362/191 1443/2363/191 1435/2364/1250
f 1435/2364/192 1444/2365/192 1436/2366/192
f 1436/2366/249 1445/2367/249 1437/2368/249
f 1437/2368/196 1446/2369/196 1438/2370/196
f 1446/2369/198 1439/2371/198 1438/2370/1251
f 1447/2372/200 1440/2373/200 1439/2371/200
f 1448/2374/201 1433/2361/201 1440/2373/201
f 1441/2375/283 1450/2376/283 1442/2377/283
f 1450/2376/283 1443/2378/283 1442/2377/283
f 1451/2379/283 1444/2380/283 1443/2378/283
f 1444/2380/283 1453/2381/283 1445/2382/283
f 1445/2382/283 1454/2383/283 1446/2384/284
f 1454/2383/283 1447/2385/283 1446/2384/284
f 1455/2386/283 1448/2387/283 1447/2385/283
f 1448/2387/283 1449/2388/283 1441/2375/283
f 1449/2389/208 1426/2390/168 1450/2391/168
f 1426/2392/168 1451/2393/210 1450/2394/168
f 1427/2395/1252 1452/2396/172 1451/2393/210
f 1428/2397/1253 1453/2398/1239 1452/2396/172
f 1429/2399/215 1454/2400/1228 1453/2398/1239
f 1454/2400/1228 1431/2401/217 1455/2402/1177
f 1455/2402/1177 1432/2403/219 1456/2404/262
f 1456/2404/262 1424/2405/1254 1449/2389/208
f 1458/2406/1178 1460/2407/1179 1457/2408/1180
f 1462/2409/175 1464/2410/175 1461/2411/175
f 1464/2412/1255 1465/2413/1256 1466/2414/1257
f 1466/2415/1258 1467/2416/283 1468/2417/1259
f 1468/2418/1260 1462/2419/1261 1461/2420/1262
f 1469/2421/1263 1461/2411/1264 1464/2410/1263
f 1471/2422/1265 1464/2412/1255 1466/2414/1257
f 1461/2420/1262 1472/2423/1266 1468/2418/1260
f 1468/2417/1259 1471/2424/1267 1466/2415/1258
f 1457/2425/175 1474/2426/175 1473/2427/175
f 1474/2428/1268 1459/2429/1198 1475/2430/1269
f 1475/2431/1232 1458/2432/283 1476/2433/1196
f 1476/2434/1270 1457/2408/1180 1473/2435/1201
f 1469/2421/1271 1478/2436/1271 1470/2437/1271
f 1479/2438/1272 1469/2439/1273 1471/2422/1274
f 1470/2440/1275 1480/2441/1276 1472/2423/1277
f 1472/2442/1278 1479/2443/1279 1471/2424/1267
f 1481/2444/1212 1478/2436/1212 1477/2445/1212
f 1479/2438/1280 1481/2446/1280 1477/2447/1280
f 1482/2448/1281 1480/2441/1214 1478/2449/1214
f 1480/2450/1282 1483/2451/1216 1479/2443/1279
f 1463/2452/1283 1475/2430/1269 1465/2413/1256
f 1465/2453/283 1476/2433/1196 1467/2416/283
f 1467/2454/1284 1473/2435/1201 1462/2419/1261
f 1473/2427/175 1463/2455/175 1462/2409/175
f 1483/2456/175 1482/2457/174 1481/2458/175
f 1485/2459/238 1487/2460/161 1488/2461/161
f 1487/2460/161 1490/2462/237 1488/2461/161
f 1489/2463/162 1492/2464/212 1490/2462/237
f 1491/2465/213 1494/2466/171 1492/2464/212
f 1493/2467/1150 1496/2468/168 1494/2466/171
f 1496/2469/168 1497/2470/169 1498/2471/1242
f 1498/2471/1242 1499/2472/219 1500/2473/262
f 1500/2473/262 1486/2474/163 1485/2459/238
f 1501/2475/175 1502/2476/175 1503/2477/175
f 1503/2477/175 1502/2476/175 1504/2478/175
f 1504/2478/175 1502/2476/175 1505/2479/175
f 1505/2479/175 1502/2476/175 1506/2480/175
f 1506/2480/175 1502/2476/175 1507/2481/175
f 1507/2481/175 1502/2476/175 1508/2482/175
f 1508/2482/175 1502/2476/175 1509/2483/175
f 1509/2483/175 1502/2476/175 1501/2475/175
f 1486/2484/179 1511/2485/178 1487/2486/178
f 1511/2485/178 1489/2487/177 1487/2486/178
f 1512/2488/1285 1491/2489/1286 1489/2487/177
f 1491/2489/1286 1514/2490/1221 1493/2491/186
f 1493/2491/186 1515/2492/185 1495/2493/185
f 1515/2492/185 1497/2494/184 1495/2493/185
f 1516/2495/182 1499/2496/181 1497/2494/184
f 1499/2496/181 1510/2497/179 1486/2484/179
f 1510/2498/191 1519/2499/191 1511/2500/191
f 1519/2499/189 1512/2501/189 1511/2500/248
f 1520/2502/201 1513/2503/201 1512/2501/251
f 1521/2504/200 1514/2505/200 1513/2503/200
f 1522/2506/198 1515/2507/198 1514/2505/199
f 1515/2508/197 1524/2509/197 1516/2510/197
f 1516/2510/249 1525/2511/249 1517/2512/249
f 1517/2512/192 1518/2513/192 1510/2498/193
f 1518/2514/175 1527/2515/175 1519/2516/175
f 1527/2515/175 1520/2517/176 1519/2516/175
f 1528/2518/176 1521/2519/175 1520/2517/176
f 1521/2519/175 1530/2520/175 1522/2521/175
f 1522/2521/175 1531/2522/175 1523/2523/175
f 1531/2522/175 1524/2524/175 1523/2523/175
f 1532/2525/175 1525/2526/175 1524/2524/175
f 1525/2526/175 1526/2527/175 1518/2514/175
f 1501/2528/210 1527/2529/168 1526/2530/1174
f 1527/2529/168 1504/2531/253 1528/2532/209
f 1528/2532/209 1505/2533/262 1529/2534/219
f 1529/2534/219 1506/2535/1177 1530/2536/1177
f 1530/2536/1177 1507/2537/161 1531/2538/161
f 1507/2539/161 1532/2540/215 1531/2541/161
f 1508/2542/214 1533/2543/213 1532/2540/215
f 1509/2544/212 1526/2530/1174 1533/2543/213
f 1534/2545/238 1536/2546/161 1537/2547/161
f 1536/2546/161 1539/2548/160 1537/2547/161
f 1538/2549/162 1541/2550/212 1539/2548/160
f 1540/2551/172 1543/2552/171 1541/2550/212
f 1542/2553/1249 1545/2554/168 1543/2552/171
f 1545/2555/168 1546/2556/1148 1547/2557/166
f 1547/2557/166 1548/2558/219 1549/2559/262
f 1549/2559/262 1535/2560/239 1534/2545/238
f 1550/2561/175 1551/2562/175 1552/2563/175
f 1552/2563/175 1551/2562/175 1553/2564/175
f 1553/2564/175 1551/2562/175 1554/2565/175
f 1554/2565/175 1551/2562/175 1555/2566/175
f 1555/2566/175 1551/2562/175 1556/2567/175
f 1556/2567/175 1551/2562/175 1557/2568/175
f 1557/2568/175 1551/2562/175 1558/2569/175
f 1558/2569/175 1551/2562/175 1550/2561/175
f 1535/2570/179 1560/2571/178 1536/2572/1287
f 1560/2571/178 1538/2573/177 1536/2572/1287
f 1561/2574/1288 1540/2575/187 1538/2573/177
f 1540/2575/187 1563/2576/1221 1542/2577/186
f 1542/2577/186 1564/2578/185 1544/2579/185
f 1564/2578/185 1546/2580/184 1544/2579/185
f 1565/2581/182 1548/2582/181 1546/2580/184
f 1548/2582/181 1559/2583/244 1535/2570/179
f 1559/2584/190 1568/2585/190 1560/2586/190
f 1568/2585/189 1561/2587/189 1560/2586/248
f 1569/2588/251 1562/2589/251 1561/2587/251
f 1570/2590/1289 1563/2591/1289 1562/2589/200
f 1571/2592/199 1564/2593/199 1563/2591/199
f 1564/2594/196 1573/2595/196 1565/2596/196
f 1565/2596/249 1574/2597/249 1566/2598/249
f 1566/2598/192 1567/2599/192 1559/2584/192
f 1567/2600/203 1576/2601/175 1568/2602/175
f 1576/2601/175 1569/2603/174 1568/2602/175
f 1577/2604/174 1570/2605/175 1569/2603/174
f 1570/2605/175 1579/2606/175 1571/2607/175
f 1571/2607/175 1580/2608/175 1572/2609/175
f 1580/2608/175 1573/2610/175 1572/2609/175
f 1581/2611/175 1574/2612/175 1573/2610/175
f 1574/2612/175 1575/2613/203 1567/2600/203
f 1550/2614/210 1576/2615/168 1575/2616/1290
f 1576/2615/168 1553/2617/208 1577/2618/1254
f 1577/2618/1254 1554/2619/262 1578/2620/219
f 1578/2620/219 1555/2621/220 1579/2622/1177
f 1579/2622/1177 1556/2623/161 1580/2624/161
f 1556/2625/161 1581/2626/1227 1580/2627/161
f 1557/2628/1175 1582/2629/172 1581/2626/1227
f 1558/2630/172 1575/2616/1290 1582/2629/172
f 1583/2631/1291 1585/2632/1292 1586/2633/1293
f 1586/2633/1293 1587/2634/1294 1588/2635/1295
f 1585/2632/1292 1590/2636/1296 1587/2634/1294
f 1584/2637/1297 1589/2638/1298 1585/2632/1292
f 1591/2639/1299 1593/2640/1300 1589/2638/1298
f 1589/2638/1298 1594/2641/1301 1590/2636/1296
f 1593/2640/1300 1596/2642/1302 1594/2641/1301
f 1592/2643/1303 1595/2644/1304 1593/2640/1300
f 1599/2645/1305 1601/2646/1306 1598/2647/1307
f 1600/2648/1308 1603/2649/1309 1601/2646/1306
f 1604/2650/1310 1602/2651/1311 1600/2648/1308
f 1606/2652/1312 1600/2648/1308 1599/2645/1305
f 1607/2653/1313 1604/2650/1310 1606/2652/1312
f 1608/2654/1314 1605/2655/1315 1604/2650/1310
f 1610/2656/1316 1609/2657/1317 1608/2654/1314
f 1612/2658/1318 1608/2654/1314 1607/2653/1313
f 1613/2659/1319 1615/2660/1320 1616/2661/1321
f 1617/2662/1322 1614/2663/1323 1613/2659/1319
f 1618/2664/1324 1620/2665/1325 1614/2663/1323
f 1614/2663/1323 1621/2666/1326 1615/2660/1320
f 1620/2665/1325 1623/2667/1327 1621/2666/1326
f 1619/2668/1328 1622/2669/1329 1620/2665/1325
f 1626/2670/1330 1628/2671/1331 1625/2672/1332
f 1630/2673/1333 1625/2672/1332 1629/2674/1334
f 1631/2675/1335 1626/2670/1330 1630/2673/1333
f 1632/2676/1336 1627/2677/1337 1626/2670/1330
f 1634/2678/1338 1633/2679/1339 1632/2676/1336
f 1636/2680/1340 1632/2676/1336 1631/2675/1335
f 1597/2681/1341 1638/2682/1342 1595/2644/1304
f 1595/2644/1304 1639/2683/1343 1596/2642/1302
f 1638/2682/1342 1641/2684/1344 1639/2683/1343
f 1637/2685/1345 1640/2686/1346 1638/2682/1342
f 1642/2687/1347 1644/2688/1348 1640/2686/1346
f 1640/2686/1346 1645/2689/1349 1641/2684/1344
f 1646/2690/1350 1610/2656/1316 1612/2658/1318
f 1647/2691/1351 1611/2692/1352 1610/2656/1316
f 1649/2693/1353 1648/2694/1354 1647/2691/1351
f 1651/2695/1355 1647/2691/1351 1646/2690/1350
f 1652/2696/1356 1649/2693/1353 1651/2695/1355
f 1653/2697/1357 1650/2698/1358 1649/2693/1353
f 1655/2699/1359 1634/2678/1338 1636/2680/1340
f 1656/2700/1360 1635/2701/1361 1634/2678/1338
f 1658/2702/1362 1657/2703/1363 1656/2700/1360
f 1660/2704/1364 1656/2700/1360 1655/2699/1359
f 1661/2705/1365 1658/2702/1362 1660/2704/1364
f 1662/2706/1366 1659/2707/1367 1658/2702/1362
f 1664/2708/1368 1663/2709/1369 1662/2706/1366
f 1666/2710/1370 1662/2706/1366 1661/2705/1365
f 1624/2711/1371 1668/2712/1372 1622/2669/1329
f 1622/2669/1329 1669/2713/1373 1623/2667/1327
f 1668/2712/1372 1671/2714/1374 1669/2713/1373
f 1667/2715/1375 1670/2716/1376 1668/2712/1372
f 1672/2717/1377 1674/2718/1378 1670/2716/1376
f 1670/2716/1376 1675/2719/1379 1671/2714/1374
f 1674/2718/1378 1677/2720/1380 1675/2719/1379
f 1673/2721/1381 1676/2722/1382 1674/2718/1378
f 1639/2683/1343 1612/2658/1318 1596/2642/1302
f 1641/2684/1344 1646/2690/1350 1639/2683/1343
f 1631/2675/1335 1615/2723/1320 1621/2724/1326
f 1621/2724/1326 1636/2680/1340 1631/2675/1335
f 1633/2679/1339 1611/2692/1352 1648/2694/1354
f 1650/2698/1358 1633/2679/1339 1648/2694/1354
f 1619/2668/1328 1597/2681/1341 1624/2711/1371
f 1619/2668/1328 1642/2687/1347 1637/2685/1345
f 1594/2641/1301 1606/2652/1312 1590/2636/1296
f 1596/2642/1302 1607/2653/1313 1594/2641/1301
f 1657/2703/1363 1605/2655/1315 1609/2657/1317
f 1609/2657/1317 1635/2701/1361 1657/2703/1363
f 1655/2699/1359 1623/2725/1327 1669/2726/1373
f 1669/2726/1373 1660/2704/1364 1655/2699/1359
f 1667/2715/1375 1591/2639/1299 1672/2717/1377
f 1624/2711/1371 1592/2643/1303 1667/2715/1375
f 1630/2673/1333 1616/2727/1321 1615/2723/1320
f 1654/2728/1383 1627/2677/1337 1650/2698/1358
f 1645/2689/1349 1651/2695/1355 1641/2684/1344
f 1643/2729/1384 1618/2664/1324 1617/2662/1322
f 1599/2645/1305 1590/2636/1296 1606/2652/1312
f 1587/2634/1294 1598/2647/1307 1588/2635/1295
f 1663/2709/1369 1605/2655/1315 1659/2707/1367
f 1602/2651/1311 1665/2730/1385 1603/2649/1309
f 1661/2705/1365 1671/2731/1374 1675/2732/1379
f 1675/2732/1379 1666/2710/1370 1661/2705/1365
f 1591/2639/1299 1673/2721/1381 1672/2717/1377
f 1584/2637/1297 1678/2733/1386 1673/2721/1381
f 1680/2734/1387 1682/2735/1388 1679/2736/1389
f 1682/2737/1388 1684/2738/1390 1679/2736/1389
f 1683/2739/1391 1686/2740/1392 1684/2738/1390
f 1687/2741/1393 1681/2742/1394 1680/2734/1387
f 1689/2743/1395 1688/2744/1396 1687/2741/1393
f 1691/2745/1397 1693/2746/1398 1694/2747/1399
f 1686/2740/1392 1691/2745/1397 1694/2747/1399
f 1692/2748/1400 1696/2749/1401 1693/2746/1398
f 1696/2749/1401 1698/2750/1402 1697/2751/1403
f 1698/2750/1402 1700/2752/1404 1697/2751/1403
f 1699/2753/1405 1702/2754/1406 1700/2752/1404
f 1702/2754/1406 1690/2755/1407 1689/2743/1395
f 1688/2756/1396 1613/2659/1319 1681/2757/1394
f 1681/2757/1394 1616/2661/1321 1682/2758/1388
f 1629/2674/1334 1685/2759/1408 1683/2760/1391
f 1625/2672/1332 1691/2761/1397 1685/2759/1408
f 1644/2688/1348 1699/2762/1405 1645/2689/1349
f 1643/2729/1384 1701/2763/1409 1644/2688/1348
f 1695/2764/1410 1654/2728/1383 1653/2697/1357
f 1698/2765/1402 1653/2697/1357 1652/2696/1356
f 1629/2674/1334 1682/2766/1388 1616/2727/1321
f 1692/2767/1400 1628/2671/1331 1654/2728/1383
f 1699/2762/1405 1652/2696/1356 1645/2689/1349
f 1617/2662/1322 1690/2768/1407 1643/2729/1384
f 1696/2749/1401 1689/2743/1395 1693/2746/1398
f 1702/2754/1406 1697/2751/1403 1700/2752/1404
f 1693/2746/1398 1687/2741/1393 1694/2747/1399
f 1694/2747/1399 1680/2734/1387 1686/2740/1392
f 1680/2734/1387 1684/2738/1390 1686/2740/1392
f 1704/2769/237 1706/2770/161 1703/2771/1230
f 1706/2772/161 1707/2773/238 1708/2774/1241
f 1708/2774/1241 1709/2775/167 1710/2776/167
f 1710/2776/167 1711/2777/1411 1712/2778/1148
f 1712/2778/1148 1713/2779/168 1714/2780/252
f 1713/2779/168 1716/2781/1150 1714/2780/252
f 1715/2782/171 1718/2783/172 1716/2781/1150
f 1717/2784/212 1703/2771/1230 1718/2783/172
f 1719/2785/283 1720/2786/283 1721/2787/284
f 1721/2787/284 1720/2786/283 1722/2788/284
f 1722/2788/284 1720/2786/283 1723/2789/283
f 1723/2789/283 1720/2786/283 1724/2790/283
f 1724/2790/283 1720/2786/283 1725/2791/283
f 1725/2791/283 1720/2786/283 1726/2792/283
f 1726/2792/283 1720/2786/283 1727/2793/283
f 1727/2793/283 1720/2786/283 1719/2785/283
f 1704/2794/1154 1729/2795/1155 1705/2796/1155
f 1729/2795/1155 1707/2797/1157 1705/2796/1155
f 1730/2798/1233 1709/2799/1412 1707/2797/1157
f 1709/2799/1412 1732/2800/1161 1711/2801/1161
f 1711/2801/1161 1733/2802/1162 1713/2803/1162
f 1733/2802/1162 1715/2804/1163 1713/2803/1162
f 1734/2805/1163 1717/2806/1413 1715/2804/1163
f 1717/2806/1413 1728/2807/1234 1704/2794/1154
f 1736/2808/189 1729/2809/189 1728/2810/189
f 1729/2811/190 1738/2812/190 1730/2813/1223
f 1730/2813/192 1739/2814/192 1731/2815/192
f 1731/2815/249 1740/2816/249 1732/2817/249
f 1732/2817/196 1741/2818/196 1733/2819/196
f 1741/2818/198 1734/2820/198 1733/2819/198
f 1742/2821/1289 1735/2822/1289 1734/2820/1289
f 1743/2823/251 1728/2810/251 1735/2822/201
f 1736/2824/284 1745/2825/284 1737/2826/1170
f 1745/2825/284 1738/2827/284 1737/2826/1170
f 1746/2828/283 1739/2829/283 1738/2827/284
f 1739/2829/283 1748/2830/284 1740/2831/283
f 1740/2831/283 1749/2832/283 1741/2833/283
f 1749/2832/283 1742/2834/283 1741/2833/283
f 1750/2835/284 1743/2836/283 1742/2834/283
f 1743/2836/283 1744/2837/283 1736/2824/284
f 1744/2838/253 1721/2839/241 1745/2840/241
f 1721/2841/241 1746/2842/210 1745/2843/241
f 1722/2844/1174 1747/2845/212 1746/2842/210
f 1723/2846/172 1748/2847/1414 1747/2845/212
f 1724/2848/215 1749/2849/218 1748/2847/1414
f 1749/2849/218 1726/2850/1415 1750/2851/220
f 1750/2851/220 1727/2852/260 1751/2853/262
f 1751/2853/262 1719/2854/209 1744/2838/253
f 1753/2855/1416 1755/2856/1417 1752/2857/1418
f 1754/2858/1419 1757/2859/1420 1755/2856/1417
f 1758/2860/1421 1756/2861/1422 1754/2858/1419
f 1760/2862/1423 1754/2858/1419 1753/2855/1416
f 1761/2863/1424 1758/2860/1421 1760/2862/1423
f 1762/2864/1425 1759/2865/1426 1758/2860/1421
f 1764/2866/1427 1763/2867/1428 1762/2864/1425
f 1766/2868/1429 1762/2864/1425 1761/2863/1424
f 1767/2869/1019 1769/2870/1430 1770/2871/1431
f 1770/2871/1431 1771/2872/1017 1772/2873/1018
f 1769/2870/1430 1774/2874/1023 1771/2872/1017
f 1768/2875/1021 1773/2876/1432 1769/2870/1430
f 1775/2877/1025 1777/2878/1433 1773/2876/1432
f 1773/2876/1432 1778/2879/1024 1774/2874/1023
f 1777/2878/1433 1780/2880/1434 1778/2879/1024
f 1776/2881/1027 1779/2882/1435 1777/2878/1433
f 1783/2883/1436 1785/2884/1437 1782/2885/1438
f 1784/2886/1439 1787/2887/1058 1785/2884/1437
f 1788/2888/1440 1786/2889/1441 1784/2886/1439
f 1790/2890/1442 1784/2886/1439 1783/2883/1436
f 1791/2891/1443 1788/2888/1440 1790/2890/1442
f 1792/2892/1444 1789/2893/1445 1788/2888/1440
f 1794/2894/1446 1793/2895/1447 1792/2892/1444
f 1796/2896/1448 1792/2892/1444 1791/2891/1443
f 1797/2897/1047 1799/2898/1449 1800/2899/1044
f 1800/2899/1044 1801/2900/1450 1802/2901/1451
f 1799/2898/1449 1804/2902/1452 1801/2900/1450
f 1798/2903/1453 1803/2904/1454 1799/2898/1449
f 1805/2905/1053 1807/2906/1455 1803/2904/1454
f 1803/2904/1454 1808/2907/1052 1804/2902/1452
f 1807/2906/1455 1810/2908/1456 1808/2907/1052
f 1806/2909/1055 1809/2910/1457 1807/2906/1455
f 1812/2911/1458 1765/2912/1459 1764/2866/1427
f 1815/2913/1460 1813/2914/1461 1812/2911/1458
f 1817/2915/1462 1812/2911/1458 1814/2916/1463
f 1818/2917/1464 1815/2913/1460 1817/2915/1462
f 1819/2918/1465 1816/2919/1466 1815/2913/1460
f 1821/2920/1093 1820/2921/1467 1819/2918/1465
f 1823/2922/1468 1819/2918/1465 1818/2917/1464
f 1781/2923/1469 1825/2924/1470 1779/2882/1435
f 1779/2882/1435 1826/2925/1471 1780/2880/1434
f 1825/2924/1470 1828/2926/1076 1826/2925/1471
f 1824/2927/1472 1827/2928/1473 1825/2924/1470
f 1829/2929/1078 1831/2930/1474 1827/2928/1473
f 1827/2928/1473 1832/2931/1077 1828/2926/1076
f 1831/2930/1474 1834/2932/1475 1832/2931/1077
f 1830/2933/1080 1833/2934/1081 1831/2930/1474
f 1811/2935/1108 1837/2936/1476 1809/2910/1457
f 1809/2910/1457 1838/2937/1107 1810/2908/1456
f 1837/2936/1476 1840/2938/1112 1838/2937/1107
f 1836/2939/1110 1839/2940/1477 1837/2936/1476
f 1841/2941/1478 1843/2942/1479 1839/2940/1477
f 1839/2940/1477 1844/2943/1113 1840/2938/1112
f 1843/2942/1479 1846/2944/1118 1844/2943/1113
f 1842/2945/1116 1845/2946/1480 1843/2942/1479
f 1848/2947/1481 1794/2894/1446 1796/2896/1448
f 1849/2948/1482 1795/2949/1483 1794/2894/1446
f 1851/2950/1484 1850/2951/1485 1849/2948/1482
f 1853/2952/1486 1849/2948/1482 1848/2947/1481
f 1854/2953/1487 1851/2950/1484 1853/2952/1486
f 1855/2954/1488 1852/2955/1489 1851/2950/1484
f 1857/2956/1490 1856/2957/1491 1855/2954/1488
f 1859/2958/1492 1855/2954/1488 1854/2953/1487
f 1813/2959/1461 1781/2923/1469 1765/2960/1459
f 1816/2961/1466 1824/2927/1472 1813/2959/1461
f 1806/2909/1055 1789/2893/1445 1793/2895/1447
f 1793/2895/1447 1811/2935/1108 1806/2909/1055
f 1808/2907/1052 1780/2880/1434 1826/2925/1471
f 1826/2925/1471 1804/2902/1452 1808/2907/1052
f 1814/2916/1463 1790/2890/1442 1817/2915/1462
f 1766/2868/1429 1791/2891/1443 1814/2916/1463
f 1763/2962/1428 1775/2877/1025 1759/2963/1426
f 1765/2960/1459 1776/2881/1027 1763/2962/1428
f 1838/2937/1107 1774/2874/1023 1778/2879/1024
f 1778/2879/1024 1810/2908/1456 1838/2937/1107
f 1836/2939/1110 1795/2949/1483 1850/2951/1485
f 1850/2951/1485 1841/2941/1478 1836/2939/1110
f 1761/2863/1424 1796/2896/1448 1766/2868/1429
f 1760/2862/1423 1848/2947/1481 1761/2863/1424
f 1768/2875/1021 1759/2963/1426 1775/2877/1025
f 1756/2964/1422 1767/2869/1019 1757/2965/1420
f 1772/2873/1018 1844/2943/1113 1846/2944/1118
f 1771/2872/1017 1840/2938/1112 1844/2943/1113
f 1842/2945/1116 1852/2955/1489 1856/2957/1491
f 1856/2957/1491 1847/2966/1121 1842/2945/1116
f 1753/2855/1416 1853/2952/1486 1760/2862/1423
f 1752/2857/1418 1854/2953/1487 1753/2855/1416
f 1805/2905/1053 1786/2889/1441 1789/2893/1445
f 1798/2903/1453 1787/2887/1058 1786/2889/1441
f 1801/2900/1450 1828/2926/1076 1832/2931/1077
f 1832/2931/1077 1802/2901/1451 1801/2900/1450
f 1820/2967/1467 1829/2929/1078 1816/2961/1466
f 1822/2968/1094 1830/2933/1080 1820/2967/1467
f 1818/2917/1464 1782/2885/1438 1823/2922/1468
f 1783/2883/1436 1817/2915/1462 1790/2890/1442
f 1861/2969/1493 1863/2970/1494 1860/2971/1495
f 1863/2970/1494 1865/2972/1496 1860/2971/1495
f 1864/2973/1497 1867/2974/1498 1865/2972/1496
f 1869/2975/1499 1871/2976/1500 1868/2977/1501
f 1872/2978/1502 1868/2977/1501 1871/2976/1500
f 1872/2978/1502 1866/2979/1503 1873/2980/1504
f 1875/2981/1505 1877/2982/1506 1874/2983/1507
f 1877/2982/1506 1879/2984/1508 1874/2983/1507
f 1862/2985/1509 1876/2986/1510 1875/2981/1505
f 1880/2987/1511 1878/2988/1512 1881/2989/1513
f 1882/2990/1514 1880/2987/1511 1881/2989/1513
f 1870/2991/1515 1883/2992/1516 1882/2990/1514
f 1864/2993/1497 1757/2965/1420 1767/2869/1019
f 1846/2944/1118 1873/2994/1504 1772/2873/1018
f 1875/2995/1505 1859/2958/1492 1752/2857/1418
f 1858/2996/1517 1883/2997/1516 1847/2966/1121
f 1862/2998/1509 1752/2857/1418 1755/2856/1417
f 1863/2999/1494 1755/2856/1417 1757/2859/1420
f 1770/2871/1431 1864/2993/1497 1767/2869/1019
f 1772/2873/1018 1866/3000/1503 1770/2871/1431
f 1845/2946/1480 1868/3001/1501 1846/2944/1118
f 1847/2966/1121 1869/3002/1499 1845/2946/1480
f 1879/3003/1508 1858/2996/1517 1857/2956/1490
f 1874/3004/1507 1857/2956/1490 1859/2958/1492
f 1871/2976/1500 1876/2986/1510 1872/2978/1502
f 1861/2969/1493 1872/2978/1502 1876/2986/1510
f 1860/2971/1495 1867/2974/1498 1861/2969/1493
f 1877/2982/1506 1870/2991/1515 1878/2988/1512
f 1878/2988/1512 1882/2990/1514 1881/2989/1513
f 1884/3005/237 1886/3006/161 1887/3007/160
f 1888/3008/238 1886/3006/161 1885/3009/161
f 1890/3010/262 1889/3011/165 1888/3008/238
f 1892/3012/166 1891/3013/219 1890/3014/262
f 1894/3015/168 1893/3016/169 1892/3012/166
f 1894/3015/168 1897/3017/1150 1895/3018/168
f 1896/3019/171 1899/3020/213 1897/3017/1150
f 1898/3021/212 1887/3007/160 1899/3020/213
f 1900/3022/176 1901/3023/176 1902/3024/175
f 1901/3023/176 1903/3025/175 1902/3024/175
f 1903/3025/175 1904/3026/175 1902/3024/175
f 1904/3026/175 1905/3027/175 1902/3024/175
f 1905/3027/175 1906/3028/175 1902/3024/175
f 1906/3028/175 1907/3029/175 1902/3024/175
f 1907/3029/175 1908/3030/175 1902/3024/175
f 1908/3030/175 1900/3022/176 1902/3024/175
f 1887/3031/177 1909/3032/178 1910/3033/1285
f 1889/3034/179 1909/3032/178 1886/3035/178
f 1891/3036/181 1911/3037/1518 1889/3034/179
f 1891/3036/181 1913/3038/1519 1912/3039/181
f 1893/3040/184 1914/3041/185 1913/3038/1519
f 1897/3042/186 1914/3041/185 1895/3043/185
f 1899/3044/187 1915/3045/1221 1897/3042/186
f 1899/3044/187 1910/3033/1285 1916/3046/187
f 1910/3047/1246 1917/3048/1246 1918/3049/189
f 1911/3050/1520 1917/3048/1520 1909/3051/1520
f 1912/3052/193 1919/3053/1168 1911/3050/1168
f 1913/3054/249 1920/3055/249 1912/3056/249
f 1914/3057/196 1921/3058/196 1913/3054/196
f 1914/3057/198 1923/3059/198 1922/3060/199
f 1915/3061/200 1924/3062/200 1923/3059/200
f 1916/3063/251 1918/3049/251 1924/3062/1224
f 1918/3064/175 1925/3065/175 1926/3066/176
f 1919/3067/175 1925/3065/175 1917/3068/175
f 1920/3069/175 1927/3070/176 1919/3067/175
f 1920/3069/175 1929/3071/175 1928/3072/175
f 1921/3073/175 1930/3074/176 1929/3071/175
f 1923/3075/175 1930/3074/176 1922/3076/176
f 1924/3077/175 1931/3078/175 1923/3075/175
f 1924/3077/175 1926/3066/176 1932/3079/175
f 1925/3080/252 1900/3081/208 1926/3082/253
f 1925/3080/252 1903/3083/210 1901/3084/1521
f 1927/3085/1290 1904/3086/212 1903/3083/210
f 1928/3087/213 1905/3088/1226 1904/3089/212
f 1929/3090/1175 1906/3091/216 1905/3088/1226
f 1931/3092/217 1906/3091/216 1930/3093/161
f 1932/3094/167 1907/3095/258 1931/3092/217
f 1926/3082/253 1908/3096/262 1932/3094/167
f 1933/3097/1522 1935/3098/1523 1936/3099/1524
f 1934/3100/1525 1938/3101/1526 1935/3098/1523
f 1935/3098/1523 1939/3102/1527 1940/3103/1528
f 1936/3099/1524 1940/3103/1528 1941/3104/1529
f 1941/3104/1529 1942/3105/1530 1943/3106/1531
f 1940/3103/1528 1944/3107/1532 1942/3105/1530
f 1942/3105/1530 1945/3108/1533 1946/3109/1534
f 1943/3106/1531 1946/3109/1534 1947/3110/1535
f 1949/3111/1293 1951/3112/1294 1948/3113/1295
f 1952/3114/1291 1950/3115/1536 1949/3111/1293
f 1953/3116/1297 1955/3117/1537 1950/3115/1536
f 1950/3115/1536 1956/3118/1538 1951/3112/1294
f 1955/3117/1537 1958/3119/1539 1956/3118/1538
f 1954/3120/1299 1957/3121/1540 1955/3117/1537
f 1959/3122/1303 1961/3123/1541 1957/3121/1540
f 1957/3121/1540 1962/3124/1302 1958/3119/1539
f 1963/3125/1542 1965/3126/1543 1966/3127/1544
f 1967/3128/1545 1966/3127/1544 1968/3129/1546
f 1968/3129/1546 1969/3130/1547 1970/3131/1548
f 1966/3127/1544 1971/3132/1549 1969/3130/1547
f 1969/3130/1547 1972/3133/1550 1973/3134/1551
f 1970/3131/1548 1973/3134/1551 1974/3135/1552
f 1976/3136/1553 1978/3137/1554 1975/3138/1555
f 1975/3138/1555 1980/3139/1320 1979/3140/1321
f 1978/3137/1554 1982/3141/1326 1980/3139/1320
f 1977/3142/1324 1981/3143/1556 1978/3137/1554
f 1983/3144/1328 1985/3145/1557 1981/3143/1556
f 1981/3143/1556 1986/3146/1327 1982/3141/1326
f 1947/3110/1535 1987/3147/1558 1988/3148/1559
f 1946/3109/1534 1989/3149/1560 1987/3147/1558
f 1987/3147/1558 1990/3150/1561 1991/3151/1562
f 1988/3148/1559 1991/3151/1562 1992/3152/1563
f 1992/3152/1563 1993/3153/1564 1994/3154/1565
f 1991/3151/1562 1995/3155/1566 1993/3153/1564
f 1961/3123/1541 1997/3156/1343 1962/3124/1302
f 1960/3157/1341 1996/3158/1567 1961/3123/1541
f 1998/3159/1568 2000/3160/1569 1996/3158/1567
f 1996/3158/1567 2001/3161/1570 1997/3156/1343
f 2000/3160/1569 2003/3162/1571 2001/3161/1570
f 1999/3163/1347 2002/3164/1572 2000/3160/1569
f 1985/3145/1557 2006/3165/1373 1986/3146/1327
f 1984/3166/1573 2005/3167/1574 1985/3145/1557
f 2007/3168/1375 2009/3169/1575 2005/3167/1574
f 2005/3167/1574 2010/3170/1374 2006/3165/1373
f 2009/3169/1575 2012/3171/1379 2010/3170/1374
f 2008/3172/1377 2011/3173/1576 2009/3169/1575
f 2013/3174/1381 2015/3175/1577 2011/3173/1576
f 2011/3173/1576 2016/3176/1380 2012/3171/1379
f 1974/3135/1552 2017/3177/1578 2018/3178/1579
f 1973/3134/1551 2019/3179/1580 2017/3177/1578
f 2017/3177/1578 2020/3180/1581 2021/3181/1582
f 2018/3178/1579 2021/3181/1582 2022/3182/1583
f 2022/3182/1583 2023/3183/1584 2024/3184/1585
f 2021/3181/1582 2025/3185/1586 2023/3183/1584
f 2023/3183/1584 2026/3186/1370 2027/3187/1587
f 2024/3184/1585 2027/3187/1587 2028/3188/1385
f 1945/3108/1533 1997/3156/1343 1989/3149/1560
f 1989/3149/1560 2001/3161/1570 1990/3150/1561
f 1971/3189/1549 1980/3139/1320 1982/3141/1326
f 1982/3141/1326 1972/3190/1550 1971/3189/1549
f 1960/3157/1341 1983/3144/1328 1998/3159/1568
f 1983/3144/1328 1999/3163/1347 1998/3159/1568
f 1970/3131/1548 1947/3110/1535 1988/3148/1559
f 1970/3131/1548 1992/3152/1563 1968/3129/1546
f 1939/3102/1527 1958/3119/1539 1944/3107/1532
f 1944/3107/1532 1962/3124/1302 1945/3108/1533
f 1954/3120/1299 2007/3168/1375 1959/3122/1303
f 1959/3122/1303 1984/3166/1573 1960/3157/1341
f 2019/3191/1580 1986/3146/1327 2006/3165/1373
f 2006/3165/1373 2020/3192/1581 2019/3191/1580
f 2018/3178/1579 1941/3104/1529 1943/3106/1531
f 1943/3106/1531 1974/3135/1552 2018/3178/1579
f 1965/3193/1543 1979/3140/1321 1980/3139/1320
f 2004/3194/1384 1977/3142/1324 1976/3136/1553
f 1990/3150/1561 2003/3162/1571 1995/3155/1566
f 1968/3129/1546 1994/3154/1565 1967/3128/1545
f 1956/3118/1538 1938/3101/1526 1951/3112/1294
f 1937/3195/1588 1951/3112/1294 1938/3101/1526
f 1954/3120/1299 2013/3174/1381 2008/3172/1377
f 1953/3116/1297 2014/3196/1386 2013/3174/1381
f 2025/3197/1586 2010/3170/1374 2012/3171/1379
f 2012/3171/1379 2026/3198/1370 2025/3197/1586
f 1941/3104/1529 2024/3184/1585 1936/3099/1524
f 2028/3188/1385 1936/3099/1524 2024/3184/1585
f 2030/3199/1589 2032/3200/1590 2029/3201/1591
f 2029/3201/1591 2034/3202/1592 2030/3203/1589
f 2034/3202/1592 2035/3204/1593 2036/3205/1594
f 2032/3200/1590 2037/3206/1595 2038/3207/1596
f 2037/3206/1595 2040/3208/1597 2038/3207/1596
f 2041/3209/1598 2043/3210/1599 2044/3211/1600
f 2042/3212/1601 2036/3205/1594 2035/3204/1593
f 2044/3211/1600 2045/3213/1602 2046/3214/1603
f 2048/3215/1604 2045/3213/1602 2047/3216/1605
f 2047/3216/1605 2050/3217/1606 2048/3215/1604
f 2050/3217/1606 2051/3218/1607 2052/3219/1608
f 2039/3220/1609 2051/3218/1607 2040/3208/1597
f 2037/3221/1595 1963/3125/1542 1967/3128/1545
f 2031/3222/1610 1964/3223/1611 1963/3125/1542
f 2036/3224/1594 1979/3140/1321 2034/3225/1592
f 2041/3226/1598 1975/3138/1555 2036/3224/1594
f 1993/3153/1564 2050/3227/1606 2052/3228/1608
f 1994/3154/1565 2052/3228/1608 2039/3229/1609
f 2004/3194/1384 2046/3230/1603 2002/3164/1572
f 2002/3164/1572 2048/3231/1604 2003/3162/1571
f 1964/3232/1611 2034/3225/1592 1979/3140/1321
f 1976/3136/1553 2044/3233/1600 2004/3194/1384
f 1995/3155/1566 2048/3231/1604 2050/3227/1606
f 1967/3128/1545 2039/3229/1609 2037/3221/1595
f 2043/3210/1599 2051/3218/1607 2045/3213/1602
f 2047/3216/1605 2051/3218/1607 2049/3234/1612
f 2042/3212/1601 2040/3208/1597 2043/3210/1599
f 2035/3204/1593 2038/3207/1596 2042/3212/1601
f 2032/3200/1590 2033/3235/1613 2029/3201/1591
f 1814/2916/1463 1764/2866/1427 1766/2868/1429
f 1063/1724/1073 1015/3236/1119 1065/1725/1074
f 838/3237/1614 836/3238/1615 842/3239/1616
f 774/3240/1614 772/3241/1615 778/3242/1617
f 766/3243/1618 764/3244/1619 770/3245/1620
f 830/3246/1621 828/3247/1619 834/3248/1620
f 2/1/1 3/8/8 4/2/2
f 5/4/4 6/6/6 1/3/3
f 7/5/5 8/16/16 6/6/6
f 2/1/1 9/9/9 10/7/7
f 9/9/9 11/11/11 12/10/10
f 11/11/11 13/13/13 14/12/12
f 13/13/13 15/15/15 16/14/14
f 7/5/5 16/14/14 15/15/15
f 1/3/3 11/11/11 9/9/9
f 18/17/17 19/24/24 20/18/18
f 21/20/20 22/22/22 17/19/19
f 21/20/20 23/25/25 24/21/21
f 25/23/23 26/28/28 19/24/24
f 23/25/25 27/31/31 28/26/26
f 29/27/27 30/30/30 26/28/28
f 31/29/29 32/32/32 30/30/30
f 31/29/29 28/26/26 27/31/31
f 18/17/17 17/19/19 22/22/22
f 3/33/8 10/46/7 21/34/20
f 32/36/32 16/50/14 7/37/5
f 12/39/10 14/49/12 27/40/31
f 4/42/2 19/45/24 26/43/28
f 19/45/24 4/42/2 3/33/8
f 10/46/7 12/39/10 23/41/25
f 5/44/4 26/43/28 30/47/30
f 32/36/32 27/40/31 14/49/12
f 28/26/26 31/29/29 29/27/27
f 25/23/23 18/17/17 24/21/21
f 8/16/16 15/15/15 13/13/13
f 6/6/6 13/13/13 11/11/11
f 34/51/33 35/57/39 36/52/34
f 33/53/35 37/55/37 38/54/36
f 37/55/37 39/65/47 40/56/38
f 35/57/39 41/3249/63 42/58/40
f 42/58/40 41/3249/63 43/59/41
f 44/60/42 43/59/41 45/61/43
f 46/62/44 45/61/43 47/63/45
f 39/65/47 48/64/46 47/63/45
f 36/52/34 42/58/40 44/60/42
f 50/66/48 51/73/55 52/67/49
f 50/66/48 49/68/50 53/69/51
f 54/70/52 53/69/51 55/71/53
f 51/73/55 57/77/59 58/74/56
f 56/72/54 55/71/53 59/75/57
f 57/77/59 61/3250/64 62/78/60
f 62/78/60 61/3250/64 63/79/61
f 64/80/62 63/79/61 60/76/58
f 55/71/53 53/69/51 49/68/50
f 50/81/48 54/95/52 41/82/63
f 61/84/64 40/3251/38 47/85/45
f 43/87/41 56/94/54 60/88/58
f 57/90/59 51/93/55 34/91/33
f 51/93/55 50/81/48 35/83/39
f 56/94/54 43/87/41 41/82/63
f 38/92/36 40/3252/38 61/96/64
f 45/89/43 60/88/58 63/86/61
f 58/74/56 62/78/60 64/80/62
f 59/75/57 55/71/53 52/67/49
f 37/55/37 46/62/44 48/64/46
f 33/53/35 44/60/42 46/62/44
f 66/97/65 67/104/72 68/98/66
f 69/100/68 70/102/70 65/99/67
f 71/101/69 72/112/80 70/102/70
f 66/97/65 73/105/73 74/103/71
f 73/105/73 75/107/75 76/106/74
f 75/107/75 77/109/77 78/108/76
f 77/109/77 79/111/79 80/110/78
f 71/101/69 80/110/78 79/111/79
f 65/99/67 75/107/75 73/105/73
f 82/113/81 83/120/88 84/114/82
f 85/116/84 86/118/86 81/115/83
f 85/116/84 87/121/89 88/117/85
f 89/119/87 90/124/92 83/120/88
f 87/121/89 91/127/95 92/122/90
f 93/123/91 94/126/94 90/124/92
f 95/125/93 96/128/96 94/126/94
f 95/125/93 92/122/90 91/127/95
f 82/113/81 81/115/83 86/118/86
f 67/129/72 74/142/71 85/130/84
f 96/132/96 80/3253/78 71/133/69
f 76/135/74 78/144/76 91/136/95
f 68/138/66 83/141/88 90/139/92
f 83/141/88 68/138/66 67/129/72
f 74/142/71 76/135/74 87/137/89
f 69/140/68 90/139/92 94/134/94
f 96/143/96 91/136/95 78/144/76
f 92/122/90 95/125/93 93/123/91
f 89/119/87 82/113/81 88/117/85
f 72/112/80 79/111/79 77/109/77
f 70/102/70 77/109/77 75/107/75
f 98/146/97 99/152/103 100/147/98
f 97/148/99 101/150/101 102/149/100
f 101/150/101 103/160/111 104/151/102
f 99/152/103 105/3254/127 106/153/104
f 106/153/104 105/3254/127 107/154/105
f 108/155/106 107/154/105 109/156/107
f 110/157/108 109/156/107 111/158/109
f 103/160/111 112/159/110 111/158/109
f 100/147/98 106/153/104 108/155/106
f 114/161/112 115/168/119 116/162/113
f 114/161/112 113/163/114 117/164/115
f 118/165/116 117/164/115 119/166/117
f 115/168/119 121/172/123 122/169/120
f 120/167/118 119/166/117 123/170/121
f 121/172/123 125/3255/128 126/173/124
f 126/173/124 125/3255/128 127/174/125
f 128/175/126 127/174/125 124/171/122
f 119/166/117 117/164/115 113/163/114
f 114/176/112 118/190/116 105/177/127
f 125/179/128 104/3256/102 111/180/109
f 107/182/105 120/189/118 124/183/122
f 121/185/123 115/188/119 98/186/97
f 115/188/119 114/176/112 99/178/103
f 120/189/118 107/182/105 105/177/127
f 102/187/100 104/3256/102 125/179/128
f 109/184/107 124/183/122 127/191/125
f 122/169/120 126/173/124 128/175/126
f 123/170/121 119/166/117 116/162/113
f 101/150/101 110/157/108 112/159/110
f 97/148/99 108/155/106 110/157/108
f 129/193/129 130/205/141 131/194/130
f 133/196/132 134/206/142 135/197/133
f 138/199/135 139/209/143 140/200/136
f 142/202/138 143/3257/1622 144/203/139
f 144/203/139 143/3257/1622 130/205/141
f 132/195/131 131/194/130 134/206/142
f 137/201/137 136/3258/134 135/207/133
f 141/208/140 140/200/136 139/209/143
f 146/211/144 147/3259/157 148/212/145
f 149/214/147 150/225/158 151/215/148
f 153/217/150 154/226/159 155/218/151
f 158/220/153 159/223/156 160/221/154
f 145/213/146 160/221/154 159/223/156
f 149/214/147 148/3260/145 147/224/157
f 152/216/149 151/215/148 154/226/159
f 156/219/152 155/218/151 158/220/153
f 161/227/160 162/231/161 163/228/161
f 165/230/163 166/233/165 163/228/161
f 167/232/164 168/3261/167 166/233/165
f 169/234/166 170/238/169 168/235/167
f 171/237/168 172/240/168 170/238/169
f 171/237/168 173/241/171 174/239/170
f 173/241/171 175/243/173 176/242/172
f 175/243/173 161/227/160 164/229/162
f 164/253/177 163/257/180 186/254/178
f 166/256/179 188/259/179 186/254/178
f 168/258/181 189/261/183 188/259/179
f 168/258/181 170/262/184 190/260/182
f 170/262/184 172/265/185 191/263/185
f 174/264/186 192/267/186 191/263/185
f 176/266/187 193/268/188 192/267/186
f 176/266/187 164/253/177 187/255/177
f 187/269/189 186/273/248 194/270/189
f 188/272/190 196/275/1223 194/270/190
f 189/274/192 197/3262/192 196/275/192
f 190/276/194 198/280/249 197/277/195
f 191/279/196 199/282/196 198/280/196
f 191/279/198 192/283/199 200/281/199
f 192/283/200 193/285/1289 201/284/200
f 193/285/201 187/269/251 195/271/201
f 195/286/202 194/290/175 202/287/175
f 196/289/203 204/292/204 202/287/175
f 197/291/203 205/294/176 204/292/204
f 197/291/203 198/295/206 206/293/205
f 198/295/206 199/298/175 207/296/175
f 200/297/207 208/300/176 207/296/175
f 201/299/174 209/301/175 208/300/176
f 201/299/174 195/286/202 203/288/202
f 202/302/168 178/306/168 177/303/208
f 202/302/168 204/307/211 180/305/210
f 204/307/211 205/3263/213 181/308/212
f 205/309/213 206/312/215 182/310/214
f 206/312/215 207/315/218 183/313/216
f 208/314/217 184/317/220 183/313/216
f 209/316/219 185/318/167 184/317/220
f 203/304/209 177/303/208 185/318/167
f 210/319/221 211/332/234 212/320/222
f 214/322/224 215/333/235 216/323/225
f 219/325/227 220/335/236 221/326/228
f 223/328/230 224/331/233 225/329/231
f 210/319/221 225/329/231 224/331/233
f 213/321/223 212/320/222 215/333/235
f 217/324/226 216/323/225 219/325/227
f 222/334/232 221/326/228 220/335/236
f 226/337/237 227/341/161 228/338/161
f 230/340/238 231/343/239 228/338/161
f 232/342/167 233/3264/219 231/343/239
f 234/344/240 235/348/169 233/345/219
f 236/347/241 237/350/241 235/348/169
f 236/347/241 238/351/242 239/349/170
f 238/351/242 240/353/212 241/352/243
f 240/353/212 226/337/237 229/339/162
f 229/363/177 228/367/178 251/364/178
f 231/366/244 253/369/179 251/364/178
f 233/368/245 254/371/246 253/369/179
f 233/368/245 235/372/247 255/370/182
f 235/372/247 237/375/185 256/373/185
f 239/374/186 257/377/186 256/373/185
f 241/376/187 258/378/187 257/377/186
f 241/376/187 229/363/177 252/365/177
f 252/379/248 251/383/248 259/380/248
f 253/382/191 261/385/190 259/380/191
f 254/384/192 262/3265/192 261/385/192
f 255/386/249 263/390/249 262/387/249
f 256/389/196 264/392/196 263/390/196
f 256/389/198 257/393/198 265/391/198
f 257/393/200 258/395/200 266/394/200
f 258/395/251 252/379/1224 260/381/251
f 260/396/175 259/400/175 267/397/175
f 261/399/175 269/402/175 267/397/175
f 262/401/175 270/404/176 269/402/175
f 262/401/175 263/405/203 271/403/203
f 263/405/203 264/408/205 272/406/205
f 265/407/207 273/410/174 272/406/205
f 266/409/175 274/411/175 273/410/174
f 266/409/175 260/396/175 268/398/175
f 267/412/252 243/416/168 242/413/253
f 267/412/252 269/417/256 245/415/255
f 269/417/256 270/3266/243 246/418/212
f 270/419/243 271/422/257 247/420/214
f 271/422/257 272/425/259 248/423/218
f 273/424/258 249/427/261 248/423/218
f 274/426/260 250/428/262 249/427/261
f 268/414/254 242/413/253 250/428/262
f 275/429/263 276/465/264 277/430/264
f 280/432/266 281/456/266 282/433/266
f 283/435/267 279/461/267 284/436/268
f 283/438/269 286/462/269 287/439/269
f 287/439/270 288/463/270 289/440/271
f 286/442/272 275/3267/272 278/443/272
f 282/445/273 291/3268/273 292/446/274
f 291/448/275 281/456/275 290/441/276
f 289/450/277 277/460/277 276/451/277
f 285/453/279 275/3269/280 286/454/280
f 280/432/281 287/439/281 290/441/281
f 294/457/282 276/3270/282 292/458/282
f 288/444/283 278/443/283 277/460/283
f 293/447/175 284/436/175 279/461/175
f 285/464/264 292/466/264 276/465/264
f 292/466/264 285/464/264 284/467/263
f 295/469/289 296/505/289 297/470/290
f 300/472/292 301/496/293 302/473/293
f 303/475/294 299/501/294 304/476/295
f 303/478/195 306/502/296 307/479/296
f 307/479/297 308/503/297 309/480/298
f 306/482/299 295/3271/1623 298/483/300
f 302/485/301 311/3272/1624 312/486/302
f 311/488/303 301/496/303 310/481/304
f 309/490/305 297/500/306 296/491/306
f 305/493/307 295/3273/307 306/494/307
f 300/472/308 307/479/309 310/481/309
f 314/497/310 296/3274/310 312/498/310
f 308/484/283 298/483/283 297/500/283
f 313/487/175 304/476/175 299/501/175
f 305/504/290 312/506/290 296/505/289
f 312/506/290 305/504/290 304/507/290
f 315/509/316 316/545/316 317/510/316
f 320/512/318 321/536/319 322/513/319
f 323/515/320 319/541/320 324/516/321
f 323/518/322 326/542/323 327/519/323
f 327/519/324 328/543/324 329/520/324
f 326/522/326 315/3275/326 318/523/326
f 322/525/327 331/3276/327 332/526/327
f 331/528/328 321/536/328 330/521/328
f 329/530/329 317/540/329 316/531/329
f 325/533/330 315/3277/330 326/534/330
f 320/512/331 327/519/331 330/521/331
f 334/537/332 316/3278/332 332/538/332
f 328/524/283 318/523/283 317/540/283
f 333/527/175 324/516/175 319/541/175
f 325/544/316 332/546/337 316/545/316
f 332/546/337 325/544/316 324/547/338
f 335/549/339 336/585/339 337/550/340
f 340/552/342 341/576/1625 342/553/343
f 343/555/344 339/581/344 344/556/344
f 343/558/346 346/582/346 347/559/346
f 347/559/347 348/583/347 349/560/347
f 346/562/348 335/3279/348 338/563/348
f 342/565/349 351/3280/1626 352/566/349
f 351/568/350 341/576/350 350/561/351
f 349/570/352 337/580/352 336/571/352
f 345/573/353 335/3281/354 346/574/354
f 340/552/355 347/559/355 350/561/355
f 354/577/356 336/3282/356 352/578/357
f 348/564/283 338/563/283 337/580/283
f 353/567/175 344/556/175 339/581/175
f 345/584/339 352/586/341 336/585/339
f 352/586/341 345/584/339 344/587/339
f 355/589/363 356/625/363 357/590/363
f 360/592/365 361/616/366 362/593/366
f 363/595/367 359/621/1627 364/596/367
f 363/598/368 366/622/368 367/599/368
f 367/599/369 368/623/369 369/600/370
f 366/602/371 355/3283/372 358/603/372
f 362/605/374 371/3284/374 372/606/374
f 371/608/376 361/616/376 370/601/377
f 369/610/378 357/620/378 356/611/378
f 365/613/379 355/3285/379 366/614/379
f 360/592/380 367/599/380 370/601/380
f 374/617/381 356/3286/381 372/618/381
f 368/604/283 358/603/283 357/620/283
f 373/607/175 364/596/175 359/621/175
f 365/624/363 372/626/363 356/625/363
f 372/626/363 365/624/363 364/627/386
f 375/629/387 376/665/387 377/630/387
f 380/632/388 381/656/1628 382/633/388
f 383/635/389 379/661/389 384/636/389
f 383/638/390 386/662/391 387/639/391
f 387/639/392 388/663/392 389/640/393
f 386/642/394 375/3287/395 378/643/395
f 382/645/396 391/3288/396 392/646/397
f 391/648/398 381/656/398 390/641/399
f 389/650/400 377/660/400 376/651/400
f 385/653/401 375/3289/401 386/654/401
f 380/632/402 387/639/402 390/641/402
f 394/657/403 376/3290/403 392/658/403
f 388/644/283 378/643/283 377/660/283
f 393/647/175 384/636/175 379/661/175
f 385/664/387 392/666/387 376/665/387
f 392/666/387 385/664/387 384/667/387
f 395/669/408 396/705/433 397/670/409
f 400/672/411 401/696/411 402/673/411
f 403/675/412 399/701/412 404/676/413
f 403/678/414 406/702/415 407/679/415
f 407/679/416 408/703/416 409/680/416
f 406/682/417 395/3291/1629 398/683/417
f 402/685/418 411/3292/418 412/686/419
f 411/688/421 401/696/421 410/681/422
f 409/690/423 397/700/424 396/691/424
f 405/693/425 395/3293/425 406/694/425
f 400/672/426 407/679/427 410/681/427
f 414/697/428 396/3294/428 412/698/428
f 408/684/283 398/683/283 397/700/283
f 413/687/175 404/676/175 399/701/175
f 405/704/408 412/706/434 396/705/433
f 412/706/434 405/704/408 404/707/434
f 415/709/436 416/745/436 417/710/437
f 420/712/438 421/736/439 422/713/439
f 423/715/440 419/741/440 424/716/441
f 423/718/442 426/742/443 427/719/443
f 427/719/444 428/743/444 429/720/445
f 426/722/446 415/3295/447 418/723/447
f 422/725/448 431/3296/448 432/726/449
f 431/728/450 421/736/450 430/721/451
f 429/730/452 417/740/453 416/731/453
f 425/733/454 415/3297/454 426/734/454
f 420/712/455 427/719/455 430/721/455
f 434/737/456 416/3298/456 432/738/456
f 428/724/283 418/723/283 417/740/283
f 433/727/175 424/716/175 419/741/175
f 425/744/436 432/746/436 416/745/436
f 432/746/436 425/744/436 424/747/461
f 435/749/463 436/785/464 437/750/464
f 439/752/465 440/760/465 441/753/466
f 439/755/467 444/781/467 445/756/467
f 443/758/468 446/782/468 447/759/468
f 447/759/469 448/783/469 449/761/469
f 448/763/470 446/3299/470 435/764/470
f 451/766/471 452/3300/472 453/767/472
f 441/753/473 450/762/473 454/769/473
f 454/771/474 449/780/474 437/772/474
f 443/774/476 445/3301/476 435/775/476
f 440/760/477 447/759/477 450/762/477
f 451/777/478 454/3302/479 436/778/479
f 438/765/283 437/772/283 449/780/283
f 442/768/175 453/767/175 444/781/175
f 445/784/464 452/786/463 436/785/464
f 452/786/463 445/784/464 444/787/464
f 455/789/485 456/825/485 457/790/485
f 459/792/487 460/800/487 461/793/488
f 463/795/490 459/821/490 464/796/491
f 463/798/492 466/822/493 467/799/493
f 467/799/494 468/823/494 469/801/495
f 466/803/496 455/3303/496 458/804/496
f 462/806/497 471/3304/497 472/807/497
f 461/793/498 470/802/498 474/809/498
f 469/811/499 457/820/500 456/812/500
f 465/814/501 455/3305/501 466/815/501
f 460/800/502 467/799/502 470/802/502
f 474/817/503 456/3306/503 472/818/503
f 468/805/283 458/804/283 457/820/283
f 473/808/175 464/796/175 459/821/175
f 465/824/508 472/826/485 456/825/485
f 472/826/485 465/824/508 464/827/509
f 475/829/510 476/865/510 477/830/510
f 479/832/512 480/840/1630 481/833/513
f 483/835/514 479/861/514 484/836/514
f 483/838/516 486/862/516 487/839/516
f 487/839/517 488/863/517 489/841/518
f 486/843/519 475/3307/519 478/844/519
f 482/846/520 491/3308/520 492/847/520
f 481/833/521 490/842/522 494/849/522
f 489/851/523 477/860/523 476/852/523
f 485/854/524 475/3309/524 486/855/524
f 480/840/525 487/839/525 490/842/525
f 494/857/526 476/3310/526 492/858/526
f 488/845/283 478/844/283 477/860/283
f 493/848/175 484/836/175 479/861/175
f 485/864/510 492/866/510 476/865/510
f 492/866/510 485/864/510 484/867/531
f 495/869/532 496/905/532 497/870/533
f 499/872/534 500/880/534 501/873/535
f 503/875/536 499/901/536 504/876/536
f 503/878/537 506/902/537 507/879/537
f 507/879/538 508/903/538 509/881/539
f 506/883/540 495/3311/540 498/884/540
f 502/886/541 511/3312/541 512/887/541
f 501/873/542 510/882/542 514/889/542
f 509/891/543 497/900/543 496/892/543
f 505/894/544 495/3313/544 506/895/544
f 500/880/545 507/879/545 510/882/545
f 514/897/546 496/3314/546 512/898/546
f 508/885/283 498/884/283 497/900/283
f 513/888/175 504/876/175 499/901/175
f 505/904/532 512/906/532 496/905/532
f 512/906/532 505/904/532 504/907/532
f 515/909/551 516/945/571 517/910/552
f 519/912/553 520/920/553 521/913/554
f 519/915/555 524/941/556 525/916/556
f 523/918/557 526/942/557 527/919/557
f 528/921/558 529/943/559 530/922/559
f 528/923/560 526/3315/560 515/924/560
f 531/926/561 532/3316/561 533/927/561
f 521/913/562 530/922/562 534/929/562
f 534/931/563 529/940/563 517/932/563
f 523/934/564 525/3317/564 515/935/564
f 520/920/565 527/919/565 530/922/565
f 531/937/566 534/3318/566 516/938/566
f 518/925/283 517/932/283 529/940/283
f 522/928/175 533/927/175 524/941/175
f 525/944/551 532/946/551 516/945/571
f 532/946/551 525/944/551 524/947/572
f 535/949/573 536/985/573 537/950/573
f 539/952/575 540/960/575 541/953/576
f 539/955/577 544/981/578 545/956/578
f 543/958/579 546/982/579 547/959/579
f 548/961/580 549/983/580 550/962/580
f 548/963/581 546/3319/581 535/964/581
f 551/966/582 552/3320/583 553/967/583
f 541/953/584 550/962/584 554/969/584
f 554/971/585 549/980/1631 537/972/586
f 543/974/587 545/3321/587 535/975/587
f 540/960/588 547/959/588 550/962/588
f 551/977/589 554/3322/590 536/978/590
f 538/965/283 537/972/283 549/980/283
f 542/968/175 553/967/175 544/981/175
f 545/984/573 552/986/573 536/985/573
f 552/986/573 545/984/573 544/987/595
f 555/989/596 556/1025/596 557/990/596
f 559/992/597 560/1000/597 561/993/598
f 559/995/599 564/1021/1632 565/996/600
f 563/998/601 566/1022/602 567/999/602
f 568/1001/603 569/1023/604 570/1002/604
f 568/1003/605 566/3323/605 555/1004/605
f 571/1006/606 572/3324/606 573/1007/606
f 561/993/607 570/1002/607 574/1009/607
f 574/1011/608 569/1020/1633 557/1012/608
f 563/1014/609 565/3325/609 555/1015/609
f 560/1000/610 567/999/610 570/1002/610
f 571/1017/611 574/3326/611 556/1018/611
f 558/1005/283 557/1012/283 569/1020/283
f 562/1008/175 573/1007/175 564/1021/175
f 565/1024/596 572/1026/596 556/1025/596
f 572/1026/596 565/1024/596 564/1027/596
f 575/1029/616 576/1065/616 577/1030/616
f 579/1032/617 580/1040/617 581/1033/618
f 579/1035/619 584/1061/619 585/1036/619
f 583/1038/620 586/1062/621 587/1039/621
f 587/1039/622 588/1063/622 589/1041/623
f 588/1043/625 586/3327/625 575/1044/625
f 591/1046/626 592/3328/627 593/1047/627
f 581/1033/628 590/1042/628 594/1049/628
f 594/1051/629 589/1060/629 577/1052/630
f 583/1054/632 585/3329/632 575/1055/632
f 580/1040/633 587/1039/633 590/1042/633
f 591/1057/634 594/3330/634 576/1058/634
f 578/1045/283 577/1052/283 589/1060/283
f 582/1048/175 593/1047/175 584/1061/175
f 585/1064/616 592/1066/616 576/1065/616
f 592/1066/616 585/1064/616 584/1067/616
f 595/1069/639 596/1105/640 597/1070/640
f 599/1072/642 600/1080/642 601/1073/642
f 599/1075/643 604/1101/643 605/1076/643
f 603/1078/644 606/1102/644 607/1079/644
f 607/1079/645 608/1103/645 609/1081/646
f 608/1083/647 606/3331/647 595/1084/648
f 611/1086/650 612/3332/650 613/1087/650
f 601/1073/651 610/1082/651 614/1089/651
f 614/1091/652 609/1100/1634 597/1092/652
f 603/1094/653 605/3333/653 595/1095/653
f 600/1080/654 607/1079/654 610/1082/654
f 611/1097/655 614/3334/656 596/1098/656
f 598/1085/283 597/1092/283 609/1100/283
f 602/1088/175 613/1087/175 604/1101/175
f 605/1104/640 612/1106/639 596/1105/640
f 612/1106/639 605/1104/640 604/1107/640
f 615/1109/661 616/1145/682 617/1110/662
f 619/1112/663 620/1120/1635 621/1113/664
f 619/1115/665 624/1141/665 625/1116/665
f 623/1118/666 626/1142/666 627/1119/666
f 627/1119/667 628/1143/667 629/1121/668
f 628/1123/669 626/3335/669 615/1124/670
f 631/1126/671 632/3336/1636 633/1127/672
f 621/1113/673 630/1122/673 634/1129/673
f 634/1131/674 629/1140/674 617/1132/674
f 623/1134/675 625/3337/675 615/1135/675
f 620/1120/676 627/1119/676 630/1122/676
f 631/1137/677 634/3338/677 616/1138/677
f 618/1125/283 617/1132/283 629/1140/283
f 622/1128/175 633/1127/175 624/1141/175
f 625/1144/661 632/1146/661 616/1145/682
f 632/1146/661 625/1144/661 624/1147/683
f 635/1149/684 636/1185/684 637/1150/684
f 640/1152/686 641/1176/686 642/1153/686
f 643/1155/687 639/1181/687 644/1156/687
f 643/1158/688 646/1182/688 647/1159/688
f 647/1159/689 648/1183/689 649/1160/689
f 646/1162/690 635/3339/690 638/1163/690
f 642/1165/691 651/3340/691 652/1166/691
f 651/1168/692 641/1176/692 650/1161/693
f 649/1170/694 637/1180/694 636/1171/694
f 645/1173/696 635/3341/697 646/1174/697
f 640/1152/698 647/1159/698 650/1161/698
f 654/1177/699 636/3342/699 652/1178/700
f 648/1164/283 638/1163/284 637/1180/283
f 653/1167/175 644/1156/175 639/1181/175
f 645/1184/684 652/1186/685 636/1185/684
f 652/1186/685 645/1184/684 644/1187/684
f 655/1189/706 656/1225/706 657/1190/706
f 660/1192/708 661/1216/1637 662/1193/709
f 663/1195/710 659/1221/710 664/1196/711
f 663/1198/713 666/1222/714 667/1199/714
f 667/1199/715 668/1223/715 669/1200/715
f 666/1202/716 655/3343/717 658/1203/717
f 662/1205/719 671/3344/719 672/1206/719
f 671/1208/720 661/1216/720 670/1201/721
f 669/1210/722 657/1220/722 656/1211/722
f 665/1213/723 655/3345/723 666/1214/723
f 660/1192/724 667/1199/724 670/1201/724
f 674/1217/725 656/3346/725 672/1218/726
f 668/1204/283 658/1203/283 657/1220/283
f 673/1207/175 664/1196/175 659/1221/175
f 665/1224/706 672/1226/731 656/1225/706
f 672/1226/731 665/1224/706 664/1227/706
f 675/1229/733 676/1265/733 677/1230/733
f 679/1232/734 680/1240/734 681/1233/735
f 683/1235/736 679/1261/736 684/1236/737
f 683/1238/738 686/1262/739 687/1239/739
f 687/1239/740 688/1263/740 689/1241/741
f 686/1243/742 675/3347/742 678/1244/742
f 682/1246/743 691/3348/743 692/1247/744
f 681/1233/745 690/1242/745 694/1249/745
f 689/1251/746 677/1260/747 676/1252/747
f 685/1254/748 675/3349/748 686/1255/748
f 680/1240/749 687/1239/749 690/1242/749
f 694/1257/750 676/3350/750 692/1258/751
f 688/1245/283 678/1244/283 677/1260/283
f 693/1248/175 684/1236/175 679/1261/175
f 685/1264/733 692/1266/733 676/1265/733
f 692/1266/733 685/1264/733 684/1267/733
f 695/1269/756 696/1305/756 697/1270/757
f 699/1272/759 700/1280/759 701/1273/759
f 703/1275/760 699/1301/760 704/1276/761
f 703/1278/762 706/1302/762 707/1279/762
f 707/1279/763 708/1303/763 709/1281/763
f 706/1283/764 695/3351/764 698/1284/764
f 702/1286/765 711/3352/765 712/1287/765
f 701/1273/766 710/1282/767 714/1289/767
f 709/1291/768 697/1300/768 696/1292/768
f 705/1294/769 695/3353/769 706/1295/769
f 700/1280/770 707/1279/770 710/1282/770
f 714/1297/771 696/3354/771 712/1298/771
f 708/1285/283 698/1284/283 697/1300/283
f 713/1288/175 704/1276/175 699/1301/175
f 705/1304/756 712/1306/756 696/1305/756
f 712/1306/756 705/1304/756 704/1307/756
f 715/1309/777 716/1321/789 717/1310/778
f 720/1312/780 721/1359/790 722/1313/781
f 724/1315/783 725/1325/791 726/1316/784
f 727/1318/786 728/1326/792 729/1319/787
f 716/1321/789 727/1385/786 730/1322/788
f 715/1309/777 718/1311/779 721/1323/790
f 719/1314/782 722/1313/781 725/1325/791
f 728/1326/792 723/1317/785 726/1316/784
f 731/1327/793 732/1346/797 733/1328/794
f 735/1330/796 736/1334/799 733/1331/794
f 737/1333/798 738/1336/801 736/1334/799
f 739/1335/800 740/1338/803 738/1336/801
f 741/1337/802 742/1340/805 740/1338/803
f 741/1337/802 743/3355/806 744/1339/804
f 743/1341/806 745/1344/808 746/1342/807
f 745/1344/808 731/1327/793 734/1329/795
f 747/1345/809 748/1376/810 732/1346/797
f 748/1347/810 749/1349/812 735/1330/796
f 750/1348/811 737/1333/798 735/1330/796
f 751/1350/813 739/1335/800 737/1333/798
f 752/1351/814 741/1337/802 739/1335/800
f 753/1352/815 743/3355/806 741/1337/802
f 753/1353/815 754/1354/816 745/1344/808
f 754/1354/816 747/1345/809 731/1327/793
f 717/1310/778 730/1322/788 755/1355/817
f 718/1311/779 717/1310/778 756/1356/818
f 718/1311/779 757/1357/819 758/1358/820
f 721/1359/790 758/1369/820 759/1360/821
f 722/1313/781 759/1360/821 760/1361/822
f 725/1325/791 760/1361/822 761/1362/823
f 729/1319/787 726/1316/784 761/1362/823
f 730/1320/788 729/1319/787 762/1363/824
f 756/1356/818 755/1355/817 763/1365/825
f 757/1357/819 756/1356/818 764/1366/826
f 757/1357/819 765/1367/827 766/1368/828
f 758/1369/820 766/3356/828 767/1370/829
f 759/1360/821 767/1370/829 768/1371/830
f 760/1361/822 768/1371/830 769/1372/831
f 762/1363/824 761/1362/823 769/1372/831
f 755/1364/817 762/1363/824 770/1373/832
f 771/1375/833 772/3357/835 748/1376/810
f 773/1377/834 749/1349/812 748/1347/810
f 774/1379/836 750/1348/811 749/1349/812
f 775/1380/837 751/1350/813 750/1348/811
f 776/1381/838 752/1351/814 751/1350/813
f 753/1352/815 752/1351/814 776/1381/838
f 777/1383/839 778/1384/840 754/1354/816
f 747/1345/809 754/1354/816 778/1384/840
f 734/1329/795 733/1328/794 727/1385/786
f 746/1342/807 734/1329/795 716/1321/789
f 744/1343/804 746/1342/807 715/1309/777
f 744/1339/804 720/1312/780 719/1314/782
f 742/1340/805 719/1314/782 724/1315/783
f 740/1338/803 724/1315/783 723/1317/785
f 738/1336/801 723/1317/785 728/1326/792
f 733/1331/794 736/1334/799 728/1326/792
f 779/1386/841 780/1398/846 781/1387/842
f 784/1389/844 785/1436/790 786/1390/781
f 788/1392/783 789/1402/847 790/1393/845
f 791/1395/786 792/1403/848 793/1396/787
f 780/1398/846 791/1462/786 794/1399/788
f 779/1386/841 782/1388/843 785/1400/790
f 783/1391/782 786/1390/781 789/1402/847
f 792/1403/848 787/1394/785 790/1393/845
f 795/1404/849 796/1423/797 797/1405/850
f 799/1407/852 800/1411/799 797/1408/850
f 801/1410/798 802/1413/853 800/1411/799
f 803/1412/800 804/1415/854 802/1413/853
f 805/1414/802 806/1417/856 804/1415/854
f 805/1414/802 807/3358/806 808/1416/855
f 807/1418/806 809/1421/858 810/1419/857
f 809/1421/858 795/1404/849 798/1406/851
f 811/1422/859 812/1453/860 796/1423/797
f 812/1424/860 813/1426/862 799/1407/852
f 814/1425/861 801/1410/798 799/1407/852
f 815/1427/863 803/1412/800 801/1410/798
f 816/1428/864 805/1414/802 803/1412/800
f 817/1429/865 807/3358/806 805/1414/802
f 817/1430/865 818/1431/866 809/1421/858
f 818/1431/866 811/1422/859 795/1404/849
f 781/1387/842 794/1399/788 819/1432/867
f 782/1388/843 781/1387/842 820/1433/818
f 782/1388/843 821/1434/819 822/1435/868
f 785/1436/790 822/1446/868 823/1437/821
f 786/1390/781 823/1437/821 824/1438/869
f 789/1402/847 824/1438/869 825/1439/823
f 793/1396/787 790/1393/845 825/1439/823
f 794/1397/788 793/1396/787 826/1440/824
f 820/1433/818 819/1432/867 827/1442/870
f 821/1434/819 820/1433/818 828/1443/871
f 821/1434/819 829/1444/872 830/1445/873
f 822/1446/868 830/3359/873 831/1447/829
f 823/1437/821 831/1447/829 832/1448/830
f 824/1438/869 832/1448/830 833/1449/831
f 826/1440/824 825/1439/823 833/1449/831
f 819/1441/867 826/1440/824 834/1450/874
f 835/1452/875 836/3360/835 812/1453/860
f 837/1454/876 813/1426/862 812/1424/860
f 838/1456/877 814/1425/861 813/1426/862
f 839/1457/878 815/1427/863 814/1425/861
f 840/1458/879 816/1428/864 815/1427/863
f 817/1429/865 816/1428/864 840/1458/879
f 841/1460/880 842/1461/881 818/1431/866
f 811/1422/859 818/1431/866 842/1461/881
f 798/1406/851 797/1405/850 791/1462/786
f 810/1419/857 798/1406/851 780/1398/846
f 808/1420/855 810/1419/857 779/1386/841
f 808/1416/855 784/1389/844 783/1391/782
f 806/1417/856 783/1391/782 788/1392/783
f 804/1415/854 788/1392/783 787/1394/785
f 802/1413/853 787/1394/785 792/1403/848
f 797/1408/850 800/1411/799 792/1403/848
f 843/1463/882 844/1475/894 845/1464/883
f 848/1466/885 849/1476/895 850/1467/886
f 852/1469/888 853/1478/896 854/1470/889
f 855/1472/891 856/1479/897 857/1473/892
f 844/1475/894 855/1472/891 858/1474/893
f 843/1463/882 846/1465/884 849/1476/895
f 847/1477/887 850/1502/886 853/1478/896
f 856/1479/897 851/1471/890 854/1470/889
f 859/1480/898 860/1483/901 861/1481/899
f 860/1483/901 863/1485/903 864/1484/902
f 863/1485/903 865/1488/906 866/1486/904
f 867/1487/905 868/1490/908 866/1486/904
f 869/1489/907 870/1550/910 868/1490/908
f 871/1491/909 872/1495/912 870/1492/910
f 873/1494/911 874/1496/913 872/1495/912
f 873/1494/911 859/1480/898 862/1482/900
f 845/1464/883 858/1474/893 875/1497/914
f 846/1465/884 845/1464/883 876/1498/915
f 846/1465/884 877/1499/916 878/1500/917
f 849/1476/895 878/1500/917 879/1501/918
f 850/1502/886 879/3361/918 880/1503/919
f 853/1478/896 880/1503/919 881/1504/920
f 857/1473/892 854/1470/889 881/1504/920
f 858/1474/893 857/1473/892 882/1505/921
f 884/1506/922 885/1510/926 886/1507/923
f 887/1509/925 888/1512/928 885/1510/926
f 889/1511/927 890/1514/930 888/1512/928
f 891/1513/929 892/1516/932 890/1514/930
f 891/1513/929 893/1528/933 894/1515/931
f 893/1517/933 895/1520/935 896/1518/934
f 895/1520/935 897/1522/937 898/1521/936
f 897/1522/937 883/1508/924 886/1507/923
f 900/1523/938 884/1506/922 883/1508/924
f 901/1525/940 887/1509/925 884/1506/922
f 902/1526/941 889/1511/927 887/1509/925
f 903/1527/942 891/1513/929 889/1511/927
f 903/1527/942 904/1546/943 893/1528/933
f 904/1529/943 905/1530/944 895/1520/935
f 905/1530/944 906/1531/945 897/1522/937
f 906/1531/945 899/1524/939 883/1508/924
f 875/1497/914 907/1540/953 908/1532/946
f 877/1499/916 876/1498/915 908/1532/946
f 878/1500/917 877/1499/916 909/1533/947
f 879/1501/918 878/1500/917 910/1534/948
f 880/1503/919 879/3361/918 911/1536/949
f 880/1503/919 912/1537/950 913/1538/951
f 881/1504/920 913/1538/951 914/1539/952
f 882/1505/921 914/1539/952 907/1540/953
f 886/1507/923 885/1510/926 860/1483/901
f 898/1521/936 886/1507/923 859/1480/898
f 896/1518/934 898/1521/936 873/1494/911
f 896/1518/934 871/1491/909 869/1493/907
f 894/1515/931 869/1489/907 867/1487/905
f 892/1516/932 867/1487/905 865/1488/906
f 890/1514/930 865/1488/906 863/1485/903
f 885/1510/926 888/1512/928 863/1485/903
f 916/1541/954 900/1523/938 899/1524/939
f 917/1543/956 901/1525/940 900/1523/938
f 918/1544/957 902/1526/941 901/1525/940
f 919/1545/958 903/1527/942 902/1526/941
f 919/1545/958 920/3362/959 904/1546/943
f 905/1530/944 904/1529/943 920/1547/959
f 921/1548/960 922/1549/961 906/1531/945
f 899/1524/939 906/1531/945 922/1549/961
f 862/1482/900 861/1481/899 855/1472/891
f 874/1496/913 862/1482/900 844/1475/894
f 874/1496/913 843/1463/882 848/1466/885
f 872/1495/912 848/1466/885 847/1468/887
f 870/1550/910 847/1477/887 852/1469/888
f 868/1490/908 852/1469/888 851/1471/890
f 864/1484/902 866/1486/904 851/1471/890
f 861/1481/899 864/1484/902 856/1479/897
f 908/1551/962 913/1555/962 912/1552/962
f 907/1554/963 914/3363/1638 913/1555/962
f 909/1553/962 912/1552/962 911/1556/962
f 915/1558/965 922/1563/965 919/1559/965
f 916/1561/965 915/1558/965 918/1560/965
f 922/1563/965 921/3364/1639 920/1564/965
f 923/1565/882 924/1577/974 925/1566/966
f 928/1568/967 929/1578/975 930/1569/968
f 932/1571/888 933/1579/976 934/1572/889
f 935/1574/971 936/1652/977 937/1575/972
f 924/1577/974 935/1574/971 938/1576/973
f 923/1565/882 926/1567/884 929/1578/975
f 927/1570/969 930/1569/968 933/1579/976
f 936/1580/977 931/1573/970 934/1572/889
f 939/1582/898 940/1585/980 941/1583/978
f 940/1585/980 943/1642/982 944/1586/981
f 943/1587/982 945/1591/906 946/1588/983
f 947/1590/905 948/1593/985 946/1588/983
f 949/1592/984 950/1595/987 948/1593/985
f 951/1594/986 952/1597/912 950/1595/987
f 953/1596/911 954/1598/988 952/1597/912
f 953/1596/911 939/1582/898 942/1584/979
f 925/1566/966 938/1576/973 955/1599/989
f 926/1567/884 925/1566/966 956/1600/990
f 926/1567/884 957/1601/991 958/1602/917
f 929/1578/975 958/1602/917 959/1603/992
f 930/1569/968 959/1603/992 960/1604/919
f 933/1579/976 960/1604/919 961/1605/993
f 937/1581/972 934/1572/889 961/1605/993
f 938/1576/973 937/1575/972 962/1607/994
f 964/1608/922 965/1612/926 966/1609/995
f 967/1611/925 968/3365/997 965/1612/926
f 969/1613/927 970/1617/930 968/1614/997
f 971/1616/998 972/1619/932 970/1617/930
f 971/1616/998 973/1620/1000 974/1618/999
f 973/1620/1000 975/1622/935 976/1621/1001
f 975/1622/935 977/1624/937 978/1623/1002
f 977/1624/937 963/1610/996 966/1609/995
f 980/1625/938 964/1608/922 963/1610/996
f 981/1627/940 967/1611/925 964/1608/922
f 982/1628/941 969/1613/927 967/1615/925
f 983/1630/1004 971/1616/998 969/1613/927
f 983/1630/1004 984/1631/943 973/1620/1000
f 984/1631/943 985/1632/1005 975/1622/935
f 985/1632/1005 986/1633/945 977/1624/937
f 986/1633/945 979/1626/1003 963/1610/996
f 955/1599/989 987/1641/953 988/1634/1006
f 957/1601/991 956/1600/990 988/1634/1006
f 958/1602/917 957/1601/991 989/1635/947
f 959/1603/992 958/1602/917 990/1636/948
f 960/1604/919 959/1603/992 991/1637/1007
f 960/1604/919 992/1638/950 993/1639/1008
f 961/1605/993 993/1639/1008 994/1640/1009
f 962/1607/994 994/3366/1009 987/1641/953
f 966/1609/995 965/1612/926 940/1585/980
f 978/1623/1002 966/1609/995 939/1582/898
f 976/1621/1001 978/1623/1002 953/1596/911
f 976/1621/1001 951/1594/986 949/1592/984
f 974/1618/999 949/1592/984 947/1590/905
f 972/1619/932 947/1590/905 945/1591/906
f 970/1617/930 945/1591/906 943/1587/982
f 965/1612/926 968/3365/997 943/1642/982
f 996/1643/1010 980/1625/938 979/1626/1003
f 997/1645/956 981/1627/940 980/1625/938
f 998/1646/957 982/1628/941 981/1629/940
f 999/1648/958 983/1630/1004 982/1628/941
f 999/1648/958 1000/1649/1012 984/1631/943
f 985/1632/1005 984/1631/943 1000/1649/1012
f 1001/1650/1013 1002/1651/961 986/1633/945
f 979/1626/1003 986/1633/945 1002/1651/961
f 942/1584/979 941/1583/978 935/1574/971
f 954/1598/988 942/1584/979 924/1577/974
f 954/1598/988 923/1565/882 928/1568/967
f 952/1597/912 928/1568/967 927/1570/969
f 950/1595/987 927/1570/969 932/1571/888
f 948/1593/985 932/1571/888 931/1573/970
f 944/1589/981 946/1588/983 931/1573/970
f 941/1583/978 944/1586/981 936/1652/977
f 988/1653/962 993/1657/962 992/1654/964
f 987/1656/962 994/3367/962 993/1657/962
f 989/1655/964 992/1654/964 991/1658/964
f 995/1660/1014 1002/1665/965 999/1661/1014
f 996/1663/1014 995/1660/1014 998/1662/965
f 1002/1665/965 1001/3368/965 1000/1666/965
f 1004/1667/1016 1005/1671/1020 1006/1668/1017
f 1007/1670/1019 1008/1672/1021 1005/1671/1020
f 1008/1672/1021 1009/1676/1025 1010/1673/1022
f 1005/1671/1020 1010/1673/1022 1011/1674/1023
f 1010/1673/1022 1012/1677/1026 1013/1675/1024
f 1009/1676/1025 1014/1678/1027 1012/1677/1026
f 1014/1678/1027 1015/3236/1119 1016/1679/1028
f 1012/1677/1026 1016/1679/1028 1017/1680/1029
f 1018/1681/1030 1019/1684/1033 1020/1682/1031
f 1019/1684/1033 1022/1777/1120 1023/1685/1034
f 1020/1682/1031 1023/1685/1034 1024/1686/1035
f 1021/1683/1032 1020/1682/1031 1025/1687/1036
f 1026/1688/1037 1025/1687/1036 1027/1689/1038
f 1025/1687/1036 1024/1686/1035 1029/1691/1040
f 1027/1689/1038 1029/1691/1040 1030/1692/1041
f 1028/1690/1039 1027/1689/1038 1031/1693/1042
f 1034/1695/1044 1035/1699/1048 1036/1696/1045
f 1037/1698/1047 1038/1700/1049 1035/1699/1048
f 1038/1700/1049 1039/1704/1053 1040/1701/1050
f 1035/1699/1048 1040/1701/1050 1041/1702/1051
f 1040/1701/1050 1042/1705/1054 1043/1703/1052
f 1039/1704/1053 1044/1706/1055 1042/1705/1054
f 1044/1706/1055 1045/1759/1108 1046/1707/1056
f 1042/1705/1054 1046/1707/1056 1047/1708/1057
f 1048/1709/1058 1049/1712/1061 1050/1710/1059
f 1049/1712/1061 1052/1779/1122 1053/1713/1062
f 1050/1710/1059 1053/1713/1062 1054/1714/1063
f 1051/1711/1060 1050/1710/1059 1055/1715/1064
f 1056/1716/1065 1055/1715/1064 1057/1717/1066
f 1055/1715/1064 1054/1714/1063 1059/1719/1068
f 1057/1717/1066 1059/1719/1068 1060/1720/1069
f 1058/1718/1067 1057/1717/1066 1061/1721/1070
f 1064/1723/1072 1017/1680/1029 1016/1679/1028
f 1065/1725/1074 1066/1729/1078 1067/1726/1075
f 1063/1724/1073 1067/1726/1075 1068/1727/1076
f 1067/1726/1075 1069/1730/1079 1070/1728/1077
f 1066/1729/1078 1071/1731/1080 1069/1730/1079
f 1071/1731/1080 1072/3369/1123 1073/1732/1081
f 1069/1730/1079 1073/1732/1081 1074/1733/1082
f 1032/1694/1043 1031/1693/1042 1075/1734/1083
f 1031/1693/1042 1030/1692/1041 1077/1736/1085
f 1075/1734/1083 1077/1736/1085 1078/1737/1086
f 1076/1735/1084 1075/1734/1083 1079/1738/1087
f 1080/1739/1088 1079/1738/1087 1081/1740/1089
f 1079/1738/1087 1078/1737/1086 1083/1742/1091
f 1081/1740/1089 1083/1742/1091 1084/1743/1092
f 1082/1741/1090 1081/1740/1089 1085/1744/1093
f 1062/1722/1071 1061/1721/1070 1087/1746/1095
f 1061/1721/1070 1060/1720/1069 1089/1748/1097
f 1087/1746/1095 1089/1748/1097 1090/1749/1098
f 1088/1747/1096 1087/1746/1095 1091/1750/1099
f 1092/1751/1100 1091/1750/1099 1093/1752/1101
f 1091/1750/1099 1090/1749/1098 1095/1754/1103
f 1093/1752/1101 1095/1754/1103 1096/1755/1104
f 1094/1753/1102 1093/1752/1101 1097/1756/1105
f 1046/1707/1056 1099/1760/1109 1100/1758/1107
f 1045/1759/1108 1101/1761/1110 1099/1760/1109
f 1101/1761/1110 1102/1765/1114 1103/1762/1111
f 1099/1760/1109 1103/1762/1111 1104/1763/1112
f 1103/1762/1111 1105/1766/1115 1106/1764/1113
f 1102/1765/1114 1107/1767/1116 1105/1766/1115
f 1107/1767/1116 1108/1778/1121 1109/1768/1117
f 1105/1766/1115 1109/1768/1117 1110/1769/1118
f 1015/1770/1119 1032/1694/1043 1076/1735/1084
f 1065/1771/1074 1076/1735/1084 1080/1739/1088
f 1044/1706/1055 1039/1704/1053 1056/1716/1065
f 1058/1718/1067 1062/1722/1071 1045/1759/1108
f 1030/1692/1041 1060/1720/1069 1059/1719/1068
f 1077/1736/1085 1059/1719/1068 1054/1714/1063
f 1064/1723/1072 1068/1727/1076 1041/1702/1051
f 1043/1703/1052 1047/1708/1057 1017/1680/1029
f 1009/1773/1025 1026/1688/1037 1028/1690/1039
f 1014/1774/1027 1028/1690/1039 1032/1694/1043
f 1024/1686/1035 1090/1749/1098 1089/1748/1097
f 1029/1691/1040 1089/1748/1097 1060/1720/1069
f 1101/1761/1110 1045/1759/1108 1062/1722/1071
f 1088/1747/1096 1092/1751/1100 1102/1765/1114
f 1013/1675/1024 1017/1680/1029 1047/1708/1057
f 1100/1758/1107 1104/1763/1112 1011/1674/1023
f 1026/1688/1037 1009/1773/1025 1008/1775/1021
f 1007/1776/1019 1018/1681/1030 1021/1683/1032
f 1022/1777/1120 1096/1755/1104 1095/1754/1103
f 1090/1749/1098 1024/1686/1035 1023/1685/1034
f 1107/1767/1116 1102/1765/1114 1092/1751/1100
f 1094/1753/1102 1098/1757/1106 1108/1778/1121
f 1006/1668/1017 1011/1674/1023 1104/1763/1112
f 1106/1764/1113 1110/1769/1118 1003/1669/1018
f 1039/1704/1053 1038/1700/1049 1051/1711/1060
f 1038/1700/1049 1037/1698/1047 1048/1709/1058
f 1078/1737/1086 1054/1714/1063 1053/1713/1062
f 1083/1742/1091 1053/1713/1062 1052/1779/1122
f 1066/1772/1078 1080/1739/1088 1082/1741/1090
f 1071/1780/1080 1082/1741/1090 1086/1745/1094
f 1033/1697/1046 1036/1696/1045 1070/1728/1077
f 1036/1696/1045 1041/1702/1051 1068/1727/1076
f 1112/1782/1124 1113/1799/1141 1114/1783/1125
f 1111/1784/1126 1115/1818/1147 1116/1785/1127
f 1116/1785/1127 1115/1818/1147 1117/1786/1128
f 1120/1788/1130 1121/1804/1146 1122/1789/1131
f 1120/1788/1130 1119/1790/1132 1123/1791/1133
f 1124/1792/1134 1123/1791/1133 1118/1787/1129
f 1125/1793/1135 1126/1796/1138 1127/1794/1136
f 1126/1796/1138 1125/1793/1135 1129/1797/1139
f 1127/1794/1136 1114/1783/1125 1113/1799/1141
f 1131/1800/1142 1132/1801/1143 1130/1798/1140
f 1132/1801/1143 1131/1800/1142 1133/1802/1144
f 1133/1802/1144 1122/1789/1131 1121/1804/1146
f 1018/1681/1030 1007/1776/1019 1112/1805/1124
f 1096/1755/1104 1022/1777/1120 1123/1807/1133
f 1110/1769/1118 1125/1817/1135 1128/1809/1137
f 1098/1757/1106 1133/1815/1144 1131/1810/1142
f 1003/1669/1018 1128/1809/1137 1113/1811/1141
f 1004/1667/1016 1113/1811/1141 1112/1812/1124
f 1019/1684/1033 1018/1681/1030 1116/1806/1127
f 1022/1777/1120 1019/1684/1033 1118/1813/1129
f 1097/1756/1105 1096/1755/1104 1119/1808/1132
f 1098/1757/1106 1097/1756/1105 1122/1814/1131
f 1108/1778/1121 1131/1810/1142 1129/1816/1139
f 1109/1768/1117 1129/1816/1139 1125/1817/1135
f 1124/1792/1134 1127/1794/1136 1126/1796/1138
f 1127/1794/1136 1124/1792/1134 1117/1786/1128
f 1114/1783/1125 1117/1786/1128 1115/1818/1147
f 1130/1798/1140 1121/1804/1146 1120/1788/1130
f 1130/1798/1140 1132/1801/1143 1134/1803/1145
f 1136/1819/160 1137/3370/218 1138/1820/216
f 1138/1820/216 1137/3370/218 1139/1822/238
f 1140/1823/163 1139/1822/238 1141/1824/167
f 1142/1826/219 1141/3371/167 1143/1827/1148
f 1144/1828/1148 1143/1827/1148 1145/1829/1149
f 1145/1829/1149 1147/1832/171 1148/1831/1150
f 1147/1832/171 1149/1834/172 1150/1833/172
f 1149/1834/172 1136/1819/160 1135/1821/162
f 1136/1844/1154 1160/1857/1166 1161/1845/1155
f 1161/1845/1155 1162/1848/1158 1139/1847/1157
f 1162/1848/1158 1163/3372/1236 1141/1849/1159
f 1141/1849/1159 1163/3372/1236 1164/1850/1160
f 1143/1851/1161 1164/1850/1160 1165/1852/1162
f 1165/1852/1162 1166/1855/1164 1147/1854/1163
f 1166/1855/1164 1167/3373/1640 1149/1856/1165
f 1149/1856/1165 1167/3373/1640 1160/1857/1166
f 1168/1858/1167 1169/3374/248 1161/1859/1167
f 1161/1859/190 1169/3374/190 1170/1861/191
f 1162/1862/192 1170/1861/192 1171/1863/192
f 1163/1865/249 1171/3375/249 1172/1866/249
f 1164/1867/1169 1172/1866/1641 1173/1868/1169
f 1173/1868/198 1174/1871/1251 1166/1870/198
f 1174/1871/200 1175/1873/200 1167/1872/200
f 1175/1873/201 1168/1858/1224 1160/1860/201
f 1168/1874/283 1176/1887/1153 1177/1875/1170
f 1177/1875/1170 1178/1878/1153 1170/1877/283
f 1178/1878/1153 1179/3376/284 1171/1879/283
f 1171/1879/283 1179/3376/284 1180/1880/1170
f 1172/1881/284 1180/1880/1170 1181/1882/283
f 1181/1882/283 1182/1885/1170 1174/1884/284
f 1182/1885/1170 1183/3377/284 1175/1886/284
f 1175/1886/284 1183/3377/284 1176/1887/1153
f 1176/1888/253 1151/1903/209 1153/1889/1172
f 1153/1889/1172 1154/1892/1174 1178/1891/210
f 1154/1892/1174 1155/3378/172 1179/1893/212
f 1155/1894/172 1156/1897/215 1180/1895/1175
f 1156/1897/215 1157/3379/1176 1181/1898/1176
f 1181/1898/1176 1157/3379/1176 1158/1899/1177
f 1182/1900/220 1158/1899/1177 1159/1901/260
f 1183/1902/167 1159/1901/260 1151/1903/209
f 1184/1904/1178 1185/1930/1198 1186/1905/1179
f 1189/1907/283 1190/1955/283 1191/1908/283
f 1192/1910/1181 1193/1952/1217 1190/1911/1182
f 1192/1913/1184 1194/1923/1193 1195/1914/175
f 1188/1916/1185 1191/1954/1218 1195/1917/1186
f 1188/1909/1188 1196/3380/1188 1197/1919/1189
f 1189/1912/1183 1197/1939/1642 1198/1920/1190
f 1188/1916/1185 1194/1918/1187 1199/1921/1191
f 1194/1923/1193 1192/1913/1184 1198/1924/1194
f 1201/1926/283 1185/3381/1196 1184/1927/283
f 1202/1929/1197 1186/1905/1179 1185/1930/1198
f 1202/1932/174 1203/1953/174 1187/1933/175
f 1200/1935/1200 1184/1904/1178 1187/1906/1180
f 1197/1919/1202 1196/3380/1203 1204/1937/1203
f 1197/1939/1205 1205/1946/1643 1206/1940/1206
f 1196/1922/1208 1199/1921/1644 1207/1941/1209
f 1198/1924/1194 1206/1950/1215 1207/1943/1211
f 1205/1938/1212 1204/1937/1212 1208/1944/1212
f 1205/1946/1213 1209/3382/1213 1210/1947/1213
f 1204/1942/1214 1207/1941/1214 1211/1948/1214
f 1206/1950/1215 1210/3383/1216 1211/1951/1216
f 1193/1952/1217 1202/1929/1197 1201/1931/1199
f 1193/1915/175 1195/1914/175 1203/1953/174
f 1191/1954/1218 1200/1935/1200 1203/1936/1201
f 1190/1955/283 1201/1926/283 1200/1928/1196
f 1210/1956/283 1209/3384/283 1208/1957/283
f 1212/1959/237 1213/3385/161 1214/1960/161
f 1216/1962/238 1217/1966/165 1214/1963/161
f 1218/1965/164 1219/1968/219 1217/1966/165
f 1220/1967/1148 1221/1970/1148 1219/1968/219
f 1222/1969/168 1223/1972/252 1221/1970/1148
f 1222/1969/168 1224/1973/171 1225/1971/1150
f 1224/1973/171 1226/1975/173 1227/1974/213
f 1226/1975/173 1212/1959/237 1215/1961/1219
f 1215/1985/177 1214/1989/178 1237/1986/178
f 1217/1988/179 1239/1991/179 1237/1986/178
f 1219/1990/181 1240/1993/181 1239/1991/179
f 1219/1990/181 1221/1994/184 1241/1992/182
f 1221/1994/184 1223/1997/185 1242/1995/185
f 1225/1996/186 1243/1999/1221 1242/1995/185
f 1227/1998/1220 1244/2000/1222 1243/1999/1221
f 1227/1998/1220 1215/1985/177 1238/1987/177
f 1238/2001/189 1237/3386/189 1245/2002/189
f 1239/2004/190 1247/2008/191 1245/2005/190
f 1240/2007/192 1248/2010/192 1247/2008/192
f 1241/2009/249 1249/2012/249 1248/2010/249
f 1242/2011/196 1250/2014/197 1249/2012/196
f 1242/2011/199 1243/2015/198 1251/2013/199
f 1243/2015/250 1244/2017/200 1252/2016/250
f 1244/2017/251 1238/2001/1224 1246/2003/1224
f 1246/2018/175 1245/2022/175 1253/2019/175
f 1247/2021/175 1255/2024/176 1253/2019/175
f 1248/2023/175 1256/2026/175 1255/2024/176
f 1248/2023/175 1249/2027/174 1257/2025/174
f 1249/2027/174 1250/2030/175 1258/2028/175
f 1251/2029/203 1259/2032/203 1258/2028/175
f 1252/2031/175 1260/2033/176 1259/2032/203
f 1252/2031/175 1246/2018/175 1254/2020/176
f 1253/2034/168 1229/3387/168 1228/2035/253
f 1253/2037/168 1255/2040/1174 1231/2038/1225
f 1255/2040/1174 1256/2042/213 1232/2041/172
f 1256/2042/213 1257/2044/1227 1233/2043/1226
f 1257/2044/1227 1258/2047/1228 1234/2045/1228
f 1259/2046/217 1235/2049/1177 1234/2045/1228
f 1260/2048/219 1236/2050/262 1235/2049/1177
f 1254/2036/209 1228/2035/253 1236/2050/262
f 1262/2051/161 1263/2055/161 1264/2052/238
f 1262/2051/161 1265/2056/1230 1266/2054/1229
f 1265/2056/1230 1267/2058/172 1268/2057/172
f 1267/2058/172 1269/2060/1150 1270/2059/1231
f 1269/2060/1150 1271/2063/168 1272/2061/168
f 1273/2062/169 1274/2065/166 1272/2061/168
f 1275/2064/219 1276/3388/167 1274/2065/166
f 1261/2053/163 1264/2052/238 1276/2066/167
f 1264/2077/1157 1263/2081/1155 1286/2078/1155
f 1266/2080/1154 1288/2083/1234 1286/2078/1155
f 1268/2082/1165 1289/2085/1165 1288/2083/1234
f 1268/2082/1165 1270/2086/1163 1290/2084/1164
f 1270/2086/1163 1272/2089/1162 1291/2087/1235
f 1274/2088/1161 1292/2091/1161 1291/2087/1235
f 1276/2090/1236 1293/2092/1159 1292/2091/1161
f 1276/2090/1236 1264/2077/1157 1287/2079/1233
f 1286/2093/190 1294/2097/190 1295/2094/190
f 1286/2093/189 1288/2098/189 1296/2096/189
f 1288/2098/201 1289/2100/1224 1297/2099/201
f 1289/2100/200 1290/2102/200 1298/2101/200
f 1290/2102/198 1291/2105/199 1299/2103/198
f 1292/2104/197 1300/2107/196 1299/2103/197
f 1293/2106/249 1301/3389/249 1300/2107/249
f 1287/2095/192 1295/2094/193 1301/2108/192
f 1295/2110/284 1294/2114/284 1302/2111/284
f 1296/2113/284 1304/2116/283 1302/2111/284
f 1297/2115/283 1305/2118/283 1304/2116/283
f 1297/2115/283 1298/2119/283 1306/2117/283
f 1298/2119/283 1299/2122/283 1307/2120/283
f 1300/2121/283 1308/2124/283 1307/2120/283
f 1301/2123/283 1309/2125/283 1308/2124/283
f 1301/2123/283 1295/2110/284 1303/2112/283
f 1303/2126/210 1302/2130/241 1278/2127/1149
f 1304/2129/253 1280/2132/209 1278/2127/1149
f 1305/2131/167 1281/2134/219 1280/2132/209
f 1306/2133/220 1282/2136/1177 1281/2134/219
f 1307/2135/161 1283/2138/161 1282/2136/1177
f 1307/2135/161 1308/2139/1239 1284/2137/215
f 1308/2139/1239 1309/3390/172 1285/2140/213
f 1309/2141/172 1303/2126/210 1277/2128/1238
f 1311/2143/161 1312/3391/161 1313/2144/238
f 1311/2146/161 1314/2149/1230 1315/2147/237
f 1314/2149/1230 1316/2151/213 1317/2150/172
f 1316/2151/213 1318/2153/1150 1319/2152/171
f 1318/2153/1150 1320/2156/252 1321/2154/252
f 1322/2155/1148 1323/2158/166 1321/2154/252
f 1324/2157/219 1325/2159/167 1323/2158/166
f 1310/2145/165 1313/2144/238 1325/2159/167
f 1313/2169/1157 1312/2173/1155 1335/2170/1240
f 1315/2172/1154 1337/2175/1234 1335/2170/1240
f 1317/2174/1165 1338/2177/1165 1337/2175/1234
f 1317/2174/1165 1319/2178/1163 1339/2176/1163
f 1319/2178/1163 1321/2181/1162 1340/2179/1162
f 1323/2180/1161 1341/2183/1161 1340/2179/1162
f 1325/2182/1236 1342/2184/1236 1341/2183/1161
f 1325/2182/1236 1313/2169/1157 1336/2171/1233
f 1335/2185/190 1343/3392/190 1344/2186/190
f 1335/2188/248 1337/2191/248 1345/2189/248
f 1337/2191/251 1338/2193/1224 1346/2192/251
f 1338/2193/250 1339/2195/250 1347/2194/250
f 1339/2195/199 1340/2198/199 1348/2196/199
f 1341/2197/196 1349/2200/196 1348/2196/196
f 1342/2199/249 1350/2201/249 1349/2200/249
f 1336/2187/192 1344/2186/192 1350/2201/192
f 1344/2202/283 1343/2206/283 1351/2203/283
f 1345/2205/283 1353/2208/283 1351/2203/283
f 1346/2207/283 1354/2210/284 1353/2208/283
f 1346/2207/283 1347/2211/1232 1355/2209/1232
f 1347/2211/1232 1348/2214/283 1356/2212/283
f 1349/2213/1196 1357/2216/1196 1356/2212/283
f 1350/2215/283 1358/2217/283 1357/2216/1196
f 1350/2215/283 1344/2202/283 1352/2204/283
f 1352/2218/210 1351/3393/241 1327/2219/241
f 1353/2221/253 1329/2225/209 1327/2222/241
f 1354/2224/262 1330/2227/219 1329/2225/209
f 1355/2226/220 1331/2229/1177 1330/2227/219
f 1356/2228/218 1332/2231/218 1331/2229/1177
f 1356/2228/218 1357/2232/214 1333/2230/215
f 1357/2232/214 1358/2234/172 1334/2233/172
f 1358/2234/172 1352/2218/210 1326/2220/211
f 1360/2235/237 1361/3394/218 1362/2236/161
f 1362/2236/161 1361/3394/218 1363/2238/238
f 1364/2239/1241 1363/2238/238 1365/2240/167
f 1366/2242/219 1365/3395/167 1367/2243/1242
f 1368/2244/169 1367/2243/1242 1369/2245/168
f 1369/2245/168 1371/2248/1243 1372/2247/1150
f 1371/2248/1243 1373/2250/172 1374/2249/213
f 1373/2250/172 1360/2235/237 1359/2237/1219
f 1360/2260/1154 1384/2273/1234 1385/2261/1155
f 1385/2261/1155 1386/2264/1233 1363/2263/1157
f 1386/2264/1233 1387/3396/1159 1365/2265/1159
f 1365/2265/1159 1387/3396/1159 1388/2266/1161
f 1367/2267/1161 1388/2266/1161 1389/2268/1162
f 1389/2268/1162 1390/2271/1163 1371/2270/1163
f 1390/2271/1163 1391/3397/1165 1373/2272/1245
f 1373/2272/1245 1391/3397/1165 1384/2273/1234
f 1392/2274/189 1393/3398/1167 1385/2275/189
f 1385/2275/190 1393/3398/191 1394/2277/190
f 1386/2278/192 1394/2277/192 1395/2279/192
f 1387/2281/249 1395/3399/249 1396/2282/249
f 1388/2283/197 1396/2282/197 1397/2284/197
f 1397/2284/199 1398/2287/199 1390/2286/199
f 1398/2287/200 1399/2289/200 1391/2288/200
f 1399/2289/201 1392/2274/1224 1384/2276/201
f 1392/2290/283 1400/2303/283 1401/2291/283
f 1401/2291/283 1402/2294/283 1394/2293/283
f 1402/2294/283 1403/3400/284 1395/2295/283
f 1395/2295/283 1403/3400/284 1404/2296/283
f 1396/2297/283 1404/2296/283 1405/2298/283
f 1405/2298/283 1406/2301/283 1398/2300/283
f 1406/2301/283 1407/3401/283 1399/2302/283
f 1399/2302/283 1407/3401/283 1400/2303/283
f 1400/2304/253 1375/2319/209 1377/2305/241
f 1377/2305/241 1378/2308/1174 1402/2307/210
f 1378/2308/1174 1379/3402/172 1403/2309/212
f 1379/2310/172 1380/2313/215 1404/2311/214
f 1380/2313/215 1381/3403/161 1405/2314/161
f 1405/2314/161 1381/3403/161 1382/2315/1177
f 1406/2316/1247 1382/2315/1177 1383/2317/167
f 1407/2318/167 1383/2317/167 1375/2319/209
f 1409/2320/237 1410/3404/218 1411/2321/218
f 1411/2323/218 1410/3405/218 1412/2324/238
f 1413/2325/1241 1412/2324/238 1414/2326/167
f 1415/2327/219 1414/2326/167 1416/2328/166
f 1417/2329/169 1416/2328/166 1418/2330/168
f 1418/2330/168 1420/2333/1249 1421/2332/1249
f 1420/2333/1249 1422/2335/172 1423/2334/213
f 1422/2335/172 1409/2320/237 1408/2322/1248
f 1409/2345/1154 1433/2358/1234 1434/2346/1155
f 1434/2346/1155 1435/2349/1157 1412/2348/1157
f 1435/2349/1157 1436/3406/1236 1414/2350/1236
f 1414/2350/1236 1436/3406/1236 1437/2351/1160
f 1416/2352/1161 1437/2351/1160 1438/2353/1162
f 1438/2353/1162 1439/2356/1163 1420/2355/1163
f 1439/2356/1163 1440/3407/1165 1422/2357/1165
f 1422/2357/1165 1440/3407/1165 1433/2358/1234
f 1441/2359/189 1442/3408/189 1434/2360/189
f 1434/2362/191 1442/3409/190 1443/2363/191
f 1435/2364/192 1443/2363/192 1444/2365/192
f 1436/2366/249 1444/2365/249 1445/2367/249
f 1437/2368/196 1445/2367/197 1446/2369/196
f 1446/2369/198 1447/2372/199 1439/2371/198
f 1447/2372/200 1448/2374/200 1440/2373/200
f 1448/2374/201 1441/2359/201 1433/2361/201
f 1441/2375/283 1449/2388/283 1450/2376/283
f 1450/2376/283 1451/2379/283 1443/2378/283
f 1451/2379/283 1452/3410/283 1444/2380/283
f 1444/2380/283 1452/3410/283 1453/2381/283
f 1445/2382/283 1453/2381/283 1454/2383/283
f 1454/2383/283 1455/2386/283 1447/2385/283
f 1455/2386/283 1456/3411/283 1448/2387/283
f 1448/2387/283 1456/3411/283 1449/2388/283
f 1449/2389/208 1424/2405/1254 1426/2390/168
f 1426/2392/168 1427/2395/1252 1451/2393/210
f 1427/2395/1252 1428/2397/1253 1452/2396/172
f 1428/2397/1253 1429/2399/215 1453/2398/1239
f 1429/2399/215 1430/3412/1645 1454/2400/1228
f 1454/2400/1228 1430/3412/1645 1431/2401/217
f 1455/2402/1177 1431/2401/217 1432/2403/219
f 1456/2404/262 1432/2403/219 1424/2405/1254
f 1458/2406/1178 1459/2429/1198 1460/2407/1179
f 1462/2409/175 1463/2455/175 1464/2410/175
f 1464/2412/1255 1463/2452/1283 1465/2413/1256
f 1466/2415/1258 1465/2453/283 1467/2416/283
f 1468/2418/1260 1467/2454/1284 1462/2419/1261
f 1469/2421/1263 1470/2437/1264 1461/2411/1264
f 1471/2422/1265 1469/2439/1646 1464/2412/1255
f 1461/2420/1262 1470/2440/1647 1472/2423/1266
f 1468/2417/1259 1472/2442/1278 1471/2424/1267
f 1457/2425/175 1460/3413/175 1474/2426/175
f 1474/2428/1268 1460/2407/1179 1459/2429/1198
f 1475/2431/1232 1459/3414/1648 1458/2432/283
f 1476/2434/1270 1458/2406/1178 1457/2408/1180
f 1469/2421/1271 1477/2445/1271 1478/2436/1271
f 1479/2438/1272 1477/2447/1649 1469/2439/1273
f 1470/2440/1275 1478/2449/1650 1480/2441/1276
f 1472/2442/1278 1480/2450/1282 1479/2443/1279
f 1481/2444/1212 1482/3415/1212 1478/2436/1212
f 1479/2438/1280 1483/3416/1280 1481/2446/1280
f 1482/2448/1281 1484/3417/1281 1480/2441/1214
f 1480/2450/1282 1484/3418/1216 1483/2451/1216
f 1463/2452/1283 1474/2428/1268 1475/2430/1269
f 1465/2453/283 1475/2431/1232 1476/2433/1196
f 1467/2454/1284 1476/2434/1270 1473/2435/1201
f 1473/2427/175 1474/2426/175 1463/2455/175
f 1483/2456/175 1484/3419/174 1482/2457/174
f 1485/2459/238 1486/2474/163 1487/2460/161
f 1487/2460/161 1489/2463/162 1490/2462/237
f 1489/2463/162 1491/2465/213 1492/2464/212
f 1491/2465/213 1493/2467/1150 1494/2466/171
f 1493/2467/1150 1495/3420/168 1496/2468/168
f 1496/2469/168 1495/3421/168 1497/2470/169
f 1498/2471/1242 1497/2470/169 1499/2472/219
f 1500/2473/262 1499/2472/219 1486/2474/163
f 1486/2484/179 1510/2497/179 1511/2485/178
f 1511/2485/178 1512/2488/1285 1489/2487/177
f 1512/2488/1285 1513/3422/187 1491/2489/1286
f 1491/2489/1286 1513/3422/187 1514/2490/1221
f 1493/2491/186 1514/2490/1221 1515/2492/185
f 1515/2492/185 1516/2495/182 1497/2494/184
f 1516/2495/182 1517/3423/181 1499/2496/181
f 1499/2496/181 1517/3423/181 1510/2497/179
f 1510/2498/191 1518/2513/190 1519/2499/191
f 1519/2499/189 1520/2502/189 1512/2501/189
f 1520/2502/201 1521/2504/201 1513/2503/201
f 1521/2504/200 1522/2506/200 1514/2505/200
f 1522/2506/198 1523/3424/1251 1515/2507/198
f 1515/2508/197 1523/3425/196 1524/2509/197
f 1516/2510/249 1524/2509/249 1525/2511/249
f 1517/2512/192 1525/2511/192 1518/2513/192
f 1518/2514/175 1526/2527/175 1527/2515/175
f 1527/2515/175 1528/2518/176 1520/2517/176
f 1528/2518/176 1529/3426/175 1521/2519/175
f 1521/2519/175 1529/3426/175 1530/2520/175
f 1522/2521/175 1530/2520/175 1531/2522/175
f 1531/2522/175 1532/2525/175 1524/2524/175
f 1532/2525/175 1533/3427/175 1525/2526/175
f 1525/2526/175 1533/3427/175 1526/2527/175
f 1501/2528/210 1503/3428/168 1527/2529/168
f 1527/2529/168 1503/3428/168 1504/2531/253
f 1528/2532/209 1504/2531/253 1505/2533/262
f 1529/2534/219 1505/2533/262 1506/2535/1177
f 1530/2536/1177 1506/2535/1177 1507/2537/161
f 1507/2539/161 1508/2542/214 1532/2540/215
f 1508/2542/214 1509/2544/212 1533/2543/213
f 1509/2544/212 1501/2528/210 1526/2530/1174
f 1534/2545/238 1535/2560/239 1536/2546/161
f 1536/2546/161 1538/2549/162 1539/2548/160
f 1538/2549/162 1540/2551/172 1541/2550/212
f 1540/2551/172 1542/2553/1249 1543/2552/171
f 1542/2553/1249 1544/3429/168 1545/2554/168
f 1545/2555/168 1544/3430/168 1546/2556/1148
f 1547/2557/166 1546/2556/1148 1548/2558/219
f 1549/2559/262 1548/2558/219 1535/2560/239
f 1535/2570/179 1559/2583/244 1560/2571/178
f 1560/2571/178 1561/2574/1288 1538/2573/177
f 1561/2574/1288 1562/3431/1220 1540/2575/187
f 1540/2575/187 1562/3431/1220 1563/2576/1221
f 1542/2577/186 1563/2576/1221 1564/2578/185
f 1564/2578/185 1565/2581/182 1546/2580/184
f 1565/2581/182 1566/3432/181 1548/2582/181
f 1548/2582/181 1566/3432/181 1559/2583/244
f 1559/2584/190 1567/2599/1223 1568/2585/190
f 1568/2585/189 1569/2588/189 1561/2587/189
f 1569/2588/251 1570/2590/201 1562/2589/251
f 1570/2590/1289 1571/2592/1289 1563/2591/1289
f 1571/2592/199 1572/3433/198 1564/2593/199
f 1564/2594/196 1572/3434/196 1573/2595/196
f 1565/2596/249 1573/2595/249 1574/2597/249
f 1566/2598/192 1574/2597/192 1567/2599/192
f 1567/2600/203 1575/2613/203 1576/2601/175
f 1576/2601/175 1577/2604/174 1569/2603/174
f 1577/2604/174 1578/3435/176 1570/2605/175
f 1570/2605/175 1578/3435/176 1579/2606/175
f 1571/2607/175 1579/2606/175 1580/2608/175
f 1580/2608/175 1581/2611/175 1573/2610/175
f 1581/2611/175 1582/3436/176 1574/2612/175
f 1574/2612/175 1582/3436/176 1575/2613/203
f 1550/2614/210 1552/3437/252 1576/2615/168
f 1576/2615/168 1552/3437/252 1553/2617/208
f 1577/2618/1254 1553/2617/208 1554/2619/262
f 1578/2620/219 1554/2619/262 1555/2621/220
f 1579/2622/1177 1555/2621/220 1556/2623/161
f 1556/2625/161 1557/2628/1175 1581/2626/1227
f 1557/2628/1175 1558/2630/172 1582/2629/172
f 1558/2630/172 1550/2614/210 1575/2616/1290
f 1583/2631/1291 1584/2637/1297 1585/2632/1292
f 1586/2633/1293 1585/2632/1292 1587/2634/1294
f 1585/2632/1292 1589/2638/1298 1590/2636/1296
f 1584/2637/1297 1591/2639/1299 1589/2638/1298
f 1591/2639/1299 1592/2643/1303 1593/2640/1300
f 1589/2638/1298 1593/2640/1300 1594/2641/1301
f 1593/2640/1300 1595/2644/1304 1596/2642/1302
f 1592/2643/1303 1597/2681/1341 1595/2644/1304
f 1599/2645/1305 1600/2648/1308 1601/2646/1306
f 1600/2648/1308 1602/2651/1311 1603/2649/1309
f 1604/2650/1310 1605/2655/1315 1602/2651/1311
f 1606/2652/1312 1604/2650/1310 1600/2648/1308
f 1607/2653/1313 1608/2654/1314 1604/2650/1310
f 1608/2654/1314 1609/2657/1317 1605/2655/1315
f 1610/2656/1316 1611/2692/1352 1609/2657/1317
f 1612/2658/1318 1610/2656/1316 1608/2654/1314
f 1613/2659/1319 1614/2663/1323 1615/2660/1320
f 1617/2662/1322 1618/2664/1324 1614/2663/1323
f 1618/2664/1324 1619/2668/1328 1620/2665/1325
f 1614/2663/1323 1620/2665/1325 1621/2666/1326
f 1620/2665/1325 1622/2669/1329 1623/2667/1327
f 1619/2668/1328 1624/2711/1371 1622/2669/1329
f 1626/2670/1330 1627/2677/1337 1628/2671/1331
f 1630/2673/1333 1626/2670/1330 1625/2672/1332
f 1631/2675/1335 1632/2676/1336 1626/2670/1330
f 1632/2676/1336 1633/2679/1339 1627/2677/1337
f 1634/2678/1338 1635/2701/1361 1633/2679/1339
f 1636/2680/1340 1634/2678/1338 1632/2676/1336
f 1597/2681/1341 1637/2685/1345 1638/2682/1342
f 1595/2644/1304 1638/2682/1342 1639/2683/1343
f 1638/2682/1342 1640/2686/1346 1641/2684/1344
f 1637/2685/1345 1642/2687/1347 1640/2686/1346
f 1642/2687/1347 1643/2729/1384 1644/2688/1348
f 1640/2686/1346 1644/2688/1348 1645/2689/1349
f 1646/2690/1350 1647/2691/1351 1610/2656/1316
f 1647/2691/1351 1648/2694/1354 1611/2692/1352
f 1649/2693/1353 1650/2698/1358 1648/2694/1354
f 1651/2695/1355 1649/2693/1353 1647/2691/1351
f 1652/2696/1356 1653/2697/1357 1649/2693/1353
f 1653/2697/1357 1654/2728/1383 1650/2698/1358
f 1655/2699/1359 1656/2700/1360 1634/2678/1338
f 1656/2700/1360 1657/2703/1363 1635/2701/1361
f 1658/2702/1362 1659/2707/1367 1657/2703/1363
f 1660/2704/1364 1658/2702/1362 1656/2700/1360
f 1661/2705/1365 1662/2706/1366 1658/2702/1362
f 1662/2706/1366 1663/2709/1369 1659/2707/1367
f 1664/2708/1368 1665/2730/1385 1663/2709/1369
f 1666/2710/1370 1664/2708/1368 1662/2706/1366
f 1624/2711/1371 1667/2715/1375 1668/2712/1372
f 1622/2669/1329 1668/2712/1372 1669/2713/1373
f 1668/2712/1372 1670/2716/1376 1671/2714/1374
f 1667/2715/1375 1672/2717/1377 1670/2716/1376
f 1672/2717/1377 1673/2721/1381 1674/2718/1378
f 1670/2716/1376 1674/2718/1378 1675/2719/1379
f 1674/2718/1378 1676/2722/1382 1677/2720/1380
f 1673/2721/1381 1678/2733/1386 1676/2722/1382
f 1639/2683/1343 1646/2690/1350 1612/2658/1318
f 1641/2684/1344 1651/2695/1355 1646/2690/1350
f 1631/2675/1335 1630/2673/1333 1615/2723/1320
f 1621/2724/1326 1623/2725/1327 1636/2680/1340
f 1633/2679/1339 1635/2701/1361 1611/2692/1352
f 1650/2698/1358 1627/2677/1337 1633/2679/1339
f 1619/2668/1328 1637/2685/1345 1597/2681/1341
f 1619/2668/1328 1618/2664/1324 1642/2687/1347
f 1594/2641/1301 1607/2653/1313 1606/2652/1312
f 1596/2642/1302 1612/2658/1318 1607/2653/1313
f 1657/2703/1363 1659/2707/1367 1605/2655/1315
f 1609/2657/1317 1611/2692/1352 1635/2701/1361
f 1655/2699/1359 1636/2680/1340 1623/2725/1327
f 1669/2726/1373 1671/2731/1374 1660/2704/1364
f 1667/2715/1375 1592/2643/1303 1591/2639/1299
f 1624/2711/1371 1597/2681/1341 1592/2643/1303
f 1630/2673/1333 1629/2674/1334 1616/2727/1321
f 1654/2728/1383 1628/2671/1331 1627/2677/1337
f 1645/2689/1349 1652/2696/1356 1651/2695/1355
f 1643/2729/1384 1642/2687/1347 1618/2664/1324
f 1599/2645/1305 1587/2634/1294 1590/2636/1296
f 1587/2634/1294 1599/2645/1305 1598/2647/1307
f 1663/2709/1369 1602/2651/1311 1605/2655/1315
f 1602/2651/1311 1663/2709/1369 1665/2730/1385
f 1661/2705/1365 1660/2704/1364 1671/2731/1374
f 1675/2732/1379 1677/3438/1380 1666/2710/1370
f 1591/2639/1299 1584/2637/1297 1673/2721/1381
f 1584/2637/1297 1583/2631/1291 1678/2733/1386
f 1680/2734/1387 1681/2742/1394 1682/2735/1388
f 1682/2737/1388 1683/2739/1391 1684/2738/1390
f 1683/2739/1391 1685/3439/1408 1686/2740/1392
f 1687/2741/1393 1688/2744/1396 1681/2742/1394
f 1689/2743/1395 1690/2755/1407 1688/2744/1396
f 1691/2745/1397 1692/2748/1400 1693/2746/1398
f 1686/2740/1392 1685/3439/1408 1691/2745/1397
f 1692/2748/1400 1695/3440/1410 1696/2749/1401
f 1696/2749/1401 1695/3440/1410 1698/2750/1402
f 1698/2750/1402 1699/2753/1405 1700/2752/1404
f 1699/2753/1405 1701/3441/1409 1702/2754/1406
f 1702/2754/1406 1701/3441/1409 1690/2755/1407
f 1688/2756/1396 1617/2662/1322 1613/2659/1319
f 1681/2757/1394 1613/2659/1319 1616/2661/1321
f 1629/2674/1334 1625/2672/1332 1685/2759/1408
f 1625/2672/1332 1628/2671/1331 1691/2761/1397
f 1644/2688/1348 1701/2763/1409 1699/2762/1405
f 1643/2729/1384 1690/2768/1407 1701/2763/1409
f 1695/2764/1410 1692/2767/1400 1654/2728/1383
f 1698/2765/1402 1695/2764/1410 1653/2697/1357
f 1629/2674/1334 1683/2760/1391 1682/2766/1388
f 1692/2767/1400 1691/2761/1397 1628/2671/1331
f 1699/2762/1405 1698/2765/1402 1652/2696/1356
f 1617/2662/1322 1688/2756/1396 1690/2768/1407
f 1696/2749/1401 1702/2754/1406 1689/2743/1395
f 1702/2754/1406 1696/2749/1401 1697/2751/1403
f 1693/2746/1398 1689/2743/1395 1687/2741/1393
f 1694/2747/1399 1687/2741/1393 1680/2734/1387
f 1680/2734/1387 1679/2736/1389 1684/2738/1390
f 1704/2769/237 1705/3442/161 1706/2770/161
f 1706/2772/161 1705/3443/161 1707/2773/238
f 1708/2774/1241 1707/2773/238 1709/2775/167
f 1710/2776/167 1709/2775/167 1711/2777/1411
f 1712/2778/1148 1711/2777/1411 1713/2779/168
f 1713/2779/168 1715/2782/171 1716/2781/1150
f 1715/2782/171 1717/2784/212 1718/2783/172
f 1717/2784/212 1704/2769/237 1703/2771/1230
f 1704/2794/1154 1728/2807/1234 1729/2795/1155
f 1729/2795/1155 1730/2798/1233 1707/2797/1157
f 1730/2798/1233 1731/3444/1236 1709/2799/1412
f 1709/2799/1412 1731/3444/1236 1732/2800/1161
f 1711/2801/1161 1732/2800/1161 1733/2802/1162
f 1733/2802/1162 1734/2805/1163 1715/2804/1163
f 1734/2805/1163 1735/3445/1165 1717/2806/1413
f 1717/2806/1413 1735/3445/1165 1728/2807/1234
f 1736/2808/189 1737/3446/248 1729/2809/189
f 1729/2811/190 1737/3447/190 1738/2812/190
f 1730/2813/192 1738/2812/192 1739/2814/192
f 1731/2815/249 1739/2814/249 1740/2816/249
f 1732/2817/196 1740/2816/197 1741/2818/196
f 1741/2818/198 1742/2821/199 1734/2820/198
f 1742/2821/1289 1743/2823/200 1735/2822/1289
f 1743/2823/251 1736/2808/1224 1728/2810/251
f 1736/2824/284 1744/2837/283 1745/2825/284
f 1745/2825/284 1746/2828/283 1738/2827/284
f 1746/2828/283 1747/3448/283 1739/2829/283
f 1739/2829/283 1747/3448/283 1748/2830/284
f 1740/2831/283 1748/2830/284 1749/2832/283
f 1749/2832/283 1750/2835/284 1742/2834/283
f 1750/2835/284 1751/3449/283 1743/2836/283
f 1743/2836/283 1751/3449/283 1744/2837/283
f 1744/2838/253 1719/2854/209 1721/2839/241
f 1721/2841/241 1722/2844/1174 1746/2842/210
f 1722/2844/1174 1723/2846/172 1747/2845/212
f 1723/2846/172 1724/2848/215 1748/2847/1414
f 1724/2848/215 1725/3450/218 1749/2849/218
f 1749/2849/218 1725/3450/218 1726/2850/1415
f 1750/2851/220 1726/2850/1415 1727/2852/260
f 1751/2853/262 1727/2852/260 1719/2854/209
f 1753/2855/1416 1754/2858/1419 1755/2856/1417
f 1754/2858/1419 1756/2861/1422 1757/2859/1420
f 1758/2860/1421 1759/2865/1426 1756/2861/1422
f 1760/2862/1423 1758/2860/1421 1754/2858/1419
f 1761/2863/1424 1762/2864/1425 1758/2860/1421
f 1762/2864/1425 1763/2867/1428 1759/2865/1426
f 1764/2866/1427 1765/2912/1459 1763/2867/1428
f 1766/2868/1429 1764/2866/1427 1762/2864/1425
f 1767/2869/1019 1768/2875/1021 1769/2870/1430
f 1770/2871/1431 1769/2870/1430 1771/2872/1017
f 1769/2870/1430 1773/2876/1432 1774/2874/1023
f 1768/2875/1021 1775/2877/1025 1773/2876/1432
f 1775/2877/1025 1776/2881/1027 1777/2878/1433
f 1773/2876/1432 1777/2878/1433 1778/2879/1024
f 1777/2878/1433 1779/2882/1435 1780/2880/1434
f 1776/2881/1027 1781/2923/1469 1779/2882/1435
f 1783/2883/1436 1784/2886/1439 1785/2884/1437
f 1784/2886/1439 1786/2889/1441 1787/2887/1058
f 1788/2888/1440 1789/2893/1445 1786/2889/1441
f 1790/2890/1442 1788/2888/1440 1784/2886/1439
f 1791/2891/1443 1792/2892/1444 1788/2888/1440
f 1792/2892/1444 1793/2895/1447 1789/2893/1445
f 1794/2894/1446 1795/2949/1483 1793/2895/1447
f 1796/2896/1448 1794/2894/1446 1792/2892/1444
f 1797/2897/1047 1798/2903/1453 1799/2898/1449
f 1800/2899/1044 1799/2898/1449 1801/2900/1450
f 1799/2898/1449 1803/2904/1454 1804/2902/1452
f 1798/2903/1453 1805/2905/1053 1803/2904/1454
f 1805/2905/1053 1806/2909/1055 1807/2906/1455
f 1803/2904/1454 1807/2906/1455 1808/2907/1052
f 1807/2906/1455 1809/2910/1457 1810/2908/1456
f 1806/2909/1055 1811/2935/1108 1809/2910/1457
f 1812/2911/1458 1813/2914/1461 1765/2912/1459
f 1815/2913/1460 1816/2919/1466 1813/2914/1461
f 1817/2915/1462 1815/2913/1460 1812/2911/1458
f 1818/2917/1464 1819/2918/1465 1815/2913/1460
f 1819/2918/1465 1820/2921/1467 1816/2919/1466
f 1821/2920/1093 1822/3451/1094 1820/2921/1467
f 1823/2922/1468 1821/2920/1093 1819/2918/1465
f 1781/2923/1469 1824/2927/1472 1825/2924/1470
f 1779/2882/1435 1825/2924/1470 1826/2925/1471
f 1825/2924/1470 1827/2928/1473 1828/2926/1076
f 1824/2927/1472 1829/2929/1078 1827/2928/1473
f 1829/2929/1078 1830/2933/1080 1831/2930/1474
f 1827/2928/1473 1831/2930/1474 1832/2931/1077
f 1831/2930/1474 1833/2934/1081 1834/2932/1475
f 1830/2933/1080 1835/3452/1123 1833/2934/1081
f 1811/2935/1108 1836/2939/1110 1837/2936/1476
f 1809/2910/1457 1837/2936/1476 1838/2937/1107
f 1837/2936/1476 1839/2940/1477 1840/2938/1112
f 1836/2939/1110 1841/2941/1478 1839/2940/1477
f 1841/2941/1478 1842/2945/1116 1843/2942/1479
f 1839/2940/1477 1843/2942/1479 1844/2943/1113
f 1843/2942/1479 1845/2946/1480 1846/2944/1118
f 1842/2945/1116 1847/2966/1121 1845/2946/1480
f 1848/2947/1481 1849/2948/1482 1794/2894/1446
f 1849/2948/1482 1850/2951/1485 1795/2949/1483
f 1851/2950/1484 1852/2955/1489 1850/2951/1485
f 1853/2952/1486 1851/2950/1484 1849/2948/1482
f 1854/2953/1487 1855/2954/1488 1851/2950/1484
f 1855/2954/1488 1856/2957/1491 1852/2955/1489
f 1857/2956/1490 1858/2996/1517 1856/2957/1491
f 1859/2958/1492 1857/2956/1490 1855/2954/1488
f 1813/2959/1461 1824/2927/1472 1781/2923/1469
f 1816/2961/1466 1829/2929/1078 1824/2927/1472
f 1806/2909/1055 1805/2905/1053 1789/2893/1445
f 1793/2895/1447 1795/2949/1483 1811/2935/1108
f 1808/2907/1052 1810/2908/1456 1780/2880/1434
f 1826/2925/1471 1828/2926/1076 1804/2902/1452
f 1814/2916/1463 1791/2891/1443 1790/2890/1442
f 1766/2868/1429 1796/2896/1448 1791/2891/1443
f 1763/2962/1428 1776/2881/1027 1775/2877/1025
f 1765/2960/1459 1781/2923/1469 1776/2881/1027
f 1838/2937/1107 1840/2938/1112 1774/2874/1023
f 1778/2879/1024 1780/2880/1434 1810/2908/1456
f 1836/2939/1110 1811/2935/1108 1795/2949/1483
f 1850/2951/1485 1852/2955/1489 1841/2941/1478
f 1761/2863/1424 1848/2947/1481 1796/2896/1448
f 1760/2862/1423 1853/2952/1486 1848/2947/1481
f 1768/2875/1021 1756/2964/1422 1759/2963/1426
f 1756/2964/1422 1768/2875/1021 1767/2869/1019
f 1772/2873/1018 1771/2872/1017 1844/2943/1113
f 1771/2872/1017 1774/2874/1023 1840/2938/1112
f 1842/2945/1116 1841/2941/1478 1852/2955/1489
f 1856/2957/1491 1858/2996/1517 1847/2966/1121
f 1753/2855/1416 1854/2953/1487 1853/2952/1486
f 1752/2857/1418 1859/2958/1492 1854/2953/1487
f 1805/2905/1053 1798/2903/1453 1786/2889/1441
f 1798/2903/1453 1797/2897/1047 1787/2887/1058
f 1801/2900/1450 1804/2902/1452 1828/2926/1076
f 1832/2931/1077 1834/2932/1475 1802/2901/1451
f 1820/2967/1467 1830/2933/1080 1829/2929/1078
f 1822/2968/1094 1835/3452/1123 1830/2933/1080
f 1818/2917/1464 1783/2883/1436 1782/2885/1438
f 1783/2883/1436 1818/2917/1464 1817/2915/1462
f 1861/2969/1493 1862/2985/1509 1863/2970/1494
f 1863/2970/1494 1864/2973/1497 1865/2972/1496
f 1864/2973/1497 1866/2979/1503 1867/2974/1498
f 1869/2975/1499 1870/2991/1515 1871/2976/1500
f 1872/2978/1502 1873/2980/1504 1868/2977/1501
f 1872/2978/1502 1867/2974/1498 1866/2979/1503
f 1875/2981/1505 1876/2986/1510 1877/2982/1506
f 1877/2982/1506 1878/2988/1512 1879/2984/1508
f 1862/2985/1509 1861/2969/1493 1876/2986/1510
f 1880/2987/1511 1879/2984/1508 1878/2988/1512
f 1882/2990/1514 1883/2992/1516 1880/2987/1511
f 1870/2991/1515 1869/2975/1499 1883/2992/1516
f 1864/2993/1497 1863/3453/1494 1757/2965/1420
f 1846/2944/1118 1868/3001/1501 1873/2994/1504
f 1875/2995/1505 1874/3004/1507 1859/2958/1492
f 1858/2996/1517 1880/3454/1511 1883/2997/1516
f 1862/2998/1509 1875/2995/1505 1752/2857/1418
f 1863/2999/1494 1862/2998/1509 1755/2856/1417
f 1770/2871/1431 1866/3000/1503 1864/2993/1497
f 1772/2873/1018 1873/2994/1504 1866/3000/1503
f 1845/2946/1480 1869/3002/1499 1868/3001/1501
f 1847/2966/1121 1883/2997/1516 1869/3002/1499
f 1879/3003/1508 1880/3454/1511 1858/2996/1517
f 1874/3004/1507 1879/3003/1508 1857/2956/1490
f 1871/2976/1500 1877/2982/1506 1876/2986/1510
f 1861/2969/1493 1867/2974/1498 1872/2978/1502
f 1860/2971/1495 1865/2972/1496 1867/2974/1498
f 1877/2982/1506 1871/2976/1500 1870/2991/1515
f 1878/2988/1512 1870/2991/1515 1882/2990/1514
f 1884/3005/237 1885/3009/161 1886/3006/161
f 1888/3008/238 1889/3011/165 1886/3006/161
f 1890/3010/262 1891/3455/219 1889/3011/165
f 1892/3012/166 1893/3016/169 1891/3013/219
f 1894/3015/168 1895/3018/168 1893/3016/169
f 1894/3015/168 1896/3019/171 1897/3017/1150
f 1896/3019/171 1898/3021/212 1899/3020/213
f 1898/3021/212 1884/3005/237 1887/3007/160
f 1887/3031/177 1886/3035/178 1909/3032/178
f 1889/3034/179 1911/3037/1518 1909/3032/178
f 1891/3036/181 1912/3039/181 1911/3037/1518
f 1891/3036/181 1893/3040/184 1913/3038/1519
f 1893/3040/184 1895/3043/185 1914/3041/185
f 1897/3042/186 1915/3045/1221 1914/3041/185
f 1899/3044/187 1916/3046/187 1915/3045/1221
f 1899/3044/187 1887/3031/177 1910/3033/1285
f 1910/3047/1246 1909/3051/1246 1917/3048/1246
f 1911/3050/1520 1919/3053/1651 1917/3048/1520
f 1912/3052/193 1920/3456/192 1919/3053/1168
f 1913/3054/249 1921/3058/249 1920/3055/249
f 1914/3057/196 1922/3060/197 1921/3058/196
f 1914/3057/198 1915/3061/198 1923/3059/198
f 1915/3061/200 1916/3063/200 1924/3062/200
f 1916/3063/251 1910/3047/251 1918/3049/251
f 1918/3064/175 1917/3068/175 1925/3065/175
f 1919/3067/175 1927/3070/176 1925/3065/175
f 1920/3069/175 1928/3072/175 1927/3070/176
f 1920/3069/175 1921/3073/175 1929/3071/175
f 1921/3073/175 1922/3076/176 1930/3074/176
f 1923/3075/175 1931/3078/175 1930/3074/176
f 1924/3077/175 1932/3079/175 1931/3078/175
f 1924/3077/175 1918/3064/175 1926/3066/176
f 1925/3080/252 1901/3084/1521 1900/3081/208
f 1925/3080/252 1927/3085/1290 1903/3083/210
f 1927/3085/1290 1928/3457/213 1904/3086/212
f 1928/3087/213 1929/3090/1175 1905/3088/1226
f 1929/3090/1175 1930/3093/161 1906/3091/216
f 1931/3092/217 1907/3095/258 1906/3091/216
f 1932/3094/167 1908/3096/262 1907/3095/258
f 1926/3082/253 1900/3081/208 1908/3096/262
f 1933/3097/1522 1934/3100/1525 1935/3098/1523
f 1934/3100/1525 1937/3195/1588 1938/3101/1526
f 1935/3098/1523 1938/3101/1526 1939/3102/1527
f 1936/3099/1524 1935/3098/1523 1940/3103/1528
f 1941/3104/1529 1940/3103/1528 1942/3105/1530
f 1940/3103/1528 1939/3102/1527 1944/3107/1532
f 1942/3105/1530 1944/3107/1532 1945/3108/1533
f 1943/3106/1531 1942/3105/1530 1946/3109/1534
f 1949/3111/1293 1950/3115/1536 1951/3112/1294
f 1952/3114/1291 1953/3116/1297 1950/3115/1536
f 1953/3116/1297 1954/3120/1299 1955/3117/1537
f 1950/3115/1536 1955/3117/1537 1956/3118/1538
f 1955/3117/1537 1957/3121/1540 1958/3119/1539
f 1954/3120/1299 1959/3122/1303 1957/3121/1540
f 1959/3122/1303 1960/3157/1341 1961/3123/1541
f 1957/3121/1540 1961/3123/1541 1962/3124/1302
f 1963/3125/1542 1964/3223/1611 1965/3126/1543
f 1967/3128/1545 1963/3125/1542 1966/3127/1544
f 1968/3129/1546 1966/3127/1544 1969/3130/1547
f 1966/3127/1544 1965/3126/1543 1971/3132/1549
f 1969/3130/1547 1971/3132/1549 1972/3133/1550
f 1970/3131/1548 1969/3130/1547 1973/3134/1551
f 1976/3136/1553 1977/3142/1324 1978/3137/1554
f 1975/3138/1555 1978/3137/1554 1980/3139/1320
f 1978/3137/1554 1981/3143/1556 1982/3141/1326
f 1977/3142/1324 1983/3144/1328 1981/3143/1556
f 1983/3144/1328 1984/3166/1573 1985/3145/1557
f 1981/3143/1556 1985/3145/1557 1986/3146/1327
f 1947/3110/1535 1946/3109/1534 1987/3147/1558
f 1946/3109/1534 1945/3108/1533 1989/3149/1560
f 1987/3147/1558 1989/3149/1560 1990/3150/1561
f 1988/3148/1559 1987/3147/1558 1991/3151/1562
f 1992/3152/1563 1991/3151/1562 1993/3153/1564
f 1991/3151/1562 1990/3150/1561 1995/3155/1566
f 1961/3123/1541 1996/3158/1567 1997/3156/1343
f 1960/3157/1341 1998/3159/1568 1996/3158/1567
f 1998/3159/1568 1999/3163/1347 2000/3160/1569
f 1996/3158/1567 2000/3160/1569 2001/3161/1570
f 2000/3160/1569 2002/3164/1572 2003/3162/1571
f 1999/3163/1347 2004/3194/1384 2002/3164/1572
f 1985/3145/1557 2005/3167/1574 2006/3165/1373
f 1984/3166/1573 2007/3168/1375 2005/3167/1574
f 2007/3168/1375 2008/3172/1377 2009/3169/1575
f 2005/3167/1574 2009/3169/1575 2010/3170/1374
f 2009/3169/1575 2011/3173/1576 2012/3171/1379
f 2008/3172/1377 2013/3174/1381 2011/3173/1576
f 2013/3174/1381 2014/3196/1386 2015/3175/1577
f 2011/3173/1576 2015/3175/1577 2016/3176/1380
f 1974/3135/1552 1973/3134/1551 2017/3177/1578
f 1973/3134/1551 1972/3133/1550 2019/3179/1580
f 2017/3177/1578 2019/3179/1580 2020/3180/1581
f 2018/3178/1579 2017/3177/1578 2021/3181/1582
f 2022/3182/1583 2021/3181/1582 2023/3183/1584
f 2021/3181/1582 2020/3180/1581 2025/3185/1586
f 2023/3183/1584 2025/3185/1586 2026/3186/1370
f 2024/3184/1585 2023/3183/1584 2027/3187/1587
f 1945/3108/1533 1962/3124/1302 1997/3156/1343
f 1989/3149/1560 1997/3156/1343 2001/3161/1570
f 1971/3189/1549 1965/3193/1543 1980/3139/1320
f 1982/3141/1326 1986/3146/1327 1972/3190/1550
f 1960/3157/1341 1984/3166/1573 1983/3144/1328
f 1983/3144/1328 1977/3142/1324 1999/3163/1347
f 1970/3131/1548 1974/3135/1552 1947/3110/1535
f 1970/3131/1548 1988/3148/1559 1992/3152/1563
f 1939/3102/1527 1956/3118/1538 1958/3119/1539
f 1944/3107/1532 1958/3119/1539 1962/3124/1302
f 1954/3120/1299 2008/3172/1377 2007/3168/1375
f 1959/3122/1303 2007/3168/1375 1984/3166/1573
f 2019/3191/1580 1972/3190/1550 1986/3146/1327
f 2006/3165/1373 2010/3170/1374 2020/3192/1581
f 2018/3178/1579 2022/3182/1583 1941/3104/1529
f 1943/3106/1531 1947/3110/1535 1974/3135/1552
f 1965/3193/1543 1964/3232/1611 1979/3140/1321
f 2004/3194/1384 1999/3163/1347 1977/3142/1324
f 1990/3150/1561 2001/3161/1570 2003/3162/1571
f 1968/3129/1546 1992/3152/1563 1994/3154/1565
f 1956/3118/1538 1939/3102/1527 1938/3101/1526
f 1937/3195/1588 1948/3113/1295 1951/3112/1294
f 1954/3120/1299 1953/3116/1297 2013/3174/1381
f 1953/3116/1297 1952/3114/1291 2014/3196/1386
f 2025/3197/1586 2020/3192/1581 2010/3170/1374
f 2012/3171/1379 2016/3176/1380 2026/3198/1370
f 1941/3104/1529 2022/3182/1583 2024/3184/1585
f 2028/3188/1385 1933/3097/1522 1936/3099/1524
f 2030/3199/1589 2031/3458/1610 2032/3200/1590
f 2029/3201/1591 2033/3235/1613 2034/3202/1592
f 2034/3202/1592 2033/3235/1613 2035/3204/1593
f 2032/3200/1590 2031/3458/1610 2037/3206/1595
f 2037/3206/1595 2039/3220/1609 2040/3208/1597
f 2041/3209/1598 2042/3212/1601 2043/3210/1599
f 2042/3212/1601 2041/3209/1598 2036/3205/1594
f 2044/3211/1600 2043/3210/1599 2045/3213/1602
f 2048/3215/1604 2046/3214/1603 2045/3213/1602
f 2047/3216/1605 2049/3234/1612 2050/3217/1606
f 2050/3217/1606 2049/3234/1612 2051/3218/1607
f 2039/3220/1609 2052/3219/1608 2051/3218/1607
f 2037/3221/1595 2031/3222/1610 1963/3125/1542
f 2031/3222/1610 2030/3459/1589 1964/3223/1611
f 2036/3224/1594 1975/3138/1555 1979/3140/1321
f 2041/3226/1598 1976/3136/1553 1975/3138/1555
f 1993/3153/1564 1995/3155/1566 2050/3227/1606
f 1994/3154/1565 1993/3153/1564 2052/3228/1608
f 2004/3194/1384 2044/3233/1600 2046/3230/1603
f 2002/3164/1572 2046/3230/1603 2048/3231/1604
f 1964/3232/1611 2030/3460/1589 2034/3225/1592
f 1976/3136/1553 2041/3226/1598 2044/3233/1600
f 1995/3155/1566 2003/3162/1571 2048/3231/1604
f 1967/3128/1545 1994/3154/1565 2039/3229/1609
f 2043/3210/1599 2040/3208/1597 2051/3218/1607
f 2047/3216/1605 2045/3213/1602 2051/3218/1607
f 2042/3212/1601 2038/3207/1596 2040/3208/1597
f 2035/3204/1593 2032/3200/1590 2038/3207/1596
f 2032/3200/1590 2035/3204/1593 2033/3235/1613
f 1814/2916/1463 1812/2911/1458 1764/2866/1427
f 1063/1724/1073 1016/1679/1028 1015/3236/1119
f 842/3239/1616 841/3461/1652 840/3462/1653
f 840/3462/1653 839/3463/1654 838/3237/1614
f 838/3237/1614 837/3464/1655 836/3238/1615
f 836/3238/1615 835/3465/1656 842/3239/1616
f 842/3239/1616 840/3462/1653 838/3237/1614
f 778/3242/1617 777/3466/1657 776/3467/1653
f 776/3467/1653 775/3468/1658 774/3240/1614
f 774/3240/1614 773/3469/1659 772/3241/1615
f 772/3241/1615 771/3470/1656 778/3242/1617
f 778/3242/1617 776/3467/1653 774/3240/1614
f 770/3245/1620 769/3471/1660 768/3472/1661
f 768/3472/1661 767/3473/1662 766/3243/1618
f 766/3243/1618 765/3474/1663 764/3244/1619
f 764/3244/1619 763/3475/1664 770/3245/1620
f 770/3245/1620 768/3472/1661 766/3243/1618
f 834/3248/1620 833/3476/1665 832/3477/1661
f 832/3477/1661 831/3478/1666 830/3246/1621
f 830/3246/1621 829/3479/1667 828/3247/1619
f 828/3247/1619 827/3480/1668 834/3248/1620
f 834/3248/1620 832/3477/1661 830/3246/1621
