# Blender 5.0.1
# www.blender.org
mtllib Silla2S4.mtl
o Silla2S4
v -2.527288 0.688354 -5.455464
v -2.516784 0.688254 -5.484812
v -2.530057 0.680255 -5.498862
v -2.544719 0.677874 -5.458336
v -2.489177 0.675557 -5.307190
v -2.474790 0.688839 -5.312702
v -2.452615 0.674455 -5.288110
v -2.448712 0.688882 -5.300211
v -2.479852 0.688198 -5.501426
v -2.479213 0.680297 -5.521373
v -2.453407 0.688242 -5.488349
v -2.443020 0.678026 -5.503293
v -2.400860 0.688729 -5.345253
v -2.387454 0.675787 -5.352081
v -2.412008 0.688827 -5.316184
v -2.401741 0.674591 -5.310539
v -2.534899 0.570364 -5.547274
v -2.544269 0.570434 -5.526609
v -2.565546 0.591321 -5.514714
v -2.551058 0.593006 -5.555712
v -2.500375 0.592578 -5.578660
v -2.506611 0.570319 -5.560493
v -2.464178 0.590506 -5.560567
v -2.486316 0.570345 -5.553050
v -2.497324 0.570869 -5.398698
v -2.513846 0.586937 -5.374018
v -2.412428 0.586269 -5.419734
v -2.439054 0.570781 -5.424649
v -2.477481 0.570899 -5.389930
v -2.478409 0.582747 -5.357985
v -2.448206 0.570856 -5.402668
v -2.427668 0.582484 -5.380778
v -4.664663 0.691587 -4.504206
v -4.653929 0.681065 -4.519614
v -4.690138 0.683523 -4.537500
v -4.690807 0.691543 -4.517243
v -4.612225 0.692073 -4.361418
v -4.598388 0.678748 -4.368469
v -4.623136 0.692171 -4.332466
v -4.612695 0.677723 -4.326747
v -4.741057 0.683719 -4.514719
v -4.727962 0.691599 -4.500886
v -4.755734 0.681525 -4.474000
v -4.738766 0.691699 -4.471231
v -4.700169 0.679285 -4.322788
v -4.686151 0.692186 -4.328166
v -4.663586 0.678012 -4.303887
v -4.659719 0.692228 -4.315821
v -4.717506 0.573666 -4.575886
v -4.711138 0.596274 -4.594350
v -4.674756 0.594511 -4.575993
v -4.697674 0.573692 -4.568218
v -4.746276 0.573707 -4.563711
v -4.762219 0.595999 -4.572007
v -4.756209 0.573779 -4.542814
v -4.776892 0.594005 -4.531274
v -4.623056 0.590127 -4.435297
v -4.650623 0.574127 -4.440354
v -4.709076 0.574215 -4.414357
v -4.725142 0.589767 -4.390440
v -4.638489 0.586014 -4.396624
v -4.659391 0.574200 -4.418853
v -4.689512 0.585906 -4.374125
v -4.688568 0.574245 -4.405576
v -1.483983 0.696299 -3.117922
v -1.494487 0.696399 -3.088574
v -1.481213 0.688496 -3.074469
v -1.466552 0.685839 -3.114978
v -1.537762 0.682349 -3.308739
v -1.552150 0.695669 -3.303318
v -1.574324 0.681118 -3.327812
v -1.578227 0.695627 -3.315809
v -1.531418 0.696455 -3.071959
v -1.532058 0.688690 -3.051959
v -1.557863 0.696411 -3.085036
v -1.568250 0.686297 -3.070023
v -1.626079 0.695780 -3.270767
v -1.639485 0.682884 -3.263851
v -1.614931 0.695681 -3.299836
v -1.625198 0.681406 -3.305383
v -1.466786 0.579025 -2.999229
v -1.457416 0.578955 -3.019894
v -1.436140 0.599760 -3.031930
v -1.450628 0.601723 -2.990945
v -1.501311 0.601451 -2.967995
v -1.495075 0.579070 -2.986010
v -1.537508 0.599257 -2.986073
v -1.515370 0.579045 -2.993453
v -1.523073 0.578347 -3.198721
v -1.506551 0.594246 -3.223509
v -1.607969 0.593889 -3.177790
v -1.581342 0.578435 -3.172770
v -1.542916 0.578317 -3.207489
v -1.541988 0.589947 -3.239513
v -1.572191 0.578360 -3.194751
v -1.592729 0.589840 -3.216719
v -3.938566 0.700013 -2.025488
v -3.949301 0.689595 -2.010010
v -3.913092 0.692175 -1.992140
v -3.912422 0.700057 -2.012451
v -4.006673 0.699382 -2.210912
v -4.020510 0.686105 -2.203771
v -3.995762 0.699284 -2.239864
v -4.006202 0.684797 -2.245484
v -3.862172 0.692215 -2.014922
v -3.875269 0.700001 -2.028808
v -3.847495 0.689745 -2.055626
v -3.864464 0.699900 -2.058464
v -3.918729 0.686332 -2.249454
v -3.932747 0.699269 -2.244165
v -3.955312 0.684931 -2.268347
v -3.959179 0.699227 -2.256509
v -3.876138 0.582670 -1.926927
v -3.882506 0.605402 -1.908617
v -3.918889 0.603515 -1.926962
v -3.895971 0.582644 -1.934595
v -3.847368 0.582628 -1.939101
v -3.831425 0.604976 -1.930958
v -3.837435 0.582557 -1.959998
v -3.816752 0.602705 -1.971676
v -3.989299 0.598002 -2.118541
v -3.961733 0.582036 -2.113374
v -3.903280 0.581948 -2.139372
v -3.887213 0.597337 -2.163393
v -3.973867 0.593626 -2.157185
v -3.952965 0.581963 -2.134876
v -3.922843 0.593365 -2.179682
v -3.923788 0.581918 -2.148153
v -3.994794 0.921524 -2.341122
v -1.641940 0.917965 -3.388279
v -1.666492 0.997098 -3.455359
v -4.019346 1.000658 -2.408202
v -4.025016 1.006205 -2.423650
v -1.672163 1.002645 -3.470808
v -1.677082 0.992874 -3.484160
v -4.029935 0.996433 -2.437002
v -4.029161 0.981377 -2.434846
v -1.676308 0.977818 -3.482004
v -1.651756 0.898684 -3.414924
v -4.004609 0.902244 -2.367767
v -3.998939 0.896697 -2.352319
v -1.646086 0.893137 -3.399476
v -1.641166 0.902909 -3.386123
v -3.994020 0.906468 -2.338966
v -4.635723 0.846238 -4.277763
v -2.404671 0.842863 -5.270712
v -2.380769 0.923666 -5.205945
v -4.611821 0.927041 -4.212996
v -4.611215 0.942165 -4.211397
v -2.380162 0.938790 -5.204345
v -2.385266 0.947859 -5.218265
v -4.616319 0.951234 -4.225317
v -4.621921 0.945198 -4.240542
v -2.390869 0.941823 -5.233491
v -2.414772 0.861020 -5.298259
v -4.645824 0.864395 -4.305310
v -4.646430 0.849271 -4.306909
v -2.415378 0.845896 -5.299858
v -2.410274 0.836827 -5.285938
v -4.641326 0.840202 -4.292989
v -2.572050 4.841217 -6.079879
v -2.575851 4.864043 -6.090302
v -2.567228 4.864028 -6.094141
v -2.563426 4.841203 -6.083717
v -2.572050 4.886940 -6.080038
v -2.563426 4.886927 -6.083873
v -2.562872 4.896492 -6.055094
v -2.554249 4.896481 -6.058932
v -2.553695 4.887110 -6.030088
v -2.545071 4.887094 -6.033926
v -2.549893 4.864283 -6.019669
v -2.541269 4.864270 -6.023504
v -2.553695 4.841383 -6.029933
v -2.545071 4.841372 -6.033772
v -2.562872 4.831831 -6.054874
v -2.554249 4.831818 -6.058712
v -2.539809 4.853971 -6.078064
v -2.541491 4.864069 -6.082675
v -2.535751 4.864120 -6.067054
v -2.539809 4.874195 -6.078135
v -2.535751 4.878417 -6.067103
v -2.531692 4.874269 -6.056046
v -2.530011 4.864172 -6.051435
v -2.531692 4.854049 -6.055976
v -2.535751 4.849823 -6.067008
v -2.554443 4.864054 -6.087049
v -2.551824 4.848327 -6.079868
v -2.551824 4.879827 -6.079978
v -2.545500 4.886413 -6.062791
v -2.539177 4.879947 -6.045562
v -2.536558 4.864219 -6.038383
v -2.539177 4.848444 -6.045455
v -2.545500 4.841857 -6.062642
v -2.539083 4.864028 -6.093885
v -2.536464 4.848300 -6.086704
v -2.536464 4.879807 -6.086812
v -2.530141 4.886390 -6.069627
v -2.523817 4.879920 -6.052401
v -2.521198 4.864193 -6.045218
v -2.523817 4.848420 -6.052291
v -2.530141 4.841835 -6.069478
v -2.535881 4.864058 -6.085170
v -2.534199 4.853962 -6.080564
v -2.534199 4.874186 -6.080630
v -2.530141 4.878408 -6.069602
v -2.526082 4.874259 -6.058541
v -2.524401 4.864163 -6.053935
v -2.526082 4.854040 -6.058475
v -2.530141 4.849813 -6.069502
v -4.473238 2.383076 -3.638061
v -2.114097 2.379507 -4.688016
v -2.134769 2.465265 -4.744560
v -4.493911 2.468834 -3.694605
v -4.501126 2.473148 -3.714255
v -2.141985 2.469579 -4.764211
v -2.151044 2.455573 -4.788811
v -4.510184 2.459142 -3.738856
v -4.511943 2.441151 -3.743581
v -2.152802 2.437582 -4.793536
v -2.132130 2.351824 -4.736992
v -4.491271 2.355393 -3.687037
v -4.484055 2.351078 -3.667387
v -2.124914 2.347509 -4.717342
v -2.115856 2.361516 -4.692741
v -4.474997 2.365085 -3.642786
v -2.404543 3.791466 -5.620502
v -2.408345 3.814294 -5.630921
v -2.399721 3.814281 -5.634759
v -2.395920 3.791454 -5.624340
v -2.404543 3.837188 -5.620656
v -2.395920 3.837177 -5.624496
v -2.395366 3.846745 -5.595716
v -2.386742 3.846730 -5.599555
v -2.386188 3.837358 -5.570708
v -2.377564 3.837347 -5.574546
v -2.382387 3.814533 -5.560287
v -2.373763 3.814521 -5.564126
v -2.386188 3.791636 -5.570552
v -2.377564 3.791624 -5.574390
v -2.395366 3.782083 -5.595494
v -2.386742 3.782068 -5.599332
v -2.372303 3.804224 -5.618684
v -2.373984 3.814320 -5.623293
v -2.368244 3.814373 -5.607677
v -2.372303 3.824445 -5.618753
v -2.368244 3.828671 -5.607726
v -2.364186 3.824520 -5.596664
v -2.362504 3.814425 -5.592055
v -2.364186 3.804300 -5.596595
v -2.368244 3.800075 -5.607625
v -2.386936 3.814305 -5.627669
v -2.384317 3.798577 -5.620491
v -2.384317 3.830081 -5.620595
v -2.377994 3.836663 -5.603414
v -2.371670 3.830198 -5.586185
v -2.369051 3.814470 -5.579001
v -2.371670 3.798692 -5.586075
v -2.377994 3.792109 -5.603261
v -2.371577 3.814281 -5.634505
v -2.368957 3.798553 -5.627326
v -2.368957 3.830058 -5.627431
v -2.362634 3.836637 -5.610250
v -2.356311 3.830173 -5.593019
v -2.353692 3.814445 -5.585837
v -2.356311 3.798671 -5.592911
v -2.362634 3.792088 -5.610096
v -2.368374 3.814311 -5.625793
v -2.366693 3.804214 -5.621181
v -2.366693 3.824435 -5.621253
v -2.362634 3.828660 -5.610220
v -2.358575 3.824512 -5.599164
v -2.356894 3.814415 -5.594553
v -2.358575 3.804291 -5.599092
v -2.362634 3.800066 -5.610126
v -4.875396 4.444106 -4.840744
v -4.857826 4.337893 -4.792572
v -4.867776 4.345095 -4.791934
v -4.882968 4.436930 -4.833582
v -2.554311 4.449142 -5.821918
v -2.560391 4.451929 -5.810733
v -2.545199 4.360094 -5.769083
v -2.539120 4.357306 -5.780271
v -2.564261 4.456345 -5.821280
v -2.569505 4.433430 -5.863209
v -2.579455 4.440630 -5.862570
v -4.860202 4.459816 -4.799451
v -4.856333 4.455400 -4.788908
v -4.867774 4.452641 -4.792294
v -4.852583 4.360806 -4.750641
v -4.841141 4.363564 -4.747253
v -2.546691 4.350132 -5.773108
v -2.561885 4.334416 -5.814398
v -2.554313 4.341596 -5.821558
v -4.842632 4.353606 -4.751279
v -4.801545 3.978813 -4.638200
v -4.782288 3.874443 -4.585444
v -4.792353 3.881520 -4.585115
v -4.809003 3.971761 -4.630733
v -2.480607 3.985466 -5.619781
v -2.486733 3.988516 -5.608725
v -2.470083 3.898273 -5.563107
v -2.463957 3.895226 -5.574167
v -2.490671 3.992543 -5.619452
v -2.495540 3.968261 -5.660357
v -2.505604 3.975338 -5.660028
v -4.786613 3.996018 -4.597625
v -4.782674 3.991990 -4.586895
v -4.794070 3.988966 -4.590157
v -4.777420 3.898726 -4.544540
v -4.766024 3.901749 -4.541279
v -2.471415 3.888175 -5.566700
v -2.486347 3.870969 -5.607275
v -2.478889 3.878020 -5.614742
v -4.767355 3.891648 -4.544868
v -4.774938 3.825546 -4.565279
v -4.754823 3.722192 -4.510190
v -4.764946 3.729200 -4.510019
v -4.782338 3.818564 -4.557652
v -2.454086 3.833028 -5.547094
v -2.460237 3.836210 -5.536108
v -2.442845 3.746848 -5.488474
v -2.436694 3.743665 -5.499465
v -2.464208 3.840037 -5.546926
v -2.468874 3.815063 -5.587276
v -2.478997 3.822073 -5.587105
v -4.760149 3.843511 -4.525095
v -4.756178 3.839685 -4.514277
v -4.767549 3.836528 -4.517468
v -4.750157 3.747166 -4.469841
v -4.738786 3.750321 -4.466649
v -2.444093 3.736681 -5.491838
v -2.458882 3.718719 -5.532021
v -2.451482 3.725701 -5.539648
v -4.740034 3.740156 -4.470008
v -4.747087 3.673822 -4.488975
v -4.726232 3.571387 -4.431874
v -4.736404 3.578334 -4.431839
v -4.754436 3.666902 -4.481208
v -2.426314 3.682019 -5.471013
v -2.432488 3.685318 -5.460083
v -2.414457 3.596750 -5.410717
v -2.408283 3.593451 -5.421642
v -2.436487 3.688967 -5.470975
v -2.440972 3.663403 -5.510837
v -2.451145 3.670346 -5.510800
v -4.732428 3.692441 -4.449150
v -4.728430 3.688793 -4.438255
v -4.739778 3.685521 -4.441384
v -4.721746 3.596953 -4.392015
v -4.710398 3.600225 -4.388887
v -2.415632 3.586533 -5.413878
v -2.430290 3.567914 -5.453702
v -2.422941 3.574834 -5.461466
v -4.711573 3.590006 -4.392050
v -4.851448 4.288452 -4.775045
v -4.833533 4.182600 -4.725936
v -4.843506 4.189775 -4.725361
v -4.858996 4.281301 -4.767822
v -2.530390 4.293818 -5.756299
v -2.536479 4.296658 -5.745140
v -2.520989 4.205132 -5.702676
v -2.514900 4.202292 -5.713840
v -2.540364 4.300993 -5.755723
v -2.545533 4.277801 -5.797451
v -2.555506 4.284976 -5.796875
v -4.836305 4.304470 -4.733894
v -4.832420 4.300128 -4.723310
v -4.843854 4.297318 -4.726675
v -4.828364 4.205792 -4.684210
v -4.816931 4.208609 -4.680851
v -2.522449 4.195144 -5.706614
v -2.537591 4.179123 -5.747766
v -2.530043 4.186275 -5.754991
v -4.818391 4.198617 -4.684785
v -4.826945 4.133215 -4.707842
v -4.808476 4.027963 -4.657228
v -4.818487 4.035100 -4.656754
v -4.834456 4.126107 -4.700520
v -2.505935 4.139113 -5.689228
v -2.512039 4.142042 -5.678105
v -2.496070 4.051033 -5.634345
v -2.489966 4.048108 -5.645463
v -2.515946 4.146253 -5.688755
v -2.520993 4.122607 -5.730145
v -2.531004 4.129745 -5.729671
v -4.811887 4.149724 -4.666924
v -4.807980 4.145514 -4.656280
v -4.819398 4.142612 -4.659598
v -4.803430 4.051608 -4.615838
v -4.792011 4.054508 -4.612514
v -2.497477 4.040997 -5.638136
v -2.512535 4.024487 -5.679059
v -2.505024 4.031600 -5.686381
v -4.793418 4.044467 -4.616311
v -4.968759 5.068415 -5.096920
v -4.951653 4.961729 -5.050014
v -4.961573 4.968963 -5.049286
v -4.976362 5.061204 -5.089847
v -2.647638 5.073009 -6.077996
v -2.653706 5.075722 -6.066782
v -2.638917 4.983477 -6.026221
v -2.632849 4.980762 -6.037438
v -2.657557 5.080243 -6.077271
v -2.662899 5.057705 -6.119473
v -2.672817 5.064939 -6.118746
v -4.953498 5.083714 -5.055443
v -4.949647 5.079195 -5.044950
v -4.961101 5.076508 -5.048369
v -4.946312 4.984262 -5.007812
v -4.934858 4.986948 -5.004395
v -2.640452 4.973557 -6.030365
v -2.655713 4.958252 -6.071839
v -2.648109 4.965463 -6.078916
v -4.936393 4.977027 -5.008536
v -4.945579 4.912241 -5.033312
v -4.928450 4.805581 -4.986341
v -4.938370 4.812810 -4.985620
v -4.953181 4.905035 -5.026237
v -2.624461 4.916859 -6.014399
v -2.630529 4.919576 -6.003181
v -2.615718 4.827353 -5.962564
v -2.609650 4.824636 -5.973783
v -2.634381 4.924088 -6.013679
v -2.639718 4.901536 -6.055861
v -2.649638 4.908769 -6.055140
v -4.930322 4.927565 -4.991848
v -4.926471 4.923048 -4.981351
v -4.937924 4.920359 -4.984769
v -4.923113 4.828135 -4.944153
v -4.911659 4.830823 -4.940735
v -2.617251 4.817430 -5.966702
v -2.632509 4.802104 -6.008166
v -2.624907 4.809310 -6.015244
v -4.913193 4.820901 -4.944873
v -4.146682 2.630067 -2.889482
v -4.100523 2.633693 -2.763888
v -4.112295 2.633461 -2.768540
v -4.152205 2.630326 -2.877132
v -1.869173 2.667777 -3.894800
v -1.877901 2.675008 -3.891195
v -1.837991 2.678143 -3.782604
v -1.829263 2.670912 -3.786209
v -1.880945 2.667545 -3.899452
v -1.868716 2.626871 -3.893418
v -1.880488 2.626639 -3.898070
v -4.147139 2.670973 -2.890864
v -4.144095 2.678436 -2.882607
v -4.152662 2.671232 -2.878514
v -4.112752 2.674366 -2.769922
v -4.104185 2.681571 -2.774015
v -1.834786 2.671170 -3.773859
v -1.834329 2.630264 -3.772477
v -1.828806 2.630006 -3.784826
v -4.100980 2.674598 -2.765270
v -4.083908 2.633076 -2.718674
v -4.037742 2.631125 -2.593040
v -4.049514 2.631270 -2.597695
v -4.089431 2.632957 -2.706322
v -1.805602 2.670424 -3.721823
v -1.814190 2.677657 -3.717836
v -1.774273 2.675970 -3.609209
v -1.765685 2.668736 -3.613196
v -1.817375 2.670569 -3.726478
v -1.805942 2.629503 -3.722608
v -1.817714 2.629648 -3.727263
v -4.083569 2.673997 -2.717889
v -4.080384 2.681086 -2.709247
v -4.089091 2.673878 -2.705537
v -4.049174 2.672191 -2.596910
v -4.040467 2.679398 -2.600620
v -1.771208 2.668617 -3.600844
v -1.771548 2.627697 -3.601629
v -1.766025 2.627816 -3.613982
v -4.037402 2.672045 -2.592255
v -4.020820 2.630310 -2.546991
v -3.974669 2.626887 -2.421395
v -3.986440 2.627132 -2.426048
v -4.026344 2.630091 -2.534641
v -1.742305 2.667544 -3.549570
v -1.750855 2.674776 -3.545482
v -1.710952 2.671818 -3.436889
v -1.702401 2.664586 -3.440977
v -1.754076 2.667789 -3.554223
v -1.742855 2.626637 -3.550927
v -1.754626 2.626881 -3.555580
v -4.020270 2.671218 -2.545634
v -4.017049 2.678205 -2.536893
v -4.025794 2.670999 -2.533284
v -3.985891 2.668040 -2.424691
v -3.977146 2.675246 -2.428300
v -1.707925 2.664367 -3.428627
v -1.708475 2.623459 -3.429984
v -1.702951 2.623678 -3.442334
v -3.974119 2.667796 -2.420038
v -3.957747 2.623816 -2.375337
v -3.911618 2.619048 -2.249795
v -3.923387 2.619384 -2.254444
v -3.963272 2.623507 -2.362991
v -1.679041 2.660944 -3.377397
v -1.687558 2.668172 -3.373217
v -1.647673 2.664049 -3.264670
v -1.639156 2.656821 -3.268850
v -1.690811 2.661279 -3.382046
v -1.679783 2.620052 -3.379277
v -1.691553 2.620388 -3.383926
v -3.957005 2.664708 -2.373457
v -3.953752 2.671600 -2.364628
v -3.962530 2.664398 -2.361111
v -3.922645 2.660275 -2.252564
v -3.913867 2.667478 -2.256081
v -1.644681 2.656511 -3.256504
v -1.645423 2.615620 -3.258384
v -1.639898 2.615930 -3.270730
v -3.910875 2.659939 -2.247915
v -4.501737 2.413027 -3.854905
v -4.465111 2.483418 -3.755479
v -4.476237 2.478667 -3.758360
v -4.507905 2.417804 -3.844326
v -2.234422 2.446718 -4.887949
v -2.244835 2.452441 -4.888924
v -2.213167 2.513304 -4.802958
v -2.202754 2.507581 -4.801983
v -2.245548 2.441967 -4.890830
v -2.224416 2.414350 -4.860612
v -2.235543 2.409599 -4.863493
v -4.511742 2.445396 -3.882241
v -4.511029 2.455872 -3.880335
v -4.517911 2.450173 -3.871663
v -4.486243 2.511035 -3.785697
v -4.479361 2.516734 -3.794369
v -2.208922 2.512357 -4.791405
v -2.198917 2.479990 -4.764068
v -2.192749 2.475213 -4.774646
v -4.475117 2.515787 -3.782816
v -4.452497 2.504368 -3.721228
v -4.410457 2.552338 -3.606992
v -4.421950 2.549104 -3.610875
v -4.458300 2.507627 -3.709647
v -2.181607 2.541368 -4.744553
v -2.191454 2.547945 -4.743990
v -2.155104 2.589424 -4.645218
v -2.145257 2.582847 -4.645781
v -2.193100 2.538136 -4.748437
v -2.174811 2.504173 -4.725934
v -2.186304 2.500939 -4.729817
v -4.459294 2.541565 -3.739848
v -4.457648 2.551375 -3.735401
v -4.465096 2.544825 -3.728267
v -4.428746 2.586302 -3.629495
v -4.421298 2.592852 -3.636629
v -2.151059 2.586107 -4.634200
v -2.144263 2.548909 -4.615580
v -2.138461 2.545650 -4.627161
v -4.417253 2.589535 -3.625611
v -4.395700 2.562429 -3.566869
v -4.350779 2.589481 -3.444722
v -4.362467 2.587663 -3.449141
v -4.401307 2.564273 -3.554753
v -2.121622 2.600596 -4.581527
v -2.130941 2.607629 -4.579529
v -2.092101 2.631019 -4.473917
v -2.082782 2.623987 -4.475915
v -2.133310 2.598779 -4.585946
v -2.117818 2.560818 -4.571039
v -2.129506 2.559000 -4.575458
v -4.399505 2.602207 -3.577357
v -4.397136 2.611057 -3.570940
v -4.405111 2.604051 -3.565241
v -4.366271 2.627441 -3.459629
v -4.358295 2.634448 -3.465328
v -2.088389 2.625831 -4.463799
v -2.084584 2.586052 -4.453311
v -2.078978 2.584208 -4.465427
v -4.354583 2.629259 -3.455210
v -4.334705 2.594412 -3.401002
v -4.288966 2.610619 -3.276592
v -4.300709 2.609535 -3.281164
v -4.340257 2.595522 -3.388732
v -2.059022 2.632586 -4.411291
v -2.068068 2.639748 -4.408549
v -2.028520 2.653761 -4.300980
v -2.019475 2.646599 -4.303722
v -2.070766 2.631502 -4.415863
v -2.056768 2.592067 -4.405019
v -2.068511 2.590984 -4.409591
v -4.336960 2.634930 -3.407274
v -4.334262 2.643176 -3.399960
v -4.342512 2.636040 -3.395005
v -4.302963 2.650053 -3.287436
v -4.294713 2.657189 -3.292391
v -2.025026 2.647709 -4.291453
v -2.022772 2.607191 -4.285181
v -2.017220 2.606081 -4.297450
v -4.291220 2.651137 -3.282864
v -4.272537 2.613950 -3.231898
v -4.226488 2.622925 -3.106622
v -4.238253 2.622331 -3.111253
v -4.278068 2.614571 -3.219570
v -1.995800 2.651917 -4.239317
v -2.004663 2.659130 -4.236080
v -1.964848 2.666890 -4.127762
v -1.955984 2.659678 -4.131001
v -2.007564 2.651323 -4.243948
v -1.994579 2.611116 -4.235856
v -2.006343 2.610522 -4.240487
v -4.273758 2.654752 -3.235360
v -4.270857 2.662558 -3.227491
v -4.279289 2.655372 -3.223032
v -4.239473 2.663132 -3.114714
v -4.231041 2.670319 -3.119174
v -1.961515 2.660298 -4.118672
v -1.960294 2.619496 -4.115211
v -1.954763 2.618876 -4.127539
v -4.227709 2.663726 -3.110084
v -4.209755 2.625040 -3.061095
v -4.163617 2.630186 -2.935565
v -4.175387 2.629851 -2.940212
v -4.215280 2.625401 -3.048750
v -1.932465 2.662833 -4.067009
v -1.941231 2.670060 -4.063509
v -1.901339 2.674509 -3.954971
v -1.892572 2.667282 -3.958472
v -1.944235 2.662497 -4.071658
v -1.931791 2.621947 -4.065036
v -1.943561 2.621612 -4.069685
v -4.210429 2.665926 -3.063069
v -4.207425 2.673488 -3.054920
v -4.215954 2.666287 -3.050723
v -4.176062 2.670736 -2.942186
v -4.167533 2.677938 -2.946383
v -1.898097 2.667643 -3.946126
v -1.897423 2.626757 -3.944153
v -1.891899 2.626396 -3.956499
v -4.164291 2.671072 -2.937538
v -4.922347 4.756081 -4.969564
v -4.905140 4.649498 -4.922379
v -4.915066 4.656723 -4.921672
v -4.929944 4.748878 -4.962471
v -2.601234 4.760772 -5.950665
v -2.607305 4.763501 -5.939456
v -2.592427 4.671346 -5.898654
v -2.586357 4.668613 -5.909865
v -2.611160 4.767999 -5.949958
v -2.616481 4.745378 -5.992098
v -2.626406 4.752604 -5.991395
v -4.907102 4.771472 -4.928133
v -4.903246 4.766973 -4.917624
v -4.914698 4.764272 -4.921040
v -4.899820 4.672113 -4.880239
v -4.888369 4.674819 -4.876826
v -2.593953 4.661416 -5.902771
v -2.609199 4.646024 -5.944210
v -2.601603 4.653224 -5.951302
v -4.889894 4.664886 -4.880944
v -4.898980 4.599977 -4.905447
v -4.881633 4.493536 -4.857882
v -4.891568 4.500752 -4.857203
v -4.906568 4.592784 -4.898329
v -2.577878 4.604803 -5.886580
v -2.583952 4.607553 -5.875379
v -2.568953 4.515522 -5.834249
v -2.562879 4.512771 -5.845448
v -2.587813 4.612020 -5.885900
v -2.593104 4.589284 -5.927958
v -2.603039 4.596505 -5.927279
v -4.883755 4.615491 -4.864069
v -4.879893 4.611024 -4.853549
v -4.891341 4.608303 -4.856950
v -4.876342 4.516271 -4.815825
v -4.864894 4.518992 -4.812419
v -2.570466 4.505579 -5.838329
v -2.585692 4.490063 -5.879709
v -2.578105 4.497252 -5.886828
v -4.866407 4.509053 -4.816504
v -3.894692 2.613017 -2.203719
v -3.848568 2.607974 -2.078190
v -3.860337 2.608329 -2.082838
v -3.900218 2.612688 -2.191374
v -1.615948 2.650121 -3.205673
v -1.624457 2.657349 -3.201474
v -1.584577 2.652989 -3.092938
v -1.576067 2.645761 -3.097137
v -1.627717 2.650476 -3.210321
v -1.616729 2.609234 -3.207660
v -1.628499 2.609588 -3.212308
v -3.893911 2.653903 -2.201732
v -3.890651 2.660777 -2.192885
v -3.899437 2.653575 -2.189387
v -3.859556 2.649216 -2.080851
v -3.850771 2.656417 -2.084349
v -1.581593 2.645433 -3.084792
v -1.582374 2.604546 -3.086779
v -1.576848 2.604874 -3.099124
v -3.847787 2.648861 -2.076203
v -3.831875 2.598878 -2.032733
v -3.785784 2.592261 -1.907292
v -3.797552 2.592722 -1.911934
v -3.837403 2.598443 -2.020394
v -1.552908 2.635847 -3.034082
v -1.561378 2.643069 -3.029775
v -1.521527 2.637349 -2.921315
v -1.513057 2.630126 -2.925622
v -1.564675 2.636308 -3.038724
v -1.553913 2.594988 -3.036681
v -1.565681 2.595449 -3.041323
v -3.830869 2.639736 -2.030135
v -3.827572 2.646498 -2.021186
v -3.836397 2.639301 -2.017796
v -3.796546 2.633581 -1.909336
v -3.787721 2.640778 -1.912727
v -1.518585 2.629692 -2.913283
v -1.519591 2.588833 -2.915881
v -1.514063 2.589268 -2.928221
v -3.784779 2.633120 -1.904695
v -2.551088 4.235827 -5.770390
v -2.664307 4.235959 -5.720120
v -2.601983 3.852807 -5.549226
v -2.488765 3.852677 -5.599494
v -2.549147 4.231121 -5.784703
v -2.546050 4.234262 -5.777082
v -2.483727 3.851110 -5.606189
v -2.486824 3.847969 -5.613811
v -2.670332 4.229712 -5.735320
v -2.557114 4.229585 -5.785584
v -2.494791 3.846431 -5.614691
v -2.608009 3.846560 -5.564425
v -2.672273 4.234422 -5.721004
v -2.675370 4.231277 -5.728621
v -2.613047 3.848125 -5.557728
v -2.609951 3.851269 -5.550107
v -2.722238 4.619224 -5.879066
v -2.730205 4.617687 -5.879945
v -2.701803 4.426040 -5.802006
v -2.693835 4.427577 -5.801126
v -2.733302 4.614542 -5.887568
v -2.704899 4.422894 -5.809628
v -2.728264 4.612978 -5.894261
v -2.699862 4.421329 -5.816322
v -2.615045 4.612850 -5.944530
v -2.586643 4.421203 -5.866590
v -2.607079 4.614386 -5.943647
v -2.578676 4.422740 -5.865708
v -2.603982 4.617527 -5.936028
v -2.575580 4.425879 -5.858088
v -2.609020 4.619092 -5.929331
v -2.580617 4.427445 -5.851392
v -2.751053 4.810860 -5.958127
v -2.759020 4.809320 -5.959007
v -2.762117 4.806180 -5.966630
v -2.757079 4.804615 -5.973323
v -2.643860 4.804487 -6.023592
v -2.635894 4.806023 -6.022709
v -2.632797 4.809165 -6.015090
v -2.637835 4.810730 -6.008393
v -2.584966 3.712291 -5.481651
v -2.577000 3.713830 -5.480772
v -2.463781 3.713700 -5.531037
v -2.458744 3.712135 -5.537735
v -2.461841 3.708992 -5.545353
v -2.469807 3.707453 -5.546237
v -2.583026 3.707582 -5.495966
v -2.588063 3.709146 -5.489274
v -2.560670 3.586617 -5.415111
v -2.552703 3.588154 -5.414227
v -2.439484 3.588025 -5.464498
v -2.434447 3.586460 -5.471190
v -2.437544 3.583317 -5.478810
v -2.445510 3.581779 -5.479692
v -2.558729 3.581908 -5.429424
v -2.563767 3.583475 -5.422729
v -2.778731 5.002523 -6.034092
v -2.786698 5.000988 -6.034976
v -2.789795 4.997846 -6.042595
v -2.784757 4.996281 -6.049293
v -2.671538 4.996150 -6.099558
v -2.663572 4.997685 -6.098680
v -2.660475 5.000832 -6.091056
v -2.665513 5.002397 -6.084363
v -4.731994 4.239129 -4.799757
v -4.845212 4.239255 -4.749489
v -4.782888 3.856106 -4.578598
v -4.669670 3.855976 -4.628863
v -4.730052 4.234417 -4.814075
v -4.726955 4.237564 -4.806452
v -4.664632 3.854411 -4.635561
v -4.667729 3.851268 -4.643179
v -4.851238 4.233013 -4.764688
v -4.738019 4.232882 -4.814954
v -4.675696 3.849731 -4.644063
v -4.788915 3.849861 -4.593793
v -4.853179 4.237720 -4.750371
v -4.856276 4.234579 -4.757991
v -4.793952 3.851425 -4.587100
v -4.790855 3.854568 -4.579477
v -4.903143 4.622520 -4.908433
v -4.911110 4.620986 -4.909317
v -4.882708 4.429338 -4.831378
v -4.874741 4.430873 -4.830494
v -4.914207 4.617844 -4.916934
v -4.885805 4.426197 -4.838996
v -4.909169 4.616278 -4.923633
v -4.880767 4.424631 -4.845694
v -4.795950 4.616148 -4.973898
v -4.767548 4.424500 -4.895958
v -4.787984 4.617682 -4.973016
v -4.759582 4.426039 -4.895080
v -4.784887 4.620829 -4.965396
v -4.756484 4.429182 -4.887457
v -4.789925 4.622394 -4.958704
v -4.761522 4.430747 -4.880764
v -4.931958 4.814157 -4.987495
v -4.939925 4.812623 -4.988379
v -4.943022 4.809480 -4.995997
v -4.937984 4.807915 -5.002695
v -4.824766 4.807786 -5.052960
v -4.816799 4.809319 -5.052082
v -4.813703 4.812465 -5.044459
v -4.818740 4.814031 -5.037766
v -4.765872 3.715592 -4.511024
v -4.757905 3.717129 -4.510139
v -4.644687 3.716999 -4.560410
v -4.639649 3.715434 -4.567102
v -4.642746 3.712291 -4.574722
v -4.650712 3.710754 -4.575604
v -4.763931 3.710884 -4.525336
v -4.768969 3.712449 -4.518641
v -4.741575 3.589917 -4.444479
v -4.733608 3.591454 -4.443596
v -4.620390 3.591324 -4.493865
v -4.615352 3.589759 -4.500559
v -4.618449 3.586617 -4.508183
v -4.626415 3.585079 -4.509061
v -4.739635 3.585209 -4.458796
v -4.744672 3.586774 -4.452098
v -4.959637 5.005825 -5.063466
v -4.967603 5.004289 -5.064344
v -4.970700 5.001143 -5.071964
v -4.965663 4.999578 -5.078660
v -4.852444 4.999451 -5.128930
v -4.844477 5.000988 -5.128047
v -4.841380 5.004128 -5.120429
v -4.846418 5.005693 -5.113730
v -4.071916 2.621114 -3.200818
v -4.185095 2.621154 -3.150445
v -4.038138 2.632479 -2.750589
v -3.924953 2.632439 -2.800950
v -4.064808 2.606537 -3.203745
v -4.064592 2.616281 -3.204000
v -3.917801 2.627618 -2.804596
v -3.918362 2.617901 -2.805281
v -4.185389 2.601795 -3.149999
v -4.072208 2.601755 -3.200373
v -3.925933 2.613132 -2.802372
v -4.039118 2.613172 -2.752010
v -4.192497 2.616372 -3.147073
v -4.192712 2.606628 -3.146818
v -4.046269 2.617992 -2.748364
v -4.045710 2.627709 -2.747679
v -4.296845 2.589222 -3.454425
v -4.304090 2.584460 -3.450628
v -4.252816 2.603548 -3.311168
v -4.245493 2.608320 -3.314753
v -4.303988 2.574760 -3.449510
v -4.252873 2.593826 -3.310483
v -4.296508 2.569949 -3.452264
v -4.245472 2.589004 -3.313449
v -4.183332 2.569908 -3.502649
v -4.132293 2.588963 -3.363829
v -4.176087 2.574669 -3.506446
v -4.124970 2.593735 -3.367414
v -4.176189 2.584369 -3.507564
v -4.124913 2.603457 -3.368100
v -4.183670 2.589181 -3.504810
v -4.132316 2.608279 -3.365133
v -3.899864 2.617962 -2.350777
v -3.892377 2.622738 -2.353918
v -3.779196 2.622698 -2.404285
v -3.771958 2.617872 -2.407699
v -3.772346 2.608141 -2.407914
v -3.779831 2.603365 -2.404773
v -3.893014 2.603405 -2.354406
v -3.900252 2.608232 -2.350992
v -4.380229 2.529274 -3.681124
v -4.386873 2.525234 -3.675691
v -4.348070 2.559623 -3.570221
v -4.341126 2.564023 -3.574836
v -4.385547 2.516999 -3.671249
v -4.347357 2.550655 -3.567441
v -4.377461 2.512913 -3.672357
v -4.339574 2.546206 -3.569372
v -4.264302 2.512853 -3.722787
v -4.226406 2.546156 -3.619780
v -4.257659 2.516892 -3.728220
v -4.219462 2.550556 -3.624394
v -4.258985 2.525127 -3.732662
v -4.220176 2.559524 -3.627174
v -4.267070 2.529213 -3.731554
v -4.227959 2.563973 -3.625243
v -4.416960 2.483086 -3.780915
v -4.423302 2.479406 -3.774665
v -4.421365 2.471905 -3.768561
v -4.412976 2.468181 -3.768846
v -4.299825 2.468111 -3.819299
v -4.293483 2.471791 -3.825549
v -4.295420 2.479292 -3.831653
v -4.303809 2.483016 -3.831367
v -3.754002 2.597620 -1.953795
v -3.746601 2.602403 -1.957167
v -3.633421 2.602363 -2.007541
v -3.626098 2.597530 -2.010722
v -3.626313 2.587786 -2.010468
v -3.633714 2.583004 -2.007096
v -3.746895 2.583044 -1.956722
v -3.754217 2.587877 -1.953541
v -4.444221 2.436002 -3.854940
v -4.450263 2.432683 -3.847872
v -4.447714 2.425914 -3.840106
v -4.439023 2.422553 -3.839569
v -4.325880 2.422473 -3.890044
v -4.319839 2.425792 -3.897111
v -4.322388 2.432561 -3.904878
v -4.331079 2.435922 -3.905414
v -2.020258 2.618010 -4.113926
v -2.133438 2.618050 -4.063552
v -1.986481 2.629375 -3.663697
v -1.873296 2.629335 -3.714058
v -2.013150 2.603434 -4.116852
v -2.012935 2.613177 -4.117107
v -1.866144 2.624515 -3.717703
v -1.866704 2.614798 -3.718389
v -2.133732 2.598691 -4.063107
v -2.020552 2.598651 -4.113481
v -1.874276 2.610028 -3.715479
v -1.987460 2.610068 -3.665118
v -2.140840 2.613268 -4.060180
v -2.141055 2.603524 -4.059926
v -1.994613 2.614889 -3.661472
v -1.994052 2.624606 -3.660787
v -2.245188 2.586118 -4.367533
v -2.252433 2.581357 -4.363736
v -2.201159 2.600444 -4.224276
v -2.193835 2.605216 -4.227860
v -2.252331 2.571657 -4.362617
v -2.201216 2.590722 -4.223590
v -2.244851 2.566845 -4.365371
v -2.193814 2.585900 -4.226557
v -2.131675 2.566804 -4.415756
v -2.080636 2.585860 -4.276937
v -2.124430 2.571566 -4.419553
v -2.073313 2.590631 -4.280521
v -2.124532 2.581265 -4.420671
v -2.073256 2.600353 -4.281208
v -2.132012 2.586077 -4.417918
v -2.080658 2.605175 -4.278240
v -1.848207 2.614859 -3.263885
v -1.840720 2.619635 -3.267025
v -1.727538 2.619595 -3.317393
v -1.720300 2.614768 -3.320806
v -1.720688 2.605037 -3.321022
v -1.728174 2.600262 -3.317881
v -1.841357 2.600302 -3.267513
v -1.848594 2.605128 -3.264100
v -2.328572 2.526170 -4.594231
v -2.335216 2.522130 -4.588799
v -2.296413 2.556519 -4.483328
v -2.289469 2.560920 -4.487943
v -2.333890 2.513896 -4.584356
v -2.295699 2.547552 -4.480548
v -2.325804 2.509809 -4.585464
v -2.287916 2.543103 -4.482479
v -2.212645 2.509749 -4.635895
v -2.174749 2.543052 -4.532887
v -2.206002 2.513789 -4.641327
v -2.167805 2.547453 -4.537502
v -2.207327 2.522023 -4.645769
v -2.168519 2.556420 -4.540282
v -2.215413 2.526110 -4.644661
v -2.176301 2.560869 -4.538351
v -2.365302 2.479982 -4.694023
v -2.371644 2.476303 -4.687772
v -2.369707 2.468801 -4.681669
v -2.361319 2.465077 -4.681954
v -2.248168 2.465007 -4.732407
v -2.241826 2.468687 -4.738657
v -2.243763 2.476187 -4.744761
v -2.252151 2.479912 -4.744475
v -1.702345 2.594517 -2.866903
v -1.694943 2.599299 -2.870275
v -1.581764 2.599259 -2.920649
v -1.574441 2.594426 -2.923829
v -1.574656 2.584682 -2.923575
v -1.582057 2.579900 -2.920203
v -1.695237 2.579940 -2.869829
v -1.702560 2.584774 -2.866648
v -2.392564 2.432898 -4.768047
v -2.398606 2.429579 -4.760979
v -2.396057 2.422811 -4.753213
v -2.387366 2.419449 -4.752676
v -2.274223 2.419369 -4.803151
v -2.268182 2.422688 -4.810219
v -2.270730 2.429456 -4.817985
v -2.279422 2.432817 -4.818522
v -1.669593 2.476042 -3.130234
v -1.664277 2.492780 -3.142128
v -1.767016 2.368673 -3.421274
v -1.771109 2.353960 -3.406062
v -1.653013 2.499877 -3.151188
v -1.756235 2.374782 -3.431647
v -1.869222 2.224933 -3.738594
v -1.880199 2.218667 -3.728754
v -1.884650 2.203267 -3.714511
v -1.999014 2.025422 -4.051411
v -2.003153 2.010592 -4.036323
v -1.988105 2.031524 -4.061438
v -2.109778 1.798411 -4.391738
v -2.120486 1.792629 -4.381167
v -2.123984 1.778927 -4.364335
v -1.622104 2.499830 -3.164944
v -1.608298 2.492695 -3.167042
v -1.711036 2.368589 -3.446187
v -1.725326 2.374734 -3.445403
v -1.597000 2.475932 -3.162543
v -1.698516 2.353850 -3.438370
v -1.812057 2.203157 -3.746819
v -1.824220 2.218582 -3.753668
v -1.838313 2.224887 -3.752349
v -1.943035 2.025337 -4.076325
v -1.957197 2.031477 -4.075194
v -1.930560 2.010482 -4.068631
v -2.051390 1.778817 -4.396643
v -2.064507 1.792545 -4.406081
v -2.078870 1.798365 -4.405494
v -2.504911 0.605956 -5.396914
v -2.487256 0.605546 -5.375170
v -2.406547 0.886332 -5.156503
v -2.422571 0.892566 -5.173827
v -2.471135 0.605375 -5.370990
v -2.391106 0.883805 -5.154166
v -2.301888 1.163950 -4.912342
v -2.316771 1.168356 -4.913166
v -2.331413 1.179136 -4.926746
v -2.210392 1.454120 -4.624665
v -2.224154 1.466960 -4.635856
v -2.195824 1.448788 -4.624693
v -2.077365 1.708160 -4.303228
v -2.091738 1.713914 -4.302671
v -2.104866 1.727628 -4.312139
v -2.440226 0.605328 -5.384746
v -2.431277 0.605461 -5.400084
v -2.350568 0.886248 -5.181417
v -2.360198 0.883759 -5.167922
v -2.432318 0.605846 -5.429222
v -2.349978 0.892456 -5.206135
v -2.258821 1.179026 -4.959054
v -2.260791 1.168272 -4.938080
v -2.270979 1.163903 -4.926098
v -2.154414 1.454036 -4.649579
v -2.164916 1.448741 -4.638449
v -2.151561 1.466851 -4.668164
v -2.032273 1.727518 -4.344447
v -2.035759 1.713829 -4.327585
v -2.046456 1.708113 -4.316984
v -2.243177 1.528304 -4.714130
v -2.246039 1.515419 -4.695570
v -2.232666 1.533621 -4.725235
v -2.344732 1.235549 -5.029170
v -2.354927 1.231158 -5.017208
v -2.356905 1.220377 -4.996253
v -2.452777 0.922628 -5.282425
v -2.453373 0.916406 -5.257725
v -2.443141 0.925130 -5.295904
v -2.533956 0.608046 -5.541948
v -2.542911 0.607913 -5.526624
v -2.541874 0.607528 -5.497501
v -2.187198 1.528219 -4.739044
v -2.201757 1.533574 -4.738991
v -2.173446 1.515309 -4.727879
v -2.284312 1.220267 -5.028562
v -2.298948 1.231073 -5.042121
v -2.313823 1.235502 -5.042926
v -2.396798 0.922543 -5.307339
v -2.412233 0.925084 -5.309659
v -2.380780 0.916296 -5.290033
v -2.469281 0.607418 -5.529809
v -2.486932 0.607828 -5.551538
v -2.503048 0.607999 -5.555704
v -1.918358 1.939959 -4.008885
v -1.929255 1.933875 -3.998827
v -1.914229 1.954738 -4.024003
v -1.797226 2.144823 -3.706265
v -1.801669 2.129509 -3.692000
v -1.812638 2.123218 -3.682137
v -1.686687 2.283565 -3.379639
v -1.697466 2.277433 -3.369260
v -1.682594 2.298197 -3.394855
v -1.585832 2.413408 -3.131939
v -1.591151 2.396701 -3.120057
v -1.602420 2.389630 -3.111006
v -1.974337 1.940044 -3.983971
v -1.986822 1.954848 -3.991694
v -1.960163 1.933922 -3.985071
v -1.843546 2.123265 -3.668381
v -1.857648 2.129594 -3.667086
v -1.869819 2.144932 -3.673956
v -1.742666 2.283649 -3.354724
v -1.755187 2.298307 -3.362546
v -1.728374 2.277479 -3.355504
v -1.633328 2.389677 -3.097250
v -1.647130 2.396786 -3.095143
v -1.658425 2.413518 -3.099631
v -1.590603 2.535088 -2.989038
v -1.596512 2.540031 -2.997579
v -1.608291 2.533117 -2.989917
v -1.598561 2.530422 -2.983862
v -1.564467 2.535049 -3.000670
v -1.565604 2.539984 -3.011335
v -1.555470 2.530369 -3.003045
v -1.552312 2.533032 -3.014831
v -1.535537 2.455771 -2.995224
v -1.540965 2.459482 -2.984751
v -1.546102 2.446369 -2.977883
v -1.542021 2.439513 -2.986512
v -1.542217 2.516703 -3.013609
v -1.547369 2.517330 -3.002102
v -1.608130 2.455881 -2.962916
v -1.597515 2.459584 -2.959589
v -1.603801 2.517410 -2.976984
v -1.614810 2.516813 -2.981301
v -1.598000 2.439598 -2.961597
v -1.589515 2.446503 -2.958585
v -1.584677 2.432691 -2.965009
v -1.580487 2.441685 -2.960925
v -1.553769 2.432645 -2.978765
v -1.554182 2.441645 -2.972632
v -5.018242 4.844914 -4.991181
v -5.026865 4.844930 -4.987343
v -5.030666 4.867754 -4.997766
v -5.022043 4.867743 -5.001606
v -5.026865 4.890654 -4.987498
v -5.018242 4.890637 -4.991336
v -5.017688 4.900208 -4.962557
v -5.009064 4.900194 -4.966395
v -5.008511 4.890821 -4.937552
v -4.999887 4.890810 -4.941391
v -5.004709 4.867996 -4.927133
v -4.996085 4.867980 -4.930968
v -5.008511 4.845098 -4.937397
v -4.999887 4.845087 -4.941236
v -5.017688 4.835545 -4.962337
v -5.009064 4.835532 -4.966177
v -5.040245 4.857757 -4.965224
v -5.036186 4.867904 -4.954216
v -5.041925 4.867848 -4.969833
v -5.040245 4.877975 -4.965293
v -5.036186 4.882202 -4.954266
v -5.032127 4.878052 -4.943204
v -5.030446 4.867958 -4.938596
v -5.032127 4.857831 -4.943139
v -5.036186 4.853606 -4.954165
v -5.032760 4.852077 -4.975708
v -5.035378 4.867805 -4.982891
v -5.032760 4.883583 -4.975813
v -5.026436 4.890163 -4.958632
v -5.020113 4.883698 -4.941401
v -5.017494 4.867970 -4.934220
v -5.020113 4.852197 -4.941293
v -5.026436 4.845613 -4.958478
v -5.048119 4.852103 -4.968874
v -5.050738 4.867827 -4.976052
v -5.048119 4.883605 -4.968977
v -5.041796 4.890189 -4.951797
v -5.035472 4.883720 -4.934566
v -5.032853 4.867996 -4.927384
v -5.035472 4.852220 -4.934457
v -5.041796 4.845634 -4.951643
v -5.045855 4.857765 -4.962729
v -5.047535 4.867857 -4.967339
v -5.045855 4.877985 -4.962799
v -5.041796 4.882211 -4.951766
v -5.037737 4.878058 -4.940711
v -5.036056 4.867966 -4.936100
v -5.037737 4.857840 -4.940639
v -5.041796 4.853612 -4.951672
v -1.581938 2.397678 -3.120238
v -1.597942 2.400230 -3.163796
v -1.577601 2.400200 -3.172849
v -1.561597 2.397647 -3.129291
v -1.545089 2.559029 -3.020514
v -1.625738 2.571892 -3.240015
v -1.607827 2.418128 -3.190756
v -1.571170 2.412282 -3.090985
v -1.605397 2.571861 -3.249068
v -1.587486 2.418097 -3.199809
v -1.524748 2.558999 -3.029567
v -1.550829 2.412251 -3.100038
v -1.553338 2.568136 -3.015733
v -1.633987 2.580999 -3.235234
v -1.619258 2.593684 -3.240739
v -1.538610 2.580821 -3.021238
v -1.574340 2.404626 -3.099585
v -1.605099 2.409533 -3.183302
v -1.584758 2.409502 -3.192356
v -1.553998 2.404596 -3.108638
v -1.564126 2.570208 -3.011120
v -1.644774 2.583071 -3.230621
v -1.644285 2.601041 -3.229353
v -1.563637 2.588178 -3.009852
v -1.638836 2.570321 -2.977870
v -1.719485 2.583184 -3.197370
v -1.718996 2.601154 -3.196102
v -1.638348 2.588291 -2.976601
v -1.575107 2.433132 -3.163295
v -1.578708 2.454753 -3.173167
v -1.570539 2.454741 -3.176802
v -1.566938 2.433119 -3.166930
v -1.575107 2.476442 -3.163442
v -1.566938 2.476429 -3.167078
v -1.566414 2.485492 -3.139817
v -1.558245 2.485480 -3.143453
v -1.557720 2.476603 -3.116131
v -1.549552 2.476590 -3.119767
v -1.554120 2.454981 -3.106260
v -1.545951 2.454968 -3.109895
v -1.557720 2.433293 -3.115984
v -1.549552 2.433280 -3.119620
v -1.566414 2.424242 -3.139609
v -1.558245 2.424230 -3.143245
v -1.544568 2.445216 -3.161576
v -1.546160 2.454778 -3.165941
v -1.540723 2.454828 -3.151147
v -1.544568 2.464370 -3.161641
v -1.540723 2.468372 -3.151193
v -1.536879 2.464441 -3.140718
v -1.535286 2.454879 -3.136352
v -1.536879 2.445287 -3.140653
v -1.540723 2.441285 -3.151101
v -1.558429 2.454764 -3.170086
v -1.555948 2.439867 -3.163285
v -1.555948 2.469707 -3.163386
v -1.549958 2.475943 -3.147109
v -1.543969 2.469818 -3.130789
v -1.541488 2.454921 -3.123987
v -1.543969 2.439977 -3.130687
v -1.549958 2.433742 -3.146965
v -1.543880 2.454742 -3.176562
v -1.541399 2.439844 -3.169760
v -1.541399 2.469685 -3.169861
v -1.535409 2.475921 -3.153584
v -1.529420 2.469796 -3.137264
v -1.526939 2.454899 -3.130462
v -1.529420 2.439955 -3.137162
v -1.535409 2.433720 -3.153440
v -1.540846 2.454770 -3.168306
v -1.539254 2.445208 -3.163941
v -1.539254 2.464362 -3.164006
v -1.535409 2.468364 -3.153558
v -1.531565 2.464433 -3.143083
v -1.529973 2.454871 -3.138717
v -1.531565 2.445279 -3.143018
v -1.535409 2.441277 -3.153466
v -2.083135 1.857323 -4.259457
v -2.086936 1.834426 -4.269724
v -2.095560 1.834439 -4.265886
v -2.091758 1.857336 -4.255620
v -2.083135 1.811599 -4.259302
v -2.091758 1.811612 -4.255464
v -2.073957 1.802215 -4.234296
v -2.082581 1.802228 -4.230458
v -2.064780 1.811769 -4.209355
v -2.073403 1.811782 -4.205517
v -2.060978 1.834666 -4.199089
v -2.069602 1.834679 -4.195251
v -2.064780 1.857492 -4.209511
v -2.073403 1.857505 -4.205673
v -2.073957 1.866877 -4.234516
v -2.082581 1.866890 -4.230678
v -2.105138 1.844660 -4.233414
v -2.106819 1.834534 -4.237955
v -2.101079 1.834587 -4.222336
v -2.105138 1.824439 -4.233346
v -2.101079 1.820289 -4.222287
v -2.097020 1.824514 -4.211257
v -2.095339 1.834640 -4.206717
v -2.097020 1.844735 -4.211326
v -2.101079 1.848885 -4.222384
v -2.100272 1.834489 -4.251009
v -2.097653 1.850266 -4.243935
v -2.097653 1.818762 -4.243828
v -2.091329 1.812296 -4.226599
v -2.085006 1.818879 -4.209414
v -2.082387 1.834655 -4.202341
v -2.085006 1.850382 -4.209521
v -2.091329 1.856848 -4.226750
v -2.115632 1.834513 -4.244173
v -2.113012 1.850289 -4.237099
v -2.113012 1.818785 -4.236992
v -2.106689 1.812319 -4.219763
v -2.100366 1.818902 -4.202579
v -2.097746 1.834678 -4.195505
v -2.100366 1.850406 -4.202685
v -2.106689 1.856872 -4.219914
v -2.112429 1.834542 -4.235458
v -2.110748 1.844668 -4.230917
v -2.110748 1.824448 -4.230849
v -2.106689 1.820297 -4.219790
v -2.102631 1.824523 -4.208760
v -2.100949 1.834648 -4.204220
v -2.102631 1.844743 -4.208829
v -2.106689 1.848894 -4.219887
v -1.664960 2.476578 -3.123452
v -1.668561 2.454889 -3.133177
v -1.676729 2.454902 -3.129541
v -1.673129 2.476590 -3.119817
v -1.664960 2.433268 -3.123305
v -1.673129 2.433280 -3.119670
v -1.656267 2.424378 -3.099619
v -1.664435 2.424391 -3.095984
v -1.647574 2.433429 -3.075994
v -1.655742 2.433441 -3.072359
v -1.643973 2.455117 -3.066270
v -1.652141 2.455129 -3.062634
v -1.647574 2.476738 -3.076141
v -1.655742 2.476751 -3.072506
v -1.656267 2.485628 -3.099827
v -1.664435 2.485641 -3.096192
v -1.685802 2.464583 -3.098783
v -1.687394 2.454992 -3.103084
v -1.681957 2.455042 -3.088289
v -1.685802 2.445430 -3.098718
v -1.681957 2.441498 -3.088243
v -1.678113 2.445501 -3.077796
v -1.676520 2.455092 -3.073495
v -1.678113 2.464654 -3.077861
v -1.681957 2.468585 -3.088336
v -1.681193 2.454950 -3.115449
v -1.678712 2.469893 -3.108749
v -1.678712 2.440052 -3.108648
v -1.672722 2.433928 -3.092328
v -1.666733 2.440163 -3.076050
v -1.664251 2.455106 -3.069350
v -1.666733 2.470004 -3.076152
v -1.672722 2.476129 -3.092472
v -1.695742 2.454972 -3.108974
v -1.693261 2.469915 -3.102274
v -1.693261 2.440074 -3.102172
v -1.687271 2.433949 -3.085853
v -1.681281 2.440185 -3.069575
v -1.678800 2.455128 -3.062875
v -1.681281 2.470026 -3.069677
v -1.687271 2.476151 -3.085996
v -1.692708 2.455000 -3.100719
v -1.691116 2.464591 -3.096418
v -1.691116 2.445438 -3.096354
v -1.687271 2.441506 -3.085879
v -1.683427 2.445509 -3.075431
v -1.681834 2.455100 -3.071130
v -1.683427 2.464663 -3.075496
v -1.687271 2.468594 -3.085971
v -4.850736 3.795168 -4.531800
v -4.859359 3.795181 -4.527966
v -4.863160 3.818007 -4.538384
v -4.854537 3.817995 -4.542222
v -4.859359 3.840904 -4.528121
v -4.850736 3.840891 -4.531959
v -4.850182 3.850459 -4.503180
v -4.841558 3.850446 -4.507018
v -4.841004 3.841074 -4.478171
v -4.832380 3.841061 -4.482009
v -4.837202 3.818247 -4.467752
v -4.828579 3.818234 -4.471590
v -4.841004 3.795351 -4.478016
v -4.832380 3.795338 -4.481853
v -4.850182 3.785796 -4.502957
v -4.841558 3.785783 -4.506795
v -4.872738 3.808007 -4.505847
v -4.868680 3.818155 -4.494834
v -4.874419 3.818102 -4.510456
v -4.872738 3.828228 -4.505913
v -4.868680 3.832453 -4.494884
v -4.864621 3.828303 -4.483824
v -4.862939 3.818209 -4.479218
v -4.864621 3.808083 -4.483757
v -4.868680 3.803857 -4.494786
v -4.865253 3.802330 -4.516326
v -4.867872 3.818058 -4.523510
v -4.865253 3.833834 -4.516433
v -4.858930 3.840417 -4.499249
v -4.852606 3.833951 -4.482020
v -4.849987 3.818223 -4.474842
v -4.852606 3.802447 -4.481915
v -4.858930 3.795864 -4.499098
v -4.880612 3.802353 -4.509490
v -4.883232 3.818081 -4.516675
v -4.880612 3.833857 -4.509597
v -4.874290 3.840440 -4.492414
v -4.867966 3.833974 -4.475184
v -4.865347 3.818247 -4.468003
v -4.867966 3.802471 -4.475080
v -4.874290 3.795887 -4.492262
v -4.878348 3.808016 -4.503347
v -4.880029 3.818111 -4.507957
v -4.878348 3.828236 -4.503417
v -4.874290 3.832462 -4.492386
v -4.870231 3.828311 -4.481328
v -4.868549 3.818217 -4.476718
v -4.870231 3.808091 -4.481259
v -4.874290 3.803866 -4.492290
v -4.377770 1.815071 -3.238055
v -4.386394 1.815084 -3.234217
v -4.390195 1.837910 -3.244639
v -4.381572 1.837897 -3.248477
v -4.386394 1.860807 -3.234372
v -4.377770 1.860794 -3.238211
v -4.377216 1.870361 -3.209431
v -4.368592 1.870348 -3.213269
v -4.368038 1.860977 -3.184426
v -4.359415 1.860964 -3.188264
v -4.364237 1.838150 -3.174004
v -4.355613 1.838137 -3.177842
v -4.368038 1.815254 -3.184270
v -4.359415 1.815241 -3.188108
v -4.377216 1.805699 -3.209211
v -4.368592 1.805686 -3.213049
v -4.399773 1.827910 -3.212098
v -4.395714 1.838058 -3.201089
v -4.401454 1.838005 -3.216707
v -4.399773 1.848131 -3.212167
v -4.395714 1.852356 -3.201137
v -4.391655 1.848206 -3.190079
v -4.389974 1.838111 -3.185470
v -4.391655 1.827986 -3.190010
v -4.395714 1.823760 -3.201040
v -4.392288 1.822233 -3.222581
v -4.394907 1.837961 -3.229762
v -4.392288 1.853737 -3.222688
v -4.385964 1.860320 -3.205504
v -4.379641 1.853854 -3.188275
v -4.377022 1.838126 -3.181094
v -4.379641 1.822350 -3.188168
v -4.385964 1.815767 -3.205352
v -4.407647 1.822257 -3.215745
v -4.410267 1.837984 -3.222926
v -4.407647 1.853760 -3.215852
v -4.401324 1.860343 -3.198668
v -4.395000 1.853877 -3.181439
v -4.392382 1.838149 -3.174258
v -4.395000 1.822374 -3.181332
v -4.401324 1.815790 -3.198516
v -4.405382 1.827919 -3.209602
v -4.407063 1.838014 -3.214211
v -4.405382 1.848140 -3.209671
v -4.401324 1.852365 -3.198641
v -4.397265 1.848215 -3.187582
v -4.395584 1.838120 -3.182973
v -4.397265 1.827994 -3.187513
v -4.401324 1.823769 -3.198544
v -3.865740 2.401133 -2.103813
v -3.886081 2.401164 -2.094760
v -3.902085 2.403716 -2.138318
v -3.881744 2.403686 -2.147371
v -3.828890 2.562484 -2.004089
v -3.854971 2.415737 -2.074559
v -3.891629 2.421583 -2.174330
v -3.909539 2.575347 -2.223590
v -3.911970 2.421614 -2.165277
v -3.929880 2.575378 -2.214537
v -3.875312 2.415767 -2.065506
v -3.849231 2.562515 -1.995036
v -3.900570 2.584428 -2.226472
v -3.819921 2.571565 -2.006972
v -3.914607 2.597157 -2.219174
v -3.833959 2.584294 -1.999673
v -3.858141 2.408081 -2.083159
v -3.888900 2.412987 -2.166878
v -3.909241 2.413018 -2.157825
v -3.878482 2.408112 -2.074106
v -3.889896 2.586467 -2.231410
v -3.809248 2.573604 -2.011909
v -3.889408 2.604438 -2.230142
v -3.808759 2.591575 -2.010641
v -3.815185 2.586354 -2.264661
v -3.734537 2.573491 -2.045160
v -3.814697 2.604325 -2.263393
v -3.734048 2.591462 -2.043892
v -4.226213 1.860565 -3.305662
v -4.217589 1.860552 -3.309500
v -4.221391 1.837655 -3.319767
v -4.230014 1.837668 -3.315929
v -4.217589 1.814829 -3.309345
v -4.226213 1.814842 -3.305507
v -4.208412 1.805444 -3.284339
v -4.217035 1.805457 -3.280501
v -4.199234 1.814998 -3.259398
v -4.207858 1.815011 -3.255560
v -4.195433 1.837895 -3.249131
v -4.204056 1.837908 -3.245294
v -4.199234 1.860721 -3.259553
v -4.207858 1.860734 -3.255716
v -4.208412 1.870106 -3.284559
v -4.217035 1.870119 -3.280721
v -4.193973 1.847820 -3.303761
v -4.189914 1.837747 -3.292682
v -4.195654 1.837694 -3.308301
v -4.193973 1.827599 -3.303692
v -4.189914 1.823449 -3.292633
v -4.185855 1.827674 -3.281603
v -4.184174 1.837800 -3.277063
v -4.185855 1.847895 -3.281672
v -4.189914 1.852045 -3.292730
v -4.205987 1.853455 -3.305603
v -4.208606 1.837679 -3.312676
v -4.205987 1.821952 -3.305496
v -4.199663 1.815485 -3.288267
v -4.193340 1.822069 -3.271082
v -4.190721 1.837844 -3.264009
v -4.193340 1.853572 -3.271189
v -4.199663 1.860038 -3.288419
v -4.190627 1.853432 -3.312439
v -4.193246 1.837656 -3.319513
v -4.190627 1.821928 -3.312332
v -4.184303 1.815462 -3.295103
v -4.177980 1.822045 -3.277918
v -4.175361 1.837821 -3.270844
v -4.177980 1.853549 -3.278026
v -4.184303 1.860015 -3.295254
v -4.188362 1.847811 -3.306257
v -4.190043 1.837685 -3.310798
v -4.188362 1.827591 -3.306188
v -4.184303 1.823440 -3.295130
v -4.180245 1.827666 -3.284100
v -4.178564 1.837791 -3.279560
v -4.180245 1.847886 -3.284169
v -4.184303 1.852037 -3.295227
v -3.807919 2.479820 -2.169711
v -3.799750 2.479807 -2.173346
v -3.803351 2.458119 -2.183071
v -3.811519 2.458131 -2.179435
v -3.799750 2.436497 -2.173199
v -3.807919 2.436510 -2.169563
v -3.791057 2.427608 -2.149513
v -3.799225 2.427620 -2.145877
v -3.782364 2.436658 -2.125888
v -3.790532 2.436670 -2.122252
v -3.778763 2.458346 -2.116163
v -3.786931 2.458359 -2.112528
v -3.782364 2.479968 -2.126035
v -3.790532 2.479980 -2.122400
v -3.791057 2.488858 -2.149721
v -3.799225 2.488870 -2.146085
v -3.777380 2.467747 -2.167909
v -3.773535 2.458206 -2.157415
v -3.778972 2.458156 -2.172210
v -3.777380 2.448594 -2.167844
v -3.773535 2.444663 -2.157369
v -3.769691 2.448665 -2.146921
v -3.768098 2.458256 -2.142621
v -3.769691 2.467818 -2.146986
v -3.773535 2.471750 -2.157461
v -3.788760 2.473085 -2.169654
v -3.791241 2.458142 -2.176355
v -3.788760 2.443244 -2.169553
v -3.782770 2.437119 -2.153233
v -3.776781 2.443355 -2.136955
v -3.774300 2.458298 -2.130255
v -3.776781 2.473196 -2.137057
v -3.782770 2.479321 -2.153377
v -3.774211 2.473063 -2.176130
v -3.776692 2.458120 -2.182830
v -3.774211 2.443222 -2.176028
v -3.768221 2.437098 -2.159708
v -3.762232 2.443333 -2.143431
v -3.759751 2.458277 -2.136730
v -3.762232 2.473174 -2.143532
v -3.768221 2.479299 -2.159852
v -3.772066 2.467739 -2.170274
v -3.773658 2.458148 -2.174574
v -3.772066 2.448586 -2.170209
v -3.768221 2.444654 -2.159734
v -3.764377 2.448657 -2.149286
v -3.762784 2.458248 -2.144986
v -3.764377 2.467811 -2.149351
v -3.768221 2.471742 -2.159826
v -3.839208 0.606246 -1.988775
v -4.062006 1.197833 -2.597053
v -4.059049 1.209041 -2.567645
v -3.833372 0.606372 -1.951495
v -4.068518 1.211800 -2.555740
v -3.842045 0.606420 -1.937414
v -4.265838 1.808576 -3.132388
v -4.275655 1.811769 -3.121434
v -4.267628 1.795625 -3.158616
v -4.445050 2.390002 -3.643430
v -4.443619 2.403264 -3.618180
v -4.453528 2.406647 -3.607476
v -4.593062 2.990287 -4.026837
v -4.602880 2.993309 -4.015882
v -4.594687 2.979058 -4.052617
v -3.877401 0.606474 -1.921679
v -4.103873 1.211854 -2.540004
v -4.118206 1.209131 -2.541316
v -3.892529 0.606462 -1.925166
v -4.134681 1.197943 -2.564709
v -3.911884 0.606355 -1.956430
v -4.324995 1.808666 -3.106060
v -4.340303 1.795735 -3.126271
v -4.311011 1.811822 -3.105698
v -4.488884 2.406700 -3.591741
v -4.502776 2.403354 -3.591852
v -4.517725 2.390111 -3.611085
v -4.652220 2.990376 -4.000508
v -4.667361 2.979167 -4.020272
v -4.638236 2.993363 -4.000146
v -4.946752 4.729320 -4.995193
v -4.855402 4.132082 -4.744586
v -4.869524 4.129807 -4.745327
v -4.960912 4.727290 -4.996038
v -4.931725 4.736444 -4.975729
v -4.840385 4.139985 -4.725152
v -4.737150 3.541894 -4.442198
v -4.752266 3.532573 -4.461897
v -4.766333 3.529984 -4.462491
v -4.629413 2.931677 -4.125553
v -4.643407 2.928732 -4.125942
v -4.614262 2.942845 -4.105763
v -5.005908 4.729410 -4.968863
v -4.914559 4.132172 -4.718257
v -4.913060 4.140095 -4.692804
v -5.004400 4.736554 -4.943382
v -4.996268 4.727343 -4.980303
v -4.904881 4.129858 -4.729591
v -4.801689 3.530037 -4.446754
v -4.811423 3.532662 -4.435569
v -4.809825 3.542005 -4.409853
v -4.688570 2.931767 -4.099225
v -4.686937 2.942955 -4.073418
v -4.678762 2.928785 -4.110207
v -4.718182 3.568939 -4.390676
v -4.716593 3.578326 -4.364985
v -4.726336 3.580993 -4.353825
v -4.820801 4.168125 -4.650557
v -4.830486 4.170470 -4.639235
v -4.822295 4.160169 -4.675992
v -4.913784 4.753270 -4.926968
v -4.912278 4.760433 -4.901494
v -4.921922 4.762516 -4.890059
v -4.761692 3.581047 -4.338089
v -4.775750 3.578415 -4.338655
v -4.790857 3.569049 -4.358329
v -4.879958 4.168211 -4.624228
v -4.894970 4.160276 -4.643650
v -4.865842 4.170524 -4.623500
v -4.957277 4.762568 -4.874323
v -4.971436 4.760520 -4.875165
v -4.986460 4.753376 -4.894620
v -4.528169 2.327013 -3.698370
v -4.538072 2.330373 -3.687650
v -4.536635 2.343614 -3.662385
v -4.362674 1.737140 -3.208346
v -4.360879 1.750088 -3.182106
v -4.352860 1.733950 -3.219312
v -4.153910 1.146460 -2.675939
v -4.163367 1.149226 -2.664003
v -4.160399 1.160440 -2.634565
v -3.969713 0.605748 -2.135191
v -3.963854 0.605875 -2.097850
v -3.961063 0.605700 -2.149333
v -4.463960 2.343504 -3.694729
v -4.478915 2.330284 -3.713979
v -4.492813 2.326960 -3.714106
v -4.303516 1.737050 -3.234675
v -4.317504 1.733897 -3.235048
v -4.288204 1.749978 -3.214451
v -4.087724 1.160330 -2.666909
v -4.104210 1.149136 -2.690332
v -4.118554 1.146407 -2.691674
v -3.910556 0.605659 -2.161520
v -3.925707 0.605647 -2.165069
v -3.891179 0.605765 -2.130194
v -5.012827 5.086143 -5.132885
v -5.003384 5.087354 -5.132267
v -4.998337 5.080539 -5.136758
v -5.012523 5.078682 -5.137674
v -5.047879 5.078739 -5.121942
v -5.044608 5.086195 -5.118722
v -5.057494 5.080626 -5.110430
v -5.051088 5.087410 -5.111084
v -4.990416 5.093060 -5.115530
v -4.983254 5.087252 -5.117138
v -4.972838 5.107769 -5.067832
v -4.965100 5.102488 -5.067791
v -5.055929 5.087359 -5.084795
v -5.037775 5.102598 -5.035448
v -5.032248 5.107860 -5.041387
v -5.049778 5.093150 -5.089111
v -5.022692 5.109311 -5.015824
v -5.019358 5.113601 -5.024477
v -5.009773 5.114829 -5.023849
v -5.008506 5.111164 -5.014909
v -4.973150 5.111110 -5.030644
v -4.977869 5.114785 -5.038033
v -4.963534 5.109221 -5.042152
v -4.971462 5.113513 -5.045845
v -3.897772 2.436646 -2.129573
v -3.905940 2.436658 -2.125938
v -3.909541 2.458280 -2.135809
v -3.901373 2.458267 -2.139445
v -3.905940 2.479968 -2.126085
v -3.897772 2.479956 -2.129720
v -3.897247 2.489018 -2.102460
v -3.889079 2.489006 -2.106095
v -3.888554 2.480129 -2.078774
v -3.880386 2.480116 -2.082409
v -3.884953 2.458507 -2.068902
v -3.876785 2.458495 -2.072538
v -3.888554 2.436819 -2.078627
v -3.880386 2.436806 -2.082262
v -3.897247 2.427768 -2.102252
v -3.889079 2.427756 -2.105887
v -3.918613 2.448808 -2.104987
v -3.914769 2.458420 -2.094558
v -3.920206 2.458369 -2.109352
v -3.918613 2.467961 -2.105052
v -3.914769 2.471963 -2.094604
v -3.910924 2.468032 -2.084129
v -3.909332 2.458470 -2.079763
v -3.910924 2.448879 -2.084064
v -3.914769 2.444876 -2.094512
v -3.911524 2.443430 -2.114916
v -3.914005 2.458328 -2.121717
v -3.911524 2.473271 -2.115017
v -3.905534 2.479506 -2.098740
v -3.899544 2.473382 -2.082420
v -3.897063 2.458484 -2.075618
v -3.899544 2.443541 -2.082318
v -3.905534 2.437305 -2.098596
v -3.926072 2.443452 -2.108441
v -3.928554 2.458349 -2.115242
v -3.926072 2.473293 -2.108542
v -3.920083 2.479529 -2.092264
v -3.914093 2.473404 -2.075945
v -3.911612 2.458506 -2.069143
v -3.914093 2.443563 -2.075843
v -3.920083 2.437327 -2.092121
v -3.923928 2.448816 -2.102622
v -3.925520 2.458378 -2.106987
v -3.923928 2.467969 -2.102687
v -3.920083 2.471972 -2.092239
v -3.916239 2.468040 -2.081764
v -3.914646 2.458478 -2.077398
v -3.916239 2.448887 -2.081699
v -3.920083 2.444884 -2.092147
v -3.808874 2.479278 -2.178129
v -3.910390 2.357196 -2.453957
v -3.922910 2.371935 -2.461775
v -3.820172 2.496041 -2.182628
v -3.937200 2.378081 -2.460990
v -3.833978 2.503176 -2.180531
v -4.036094 2.221928 -2.769254
v -4.050187 2.228233 -2.767936
v -4.023930 2.206503 -2.762406
v -4.142434 2.013828 -3.084218
v -4.154908 2.028683 -3.091912
v -4.169071 2.034823 -3.090781
v -4.276381 1.795891 -3.421668
v -4.290744 1.801711 -3.421081
v -4.263264 1.782164 -3.412230
v -3.864886 2.503223 -2.166775
v -3.968108 2.378127 -2.447234
v -3.978889 2.372020 -2.436861
v -3.876151 2.496126 -2.157714
v -3.982983 2.357306 -2.421649
v -3.881467 2.479388 -2.145821
v -4.092072 2.222013 -2.744340
v -4.096523 2.206613 -2.730098
v -4.081095 2.228280 -2.754180
v -4.199979 2.034870 -3.077025
v -4.210887 2.028768 -3.066998
v -4.215027 2.013938 -3.051910
v -4.332360 1.795976 -3.396754
v -4.335857 1.782273 -3.379921
v -4.321652 1.801758 -3.407325
v -4.644192 0.609192 -4.444808
v -4.561852 0.895803 -4.221722
v -4.562442 0.889594 -4.197004
v -4.643150 0.608808 -4.415671
v -4.572071 0.887105 -4.183509
v -4.652100 0.608674 -4.400332
v -4.472665 1.171618 -3.953667
v -4.482853 1.167250 -3.941684
v -4.470694 1.182372 -3.974641
v -4.363436 1.470197 -3.683751
v -4.366287 1.457382 -3.665166
v -4.376789 1.452088 -3.654036
v -4.247633 1.717175 -3.343172
v -4.258330 1.711459 -3.332571
v -4.244147 1.730864 -3.360034
v -4.683008 0.608721 -4.386577
v -4.602980 0.887151 -4.169753
v -4.618421 0.889679 -4.172091
v -4.699129 0.608892 -4.390757
v -4.634445 0.895912 -4.189414
v -4.716785 0.609302 -4.412500
v -4.528645 1.171703 -3.928752
v -4.543287 1.182482 -3.942333
v -4.513762 1.167296 -3.927928
v -4.407698 1.452134 -3.640280
v -4.422266 1.457466 -3.640252
v -4.436028 1.470307 -3.651443
v -4.303612 1.717260 -3.318258
v -4.316740 1.730974 -3.327726
v -4.289239 1.711506 -3.318815
v -4.399073 1.531566 -3.754631
v -4.413631 1.536920 -3.754578
v -4.385319 1.518656 -3.743465
v -4.510821 1.234420 -4.057709
v -4.525697 1.238848 -4.058513
v -4.496186 1.223613 -4.044148
v -4.592653 0.919643 -4.305619
v -4.608671 0.925889 -4.322926
v -4.624106 0.928430 -4.325246
v -4.698805 0.611174 -4.567124
v -4.714921 0.611345 -4.571291
v -4.681155 0.610764 -4.545396
v -4.444540 1.536967 -3.740821
v -4.455051 1.531650 -3.729717
v -4.457912 1.518765 -3.711157
v -4.566801 1.234504 -4.032794
v -4.568779 1.223723 -4.011840
v -4.556605 1.238895 -4.044756
v -4.655015 0.928477 -4.311491
v -4.664650 0.925974 -4.298012
v -4.665247 0.919752 -4.273311
v -4.754785 0.611259 -4.542211
v -4.753748 0.610874 -4.513088
v -4.745831 0.611392 -4.557535
v -4.172037 1.937268 -3.000658
v -4.186211 1.943390 -2.999558
v -4.198696 1.958194 -3.007281
v -4.069521 2.132940 -2.682673
v -4.081693 2.148278 -2.689543
v -4.055420 2.126611 -2.683968
v -3.940248 2.280826 -2.371091
v -3.954539 2.286995 -2.370311
v -3.967061 2.301653 -2.378133
v -3.859004 2.400132 -2.110730
v -3.870298 2.416864 -2.115218
v -3.845202 2.393023 -2.112837
v -4.126102 1.958084 -3.039589
v -4.130231 1.943305 -3.024472
v -4.141129 1.937221 -3.014414
v -4.013542 2.132855 -2.707587
v -4.024511 2.126565 -2.697724
v -4.009100 2.148169 -2.721851
v -3.894468 2.301543 -2.410441
v -3.898560 2.286911 -2.395225
v -3.909339 2.280779 -2.384847
v -3.803025 2.400047 -2.135644
v -3.814294 2.392976 -2.126593
v -3.797705 2.416754 -2.147526
v -3.776340 2.538395 -2.016257
v -3.767361 2.533703 -2.018620
v -3.764185 2.536379 -2.030418
v -3.777477 2.543331 -2.026922
v -3.808386 2.543377 -2.013165
v -3.802477 2.538435 -2.004624
v -3.820164 2.536463 -2.005504
v -3.810455 2.533781 -1.999445
v -3.820004 2.459227 -1.978503
v -3.809874 2.442944 -1.977185
v -3.801476 2.449781 -1.974110
v -3.809479 2.462914 -1.975130
v -3.815710 2.520762 -1.992558
v -3.826684 2.520159 -1.996888
v -3.747411 2.459117 -2.010811
v -3.754091 2.520049 -2.029196
v -3.759277 2.520670 -2.017671
v -3.752933 2.462845 -2.000302
v -3.758077 2.449783 -1.993448
v -3.753895 2.442859 -2.002098
v -3.765642 2.435991 -1.994352
v -3.766056 2.444991 -1.988219
v -3.792361 2.445031 -1.976512
v -3.796551 2.436038 -1.980595
v -1.931578 1.811370 -4.326754
v -1.935379 1.834196 -4.337175
v -1.926756 1.834183 -4.341013
v -1.922954 1.811357 -4.330592
v -1.931578 1.857093 -4.326909
v -1.922954 1.857080 -4.330747
v -1.922400 1.866648 -4.301968
v -1.913777 1.866635 -4.305806
v -1.913223 1.857263 -4.276962
v -1.904599 1.857250 -4.280800
v -1.909421 1.834437 -4.266541
v -1.900798 1.834424 -4.270379
v -1.913223 1.811540 -4.276807
v -1.904599 1.811527 -4.280645
v -1.922400 1.801986 -4.301748
v -1.913777 1.801972 -4.305586
v -1.899338 1.824128 -4.324939
v -1.901019 1.834222 -4.329547
v -1.895279 1.834275 -4.313929
v -1.899338 1.844348 -4.325007
v -1.895279 1.848574 -4.313977
v -1.891220 1.844423 -4.302919
v -1.889539 1.834329 -4.298310
v -1.891220 1.824203 -4.302850
v -1.895279 1.819978 -4.313880
v -1.913971 1.834208 -4.333923
v -1.911352 1.818480 -4.326743
v -1.911352 1.849984 -4.326850
v -1.905028 1.856567 -4.309665
v -1.898705 1.850101 -4.292436
v -1.896086 1.834373 -4.285255
v -1.898705 1.818597 -4.292329
v -1.905028 1.812014 -4.309514
v -1.898611 1.834184 -4.340760
v -1.895992 1.818457 -4.333579
v -1.895992 1.849960 -4.333686
v -1.889669 1.856543 -4.316501
v -1.883345 1.850077 -4.299272
v -1.880726 1.834350 -4.292091
v -1.883345 1.818574 -4.299165
v -1.889669 1.811991 -4.316350
v -1.895409 1.834214 -4.332044
v -1.893727 1.824119 -4.327435
v -1.893727 1.844340 -4.327504
v -1.889669 1.848565 -4.316474
v -1.885610 1.844415 -4.305416
v -1.883929 1.834320 -4.300807
v -1.885610 1.824194 -4.305347
v -1.889669 1.819969 -4.316377
v -1.532199 0.602755 -3.015529
v -1.512845 0.602862 -2.984265
v -1.738521 1.205531 -3.600415
v -1.754996 1.194343 -3.623807
v -1.497716 0.602874 -2.980778
v -1.724189 1.208254 -3.599103
v -1.931326 1.808222 -4.164797
v -1.945310 1.805066 -4.165158
v -1.960618 1.792135 -4.185370
v -2.123091 2.399754 -4.650951
v -2.138040 2.386512 -4.670184
v -2.109199 2.403100 -4.650840
v -2.258551 2.989763 -5.059245
v -2.272535 2.986776 -5.059607
v -2.287677 2.975568 -5.079371
v -1.462360 0.602820 -2.996513
v -1.453688 0.602772 -3.010593
v -1.679364 1.205441 -3.626744
v -1.688833 1.208200 -3.614839
v -1.459523 0.602646 -3.047873
v -1.682321 1.194233 -3.656152
v -1.887943 1.792025 -4.217715
v -1.886153 1.804976 -4.191487
v -1.895970 1.808168 -4.180532
v -2.063934 2.399664 -4.677279
v -2.073843 2.403047 -4.666575
v -2.065365 2.386402 -4.702529
v -2.215002 2.975456 -5.111715
v -2.213378 2.986686 -5.085936
v -2.223195 2.989707 -5.074980
v -2.626224 4.725810 -6.027965
v -2.616583 4.723742 -6.039402
v -2.525195 4.126261 -5.788692
v -2.534874 4.128572 -5.777359
v -2.624715 4.732955 -6.002481
v -2.533375 4.136495 -5.751904
v -2.431738 3.529063 -5.494668
v -2.430141 3.538404 -5.468955
v -2.422004 3.526437 -5.505851
v -2.299078 2.925184 -5.169305
v -2.308886 2.928164 -5.158323
v -2.307252 2.939353 -5.132517
v -2.567067 4.725718 -6.054291
v -2.552040 4.732841 -6.034826
v -2.460700 4.136384 -5.784248
v -2.475717 4.128479 -5.803687
v -2.581227 4.723690 -6.055140
v -2.489840 4.126204 -5.804425
v -2.372581 3.528973 -5.520998
v -2.386648 3.526384 -5.521587
v -2.357466 3.538295 -5.501297
v -2.234577 2.939245 -5.164862
v -2.249728 2.928077 -5.184652
v -2.263722 2.925132 -5.185041
v -2.396066 3.574815 -5.397752
v -2.411172 3.565449 -5.417428
v -2.382007 3.577446 -5.397185
v -2.486157 4.166924 -5.682600
v -2.500274 4.164615 -5.683325
v -2.515285 4.156679 -5.702747
v -2.591751 4.756919 -5.934261
v -2.606775 4.749780 -5.953722
v -2.577593 4.758972 -5.933424
v -2.336909 3.574726 -5.424081
v -2.346651 3.577393 -5.412921
v -2.338497 3.565340 -5.449772
v -2.442610 4.156569 -5.735095
v -2.441117 4.164525 -5.709653
v -2.450801 4.166870 -5.698337
v -2.532593 4.756833 -5.960589
v -2.542237 4.758915 -5.949161
v -2.534100 4.749670 -5.986063
v -2.099230 2.326684 -4.773077
v -2.113128 2.323359 -4.773205
v -2.084275 2.339904 -4.753828
v -1.908519 1.746378 -4.273550
v -1.923832 1.733450 -4.293773
v -1.937820 1.730297 -4.294147
v -1.724525 1.145536 -3.749431
v -1.738869 1.142807 -3.750772
v -1.708039 1.156730 -3.726008
v -1.511495 0.602165 -3.189293
v -1.530871 0.602059 -3.220619
v -1.546022 0.602047 -3.224168
v -2.158387 2.326771 -4.746749
v -2.156950 2.340014 -4.721483
v -2.148484 2.323411 -4.757469
v -1.973176 1.730350 -4.278411
v -1.982989 1.733540 -4.267445
v -1.981194 1.746488 -4.241205
v -1.783683 1.145626 -3.723102
v -1.780715 1.156840 -3.693664
v -1.774225 1.142860 -3.735037
v -1.581378 0.602100 -3.208432
v -1.590028 0.602148 -3.194290
v -1.584170 0.602275 -3.156949
v -2.664932 5.082592 -6.177835
v -2.668194 5.075139 -6.181037
v -2.677810 5.077025 -6.169528
v -2.671329 5.083826 -6.170166
v -2.633142 5.082548 -6.191967
v -2.632838 5.075085 -6.196774
v -2.623655 5.083741 -6.191433
v -2.618652 5.076939 -6.195858
v -2.676245 5.083762 -6.143893
v -2.670066 5.089550 -6.148221
v -2.658091 5.098998 -6.094544
v -2.652540 5.104259 -6.100497
v -2.603569 5.083652 -6.176239
v -2.610706 5.089458 -6.174643
v -2.593129 5.104167 -6.126935
v -2.585415 5.098886 -6.126892
v -2.591702 5.109929 -6.104928
v -2.583850 5.105618 -6.101254
v -2.598194 5.111178 -6.097147
v -2.593465 5.107511 -6.089746
v -2.630088 5.111233 -6.082932
v -2.628821 5.107563 -6.074008
v -2.639630 5.109989 -6.083643
v -2.643007 5.105711 -6.074924
vn -0.1740 0.9636 -0.2031
vn -0.9544 0.1550 0.2551
vn -0.1494 0.9884 0.0269
vn -0.5201 0.0389 0.8532
vn 0.5295 -0.0618 0.8461
vn -0.5529 0.8203 0.1461
vn 0.0735 0.9699 -0.2323
vn -0.6933 0.6231 -0.3620
vn 0.8929 0.1483 -0.4252
vn -0.1121 0.7287 -0.6756
vn 0.1936 0.9108 -0.3648
vn 0.9908 -0.0160 -0.1344
vn 0.5552 0.7929 -0.2510
vn 0.5625 -0.5212 0.6418
vn -0.1149 0.8457 0.5212
vn -0.5228 -0.8336 0.1785
vn -0.6080 0.4129 -0.6781
vn -0.3892 -0.8006 -0.4556
vn -0.0934 -0.8084 -0.5811
vn -0.3836 0.2153 -0.8981
vn 0.2099 -0.9695 -0.1263
vn -0.1935 -0.9455 0.2620
vn -0.9979 0.0035 -0.0642
vn 0.5908 -0.0138 -0.8067
vn 0.2379 -0.9701 -0.0480
vn -0.0451 -0.9634 0.2643
vn -0.8679 -0.4786 0.1332
vn 0.5607 -0.6484 0.5150
vn -0.1970 -0.6805 0.7058
vn 0.2308 -0.9610 0.1521
vn 0.6759 -0.5925 -0.4383
vn 0.2831 0.8277 0.4845
vn 0.7652 0.1234 -0.6318
vn 0.0068 0.9807 -0.1956
vn 0.1296 0.9887 -0.0749
vn 0.9909 -0.0096 -0.1341
vn 0.5502 0.7964 -0.2511
vn 0.5615 -0.5207 0.6431
vn -0.5969 0.5838 -0.5504
vn -0.1487 0.9793 -0.1373
vn -0.9548 0.1517 0.2557
vn -0.1461 0.9889 0.0254
vn -0.8389 -0.0123 0.5441
vn -0.1332 0.9884 0.0729
vn 0.0878 -0.5293 0.8439
vn 0.0435 0.9226 0.3833
vn 0.3323 0.3021 -0.8935
vn 0.2122 -0.9690 -0.1263
vn -0.0758 -0.8102 -0.5813
vn -0.6060 0.4141 -0.6791
vn -0.2478 -0.9678 0.0433
vn -0.9831 -0.0853 0.1619
vn 0.6005 -0.0142 -0.7995
vn 0.2410 -0.9692 -0.0500
vn -0.2095 -0.9709 0.1159
vn -0.8877 -0.1933 0.4179
vn 0.8465 -0.3276 -0.4197
vn 0.2085 -0.9602 0.1858
vn 0.6295 -0.6397 0.4411
vn -0.0043 -0.9634 0.2681
vn -0.2456 -0.8847 -0.3962
vn 0.2292 0.7724 -0.5923
vn -0.1887 -0.6774 0.7110
vn 0.2881 0.8304 0.4770
vn 0.1740 0.9649 0.1965
vn 0.9480 0.1386 -0.2865
vn 0.1472 0.9885 -0.0346
vn 0.5316 -0.0270 -0.8466
vn -0.5903 -0.0984 -0.8012
vn 0.5589 0.8157 -0.1491
vn -0.0735 0.9714 0.2257
vn 0.6116 0.7135 0.3418
vn -0.9077 0.1359 0.3971
vn 0.0479 0.8036 0.5932
vn -0.1942 0.9119 0.3616
vn -0.9877 -0.0212 0.1552
vn -0.5582 0.7908 0.2509
vn -0.5112 -0.6237 -0.5913
vn 0.1149 0.8421 -0.5269
vn 0.5268 -0.8289 -0.1881
vn 0.5330 0.5856 0.6107
vn 0.3892 -0.7975 0.4610
vn 0.0935 -0.8044 0.5866
vn 0.4760 0.3276 0.8162
vn -0.2057 -0.9716 0.1169
vn 0.1900 -0.9461 -0.2623
vn 0.9983 0.0580 0.0079
vn -0.6059 0.0715 0.7923
vn -0.2326 -0.9710 0.0556
vn 0.0450 -0.9652 -0.2578
vn 0.8768 -0.4723 -0.0899
vn -0.5230 -0.7166 -0.4614
vn 0.1740 -0.7367 -0.6535
vn -0.2307 -0.9621 -0.1455
vn -0.6490 -0.5967 0.4719
vn -0.2831 0.8245 -0.4899
vn -0.7740 0.1177 0.6222
vn -0.0068 0.9820 0.1889
vn -0.1283 0.9896 0.0657
vn -0.9879 -0.0145 0.1547
vn -0.5532 0.7943 0.2511
vn -0.5101 -0.6235 -0.5925
vn 0.5355 0.7024 0.4689
vn 0.1487 0.9802 0.1307
vn 0.9484 0.1357 -0.2867
vn 0.1439 0.9890 -0.0332
vn 0.8507 -0.0220 -0.5252
vn 0.1310 0.9887 -0.0727
vn -0.0881 -0.6324 -0.7696
vn -0.0435 0.9200 -0.3896
vn -0.4112 0.4354 0.8008
vn -0.2079 -0.9711 0.1173
vn 0.0759 -0.8062 0.5867
vn 0.5321 0.5861 0.6111
vn 0.2336 -0.9713 -0.0453
vn 0.9810 -0.0843 -0.1749
vn -0.6162 0.0727 0.7842
vn -0.2358 -0.9701 0.0574
vn 0.2063 -0.9728 -0.1049
vn 0.9016 -0.1811 -0.3927
vn -0.8326 -0.3162 0.4548
vn -0.2085 -0.9615 -0.1793
vn -0.5807 -0.7052 -0.4067
vn 0.0043 -0.9652 -0.2616
vn 0.2456 -0.8820 0.4022
vn -0.1973 0.8152 0.5445
vn 0.1662 -0.7351 -0.6573
vn -0.2881 0.8271 -0.4826
vn 0.3227 0.6110 0.7229
vn 0.2822 0.7221 0.6316
vn 0.3229 0.6105 0.7232
vn -0.0546 0.9905 -0.1261
vn -0.3664 0.4306 -0.8248
vn -0.0540 0.9907 -0.1247
vn -0.3226 -0.6109 -0.7230
vn -0.2822 -0.7221 -0.6316
vn -0.2820 -0.7226 -0.6311
vn 0.0546 -0.9905 0.1260
vn 0.3664 -0.4306 0.8248
vn 0.3660 -0.4327 0.8239
vn 0.2821 0.7227 0.6310
vn -0.3228 -0.6105 -0.7232
vn 0.0540 -0.9907 0.1247
vn 0.2883 -0.7027 0.6504
vn 0.3282 -0.5881 0.7392
vn 0.3283 -0.5875 0.7396
vn 0.3588 0.4735 0.8044
vn 0.0412 0.9952 0.0891
vn 0.3583 0.4757 0.8033
vn -0.2884 0.7028 -0.6503
vn -0.3281 0.5881 -0.7392
vn -0.2882 0.7032 -0.6499
vn -0.3588 -0.4735 -0.8044
vn -0.0412 -0.9952 -0.0891
vn -0.0406 -0.9953 -0.0878
vn 0.2881 -0.7032 0.6500
vn 0.0406 0.9953 0.0878
vn -0.3281 0.5876 -0.7396
vn -0.3583 -0.4757 -0.8033
vn -0.4067 -0.0031 -0.9136
vn -0.2652 -0.7601 -0.5933
vn -0.2653 -0.7599 -0.5935
vn -0.2652 0.7561 -0.5984
vn -0.4067 -0.0032 -0.9135
vn -0.2653 0.7559 -0.5986
vn -0.0000 1.0000 -0.0032
vn -0.0001 1.0000 -0.0035
vn 0.2653 0.7599 0.5934
vn 0.2652 0.7600 0.5933
vn 0.4065 0.0031 0.9137
vn 0.2652 -0.7560 0.5984
vn 0.4064 0.0031 0.9137
vn -0.0000 -1.0000 0.0032
vn 0.2653 -0.7558 0.5987
vn 0.0001 -1.0000 0.0035
vn 0.9386 -0.0011 -0.3449
vn 0.9386 -0.0012 -0.3449
vn 0.9387 -0.0012 -0.3448
vn 0.9386 -0.0012 -0.3450
vn 0.5380 -0.5162 -0.6664
vn 0.4851 -0.0030 -0.8745
vn 0.5380 -0.5160 -0.6666
vn 0.5380 0.5117 -0.6699
vn 0.4851 -0.0030 -0.8744
vn 0.6804 0.6880 -0.2524
vn 0.5379 0.5115 -0.6701
vn 0.8600 0.4926 0.1330
vn 0.8600 0.4927 0.1329
vn 0.9533 0.0010 0.3019
vn 0.8600 -0.4918 0.1362
vn 0.9534 0.0011 0.3018
vn 0.6804 -0.6897 -0.2477
vn 0.8600 -0.4917 0.1364
vn -0.3665 -0.4363 -0.8218
vn -0.1367 0.9408 -0.3101
vn -0.1367 0.9408 -0.3102
vn 0.1367 0.9429 0.3038
vn 0.1367 0.9429 0.3039
vn 0.3665 0.4362 0.8218
vn 0.3665 0.4363 0.8218
vn 0.1366 -0.9408 0.3102
vn 0.1366 -0.9408 0.3103
vn -0.1367 -0.9429 -0.3038
vn -0.1367 -0.9429 -0.3039
vn 0.9386 -0.0012 -0.3451
vn 0.2654 0.7595 0.5939
vn 0.4065 0.0030 0.9137
vn 0.2653 0.7597 0.5937
vn 0.2654 -0.7554 0.5991
vn 0.4064 0.0032 0.9137
vn 0.0001 -1.0000 0.0036
vn 0.2655 -0.7556 0.5989
vn -0.2653 -0.7596 -0.5938
vn -0.0001 -1.0000 0.0032
vn -0.4069 -0.0030 -0.9135
vn -0.2654 -0.7594 -0.5940
vn -0.2655 0.7554 -0.5990
vn -0.4065 -0.0033 -0.9137
vn -0.2654 0.7556 -0.5988
vn -0.0001 1.0000 -0.0036
vn 0.0001 1.0000 -0.0032
vn 0.3634 0.4515 0.8149
vn 0.3012 0.6744 0.6741
vn 0.3598 0.4686 0.8068
vn -0.0802 0.9797 -0.1835
vn -0.2912 0.6958 -0.6566
vn -0.0798 0.9799 -0.1827
vn -0.3635 -0.4514 -0.8149
vn -0.3010 -0.6743 -0.6743
vn -0.3008 -0.6753 -0.6734
vn 0.0802 -0.9797 0.1835
vn 0.2912 -0.6958 0.6566
vn 0.2914 -0.6952 0.6571
vn 0.3006 0.6752 0.6736
vn -0.2914 0.6952 -0.6571
vn -0.3598 -0.4685 -0.8069
vn 0.0798 -0.9799 0.1827
vn -0.4066 -0.0031 -0.9136
vn -0.2651 -0.7601 -0.5933
vn -0.2653 -0.7598 -0.5935
vn -0.2652 0.7560 -0.5985
vn -0.2653 0.7558 -0.5986
vn 0.0001 1.0000 -0.0033
vn -0.0000 1.0000 -0.0036
vn 0.2652 0.7599 0.5935
vn 0.2651 0.7601 0.5933
vn 0.4067 0.0032 0.9136
vn 0.4068 0.0031 0.9135
vn -0.0001 -1.0000 0.0033
vn 0.2652 -0.7558 0.5987
vn -0.0000 -1.0000 0.0036
vn 0.9386 -0.0011 -0.3450
vn 0.9387 -0.0011 -0.3449
vn 0.4850 -0.0030 -0.8745
vn 0.5380 -0.5164 -0.6663
vn 0.5380 0.5116 -0.6699
vn 0.6804 0.6880 -0.2523
vn 0.5380 0.5115 -0.6700
vn 0.9533 0.0010 0.3020
vn 0.8600 -0.4917 0.1363
vn -0.3665 -0.4362 -0.8219
vn -0.3665 -0.4361 -0.8219
vn -0.1365 0.9408 -0.3101
vn -0.1366 0.9409 -0.3100
vn 0.1367 0.9429 0.3036
vn 0.1367 0.9429 0.3037
vn 0.3664 0.4363 0.8218
vn 0.3664 -0.4307 0.8248
vn 0.1367 -0.9408 0.3101
vn -0.1366 -0.9429 -0.3038
vn -0.1365 -0.9429 -0.3038
vn 0.9387 -0.0011 -0.3448
vn 0.9386 -0.0013 -0.3450
vn 0.9387 -0.0012 -0.3449
vn 0.2654 0.7594 0.5940
vn 0.4069 0.0031 0.9135
vn 0.2653 0.7596 0.5938
vn 0.2655 -0.7554 0.5990
vn -0.0000 -1.0000 0.0037
vn 0.2654 -0.7556 0.5988
vn -0.2654 -0.7597 -0.5937
vn -0.4068 -0.0030 -0.9135
vn -0.2654 -0.7595 -0.5939
vn -0.2654 0.7554 -0.5991
vn -0.4064 -0.0032 -0.9137
vn -0.2653 0.7556 -0.5989
vn -0.0000 1.0000 -0.0037
vn -0.3669 -0.4339 -0.8229
vn -0.3671 -0.4339 -0.8228
vn -0.3670 -0.4339 -0.8229
vn 0.8636 0.3197 0.3898
vn 0.8637 0.3196 0.3897
vn 0.8636 0.3197 0.3899
vn 0.5002 0.7320 -0.4626
vn 0.5001 0.7320 -0.4626
vn 0.1502 0.9304 0.3344
vn 0.1503 0.9304 0.3342
vn 0.1503 0.9303 0.3345
vn -0.3415 0.3408 0.8759
vn -0.3416 0.3408 0.8759
vn -0.6961 0.7177 -0.0169
vn -0.6961 0.7177 -0.0170
vn 0.6962 -0.7177 0.0170
vn 0.6962 -0.7176 0.0169
vn 0.6963 -0.7176 0.0168
vn 0.3730 -0.3951 0.8395
vn 0.3730 -0.3952 0.8395
vn -0.5001 -0.7321 0.4626
vn -0.5002 -0.7320 0.4626
vn -0.5000 -0.7321 0.4626
vn -0.1358 0.9415 -0.3084
vn -0.1358 0.9416 -0.3082
vn 0.3669 0.4339 0.8229
vn 0.1358 -0.9415 0.3084
vn 0.1358 -0.9415 0.3083
vn -0.9386 0.0012 0.3449
vn 0.5872 0.8005 0.1197
vn -0.3354 0.8188 0.4660
vn 0.7942 -0.3261 0.5128
vn -0.1896 -0.3435 0.9198
vn -0.3668 -0.4339 -0.8229
vn -0.3588 -0.4730 -0.8047
vn -0.3587 -0.4730 -0.8048
vn 0.8571 0.3495 0.3785
vn 0.8571 0.3494 0.3785
vn 0.4917 0.7218 -0.4870
vn 0.1366 0.9429 0.3038
vn -0.3452 0.3719 0.8617
vn -0.3453 0.3719 0.8617
vn -0.7070 0.7061 -0.0392
vn 0.7070 -0.7061 0.0393
vn 0.7070 -0.7062 0.0393
vn 0.3798 -0.3541 0.8546
vn 0.3798 -0.3538 0.8547
vn -0.4917 -0.7218 0.4870
vn -0.4916 -0.7219 0.4870
vn -0.4918 -0.7218 0.4870
vn -0.1494 0.9289 -0.3389
vn 0.3588 0.4730 0.8047
vn 0.3589 0.4730 0.8047
vn 0.1494 -0.9289 0.3389
vn 0.5747 0.8129 0.0942
vn -0.3455 0.8297 0.4383
vn 0.8003 -0.2919 0.5237
vn -0.1856 -0.3072 0.9334
vn -0.3588 -0.4729 -0.8047
vn -0.3589 -0.4730 -0.8047
vn -0.3591 -0.4729 -0.8046
vn -0.3545 -0.4926 -0.7948
vn 0.8535 0.3645 0.3723
vn 0.8536 0.3645 0.3722
vn 0.4876 0.7160 -0.4996
vn 0.4875 0.7161 -0.4996
vn 0.1296 0.9488 0.2881
vn 0.1296 0.9488 0.2880
vn -0.3472 0.3876 0.8540
vn -0.3473 0.3875 0.8539
vn -0.3469 0.3877 0.8540
vn -0.7126 0.6998 -0.0506
vn -0.7125 0.6998 -0.0507
vn 0.7126 -0.6998 0.0506
vn 0.7125 -0.6998 0.0506
vn 0.3831 -0.3322 0.8619
vn 0.3831 -0.3320 0.8620
vn -0.4875 -0.7160 0.4996
vn -0.4874 -0.7161 0.4996
vn -0.4876 -0.7160 0.4996
vn -0.1564 0.9218 -0.3546
vn -0.1564 0.9219 -0.3546
vn 0.3545 0.4926 0.7948
vn 0.1564 -0.9219 0.3545
vn 0.1564 -0.9219 0.3546
vn -0.9386 0.0012 0.3450
vn 0.5683 0.8188 0.0810
vn -0.3508 0.8349 0.4241
vn 0.8034 -0.2736 0.5289
vn -0.1839 -0.2880 0.9398
vn -0.3506 -0.5094 -0.7859
vn -0.3507 -0.5094 -0.7858
vn 0.8504 0.3774 0.3665
vn 0.8504 0.3774 0.3666
vn 0.4837 0.7110 -0.5104
vn 0.4836 0.7111 -0.5104
vn 0.1235 0.9537 0.2742
vn 0.1234 0.9538 0.2740
vn -0.3492 0.4010 0.8469
vn -0.3491 0.4010 0.8469
vn -0.3491 0.4011 0.8469
vn -0.7174 0.6941 -0.0604
vn -0.7174 0.6941 -0.0605
vn 0.7173 -0.6941 0.0605
vn 0.7174 -0.6941 0.0604
vn 0.7174 -0.6940 0.0604
vn 0.3858 -0.3129 0.8679
vn 0.3858 -0.3130 0.8679
vn -0.4838 -0.7109 0.5105
vn -0.4837 -0.7109 0.5105
vn -0.1625 0.9154 -0.3682
vn 0.3505 0.5094 0.7859
vn 0.1625 -0.9154 0.3682
vn 0.5628 0.8237 0.0693
vn -0.3555 0.8393 0.4114
vn 0.8058 -0.2576 0.5331
vn -0.1822 -0.2716 0.9450
vn -0.3505 -0.5094 -0.7859
vn -0.3652 -0.4419 -0.8193
vn -0.3654 -0.4419 -0.8193
vn -0.3653 -0.4419 -0.8193
vn 0.8623 0.3258 0.3876
vn 0.8624 0.3257 0.3875
vn 0.4983 0.7301 -0.4675
vn 0.4984 0.7301 -0.4675
vn 0.1474 0.9330 0.3282
vn 0.1476 0.9329 0.3285
vn -0.3422 0.3472 0.8731
vn -0.6984 0.7154 -0.0215
vn 0.6983 -0.7155 0.0216
vn 0.6983 -0.7154 0.0215
vn 0.3744 -0.3869 0.8427
vn 0.3745 -0.3866 0.8428
vn -0.4984 -0.7301 0.4676
vn -0.4983 -0.7301 0.4676
vn -0.1386 0.9391 -0.3145
vn 0.3653 0.4419 0.8193
vn 0.1386 -0.9391 0.3146
vn 0.1386 -0.9391 0.3145
vn 0.5845 0.8032 0.1145
vn -0.3373 0.8210 0.4606
vn 0.7954 -0.3194 0.5151
vn -0.1885 -0.3359 0.9229
vn -0.3627 -0.4548 -0.8134
vn -0.3626 -0.4548 -0.8134
vn 0.8603 0.3355 0.3838
vn 0.8602 0.3356 0.3839
vn 0.4958 0.7267 -0.4756
vn 0.4956 0.7267 -0.4756
vn 0.1430 0.9372 0.3181
vn 0.1430 0.9372 0.3182
vn -0.3433 0.3574 0.8686
vn -0.3435 0.3574 0.8685
vn -0.3432 0.3574 0.8686
vn -0.7019 0.7117 -0.0288
vn -0.7018 0.7118 -0.0289
vn 0.7019 -0.7117 0.0288
vn 0.7019 -0.7116 0.0288
vn 0.3768 -0.3732 0.8478
vn 0.3767 -0.3733 0.8478
vn -0.4957 -0.7267 0.4756
vn -0.4956 -0.7268 0.4756
vn -0.4958 -0.7267 0.4756
vn -0.1430 0.9350 -0.3246
vn 0.3627 0.4548 0.8134
vn 0.1430 -0.9350 0.3246
vn 0.1430 -0.9350 0.3245
vn 0.5807 0.8072 0.1061
vn -0.3407 0.8248 0.4513
vn 0.7976 -0.3078 0.5188
vn -0.1875 -0.3243 0.9272
vn -0.3625 -0.4548 -0.8135
vn -0.3624 -0.4548 -0.8135
vn -0.3690 -0.4230 -0.8276
vn -0.3689 -0.4230 -0.8276
vn 0.8652 0.3115 0.3929
vn 0.8653 0.3114 0.3927
vn 0.5025 0.7346 -0.4559
vn 0.5024 0.7347 -0.4559
vn 0.1540 0.9267 0.3429
vn 0.1539 0.9268 0.3427
vn -0.3404 0.3322 0.8796
vn -0.3404 0.3322 0.8797
vn -0.6932 0.7207 -0.0108
vn -0.6932 0.7206 -0.0107
vn -0.6931 0.7207 -0.0109
vn 0.6932 -0.7207 0.0109
vn 0.6933 -0.7206 0.0108
vn 0.6933 -0.7206 0.0107
vn 0.3710 -0.4062 0.8350
vn 0.3710 -0.4060 0.8352
vn -0.5025 -0.7346 0.4559
vn -0.5024 -0.7347 0.4559
vn -0.1321 0.9448 -0.3000
vn -0.1320 0.9448 -0.2999
vn 0.3690 0.4230 0.8276
vn 0.1321 -0.9448 0.3000
vn 0.1320 -0.9448 0.2999
vn 0.5905 0.7971 0.1266
vn -0.3326 0.8156 0.4734
vn 0.7922 -0.3356 0.5097
vn -0.1905 -0.3529 0.9160
vn -0.3691 -0.4230 -0.8276
vn -0.3692 -0.4230 -0.8275
vn -0.3688 -0.4236 -0.8274
vn -0.3687 -0.4236 -0.8274
vn 0.8653 0.3118 0.3925
vn 0.5023 0.7346 -0.4563
vn 0.5024 0.7345 -0.4563
vn 0.1537 0.9270 0.3422
vn 0.1538 0.9269 0.3424
vn -0.3406 0.3326 0.8794
vn -0.3405 0.3326 0.8794
vn -0.6934 0.7205 -0.0111
vn 0.6934 -0.7205 0.0111
vn 0.6934 -0.7205 0.0112
vn 0.3712 -0.4057 0.8353
vn 0.3711 -0.4057 0.8353
vn -0.5024 -0.7345 0.4562
vn -0.5023 -0.7345 0.4562
vn -0.1323 0.9446 -0.3004
vn 0.3689 0.4236 0.8273
vn 0.1323 -0.9446 0.3004
vn 0.1322 -0.9446 0.3004
vn 0.5902 0.7973 0.1262
vn -0.3327 0.8157 0.4731
vn 0.7924 -0.3350 0.5097
vn -0.1906 -0.3526 0.9161
vn -0.3689 -0.4236 -0.8274
vn -0.3689 -0.4236 -0.8273
vn -0.3690 -0.4236 -0.8273
vn 0.0097 -0.9996 0.0253
vn 0.5629 0.7940 -0.2298
vn 0.3678 -0.0273 -0.9295
vn -0.2623 0.7620 -0.5920
vn -0.5774 0.7942 0.1893
vn -0.5775 0.7941 0.1893
vn -0.9128 -0.0240 -0.4077
vn -0.9128 -0.0239 -0.4077
vn 0.9128 0.0240 0.4077
vn 0.2451 0.7998 0.5479
vn -0.3679 0.0273 0.9295
vn -0.4064 -0.0354 -0.9130
vn -0.0097 0.9996 -0.0253
vn 0.4064 0.0354 0.9130
vn 0.2629 0.6656 -0.6985
vn -0.6948 0.6420 -0.3241
vn 0.6787 0.6749 0.2895
vn -0.2742 0.7004 0.6590
vn 0.0098 -0.9996 0.0253
vn 0.0098 -0.9996 0.0252
vn -0.0072 -0.9999 -0.0129
vn 0.5755 0.7932 -0.1992
vn 0.5756 0.7931 -0.1992
vn 0.3678 0.0148 -0.9298
vn -0.2473 0.7919 -0.5583
vn -0.2473 0.7919 -0.5584
vn -0.5648 0.7954 0.2199
vn -0.5647 0.7954 0.2199
vn -0.9129 0.0154 -0.4080
vn -0.9129 0.0154 -0.4079
vn 0.9128 -0.0154 0.4080
vn 0.9129 -0.0154 0.4080
vn 0.2602 0.7705 0.5820
vn 0.2602 0.7705 0.5819
vn -0.3679 -0.0148 0.9298
vn -0.3678 -0.0148 0.9298
vn -0.4065 0.0209 -0.9134
vn 0.0072 0.9999 0.0129
vn 0.4065 -0.0209 0.9134
vn 0.2727 0.6922 -0.6682
vn -0.6809 0.6691 -0.2980
vn 0.6928 0.6483 0.3160
vn -0.2643 0.6743 0.6896
vn -0.0072 -0.9999 -0.0128
vn -0.0117 -0.9997 -0.0229
vn -0.0117 -0.9997 -0.0230
vn 0.5790 0.7926 -0.1912
vn 0.5790 0.7926 -0.1911
vn 0.3680 0.0259 -0.9295
vn 0.3679 0.0259 -0.9295
vn -0.2433 0.7994 -0.5493
vn -0.5614 0.7955 0.2280
vn -0.9127 0.0258 -0.4078
vn 0.9127 -0.0258 0.4078
vn 0.2641 0.7624 0.5908
vn -0.3679 -0.0259 0.9295
vn -0.4063 0.0357 -0.9130
vn -0.4063 0.0358 -0.9130
vn 0.0117 0.9997 0.0229
vn 0.4063 -0.0358 0.9130
vn 0.4063 -0.0357 0.9130
vn -0.9386 0.0011 0.3449
vn 0.2755 0.6988 -0.6601
vn -0.6771 0.6760 -0.2909
vn 0.6964 0.6409 0.3229
vn -0.2618 0.6671 0.6974
vn -0.0116 -0.9997 -0.0230
vn -0.0158 -0.9994 -0.0321
vn -0.0159 -0.9994 -0.0321
vn 0.5820 0.7921 -0.1838
vn 0.3681 0.0360 -0.9291
vn 0.3680 0.0360 -0.9291
vn -0.2396 0.8061 -0.5411
vn -0.2396 0.8062 -0.5410
vn -0.5584 0.7955 0.2354
vn -0.9125 0.0353 -0.4075
vn 0.9125 -0.0353 0.4075
vn 0.2676 0.7549 0.5988
vn 0.2677 0.7548 0.5988
vn -0.3680 -0.0360 0.9291
vn -0.4060 0.0493 -0.9125
vn -0.4061 0.0493 -0.9125
vn 0.0158 0.9994 0.0321
vn 0.4060 -0.0493 0.9125
vn 0.4061 -0.0493 0.9125
vn 0.2779 0.7048 -0.6527
vn -0.6737 0.6821 -0.2843
vn 0.6997 0.6342 0.3290
vn -0.2595 0.6604 0.7047
vn -0.0158 -0.9994 -0.0322
vn 0.2243 -0.8324 0.5067
vn 0.2244 -0.8324 0.5067
vn 0.4210 0.6599 -0.6223
vn 0.4209 0.6599 -0.6223
vn 0.4131 -0.5097 -0.7547
vn -0.3989 0.1904 -0.8970
vn -0.7497 0.6381 -0.1756
vn -0.8334 -0.4836 -0.2676
vn -0.8334 -0.4836 -0.2675
vn 0.8334 0.4836 0.2676
vn 0.0326 0.9970 0.0698
vn 0.0326 0.9970 0.0697
vn -0.4131 0.5097 0.7547
vn -0.3035 -0.6678 -0.6796
vn -0.3035 -0.6678 -0.6797
vn -0.2243 0.8324 -0.5067
vn 0.3035 0.6678 0.6796
vn 0.1811 0.1641 -0.9697
vn -0.8210 0.1558 -0.5492
vn 0.4866 0.8670 -0.1077
vn -0.4320 0.8720 0.2302
vn 0.2242 -0.8324 0.5067
vn 0.1482 -0.9301 0.3361
vn 0.1482 -0.9301 0.3360
vn 0.4671 0.7407 -0.4830
vn 0.3874 -0.3551 -0.8508
vn 0.3873 -0.3551 -0.8508
vn -0.3657 0.4345 -0.8231
vn -0.6869 0.7249 -0.0516
vn -0.8772 -0.3333 -0.3457
vn -0.8771 -0.3333 -0.3457
vn 0.8772 0.3333 0.3457
vn 0.1121 0.9621 0.2485
vn -0.3874 0.3551 0.8508
vn -0.3596 -0.4694 -0.8064
vn -0.1482 0.9301 -0.3361
vn 0.3596 0.4694 0.8064
vn 0.1998 0.3766 -0.9046
vn -0.7906 0.3579 -0.4968
vn 0.5566 0.8295 0.0454
vn -0.3690 0.8439 0.3895
vn 0.0817 -0.9790 0.1868
vn 0.0816 -0.9790 0.1868
vn 0.5113 0.7800 -0.3608
vn 0.3737 -0.2029 -0.9051
vn -0.3212 0.6108 -0.7237
vn -0.3212 0.6108 -0.7238
vn -0.6333 0.7714 0.0621
vn -0.6334 0.7714 0.0621
vn -0.9019 -0.1887 -0.3886
vn -0.9019 -0.1887 -0.3887
vn 0.9019 0.1887 0.3886
vn 0.1779 0.9006 0.3966
vn -0.3737 0.2029 0.9051
vn -0.3738 0.2029 0.9051
vn -0.3738 0.2029 0.9050
vn -0.3919 -0.2694 -0.8797
vn -0.0817 0.9790 -0.1868
vn 0.3919 0.2694 0.8797
vn 0.2260 0.5314 -0.8164
vn -0.7496 0.5082 -0.4241
vn 0.6165 0.7692 0.1682
vn -0.3205 0.7900 0.5227
vn 0.0482 -0.9926 0.1116
vn 0.5348 0.7901 -0.2996
vn 0.5348 0.7901 -0.2995
vn 0.3699 -0.1220 -0.9210
vn -0.2949 0.6862 -0.6649
vn -0.6069 0.7856 0.1208
vn -0.9090 -0.1127 -0.4012
vn 0.9091 0.1127 0.4011
vn 0.2097 0.8583 0.4683
vn -0.3698 0.1220 0.9211
vn -0.3699 0.1220 0.9210
vn -0.4014 -0.1619 -0.9015
vn -0.0482 0.9926 -0.1116
vn 0.4014 0.1619 0.9015
vn 0.4015 0.1619 0.9015
vn 0.2421 0.5983 -0.7638
vn -0.7250 0.5744 -0.3801
vn 0.6459 0.7291 0.2263
vn -0.2982 0.7525 0.5873
vn 0.0481 -0.9926 0.1116
vn 0.0481 -0.9926 0.1117
vn 0.0260 -0.9977 0.0619
vn 0.5509 0.7933 -0.2593
vn 0.5508 0.7934 -0.2593
vn 0.3684 -0.0676 -0.9272
vn -0.2765 0.7312 -0.6236
vn -0.2764 0.7313 -0.6236
vn -0.5899 0.7915 0.1601
vn -0.5899 0.7914 0.1602
vn -0.9118 -0.0617 -0.4060
vn 0.9118 0.0617 0.4060
vn 0.2303 0.8260 0.5145
vn 0.2303 0.8259 0.5146
vn -0.3683 0.0676 0.9272
vn -0.3684 0.0676 0.9272
vn -0.3684 0.0677 0.9272
vn -0.4051 -0.0893 -0.9099
vn -0.0260 0.9977 -0.0619
vn 0.4051 0.0893 0.9099
vn 0.2539 0.6382 -0.7268
vn -0.7078 0.6144 -0.3485
vn 0.6649 0.6990 0.2631
vn -0.2841 0.7236 0.6290
vn 0.0261 -0.9977 0.0619
vn 0.0144 -0.9993 0.0357
vn 0.5594 0.7939 -0.2382
vn 0.5594 0.7940 -0.2381
vn 0.3681 -0.0388 -0.9290
vn 0.3680 -0.0388 -0.9290
vn -0.2664 0.7535 -0.6011
vn -0.2664 0.7535 -0.6010
vn -0.5810 0.7936 0.1810
vn -0.5810 0.7935 0.1810
vn -0.9126 -0.0347 -0.4074
vn 0.9126 0.0347 0.4074
vn 0.9126 0.0347 0.4073
vn 0.2409 0.8075 0.5385
vn -0.3680 0.0388 0.9290
vn -0.3679 0.0388 0.9290
vn -0.3679 0.0388 0.9291
vn -0.4061 -0.0507 -0.9124
vn -0.4061 -0.0508 -0.9124
vn -0.0144 0.9993 -0.0357
vn 0.4061 0.0507 0.9124
vn 0.2603 0.6580 -0.7066
vn -0.6985 0.6344 -0.3312
vn 0.6748 0.6820 0.2820
vn -0.2771 0.7072 0.6505
vn 0.0143 -0.9993 0.0357
vn -0.3685 -0.4254 -0.8266
vn 0.8649 0.3132 0.3921
vn 0.8650 0.3132 0.3920
vn 0.8649 0.3133 0.3922
vn 0.5019 0.7341 -0.4574
vn 0.5020 0.7340 -0.4574
vn 0.1532 0.9275 0.3410
vn 0.1531 0.9275 0.3409
vn -0.3408 0.3340 0.8788
vn -0.3409 0.3340 0.8788
vn -0.6938 0.7200 -0.0122
vn -0.6939 0.7200 -0.0121
vn 0.6938 -0.7201 0.0122
vn 0.3715 -0.4037 0.8361
vn -0.5020 -0.7341 0.4574
vn -0.5018 -0.7342 0.4574
vn -0.1329 0.9441 -0.3018
vn 0.3685 0.4254 0.8266
vn 0.1329 -0.9441 0.3018
vn 0.1329 -0.9441 0.3017
vn 0.5898 0.7978 0.1252
vn -0.3332 0.8164 0.4717
vn 0.7927 -0.3334 0.5104
vn -0.1904 -0.3509 0.9169
vn -0.3684 -0.4255 -0.8266
vn -0.3684 -0.4254 -0.8266
vn -0.3678 -0.4287 -0.8252
vn -0.3679 -0.4287 -0.8252
vn 0.8644 0.3157 0.3912
vn 0.8644 0.3157 0.3913
vn 0.8645 0.3157 0.3912
vn 0.5013 0.7333 -0.4594
vn 0.5014 0.7332 -0.4594
vn 0.1520 0.9286 0.3385
vn -0.3408 0.3367 0.8778
vn -0.3410 0.3367 0.8777
vn -0.3411 0.3367 0.8777
vn -0.6947 0.7191 -0.0141
vn -0.6948 0.7191 -0.0140
vn 0.6948 -0.7191 0.0140
vn 0.6947 -0.7191 0.0140
vn 0.6947 -0.7192 0.0141
vn 0.3721 -0.4003 0.8374
vn 0.3720 -0.4007 0.8373
vn -0.5013 -0.7333 0.4594
vn -0.1340 0.9431 -0.3043
vn 0.3679 0.4287 0.8251
vn 0.1340 -0.9431 0.3043
vn 0.1340 -0.9431 0.3044
vn 0.5887 0.7989 0.1231
vn -0.3342 0.8172 0.4696
vn 0.7932 -0.3305 0.5114
vn -0.1901 -0.3483 0.9179
vn -0.3679 -0.4287 -0.8251
vn -0.3680 -0.4287 -0.8251
vn -0.0167 -0.9993 -0.0340
vn -0.0166 -0.9993 -0.0340
vn 0.5827 0.7919 -0.1823
vn 0.5827 0.7920 -0.1823
vn 0.5828 0.7919 -0.1823
vn 0.3681 0.0381 -0.9290
vn 0.3680 0.0381 -0.9290
vn -0.2388 0.8075 -0.5394
vn -0.5577 0.7955 0.2369
vn -0.9125 0.0372 -0.4075
vn 0.9125 -0.0372 0.4075
vn 0.2684 0.7533 0.6004
vn -0.3681 -0.0381 0.9290
vn -0.3680 -0.0381 0.9290
vn -0.4060 0.0521 -0.9124
vn 0.0167 0.9993 0.0340
vn 0.4060 -0.0521 0.9124
vn 0.2785 0.7060 -0.6511
vn -0.6729 0.6834 -0.2831
vn 0.7004 0.6327 0.3303
vn -0.2590 0.6590 0.7062
vn -0.0214 -0.9988 -0.0448
vn 0.5863 0.7912 -0.1737
vn 0.5864 0.7912 -0.1737
vn 0.3682 0.0500 -0.9284
vn -0.2344 0.8152 -0.5296
vn -0.2345 0.8152 -0.5296
vn -0.5542 0.7953 0.2456
vn -0.9122 0.0483 -0.4069
vn -0.9122 0.0484 -0.4070
vn 0.9122 -0.0483 0.4070
vn 0.9122 -0.0483 0.4069
vn 0.2725 0.7443 0.6097
vn 0.2725 0.7442 0.6098
vn -0.3682 -0.0500 0.9284
vn -0.4056 0.0680 -0.9115
vn -0.4056 0.0679 -0.9115
vn 0.0214 0.9988 0.0448
vn 0.4056 -0.0679 0.9115
vn 0.2813 0.7130 -0.6423
vn -0.6689 0.6905 -0.2753
vn 0.7043 0.6246 0.3375
vn -0.2563 0.6509 0.7145
vn 0.3141 0.4805 0.8188
vn 0.3998 0.4365 0.8060
vn 0.4019 0.4176 0.8149
vn 0.9795 0.1883 0.0722
vn 0.6460 -0.2264 -0.7290
vn 0.6507 -0.2153 -0.7282
vn -0.5075 -0.5952 -0.6230
vn -0.3312 -0.4386 -0.8354
vn -0.3969 -0.4366 -0.8074
vn -0.6346 0.2050 0.7451
vn -0.9774 -0.1978 -0.0747
vn -0.6558 0.2215 0.7217
vn 0.0747 0.6402 0.7646
vn 0.9766 0.2059 0.0624
vn -0.0652 -0.6155 -0.7854
vn -0.9797 -0.1876 -0.0705
vn 0.0782 0.5998 0.7963
vn -0.6501 0.2052 0.7316
vn 0.3382 0.4036 0.8501
vn -0.6481 0.2045 0.7336
vn -0.9808 -0.1797 -0.0761
vn -0.9813 -0.1773 -0.0744
vn -0.4044 -0.4019 -0.8215
vn -0.4457 -0.2875 -0.8477
vn -0.3384 -0.4038 -0.8499
vn 0.6491 -0.2041 -0.7328
vn -0.0697 -0.5993 -0.7975
vn 0.9812 0.1777 0.0756
vn 0.6346 -0.2324 -0.7371
vn 0.4068 0.3894 0.8264
vn 0.9790 0.1889 0.0772
vn 0.6094 0.1621 0.7761
vn 0.0793 0.5945 0.8001
vn -0.6499 0.2015 0.7328
vn -0.9813 -0.1761 -0.0774
vn -0.4460 -0.2833 -0.8490
vn 0.6467 -0.2028 -0.7353
vn -0.0705 -0.5981 -0.7984
vn 0.9818 0.1751 0.0740
vn 0.4076 0.3850 0.8280
vn -0.6557 0.2426 0.7150
vn 0.3246 0.4771 0.8167
vn 0.3895 0.4750 0.7891
vn 0.9755 0.2118 0.0592
vn 0.6504 -0.2457 -0.7188
vn -0.3253 -0.4770 -0.8165
vn -0.3886 -0.4750 -0.7895
vn -0.9744 -0.2150 -0.0655
vn -0.6457 0.2560 0.7194
vn 0.3240 0.4909 0.8087
vn 0.3843 0.4890 0.7831
vn 0.9719 0.2248 0.0696
vn 0.6616 -0.2470 -0.7080
vn -0.3191 -0.4910 -0.8106
vn -0.3899 -0.4886 -0.7806
vn -0.9752 -0.2153 -0.0505
vn -0.6337 0.2042 0.7461
vn 0.3430 0.3885 0.8552
vn -0.9842 -0.1662 -0.0607
vn -0.4068 -0.3867 -0.8276
vn -0.3374 -0.3886 -0.8574
vn 0.9795 0.1785 0.0933
vn 0.6629 -0.1912 -0.7239
vn 0.4093 0.3867 0.8264
vn 0.4000 0.4365 0.8059
vn 0.4020 0.4176 0.8149
vn 0.9794 0.1883 0.0724
vn 0.6461 -0.2264 -0.7289
vn -0.5076 -0.5953 -0.6229
vn -0.3310 -0.4386 -0.8355
vn -0.3971 -0.4366 -0.8073
vn -0.6346 0.2050 0.7452
vn -0.9774 -0.1978 -0.0745
vn -0.6557 0.2215 0.7218
vn 0.0747 0.6402 0.7645
vn 0.9766 0.2058 0.0624
vn -0.9797 -0.1875 -0.0706
vn -0.9808 -0.1798 -0.0761
vn -0.4459 -0.2875 -0.8477
vn -0.3385 -0.4038 -0.8499
vn 0.6491 -0.2040 -0.7328
vn -0.0696 -0.5992 -0.7976
vn 0.9812 0.1778 0.0756
vn 0.6345 -0.2324 -0.7372
vn 0.9790 0.1888 0.0772
vn 0.6093 0.1622 0.7762
vn 0.0793 0.5946 0.8001
vn -0.6500 0.2015 0.7327
vn 0.6468 -0.2028 -0.7352
vn -0.0705 -0.5981 -0.7983
vn 0.9818 0.1751 0.0741
vn 0.4077 0.3850 0.8280
vn 0.3896 0.4750 0.7891
vn 0.9755 0.2119 0.0592
vn 0.6503 -0.2456 -0.7188
vn -0.3252 -0.4770 -0.8165
vn -0.3886 -0.4751 -0.7895
vn -0.9744 -0.2150 -0.0656
vn 0.3242 0.4908 0.8087
vn 0.3844 0.4890 0.7831
vn 0.9719 0.2248 0.0695
vn 0.6615 -0.2471 -0.7081
vn -0.3898 -0.4886 -0.7806
vn -0.9752 -0.2153 -0.0506
vn -0.6337 0.2042 0.7462
vn -0.4070 -0.3867 -0.8276
vn 0.4094 0.3867 0.8264
vn -0.0802 0.9936 -0.0792
vn 0.0369 0.9992 -0.0155
vn 0.0203 0.9985 -0.0502
vn 0.8214 0.4702 -0.3229
vn 0.8160 -0.4947 -0.2991
vn 0.8208 -0.4978 -0.2802
vn -0.0987 -0.9411 0.3233
vn 0.0392 -0.9992 -0.0120
vn -0.0388 -0.9991 0.0163
vn -0.8084 0.5167 0.2820
vn -0.8333 -0.4599 0.3067
vn -0.8085 0.5088 0.2958
vn -0.3042 0.9441 -0.1273
vn 0.8178 0.4828 -0.3133
vn 0.0549 -0.9981 0.0282
vn -0.8245 -0.4644 0.3232
vn -0.8356 0.5025 0.2218
vn -0.0748 0.9942 -0.0769
vn -0.1002 0.9863 -0.1309
vn -0.8175 -0.4585 0.3485
vn -0.8205 0.5115 0.2551
vn -0.8080 -0.4554 0.3738
vn 0.0026 -0.9946 0.1039
vn -0.0777 -0.9963 0.0358
vn 0.0771 -0.9939 0.0790
vn 0.1058 -0.9844 0.1405
vn 0.8333 -0.4906 -0.2549
vn 0.7968 0.4738 -0.3750
vn 0.8374 -0.4950 -0.2318
vn -0.0221 0.9891 -0.1455
vn 0.7995 0.4811 -0.3595
vn 0.2700 0.9618 0.0451
vn -0.0228 0.9987 0.0463
vn 0.0529 0.9984 0.0184
vn 0.8343 0.4697 -0.2888
vn 0.8075 -0.4983 -0.3155
vn 0.0238 -0.9986 -0.0466
vn -0.0537 -0.9984 -0.0181
vn -0.8376 -0.4628 0.2902
vn -0.7968 0.5114 0.3219
vn -0.8597 0.4961 0.1215
vn -0.1294 0.9694 -0.2087
vn -0.1716 0.9368 -0.3049
vn -0.7748 -0.4378 0.4561
vn -0.8448 0.5065 0.1724
vn 0.1103 -0.9324 0.3440
vn -0.7905 -0.4662 0.3972
vn 0.1315 -0.9696 0.2063
vn -0.0792 -0.8579 0.5077
vn 0.1803 -0.9309 0.3176
vn 0.8567 -0.4793 -0.1906
vn 0.8752 -0.4629 -0.1405
vn 0.7711 0.4858 -0.4116
vn 0.7490 0.4752 -0.4617
vn -0.0642 0.9704 -0.2326
vn 0.0176 0.8106 -0.5854
vn -0.8815 0.4662 0.0745
vn -0.2141 0.8912 -0.3998
vn -0.7657 -0.4045 0.5001
vn 0.1538 -0.8833 0.4429
vn 0.2245 -0.8814 0.4157
vn 0.8990 -0.4263 -0.1000
vn 0.7332 0.4497 -0.5101
vn -0.0239 0.7362 -0.6763
vn -0.0207 0.9981 0.0587
vn 0.0583 0.9979 0.0297
vn 0.8459 0.4490 -0.2878
vn 0.7934 -0.5190 -0.3181
vn 0.0166 -0.9982 -0.0571
vn -0.0591 -0.9978 -0.0294
vn -0.8290 -0.4841 0.2799
vn -0.8129 0.4844 0.3235
vn -0.8866 0.4614 0.0329
vn -0.2419 0.8567 -0.4555
vn -0.7816 -0.3525 0.5146
vn 0.1675 -0.8558 0.4894
vn 0.2547 -0.8528 0.4559
vn 0.9217 -0.3752 -0.0984
vn 0.7067 0.4496 -0.5463
vn -0.1735 0.8587 -0.4822
vn 0.4066 0.0148 0.9135
vn 0.4065 0.0148 0.9135
vn -0.2611 -0.7685 -0.5841
vn -0.2611 -0.7686 -0.5841
vn -0.2612 -0.7685 -0.5841
vn 0.0204 0.9985 -0.0503
vn 0.8214 0.4702 -0.3228
vn -0.0385 -0.9991 0.0163
vn -0.8333 -0.4598 0.3067
vn -0.8084 0.5089 0.2958
vn -0.3042 0.9441 -0.1271
vn 0.8177 0.4829 -0.3133
vn -0.8356 0.5025 0.2219
vn -0.0749 0.9942 -0.0769
vn -0.1003 0.9863 -0.1309
vn -0.8205 0.5116 0.2551
vn -0.0777 -0.9963 0.0357
vn 0.0770 -0.9939 0.0790
vn 0.1057 -0.9844 0.1405
vn 0.7968 0.4737 -0.3751
vn 0.7996 0.4811 -0.3595
vn 0.2700 0.9618 0.0449
vn -0.0229 0.9987 0.0463
vn 0.8343 0.4696 -0.2888
vn 0.8075 -0.4984 -0.3155
vn 0.0237 -0.9986 -0.0466
vn -0.7968 0.5113 0.3219
vn -0.1295 0.9694 -0.2087
vn -0.1715 0.9368 -0.3049
vn -0.7747 -0.4379 0.4561
vn -0.8449 0.5064 0.1724
vn 0.1105 -0.9324 0.3440
vn -0.7904 -0.4662 0.3973
vn 0.1804 -0.9309 0.3176
vn 0.8568 -0.4792 -0.1906
vn 0.7491 0.4752 -0.4617
vn -0.0642 0.9704 -0.2327
vn 0.0176 0.8106 -0.5853
vn -0.2140 0.8913 -0.3998
vn 0.1536 -0.8833 0.4429
vn 0.2245 -0.8814 0.4156
vn -0.0239 0.7362 -0.6764
vn -0.0205 0.9981 0.0587
vn 0.0584 0.9979 0.0297
vn 0.8460 0.4488 -0.2878
vn -0.8291 -0.4840 0.2799
vn -0.8128 0.4844 0.3235
vn -0.7817 -0.3524 0.5145
vn 0.1677 -0.8558 0.4893
vn 0.7067 0.4497 -0.5462
vn -0.1733 0.8587 -0.4822
vn 0.4065 0.0149 0.9135
vn 0.4066 0.0149 0.9135
vn -0.2611 -0.7686 -0.5840
vn -0.7863 0.6150 0.0587
vn -0.9479 0.0991 0.3027
vn -0.9455 0.1047 0.3085
vn -0.2899 0.9239 -0.2497
vn -0.7751 0.6308 0.0356
vn -0.3708 0.9102 -0.1847
vn -0.8160 0.5779 -0.0144
vn -0.9498 0.0951 0.2980
vn -0.9523 0.0907 0.2915
vn -0.3843 0.8926 -0.2356
vn -0.8043 0.5930 -0.0377
vn -0.4109 0.8617 -0.2976
vn -0.8529 0.5161 -0.0783
vn -0.9590 0.1368 0.2482
vn 0.1258 0.9528 -0.2762
vn 0.6065 0.6108 -0.5090
vn -0.0102 0.9070 -0.4210
vn 0.6248 0.6271 -0.4652
vn 0.9184 0.0975 -0.3835
vn 0.9168 0.0935 -0.3883
vn 0.5946 0.5936 -0.5423
vn -0.0326 0.8825 -0.4691
vn 0.5810 0.5667 -0.5842
vn -0.0590 0.8457 -0.5304
vn 0.9143 0.0892 -0.3950
vn 0.9133 0.0831 -0.3988
vn 0.5750 0.5383 -0.6161
vn -0.0776 0.8111 -0.5797
vn -0.6298 -0.3564 0.6902
vn -0.9136 -0.0535 0.4030
vn -0.9260 -0.0269 0.3765
vn 0.1222 -0.6315 0.7657
vn -0.5472 -0.4763 0.6883
vn 0.0082 -0.7110 0.7031
vn -0.5718 -0.4472 0.6878
vn -0.9144 -0.0588 0.4004
vn -0.9152 -0.0670 0.3974
vn 0.0015 -0.7539 0.6570
vn -0.5555 -0.5518 0.6220
vn -0.0201 -0.8061 0.5915
vn -0.5813 -0.5310 0.6165
vn -0.9152 -0.0769 0.3957
vn 0.4854 -0.6197 0.6167
vn 0.9062 -0.3961 0.1479
vn 0.4562 -0.6437 0.6144
vn 0.9350 -0.3419 0.0940
vn 0.9569 -0.0553 -0.2850
vn 0.9558 -0.0606 -0.2876
vn 0.8943 -0.4289 0.1275
vn 0.4381 -0.6908 0.5752
vn 0.8760 -0.4721 0.0984
vn 0.4119 -0.7497 0.5180
vn 0.9545 -0.0687 -0.2902
vn 0.9533 -0.0785 -0.2916
vn 0.8552 -0.5130 0.0737
vn 0.3845 -0.7982 0.4637
vn -0.9603 0.1323 0.2457
vn -0.8684 0.4859 -0.0989
vn -0.5342 0.7252 -0.4344
vn -0.8890 0.4367 -0.1380
vn -0.9575 0.0688 0.2802
vn -0.9586 0.0629 0.2776
vn -0.4958 0.7330 -0.4658
vn -0.8801 0.4505 -0.1499
vn -0.5256 0.6856 -0.5037
vn -0.8689 0.4338 -0.2385
vn -0.9686 0.1013 0.2271
vn 0.5669 0.5022 -0.6530
vn -0.1030 0.7642 -0.6367
vn 0.9121 0.0757 -0.4029
vn 0.9109 0.0671 -0.4071
vn 0.5596 0.4555 -0.6923
vn -0.1296 0.7016 -0.7007
vn 0.5562 0.4187 -0.7178
vn -0.1467 0.6515 -0.7444
vn 0.9101 0.0612 -0.4099
vn 0.8842 0.1006 -0.4561
vn 0.4666 0.4549 -0.7585
vn -0.1807 0.6347 -0.7513
vn 0.8393 -0.5418 0.0450
vn 0.3608 -0.8358 0.4137
vn 0.9515 -0.0832 -0.2961
vn 0.9494 -0.0880 -0.3014
vn 0.8217 -0.5699 0.0085
vn 0.3342 -0.8737 0.3536
vn 0.8036 -0.5949 -0.0178
vn 0.3104 -0.9002 0.3053
vn 0.9479 -0.0958 -0.3038
vn 0.9455 -0.0885 -0.3134
vn 0.7984 -0.5994 -0.0576
vn 0.2979 -0.9199 0.2549
vn -0.9168 -0.0814 0.3910
vn -0.0408 -0.8473 0.5295
vn -0.5707 -0.6105 0.5492
vn -0.0609 -0.8780 0.4748
vn -0.6033 -0.5854 0.5416
vn -0.9187 -0.0864 0.3855
vn -0.9191 -0.0942 0.3827
vn -0.0899 -0.9069 0.4116
vn -0.5991 -0.6448 0.4746
vn -0.1160 -0.9261 0.3589
vn -0.6328 -0.6117 0.4748
vn -0.9236 -0.0864 0.3736
vn -0.4475 0.8182 -0.3609
vn 0.9289 0.1139 -0.3525
vn -0.0996 -0.8742 0.4752
vn 0.9493 -0.0290 -0.3130
vn -0.4384 0.6260 -0.6449
vn -0.4156 0.9093 -0.0214
vn 0.2282 0.4291 0.8739
vn 0.2107 0.7353 0.6442
vn 0.3404 0.7309 0.5916
vn 0.0561 0.9678 -0.2454
vn 0.4980 0.4231 0.7570
vn 0.6395 0.6690 -0.3788
vn 0.5109 0.1266 0.8503
vn 0.7817 -0.6215 -0.0515
vn 0.9568 -0.0840 -0.2784
vn 0.5031 0.3117 0.8061
vn -0.6651 -0.4592 0.5889
vn 0.2594 0.3173 0.9121
vn -0.9279 0.1247 0.3513
vn -0.3008 0.0952 0.9489
vn -0.6158 -0.6328 0.4694
vn 0.2592 0.1747 0.9499
vn -0.3515 0.9178 0.1846
vn 0.2293 -0.8900 0.3941
vn 0.4614 -0.2111 0.8617
vn 0.3560 -0.1035 0.9287
vn 0.1325 -0.8787 0.4586
vn 0.8181 0.0184 0.5748
vn 0.7923 0.5584 -0.2459
vn -0.2652 -0.7600 -0.5933
vn -0.4067 -0.0031 -0.9135
vn -0.2652 0.7560 -0.5984
vn -0.2653 0.7558 -0.5987
vn 0.2653 -0.7558 0.5986
vn -0.0000 -1.0000 0.0033
vn -0.2652 -0.7599 -0.5935
vn -0.9386 0.0011 0.3450
vn -0.8600 -0.4927 -0.1329
vn -0.9533 -0.0010 -0.3020
vn -0.8600 0.4918 -0.1362
vn -0.8600 0.4917 -0.1363
vn -0.6804 0.6897 0.2477
vn -0.5380 0.5160 0.6666
vn -0.5380 0.5162 0.6664
vn -0.4849 0.0029 0.8746
vn -0.4848 0.0030 0.8746
vn -0.5380 -0.5117 0.6699
vn -0.5380 -0.5115 0.6700
vn -0.6804 -0.6880 0.2524
vn -0.8600 -0.4926 -0.1330
vn -0.3665 0.4307 -0.8247
vn -0.3666 0.4307 -0.8247
vn -0.1366 0.9408 -0.3102
vn 0.3663 0.4363 0.8219
vn 0.1367 -0.9408 0.3102
vn -0.1367 -0.9429 -0.3037
vn -0.9387 0.0012 0.3449
vn -0.9386 0.0014 0.3451
vn -0.9387 0.0012 0.3448
vn 0.4063 0.0032 0.9137
vn 0.2653 -0.7556 0.5988
vn -0.2653 -0.7597 -0.5937
vn -0.2655 0.7554 -0.5991
vn -0.0720 -0.9848 -0.1583
vn 0.0247 -0.9980 0.0589
vn 0.0248 -0.9979 0.0592
vn -0.3930 -0.2738 -0.8778
vn -0.3819 -0.3462 -0.8569
vn -0.3815 -0.3490 -0.8560
vn 0.9316 0.1438 -0.3339
vn 0.3642 -0.4338 0.8241
vn 0.3567 -0.4772 0.8032
vn 0.3562 -0.4794 0.8020
vn -0.6698 -0.7139 0.2042
vn -0.4105 0.0919 -0.9072
vn -0.3869 -0.2975 -0.8728
vn 0.3714 -0.4127 0.8317
vn 0.4105 -0.0919 0.9072
vn 0.4189 -0.0946 0.9031
vn 0.9306 0.1519 -0.3330
vn 0.5435 0.8257 -0.1513
vn 0.5430 0.8260 -0.1512
vn -0.2165 -0.8481 -0.4835
vn -0.0721 -0.9847 -0.1586
vn 0.1717 -0.9053 0.3886
vn -0.1844 -0.9828 0.0102
vn -0.3908 0.0685 -0.9179
vn -0.3904 0.0688 -0.9181
vn -0.3975 0.0643 -0.9153
vn 0.3908 -0.0685 0.9179
vn 0.3904 -0.0688 0.9181
vn 0.3798 -0.0754 0.9220
vn 0.0868 0.9959 0.0264
vn 0.0872 0.9958 0.0264
vn -0.0237 -0.9985 -0.0498
vn -0.4054 0.0753 -0.9110
vn -0.4054 0.0753 -0.9111
vn 0.4054 -0.0753 0.9110
vn 0.4054 -0.0754 0.9110
vn 0.0237 0.9985 0.0498
vn -0.2167 -0.8478 -0.4840
vn 0.1718 -0.9050 0.3891
vn -0.4065 -0.0031 -0.9136
vn 0.2653 0.7599 0.5935
vn 0.2652 0.7601 0.5932
vn 0.4066 0.0031 0.9136
vn 0.4065 0.0031 0.9136
vn 0.5379 -0.5161 -0.6666
vn 0.8600 -0.4918 0.1363
vn -0.3665 -0.4362 -0.8218
vn -0.3664 -0.4362 -0.8218
vn -0.3664 0.4307 -0.8248
vn 0.1366 0.9429 0.3037
vn 0.1366 -0.9408 0.3101
vn -0.1366 -0.9429 -0.3037
vn -0.8600 0.4918 -0.1363
vn -0.9533 -0.0010 -0.3019
vn -0.5379 -0.5115 0.6701
vn -0.6804 -0.6880 0.2525
vn -0.4849 0.0030 0.8745
vn -0.4850 0.0030 0.8745
vn -0.5379 0.5161 0.6666
vn -0.3665 0.4307 -0.8248
vn -0.3664 -0.4363 -0.8218
vn -0.1366 0.9408 -0.3101
vn 0.4067 0.0031 0.9136
vn 0.2655 0.7595 0.5939
vn 0.4067 0.0030 0.9136
vn -0.4068 -0.0031 -0.9135
vn -0.2652 0.7558 -0.5987
vn -0.2652 -0.7598 -0.5935
vn -0.0000 1.0000 -0.0035
vn -0.8600 0.4917 -0.1364
vn -0.5379 -0.5116 0.6701
vn -0.3664 -0.4362 -0.8219
vn 0.2655 -0.7554 0.5991
vn 0.2653 -0.7556 0.5989
vn -0.2655 -0.7595 -0.5939
vn -0.4066 -0.0032 -0.9136
vn 0.2651 -0.7560 0.5985
vn -0.9387 0.0011 0.3448
vn -0.9387 0.0011 0.3449
vn -0.9386 0.0012 0.3451
vn -0.4850 0.0029 0.8745
vn -0.3664 -0.4364 -0.8218
vn -0.3664 0.4308 -0.8247
vn 0.3664 0.4361 0.8219
vn 0.3665 -0.4307 0.8248
vn 0.4068 0.0030 0.9135
vn 0.2656 -0.7554 0.5990
vn -0.4066 -0.0030 -0.9136
vn -0.2654 0.7556 -0.5989
vn 0.2652 -0.7558 0.5986
vn -0.5380 0.5161 0.6666
vn -0.5379 -0.5115 0.6700
vn -0.9386 0.0013 0.3450
vn 0.2654 -0.7556 0.5989
vn -0.3819 -0.3461 -0.8569
vn -0.3901 -0.2981 -0.8712
vn -0.3915 -0.2710 -0.8793
vn -0.9251 0.1504 0.3487
vn -0.9253 0.1490 0.3487
vn 0.3679 -0.4148 0.8322
vn 0.3676 -0.4332 0.8229
vn 0.6384 -0.7183 -0.2767
vn 0.6383 -0.7183 -0.2766
vn -0.3990 0.0920 -0.9123
vn 0.3990 -0.0920 0.9123
vn -0.5062 0.8299 0.2346
vn -0.2167 -0.8479 -0.4839
vn 0.0248 -0.9979 0.0591
vn 0.1716 -0.9052 0.3887
vn 0.1379 -0.9845 -0.1084
vn 0.1380 -0.9845 -0.1084
vn -0.4206 0.0687 -0.9046
vn -0.4202 0.0684 -0.9048
vn -0.4138 0.0643 -0.9081
vn 0.4202 -0.0685 0.9049
vn 0.4206 -0.0687 0.9047
vn 0.4138 -0.0643 0.9081
vn -0.0403 0.9965 0.0733
vn -0.5055 0.8304 0.2344
vn 0.4054 -0.0753 0.9111
vn -0.0393 0.9966 0.0728
vn -0.3815 -0.3487 -0.8560
vn -0.3665 0.4306 -0.8248
vn 0.3664 0.4362 0.8219
vn 0.0002 1.0000 -0.0032
vn -0.2655 0.7556 -0.5988
vn -0.2651 0.7560 -0.5985
vn 0.4066 0.0032 0.9136
vn 0.5380 -0.5161 -0.6665
vn 0.9620 0.1009 -0.2536
vn 0.9309 0.3641 0.0294
vn 0.8501 0.4969 0.1745
vn 0.4051 0.7111 0.5747
vn 0.3632 0.7287 0.5805
vn 0.4137 0.6732 0.6129
vn 0.9772 0.0648 -0.2023
vn 0.8708 0.4892 0.0487
vn 0.9767 0.0516 -0.2085
vn 0.9452 0.3179 0.0742
vn 0.4342 0.6171 0.6563
vn 0.4554 0.5505 0.6997
vn 0.9769 0.0382 -0.2104
vn 0.8963 0.4257 0.1242
vn 0.0019 0.7765 0.6301
vn -0.4984 0.5216 0.6925
vn 0.1887 0.7354 0.6509
vn -0.6730 0.3844 0.6319
vn -0.8963 0.1047 0.4309
vn -0.4889 0.3564 0.7962
vn -0.8926 0.0321 0.4497
vn 0.0352 0.7460 0.6650
vn 0.0614 0.6972 0.7143
vn -0.6516 0.3389 0.6786
vn -0.8882 0.0359 0.4580
vn -0.4863 0.2577 0.8349
vn -0.8850 0.0309 0.4645
vn 0.0813 0.6380 0.7657
vn 0.5987 -0.2296 -0.7674
vn -0.2430 -0.4275 -0.8707
vn -0.2470 -0.4018 -0.8818
vn 0.9047 -0.0412 -0.4240
vn 0.5153 -0.3924 -0.7619
vn 0.8706 -0.0179 -0.4916
vn 0.6126 -0.2682 -0.7435
vn -0.2333 -0.4800 -0.8457
vn -0.2176 -0.5507 -0.8058
vn 0.8711 -0.0251 -0.4904
vn 0.5369 -0.4738 -0.6980
vn -0.9381 -0.1685 -0.3025
vn -0.9641 -0.0366 0.2630
vn -0.9632 -0.2130 -0.1641
vn -0.5561 -0.4988 -0.6648
vn -0.4900 -0.3951 -0.7770
vn -0.5439 -0.5457 -0.6375
vn -0.9569 -0.2558 -0.1373
vn -0.9788 -0.0125 0.2045
vn -0.9270 -0.2443 -0.2846
vn -0.9783 -0.0179 0.2065
vn -0.5255 -0.6084 -0.5947
vn 0.9777 0.0276 -0.2082
vn 0.9591 0.2529 0.1272
vn 0.4732 0.4819 0.7375
vn 0.4850 0.4267 0.7633
vn 0.9786 0.0200 -0.2048
vn 0.9153 0.3548 0.1908
vn 0.9795 0.0147 -0.2010
vn 0.9640 0.2125 0.1597
vn 0.4903 0.3972 0.7758
vn 0.0998 0.5764 0.8111
vn -0.6235 0.2728 0.7327
vn -0.8839 0.0219 0.4671
vn -0.4759 0.1771 0.8615
vn -0.8813 0.0158 0.4723
vn 0.1127 0.5260 0.8430
vn 0.1170 0.4963 0.8602
vn -0.6030 0.2310 0.7636
vn -0.8786 0.0115 0.4775
vn -0.5033 -0.6704 -0.5452
vn -0.9419 -0.3251 -0.0839
vn -0.9774 -0.0258 0.2099
vn -0.9043 -0.3417 -0.2560
vn -0.9763 -0.0337 0.2136
vn -0.4884 -0.7184 -0.4953
vn -0.4906 -0.7431 -0.4551
vn -0.9329 -0.3589 -0.0303
vn -0.9743 -0.0388 0.2218
vn -0.9520 -0.3041 0.0353
vn -0.9720 -0.0291 0.2332
vn -0.4182 -0.7058 -0.5718
vn 0.8720 -0.0361 -0.4882
vn 0.6399 -0.3396 -0.6894
vn -0.1986 -0.6200 -0.7590
vn -0.1798 -0.6757 -0.7149
vn 0.8733 -0.0463 -0.4849
vn 0.5781 -0.5385 -0.6131
vn 0.8730 -0.0611 -0.4839
vn 0.6720 -0.3735 -0.6395
vn -0.1565 -0.7076 -0.6891
vn -0.1393 -0.7157 -0.6843
vn 0.8709 -0.0676 -0.4868
vn 0.7364 -0.3179 -0.5972
vn -0.9059 0.0429 0.4214
vn 0.9654 0.1001 -0.2408
vn -0.9452 -0.0196 0.3258
vn 0.9312 -0.0221 -0.3639
vn 0.3268 0.8565 -0.3995
vn -0.2542 -0.3855 -0.8870
vn -0.2186 0.7522 -0.6217
vn -0.8514 -0.1559 -0.5008
vn -0.2307 0.9370 -0.2623
vn -0.3886 0.7405 -0.5483
vn 0.9024 -0.0244 -0.4302
vn 0.1188 -0.1369 -0.9834
vn 0.2838 0.9579 -0.0440
vn 0.0992 0.7649 -0.6364
vn -0.9498 0.0065 0.3128
vn -0.1952 0.9576 -0.2118
vn -0.2010 0.9531 -0.2262
vn -0.7360 -0.0225 -0.6766
vn -0.9736 0.2281 -0.0124
vn -0.1814 0.9717 -0.1513
vn 0.2504 0.4001 0.8816
vn 0.0083 0.9915 0.1297
vn 0.7556 0.4680 0.4583
vn 0.0151 0.9741 -0.2256
vn 0.1739 0.9824 0.0678
vn 0.6735 0.3088 -0.6716
vn 0.5340 0.8443 0.0446
vn -0.3099 0.8514 0.4232
vn -0.2651 0.7560 -0.5984
vn 0.2652 0.7601 0.5933
vn -0.9386 0.0013 0.3449
vn -0.5380 0.5161 0.6665
vn 0.3664 0.4362 0.8218
vn -0.2653 0.7556 -0.5988
vn 0.8267 0.1824 -0.5323
vn 0.6233 0.6269 -0.4674
vn 0.9203 0.1029 -0.3774
vn 0.6071 0.6116 -0.5073
vn 0.0211 0.9319 -0.3622
vn 0.5464 0.6030 -0.5812
vn 0.1016 0.9273 -0.3603
vn 0.8266 0.1590 -0.5399
vn 0.8249 0.1380 -0.5481
vn 0.5814 0.5676 -0.5829
vn 0.0846 0.9081 -0.4101
vn 0.5189 0.5401 -0.6626
vn 0.0608 0.8783 -0.4742
vn 0.8488 0.1588 -0.5043
vn -0.8023 0.5967 0.0161
vn -0.7866 0.6149 0.0559
vn -0.9454 0.1048 0.3085
vn -0.7867 0.6173 0.0037
vn -0.8340 0.5493 -0.0517
vn -0.9539 0.0846 0.2880
vn -0.8218 0.5661 -0.0649
vn 0.9921 -0.0710 -0.1035
vn 0.9493 -0.0291 -0.3130
vn 0.9057 -0.3979 0.1464
vn 0.8841 -0.4202 0.2045
vn 0.4908 -0.6956 0.5246
vn 0.9904 -0.0699 -0.1191
vn 0.9881 -0.0878 -0.1264
vn 0.8755 -0.4733 0.0971
vn 0.4810 -0.7366 0.4755
vn 0.8451 -0.5162 0.1393
vn 0.4551 -0.7890 0.4128
vn 0.9857 -0.1136 -0.1245
vn 0.1223 -0.6315 0.7657
vn -0.5661 -0.4139 0.7129
vn -0.6297 -0.3564 0.6902
vn -0.9261 -0.0269 0.3764
vn -0.5462 -0.5133 0.6620
vn -0.5792 -0.4905 0.6511
vn -0.0201 -0.8060 0.5916
vn -0.5615 -0.5854 0.5848
vn 0.5143 0.4908 -0.7033
vn -0.0033 0.7574 -0.6530
vn 0.4971 0.4458 -0.7444
vn -0.0172 0.7068 -0.7072
vn 0.8182 0.0861 -0.5684
vn 0.8897 0.1301 -0.4376
vn 0.8127 0.0841 -0.5766
vn 0.5567 0.4203 -0.7166
vn -0.0147 0.7562 -0.6542
vn -0.0450 0.7135 -0.6992
vn -0.4363 0.8311 -0.3448
vn -0.8688 0.4834 -0.1071
vn -0.9557 0.0774 0.2840
vn -0.4628 0.7896 -0.4030
vn -0.8615 0.4904 -0.1320
vn -0.9027 0.4005 -0.1571
vn -0.9686 0.1012 0.2271
vn -0.8689 0.4338 -0.2384
vn -0.5901 -0.5589 0.5826
vn -0.9168 -0.0814 0.3909
vn -0.9187 -0.0863 0.3855
vn -0.5875 -0.6311 0.5065
vn -0.6086 -0.6091 0.5086
vn -0.9191 -0.0942 0.3826
vn -0.6291 -0.6490 0.4278
vn 0.9833 -0.1252 -0.1323
vn 0.8388 -0.5426 0.0438
vn 0.4254 -0.8319 0.3563
vn 0.8115 -0.5805 0.0672
vn 0.4017 -0.8639 0.3039
vn 0.9796 -0.1449 -0.1392
vn 0.9743 -0.1778 -0.1382
vn 0.8031 -0.5955 -0.0192
vn 0.3730 -0.8955 0.2428
vn 0.7797 -0.6261 -0.0052
vn 0.3430 -0.9188 0.1952
vn 0.9736 -0.1666 -0.1560
vn 0.3029 -0.9162 0.2625
vn -0.4384 0.6260 -0.6450
vn 0.6960 0.3671 0.6171
vn 0.0565 0.9677 -0.2456
vn 0.3407 0.7310 0.5913
vn -0.4638 0.8821 0.0826
vn 0.2282 0.4293 0.8738
vn 0.1174 0.6796 0.7241
vn -0.3296 -0.7881 0.5199
vn 0.2632 0.2926 0.9193
vn -0.9093 -0.0831 0.4078
vn 0.0160 0.6368 0.7709
vn -0.3522 0.9176 0.1844
vn -0.6452 -0.0132 0.7639
vn 0.9626 -0.0193 -0.2701
vn 0.5035 0.3116 0.8058
vn 0.5061 0.2872 0.8132
vn 0.7819 -0.6214 -0.0503
vn 0.4711 0.8743 0.1168
vn 0.9941 0.0009 0.1087
vn 0.5003 -0.8540 0.1427
vn 0.8148 0.0236 0.5793
vn 0.4633 -0.2121 0.8604
vn -0.0163 -0.9387 0.3444
vn -0.0988 -0.2081 0.9731
vn 0.2332 -0.1694 0.9576
vn -0.2097 -0.8905 0.4039
vn 0.2653 0.7598 0.5935
vn 0.5381 -0.5164 -0.6662
vn -0.6720 0.3817 0.6346
vn -0.9216 0.0469 0.3854
vn -0.4983 0.5217 0.6925
vn 0.1516 0.7203 0.6769
vn 0.1752 0.6820 0.7101
vn -0.6619 0.3635 0.6555
vn -0.9181 0.0499 0.3931
vn -0.6508 0.3354 0.6812
vn -0.9163 0.0473 0.3977
vn 0.1939 0.6257 0.7556
vn 0.2119 0.5588 0.8018
vn -0.6387 0.3017 0.7079
vn -0.9140 0.0439 0.4032
vn 0.3633 0.7287 0.5805
vn 0.9620 0.1010 -0.2536
vn 0.8689 0.4948 0.0146
vn 0.9370 0.3458 0.0500
vn 0.8817 0.4636 0.0876
vn 0.9534 0.2848 0.0996
vn -0.9415 -0.1517 -0.3008
vn -0.4846 -0.4205 -0.7670
vn -0.9613 -0.2263 -0.1571
vn -0.9804 -0.0129 0.1964
vn -0.9635 -0.0385 0.2651
vn -0.9576 -0.2522 -0.1392
vn -0.9615 -0.0411 0.2717
vn -0.4730 -0.4725 -0.7437
vn -0.4547 -0.5427 -0.7062
vn -0.9510 -0.2873 -0.1139
vn -0.9592 -0.0444 0.2794
vn 0.6022 -0.2413 -0.7610
vn 0.5985 -0.2274 -0.7682
vn 0.5233 -0.4287 -0.7364
vn 0.8712 -0.0251 -0.4904
vn 0.6260 -0.3043 -0.7180
vn -0.6228 0.2688 0.7348
vn -0.9104 0.0419 0.4116
vn 0.2285 0.4897 0.8414
vn 0.2399 0.4338 0.8685
vn -0.6090 0.2420 0.7553
vn -0.9070 0.0400 0.4193
vn -0.6025 0.2269 0.7652
vn -0.9053 0.0386 0.4230
vn 0.2456 0.4039 0.8812
vn 0.4732 0.4820 0.7374
vn 0.9777 0.0277 -0.2082
vn 0.9077 0.3871 0.1620
vn 0.9786 0.0200 -0.2047
vn 0.9624 0.2270 0.1492
vn 0.4851 0.4267 0.7633
vn 0.9179 0.3385 0.2073
vn 0.8720 -0.0361 -0.4881
vn 0.5548 -0.5140 -0.6542
vn 0.6521 -0.3677 -0.6630
vn -0.1799 -0.6757 -0.7149
vn -0.1565 -0.7075 -0.6891
vn 0.8730 -0.0612 -0.4839
vn 0.6145 -0.5351 -0.5797
vn -0.9429 -0.3217 -0.0864
vn -0.9568 -0.0471 0.2870
vn -0.4336 -0.6116 -0.6617
vn -0.4142 -0.6671 -0.6192
vn -0.9348 -0.3498 -0.0613
vn -0.9550 -0.0501 0.2923
vn -0.9339 -0.3559 -0.0331
vn -0.9519 -0.0434 0.3032
vn -0.4107 -0.6983 -0.5862
vn -0.5877 -0.2873 -0.7564
vn -0.7087 -0.3384 -0.6190
vn -0.2296 0.9373 -0.2622
vn -0.3152 0.7490 -0.5828
vn -0.2198 0.7533 -0.6199
vn -0.2546 -0.3849 -0.8872
vn -0.0320 0.9406 -0.3381
vn 0.5967 -0.2095 -0.7746
vn -0.7878 -0.1395 -0.5999
vn -0.2012 0.9531 -0.2261
vn -0.9559 0.1434 -0.2562
vn -0.1954 0.9577 -0.2114
vn 0.5683 0.1055 -0.8160
vn -0.0190 0.9605 -0.2775
vn 0.9619 0.0447 -0.2699
vn 0.3682 0.9143 -0.1687
vn 0.0161 0.9742 -0.2253
vn 0.9646 0.2159 0.1516
vn 0.6668 0.3840 0.6387
vn 0.0959 0.9906 0.0971
vn 0.0071 0.9913 0.1314
vn 0.2504 0.3997 0.8818
vn -0.1809 0.9717 -0.1521
vn -0.6092 0.2323 0.7582
vn -0.9737 0.2275 -0.0131
vn -0.2451 0.9550 -0.1673
vn -0.1251 0.9389 -0.3208
vn -0.0366 0.8789 -0.4757
vn -0.2451 0.9550 -0.1672
vn -0.1251 0.9389 -0.3206
vn -0.0367 0.8787 -0.4759
vn 0.1327 -0.9290 0.3454
vn -0.0442 -0.9586 0.2814
vn 0.1566 -0.9381 0.3090
vn 0.1328 -0.9290 0.3455
vn -0.0440 -0.9586 0.2814
vn 0.1566 -0.9381 0.3089
vn -0.3660 0.4327 -0.8239
vn -0.3664 0.4306 -0.8249
vn 0.1368 0.9429 0.3037
vn 0.3665 0.4362 0.8219
vn -0.1365 0.9408 -0.3102
vn 0.3665 -0.4307 0.8247
vn -0.6962 0.7177 -0.0169
vn 0.4917 0.7219 -0.4870
vn -0.7070 0.7062 -0.0392
vn -0.3544 -0.4926 -0.7948
vn 0.7126 -0.6998 0.0505
vn -0.4873 -0.7162 0.4996
vn 0.4838 0.7110 -0.5104
vn -0.3651 -0.4419 -0.8194
vn 0.3746 -0.3869 0.8426
vn 0.4958 0.7266 -0.4756
vn -0.3692 -0.4231 -0.8275
vn -0.3405 0.3322 0.8796
vn -0.6933 0.7206 -0.0107
vn 0.3710 -0.4059 0.8352
vn 0.5022 0.7346 -0.4563
vn 0.1537 0.9269 0.3425
vn -0.6934 0.7205 -0.0112
vn -0.5023 -0.7346 0.4562
vn -0.5647 0.7955 0.2199
vn -0.3680 -0.0259 0.9295
vn 0.8334 0.4836 0.2675
vn 0.4671 0.7406 -0.4830
vn -0.8772 -0.3333 -0.3456
vn -0.9019 -0.1887 -0.3885
vn -0.3685 -0.4255 -0.8266
vn 0.8644 0.3158 0.3913
vn 0.5012 0.7333 -0.4594
vn -0.5012 -0.7333 0.4594
vn 0.3665 0.4364 0.8217
vn 0.3663 -0.4306 0.8248
vn -0.1365 -0.9429 -0.3039
vn -0.9385 0.0008 0.3452
vn -0.4190 0.0946 -0.9031
vn -0.3798 0.0754 -0.9220
vn 0.3975 -0.0643 0.9153
vn 0.3666 0.4363 0.8218
vn -0.3902 0.0948 -0.9158
vn 0.3903 -0.0947 0.9158
vn -0.4305 0.0751 -0.8995
vn 0.4304 -0.0752 0.8995
vn -0.1808 0.6347 -0.7513
vn 0.1886 0.7354 0.6509
vn -0.1541 0.9390 -0.3074
vn -0.1634 0.9298 -0.3297
vn 0.0469 0.9586 -0.2808
vn -0.1311 0.9298 -0.3439
vn -0.3284 0.8732 -0.3600
vn -0.1542 0.9389 -0.3076
vn -0.1635 0.9298 -0.3297
vn 0.0470 0.9587 -0.2805
vn -0.1309 0.9299 -0.3437
vn -0.3284 0.8733 -0.3599
vn 0.0347 -0.8774 0.4786
vn 0.3318 -0.8718 0.3604
vn 0.1244 -0.9382 0.3230
vn 0.2435 -0.9549 0.1698
vn 0.1634 -0.9292 0.3316
vn 0.0345 -0.8775 0.4784
vn 0.3318 -0.8719 0.3603
vn 0.1247 -0.9382 0.3229
vn 0.2436 -0.9549 0.1698
vn 0.1633 -0.9292 0.3316
vt 0.751479 0.809454
vt 0.756230 0.810993
vt 0.753822 0.812389
vt 0.756230 0.832015
vt 0.752436 0.836535
vt 0.753527 0.831675
vt 0.746581 0.809400
vt 0.752588 0.806782
vt 0.741841 0.810903
vt 0.745526 0.806778
vt 0.744140 0.812300
vt 0.741388 0.831919
vt 0.744036 0.831639
vt 0.745095 0.836562
vt 0.751100 0.834237
vt 0.834245 0.831796
vt 0.834557 0.836909
vt 0.832484 0.833318
vt 0.829024 0.833508
vt 0.826938 0.837092
vt 0.827180 0.831899
vt 0.834596 0.814756
vt 0.838408 0.832363
vt 0.823100 0.832434
vt 0.826983 0.814744
vt 0.832771 0.812690
vt 0.838408 0.812455
vt 0.827151 0.808464
vt 0.834522 0.808384
vt 0.828898 0.812641
vt 0.823327 0.812513
vt 0.913416 0.799617
vt 0.898379 0.792946
vt 0.913402 0.792964
vt 0.910215 0.832681
vt 0.927216 0.827210
vt 0.926708 0.833843
vt 0.915168 0.804509
vt 0.909306 0.821183
vt 0.900081 0.804481
vt 0.915126 0.788077
vt 0.909438 0.771371
vt 0.925328 0.770332
vt 0.900224 0.788059
vt 0.898304 0.799599
vt 0.910721 0.766524
vt 0.927216 0.765387
vt 0.910646 0.826042
vt 0.925366 0.822267
vt 0.746464 0.834295
vt 0.851562 0.774752
vt 0.846800 0.776291
vt 0.849150 0.773356
vt 0.851562 0.753731
vt 0.848855 0.754070
vt 0.847760 0.749210
vt 0.840830 0.778967
vt 0.841888 0.776345
vt 0.837136 0.774843
vt 0.839439 0.773445
vt 0.836683 0.753828
vt 0.839335 0.754107
vt 0.840398 0.749183
vt 0.841770 0.751450
vt 0.880870 0.808577
vt 0.880560 0.813691
vt 0.878793 0.812168
vt 0.873230 0.808395
vt 0.873471 0.813588
vt 0.869385 0.813056
vt 0.884728 0.813126
vt 0.880910 0.830731
vt 0.873275 0.830743
vt 0.869612 0.832974
vt 0.884728 0.833031
vt 0.879080 0.832797
vt 0.880835 0.837102
vt 0.875196 0.832846
vt 0.875320 0.811979
vt 0.940557 0.806245
vt 0.925459 0.799590
vt 0.940572 0.799573
vt 0.953861 0.765313
vt 0.937801 0.773134
vt 0.937368 0.766475
vt 0.942323 0.794674
vt 0.936461 0.777999
vt 0.952521 0.776916
vt 0.936593 0.827845
vt 0.942281 0.811138
vt 0.952483 0.828884
vt 0.927379 0.811157
vt 0.927236 0.794701
vt 0.937875 0.832699
vt 0.954370 0.771966
vt 0.846421 0.751508
vt 0.969121 0.807846
vt 0.973870 0.809371
vt 0.971473 0.810770
vt 0.973870 0.836192
vt 0.970077 0.840723
vt 0.971166 0.835858
vt 0.964224 0.807797
vt 0.970222 0.805179
vt 0.959489 0.809302
vt 0.963168 0.805178
vt 0.961784 0.810695
vt 0.959008 0.836118
vt 0.961654 0.835835
vt 0.962727 0.840754
vt 0.968737 0.838424
vt 0.815117 0.814740
vt 0.815415 0.819870
vt 0.813338 0.816258
vt 0.809845 0.816440
vt 0.807748 0.820024
vt 0.807984 0.814828
vt 0.815508 0.790725
vt 0.819290 0.815298
vt 0.803899 0.815345
vt 0.807873 0.790699
vt 0.813673 0.788668
vt 0.819290 0.788419
vt 0.808077 0.784443
vt 0.815411 0.784385
vt 0.809800 0.788609
vt 0.804248 0.788454
vt 0.821097 0.698954
vt 0.803965 0.692298
vt 0.821077 0.692302
vt 0.824929 0.663081
vt 0.842981 0.656386
vt 0.842957 0.663039
vt 0.823456 0.703584
vt 0.822851 0.723563
vt 0.806277 0.703568
vt 0.823403 0.687672
vt 0.822966 0.667695
vt 0.840378 0.667661
vt 0.806410 0.687681
vt 0.803894 0.698951
vt 0.824877 0.728178
vt 0.840437 0.723603
vt 0.842981 0.728227
vt 0.964093 0.838487
vt 0.865378 0.834964
vt 0.860618 0.836489
vt 0.862976 0.833565
vt 0.865378 0.808145
vt 0.862670 0.808478
vt 0.861577 0.803612
vt 0.854648 0.839157
vt 0.855706 0.836539
vt 0.850960 0.835034
vt 0.853260 0.833641
vt 0.850479 0.808219
vt 0.853129 0.808501
vt 0.854206 0.803581
vt 0.855575 0.805849
vt 0.847960 0.674151
vt 0.847662 0.679282
vt 0.845878 0.677763
vt 0.840270 0.673997
vt 0.840506 0.679194
vt 0.836414 0.678680
vt 0.851842 0.678726
vt 0.848053 0.703297
vt 0.840396 0.703323
vt 0.836764 0.705567
vt 0.851842 0.705601
vt 0.846213 0.705354
vt 0.847955 0.709635
vt 0.842329 0.705412
vt 0.842373 0.677582
vt 0.826754 0.767546
vt 0.809571 0.760877
vt 0.826774 0.760874
vt 0.848634 0.796823
vt 0.830554 0.803454
vt 0.830606 0.796781
vt 0.829133 0.756237
vt 0.828528 0.736258
vt 0.846114 0.736219
vt 0.828643 0.792160
vt 0.829080 0.772183
vt 0.846055 0.792194
vt 0.812087 0.772173
vt 0.811954 0.756253
vt 0.830554 0.731636
vt 0.848658 0.731587
vt 0.860234 0.805911
vt 0.021388 0.934063
vt 0.006566 0.625977
vt 0.021386 0.625977
vt 0.004316 0.934063
vt 0.002005 0.625977
vt 0.004319 0.625977
vt 0.335071 0.611578
vt 0.320253 0.919659
vt 0.320251 0.611578
vt 0.025946 0.625977
vt 0.023632 0.934063
vt 0.023632 0.625977
vt 0.006568 0.934063
vt 0.337317 0.611578
vt 0.335073 0.919659
vt 0.318002 0.919659
vt 0.318004 0.611578
vt 0.314919 0.206431
vt 0.607056 0.221253
vt 0.314919 0.221251
vt 0.607056 0.180244
vt 0.314919 0.182559
vt 0.314919 0.180245
vt 0.607056 0.184804
vt 0.314919 0.199625
vt 0.314919 0.184805
vt 0.314919 0.201872
vt 0.607056 0.204187
vt 0.314919 0.204185
vt 0.607056 0.206433
vt 0.314919 0.177998
vt 0.607056 0.182558
vt 0.607056 0.199624
vt 0.607056 0.201873
vt 0.997119 0.191959
vt 0.995990 0.188299
vt 0.997119 0.188299
vt 0.995990 0.195619
vt 0.995990 0.191959
vt 0.997119 0.195619
vt 0.995990 0.199279
vt 0.997119 0.169998
vt 0.995990 0.173658
vt 0.995990 0.169998
vt 0.997119 0.173658
vt 0.995990 0.177318
vt 0.997119 0.180978
vt 0.997119 0.177318
vt 0.997119 0.184639
vt 0.995990 0.180978
vt 0.995990 0.184639
vt 0.405814 0.060744
vt 0.405814 0.062363
vt 0.403860 0.061554
vt 0.404669 0.063508
vt 0.403051 0.063508
vt 0.401906 0.062363
vt 0.401906 0.060744
vt 0.403051 0.059600
vt 0.404669 0.059600
vt 0.768754 0.063126
vt 0.765242 0.064131
vt 0.766976 0.062376
vt 0.762059 0.065925
vt 0.765987 0.065913
vt 0.759245 0.063150
vt 0.762774 0.064133
vt 0.761023 0.059948
vt 0.761035 0.062401
vt 0.759245 0.059198
vt 0.762757 0.058193
vt 0.765940 0.056399
vt 0.762012 0.056411
vt 0.768754 0.059174
vt 0.765225 0.058191
vt 0.766964 0.059923
vt 0.998003 0.017135
vt 0.995992 0.014613
vt 0.998003 0.014613
vt 0.995992 0.019656
vt 0.995992 0.017135
vt 0.998003 0.019656
vt 0.995992 0.022178
vt 0.998003 0.002003
vt 0.995992 0.004525
vt 0.995992 0.002003
vt 0.998003 0.004525
vt 0.995992 0.007047
vt 0.998003 0.009569
vt 0.998003 0.007047
vt 0.998003 0.012091
vt 0.995992 0.009569
vt 0.995992 0.012091
vt 0.635938 0.064090
vt 0.635245 0.061856
vt 0.636389 0.063000
vt 0.634154 0.059785
vt 0.634154 0.062307
vt 0.635938 0.058002
vt 0.635245 0.060237
vt 0.638008 0.059092
vt 0.636389 0.059092
vt 0.638459 0.058002
vt 0.639153 0.060237
vt 0.640243 0.062307
vt 0.640243 0.059785
vt 0.638460 0.064090
vt 0.639153 0.061856
vt 0.638008 0.063000
vt 0.050683 0.155652
vt 0.051417 0.154033
vt 0.051417 0.155652
vt 0.050683 0.152415
vt 0.050683 0.154033
vt 0.050683 0.150796
vt 0.051417 0.152415
vt 0.050683 0.162127
vt 0.051418 0.163745
vt 0.050683 0.163745
vt 0.050683 0.160508
vt 0.051417 0.162127
vt 0.051417 0.158889
vt 0.051417 0.160508
vt 0.050683 0.158889
vt 0.051417 0.157271
vt 0.050683 0.157271
vt 0.310917 0.183051
vt 0.002002 0.197871
vt 0.002002 0.183051
vt 0.310917 0.200608
vt 0.002002 0.204530
vt 0.002002 0.200608
vt 0.002002 0.207266
vt 0.310918 0.222086
vt 0.002002 0.222087
vt 0.002002 0.176392
vt 0.310918 0.180315
vt 0.002002 0.180314
vt 0.310917 0.197872
vt 0.310917 0.204529
vt 0.310917 0.207266
vt 0.310918 0.224822
vt 0.002002 0.224823
vt 0.997122 0.158360
vt 0.995993 0.154700
vt 0.997122 0.154700
vt 0.995993 0.162020
vt 0.995993 0.158360
vt 0.997122 0.162020
vt 0.995993 0.165680
vt 0.997122 0.136399
vt 0.995993 0.140059
vt 0.995993 0.136399
vt 0.997122 0.140059
vt 0.995993 0.143719
vt 0.997122 0.147380
vt 0.997122 0.143719
vt 0.997122 0.151040
vt 0.995993 0.147380
vt 0.995993 0.151040
vt 0.409819 0.060744
vt 0.410964 0.059599
vt 0.411773 0.061553
vt 0.412582 0.059599
vt 0.413727 0.060744
vt 0.413727 0.062362
vt 0.412583 0.063507
vt 0.410964 0.063507
vt 0.409819 0.062362
vt 0.793010 0.056440
vt 0.793974 0.059954
vt 0.792241 0.058209
vt 0.795764 0.063170
vt 0.795764 0.059243
vt 0.792963 0.065950
vt 0.793980 0.062423
vt 0.789764 0.064150
vt 0.792227 0.064153
vt 0.789017 0.065934
vt 0.788036 0.062387
vt 0.786260 0.059204
vt 0.786261 0.063135
vt 0.789056 0.056406
vt 0.788049 0.059926
vt 0.789791 0.058201
vt 0.540905 0.004008
vt 0.543427 0.001997
vt 0.543427 0.004008
vt 0.538383 0.001997
vt 0.540905 0.001997
vt 0.538383 0.004008
vt 0.535861 0.001997
vt 0.556036 0.004008
vt 0.553514 0.001997
vt 0.556036 0.001997
vt 0.553514 0.004008
vt 0.550992 0.001997
vt 0.548470 0.004008
vt 0.550992 0.004008
vt 0.545949 0.004008
vt 0.548470 0.001997
vt 0.545949 0.001997
vt 0.710855 0.062301
vt 0.708620 0.062994
vt 0.709765 0.061850
vt 0.706550 0.064085
vt 0.709072 0.064085
vt 0.704767 0.062301
vt 0.707002 0.062994
vt 0.705857 0.060231
vt 0.705857 0.061850
vt 0.704767 0.059780
vt 0.707002 0.059087
vt 0.709072 0.057996
vt 0.706550 0.057996
vt 0.710855 0.059779
vt 0.708620 0.059087
vt 0.709765 0.060231
vt 0.291123 0.002733
vt 0.289504 0.001999
vt 0.291123 0.001999
vt 0.287885 0.002733
vt 0.289504 0.002733
vt 0.286267 0.002733
vt 0.287885 0.001999
vt 0.297597 0.002733
vt 0.299216 0.001999
vt 0.299216 0.002733
vt 0.295979 0.002733
vt 0.297597 0.001999
vt 0.294360 0.001999
vt 0.295979 0.001999
vt 0.294360 0.002733
vt 0.292741 0.001999
vt 0.292741 0.002733
vt 0.266982 0.230645
vt 0.287039 0.229194
vt 0.288494 0.230645
vt 0.155055 0.234332
vt 0.136116 0.232394
vt 0.155350 0.232398
vt 0.231935 0.147907
vt 0.239589 0.145852
vt 0.239589 0.147907
vt 0.156981 0.616009
vt 0.155057 0.615702
vt 0.136118 0.617634
vt 0.136413 0.615701
vt 0.299159 0.467585
vt 0.306813 0.469640
vt 0.299159 0.469640
vt 0.231935 0.127252
vt 0.239589 0.125196
vt 0.239589 0.127252
vt 0.136411 0.234331
vt 0.134489 0.616007
vt 0.134483 0.234024
vt 0.299159 0.488241
vt 0.306813 0.490296
vt 0.299159 0.490296
vt 0.792236 0.576383
vt 0.799890 0.956502
vt 0.792236 0.956502
vt 0.443772 0.991697
vt 0.451426 0.611577
vt 0.451426 0.991697
vt 0.306813 0.488241
vt 0.231935 0.145852
vt 0.156981 0.234026
vt 0.155351 0.617638
vt 0.266982 0.610763
vt 0.288494 0.610763
vt 0.268438 0.612214
vt 0.287039 0.612214
vt 0.805762 0.270639
vt 0.825819 0.269188
vt 0.827275 0.270639
vt 0.083417 0.615700
vt 0.102356 0.617633
vt 0.083122 0.617637
vt 0.985526 0.808377
vt 0.977872 0.810432
vt 0.977872 0.808377
vt 0.081495 0.234024
vt 0.083419 0.234331
vt 0.102357 0.232394
vt 0.102063 0.234329
vt 0.989523 0.808372
vt 0.997177 0.810427
vt 0.989523 0.810428
vt 0.985526 0.829032
vt 0.977872 0.831088
vt 0.977872 0.829032
vt 0.102061 0.615699
vt 0.103988 0.234022
vt 0.103988 0.616005
vt 0.989523 0.829028
vt 0.997177 0.831083
vt 0.989523 0.831083
vt 0.533009 0.993297
vt 0.525355 0.613177
vt 0.533009 0.613177
vt 0.416457 0.611581
vt 0.408803 0.991702
vt 0.408803 0.611581
vt 0.997177 0.829028
vt 0.985526 0.810432
vt 0.081490 0.616007
vt 0.083125 0.232398
vt 0.805762 0.650758
vt 0.827275 0.650758
vt 0.807218 0.652208
vt 0.825819 0.652208
vt 0.882300 0.003452
vt 0.902357 0.002002
vt 0.903813 0.003452
vt 0.003925 0.615702
vt 0.022863 0.617634
vt 0.003630 0.617638
vt 0.710715 0.830773
vt 0.703061 0.832828
vt 0.703061 0.830773
vt 0.002002 0.234022
vt 0.003927 0.234329
vt 0.022866 0.232398
vt 0.022571 0.234331
vt 0.741588 0.440386
vt 0.749242 0.442441
vt 0.741588 0.442441
vt 0.710715 0.851428
vt 0.703061 0.853484
vt 0.703061 0.851429
vt 0.022568 0.615700
vt 0.024495 0.234025
vt 0.024495 0.616007
vt 0.741588 0.461042
vt 0.749242 0.463097
vt 0.741588 0.463097
vt 0.369834 0.991701
vt 0.362180 0.611580
vt 0.369834 0.611580
vt 0.513702 0.991697
vt 0.521356 0.611577
vt 0.521356 0.991697
vt 0.749242 0.461042
vt 0.710715 0.832828
vt 0.001997 0.616009
vt 0.003633 0.232394
vt 0.882300 0.383571
vt 0.903813 0.383571
vt 0.883756 0.385021
vt 0.902357 0.385021
vt 0.577719 0.227445
vt 0.597775 0.225994
vt 0.599231 0.227445
vt 0.639492 0.561303
vt 0.658431 0.563236
vt 0.639197 0.563240
vt 0.749241 0.467585
vt 0.741587 0.469640
vt 0.741587 0.467585
vt 0.637570 0.179624
vt 0.639495 0.179931
vt 0.658433 0.178000
vt 0.658139 0.179933
vt 0.888728 0.809975
vt 0.896382 0.812030
vt 0.888728 0.812030
vt 0.749241 0.488241
vt 0.741587 0.490296
vt 0.741587 0.488241
vt 0.658136 0.561302
vt 0.660063 0.179626
vt 0.660063 0.561608
vt 0.888728 0.830630
vt 0.896382 0.832686
vt 0.888728 0.832686
vt 0.439769 0.991701
vt 0.432115 0.611581
vt 0.439769 0.611581
vt 0.984349 0.767704
vt 0.992003 0.387584
vt 0.992003 0.767704
vt 0.896382 0.830630
vt 0.749241 0.469640
vt 0.637564 0.561610
vt 0.639201 0.177996
vt 0.577719 0.607563
vt 0.599231 0.607563
vt 0.579175 0.609014
vt 0.597775 0.609014
vt 0.852788 0.650762
vt 0.832731 0.652213
vt 0.831275 0.650762
vt 0.109915 0.615701
vt 0.128853 0.617634
vt 0.109620 0.617638
vt 0.306813 0.494784
vt 0.299159 0.496840
vt 0.299159 0.494784
vt 0.107993 0.234022
vt 0.109917 0.234329
vt 0.128856 0.232398
vt 0.128561 0.234331
vt 0.953916 0.845168
vt 0.961570 0.847224
vt 0.953916 0.847224
vt 0.306813 0.515440
vt 0.299159 0.517495
vt 0.299159 0.515440
vt 0.128558 0.615700
vt 0.130485 0.234025
vt 0.130485 0.616006
vt 0.953916 0.865824
vt 0.961570 0.867879
vt 0.953916 0.867879
vt 0.373834 0.611581
vt 0.381488 0.991701
vt 0.373834 0.991701
vt 0.502050 0.991698
vt 0.509704 0.611577
vt 0.509704 0.991698
vt 0.961570 0.865824
vt 0.306812 0.496840
vt 0.107987 0.616008
vt 0.109623 0.232394
vt 0.852788 0.270643
vt 0.831275 0.270643
vt 0.851332 0.269193
vt 0.832731 0.269193
vt 0.856785 0.003452
vt 0.876841 0.002002
vt 0.878297 0.003452
vt 0.056924 0.615702
vt 0.075863 0.617635
vt 0.056629 0.617638
vt 0.741585 0.517495
vt 0.749239 0.515440
vt 0.749239 0.517495
vt 0.055002 0.234022
vt 0.056926 0.234329
vt 0.075865 0.232398
vt 0.075570 0.234331
vt 0.749241 0.544694
vt 0.741587 0.542639
vt 0.749240 0.542639
vt 0.741585 0.496839
vt 0.749239 0.494784
vt 0.749239 0.496839
vt 0.075568 0.615700
vt 0.077495 0.234025
vt 0.077495 0.616007
vt 0.749241 0.524038
vt 0.741587 0.521983
vt 0.749241 0.521983
vt 0.455424 0.611581
vt 0.463078 0.991701
vt 0.455424 0.991701
vt 0.467082 0.991699
vt 0.474735 0.611578
vt 0.474735 0.991699
vt 0.741587 0.524039
vt 0.741585 0.515440
vt 0.054996 0.616009
vt 0.056632 0.232394
vt 0.856785 0.383570
vt 0.878297 0.383570
vt 0.858241 0.385021
vt 0.876841 0.385021
vt 0.716075 0.390639
vt 0.736132 0.389189
vt 0.737588 0.390639
vt 0.665989 0.561301
vt 0.684927 0.563240
vt 0.665694 0.563236
vt 0.292496 0.565493
vt 0.300150 0.563438
vt 0.300150 0.565493
vt 0.664068 0.179626
vt 0.665992 0.179933
vt 0.684930 0.177996
vt 0.684636 0.179931
vt 0.691412 0.825972
vt 0.699067 0.828027
vt 0.691413 0.828027
vt 0.292496 0.544838
vt 0.300150 0.542783
vt 0.300150 0.544838
vt 0.684633 0.561303
vt 0.686560 0.179624
vt 0.686560 0.561610
vt 0.691413 0.846627
vt 0.699067 0.848682
vt 0.691412 0.848682
vt 0.561666 0.611582
vt 0.569320 0.991701
vt 0.561666 0.991701
vt 0.498044 0.611577
vt 0.490389 0.991697
vt 0.490390 0.611577
vt 0.699066 0.846627
vt 0.292496 0.563438
vt 0.664062 0.561608
vt 0.665697 0.177999
vt 0.716075 0.770758
vt 0.737588 0.770758
vt 0.717531 0.772208
vt 0.736131 0.772208
vt 0.856789 0.390639
vt 0.876845 0.389189
vt 0.878301 0.390639
vt 0.030425 0.615702
vt 0.049364 0.617635
vt 0.030131 0.617638
vt 0.734017 0.835573
vt 0.726363 0.837628
vt 0.726363 0.835573
vt 0.028503 0.234022
vt 0.030428 0.234329
vt 0.049366 0.232398
vt 0.049072 0.234331
vt 0.741582 0.549182
vt 0.749236 0.551238
vt 0.741582 0.551238
vt 0.734017 0.856228
vt 0.726363 0.858284
vt 0.726363 0.856228
vt 0.049069 0.615700
vt 0.050996 0.234025
vt 0.050996 0.616007
vt 0.741582 0.569838
vt 0.749236 0.571893
vt 0.741582 0.571893
vt 0.397148 0.611581
vt 0.404802 0.991701
vt 0.397148 0.991701
vt 0.557668 0.611577
vt 0.550014 0.991697
vt 0.550014 0.611577
vt 0.749236 0.569838
vt 0.734017 0.837628
vt 0.028498 0.616009
vt 0.030134 0.232394
vt 0.856789 0.770758
vt 0.878301 0.770758
vt 0.858245 0.772208
vt 0.876845 0.772208
vt 0.882303 0.390617
vt 0.902359 0.389185
vt 0.903815 0.390617
vt 0.395150 0.604358
vt 0.414092 0.606276
vt 0.394852 0.606280
vt 0.714714 0.856213
vt 0.722367 0.858256
vt 0.714713 0.858256
vt 0.393229 0.227609
vt 0.395152 0.227916
vt 0.394855 0.225998
vt 0.413796 0.227914
vt 0.985524 0.856215
vt 0.977870 0.858257
vt 0.977870 0.856215
vt 0.714714 0.835571
vt 0.722367 0.837613
vt 0.714713 0.837613
vt 0.415720 0.604664
vt 0.415720 0.227607
vt 0.985524 0.835573
vt 0.977870 0.837615
vt 0.977870 0.835573
vt 0.537007 0.988389
vt 0.544661 0.613183
vt 0.544661 0.988389
vt 0.413794 0.604357
vt 0.158118 0.622779
vt 0.165772 0.997985
vt 0.158119 0.997985
vt 0.985524 0.837615
vt 0.722367 0.856213
vt 0.393223 0.604666
vt 0.414093 0.225994
vt 0.882303 0.765812
vt 0.903815 0.765812
vt 0.883759 0.767244
vt 0.902359 0.767244
vt 0.628746 0.569810
vt 0.648802 0.568378
vt 0.650258 0.569810
vt 0.553148 0.604358
vt 0.572090 0.606276
vt 0.552850 0.606280
vt 0.887440 0.859857
vt 0.895094 0.857815
vt 0.895094 0.859857
vt 0.551227 0.227609
vt 0.553150 0.227916
vt 0.552853 0.225998
vt 0.571795 0.227914
vt 0.906748 0.859857
vt 0.899094 0.857815
vt 0.906748 0.857815
vt 0.887440 0.839215
vt 0.895094 0.837173
vt 0.895094 0.839215
vt 0.573719 0.604664
vt 0.573719 0.227607
vt 0.906748 0.839215
vt 0.899094 0.837173
vt 0.906748 0.837173
vt 0.573317 0.613183
vt 0.580970 0.988389
vt 0.573317 0.988389
vt 0.571792 0.604357
vt 0.076566 0.997987
vt 0.084220 0.622781
vt 0.084220 0.997987
vt 0.899094 0.839215
vt 0.887440 0.857815
vt 0.551221 0.604666
vt 0.572091 0.225994
vt 0.628745 0.945005
vt 0.650258 0.945005
vt 0.630202 0.946437
vt 0.648802 0.946437
vt 0.933323 0.003429
vt 0.953379 0.001998
vt 0.954835 0.003429
vt 0.315663 0.604360
vt 0.334605 0.606278
vt 0.315366 0.606281
vt 0.749669 0.864659
vt 0.757323 0.862616
vt 0.757323 0.864658
vt 0.313742 0.227607
vt 0.315666 0.227915
vt 0.315370 0.225994
vt 0.334311 0.227916
vt 0.834845 0.864659
vt 0.827191 0.862616
vt 0.834845 0.862617
vt 0.749669 0.844016
vt 0.757323 0.841974
vt 0.757323 0.844016
vt 0.336234 0.604666
vt 0.336234 0.227609
vt 0.834845 0.844016
vt 0.827191 0.841974
vt 0.834845 0.841974
vt 0.272109 0.991589
vt 0.264456 0.616383
vt 0.272109 0.616383
vt 0.334307 0.604358
vt 0.134824 0.997987
vt 0.142477 0.622781
vt 0.142477 0.997987
vt 0.827191 0.844016
vt 0.749669 0.862616
vt 0.313736 0.604668
vt 0.334608 0.225998
vt 0.933323 0.378625
vt 0.954835 0.378625
vt 0.934779 0.380056
vt 0.953379 0.380056
vt 0.766719 0.576210
vt 0.786775 0.574778
vt 0.788231 0.576210
vt 0.368659 0.604322
vt 0.387598 0.606245
vt 0.368361 0.606242
vt 0.930608 0.859857
vt 0.938262 0.857815
vt 0.938262 0.859857
vt 0.366729 0.227613
vt 0.368653 0.227920
vt 0.368355 0.226002
vt 0.387295 0.227918
vt 0.997181 0.858257
vt 0.989527 0.856215
vt 0.997181 0.856215
vt 0.930608 0.839215
vt 0.938262 0.837173
vt 0.938262 0.839215
vt 0.389228 0.604631
vt 0.389228 0.227610
vt 0.997181 0.837615
vt 0.989527 0.835573
vt 0.997181 0.835573
vt 0.049254 0.997983
vt 0.041601 0.622776
vt 0.049254 0.622776
vt 0.387301 0.604324
vt 0.123177 0.997989
vt 0.130830 0.622782
vt 0.130830 0.997989
vt 0.989527 0.837615
vt 0.930608 0.857815
vt 0.366733 0.604630
vt 0.387594 0.225994
vt 0.766719 0.951405
vt 0.788231 0.951405
vt 0.768175 0.952837
vt 0.786775 0.952837
vt 0.933326 0.385817
vt 0.953383 0.384385
vt 0.954839 0.385817
vt 0.520073 0.225998
vt 0.501131 0.227916
vt 0.500834 0.225994
vt 0.679764 0.886616
vt 0.687418 0.888658
vt 0.679764 0.888658
vt 0.519775 0.227917
vt 0.521702 0.604667
vt 0.519778 0.604360
vt 0.520074 0.606280
vt 0.501133 0.604358
vt 0.710721 0.878614
vt 0.703067 0.880657
vt 0.703067 0.878614
vt 0.679764 0.865973
vt 0.687418 0.868015
vt 0.679764 0.868015
vt 0.499204 0.227608
vt 0.499210 0.604665
vt 0.710721 0.857972
vt 0.703067 0.860014
vt 0.703067 0.857972
vt 0.029946 0.997987
vt 0.037600 0.622781
vt 0.037600 0.997987
vt 0.584974 0.613183
vt 0.592628 0.988389
vt 0.584975 0.988389
vt 0.710721 0.860014
vt 0.687418 0.886616
vt 0.521702 0.227610
vt 0.500836 0.606276
vt 0.933326 0.761012
vt 0.954839 0.761012
vt 0.934782 0.762444
vt 0.953383 0.762444
vt 0.675766 0.945005
vt 0.655710 0.946437
vt 0.654254 0.945005
vt 0.421351 0.606281
vt 0.440293 0.604358
vt 0.440590 0.606278
vt 0.679770 0.859415
vt 0.687424 0.861457
vt 0.679770 0.861457
vt 0.421648 0.604360
vt 0.419727 0.227607
vt 0.421651 0.227915
vt 0.421354 0.225994
vt 0.440296 0.227916
vt 0.850936 0.845613
vt 0.858590 0.843571
vt 0.858590 0.845613
vt 0.679770 0.838773
vt 0.687424 0.840815
vt 0.679770 0.840815
vt 0.442219 0.604665
vt 0.442219 0.227609
vt 0.850936 0.866255
vt 0.858590 0.864213
vt 0.858590 0.866255
vt 0.099880 0.997989
vt 0.107535 0.622783
vt 0.107535 0.997989
vt 0.283769 0.991589
vt 0.276115 0.616382
vt 0.283768 0.616382
vt 0.850936 0.864213
vt 0.687424 0.859415
vt 0.419721 0.604667
vt 0.440593 0.225998
vt 0.675766 0.569810
vt 0.654253 0.569810
vt 0.674310 0.568379
vt 0.655709 0.568379
vt 0.980343 0.378625
vt 0.960286 0.380057
vt 0.958830 0.378625
vt 0.215906 0.610758
vt 0.234848 0.612676
vt 0.215608 0.612680
vt 0.839282 0.859415
vt 0.846936 0.861457
vt 0.839282 0.861457
vt 0.213985 0.234009
vt 0.215908 0.234316
vt 0.215611 0.232398
vt 0.234552 0.234314
vt 0.918404 0.859418
vt 0.910750 0.861460
vt 0.910750 0.859418
vt 0.839282 0.838773
vt 0.846936 0.840815
vt 0.839282 0.840815
vt 0.236476 0.611064
vt 0.236476 0.234007
vt 0.918404 0.838776
vt 0.910750 0.840818
vt 0.910750 0.838776
vt 0.053252 0.997985
vt 0.060907 0.622779
vt 0.060907 0.997985
vt 0.234550 0.610757
vt 0.187473 0.617983
vt 0.195127 0.993189
vt 0.187474 0.993189
vt 0.918404 0.840818
vt 0.846936 0.859415
vt 0.213979 0.611066
vt 0.234849 0.232394
vt 0.980343 0.003429
vt 0.958830 0.003430
vt 0.978887 0.001998
vt 0.960286 0.001998
vt 0.603236 0.569810
vt 0.623292 0.568378
vt 0.624748 0.569810
vt 0.242409 0.610758
vt 0.261351 0.612676
vt 0.242111 0.612679
vt 0.699073 0.855214
vt 0.691419 0.853172
vt 0.699073 0.853172
vt 0.240487 0.234009
vt 0.242411 0.234316
vt 0.242114 0.232398
vt 0.261055 0.234314
vt 0.803890 0.853611
vt 0.811544 0.851569
vt 0.811544 0.853611
vt 0.699073 0.875857
vt 0.691419 0.873815
vt 0.699073 0.873815
vt 0.262979 0.611064
vt 0.262979 0.234007
vt 0.803890 0.874254
vt 0.811544 0.872212
vt 0.811544 0.874254
vt 0.199130 0.993189
vt 0.206784 0.617983
vt 0.206784 0.993189
vt 0.261053 0.610757
vt 0.064910 0.622776
vt 0.072564 0.997983
vt 0.064911 0.997983
vt 0.803890 0.872212
vt 0.691419 0.855214
vt 0.240481 0.611066
vt 0.261352 0.232394
vt 0.603236 0.945005
vt 0.624748 0.945005
vt 0.604692 0.946437
vt 0.623292 0.946437
vt 0.980351 0.761010
vt 0.960294 0.762442
vt 0.958838 0.761010
vt 0.360802 0.227917
vt 0.341861 0.225994
vt 0.361100 0.225998
vt 0.865658 0.862617
vt 0.873312 0.864659
vt 0.865658 0.864659
vt 0.362729 0.604667
vt 0.360805 0.604360
vt 0.361101 0.606280
vt 0.342160 0.604358
vt 0.949920 0.859418
vt 0.942266 0.861460
vt 0.942266 0.859418
vt 0.865658 0.841974
vt 0.873312 0.844016
vt 0.865658 0.844016
vt 0.340231 0.227608
vt 0.340237 0.604665
vt 0.949920 0.838776
vt 0.942266 0.840818
vt 0.942266 0.838776
vt 0.111527 0.997989
vt 0.119182 0.622782
vt 0.119182 0.997989
vt 0.342158 0.227916
vt 0.088224 0.622779
vt 0.095878 0.997985
vt 0.088225 0.997985
vt 0.949920 0.840818
vt 0.873312 0.862617
vt 0.362729 0.227610
vt 0.341863 0.606276
vt 0.980351 0.385815
vt 0.958838 0.385815
vt 0.978894 0.384383
vt 0.960294 0.384383
vt 0.907818 0.385817
vt 0.927874 0.384385
vt 0.929330 0.385817
vt 0.189404 0.610759
vt 0.208346 0.612677
vt 0.189106 0.612681
vt 0.815541 0.861015
vt 0.823195 0.863057
vt 0.815541 0.863057
vt 0.187483 0.234007
vt 0.189407 0.234314
vt 0.189110 0.232394
vt 0.208051 0.234316
vt 0.722370 0.883414
vt 0.714716 0.885456
vt 0.714716 0.883414
vt 0.815541 0.840373
vt 0.823195 0.842415
vt 0.815541 0.842415
vt 0.209974 0.611065
vt 0.209974 0.234009
vt 0.722370 0.862772
vt 0.714716 0.864814
vt 0.714716 0.862772
vt 0.146470 0.997986
vt 0.154125 0.622780
vt 0.154125 0.997986
vt 0.208048 0.610758
vt 0.222440 0.617982
vt 0.230094 0.993189
vt 0.222440 0.993189
vt 0.722370 0.864814
vt 0.823195 0.861015
vt 0.187477 0.611067
vt 0.208348 0.232398
vt 0.907818 0.761012
vt 0.929330 0.761012
vt 0.909274 0.762444
vt 0.927874 0.762444
vt 0.690561 0.390639
vt 0.710617 0.389189
vt 0.712073 0.390639
vt 0.162906 0.615701
vt 0.181845 0.617634
vt 0.162611 0.617638
vt 0.292493 0.592693
vt 0.300147 0.590637
vt 0.300147 0.592693
vt 0.160984 0.234022
vt 0.162909 0.234329
vt 0.181847 0.232398
vt 0.181553 0.234331
vt 0.803889 0.718777
vt 0.811543 0.720832
vt 0.803889 0.720832
vt 0.292493 0.572037
vt 0.300147 0.569982
vt 0.300147 0.572037
vt 0.181550 0.615700
vt 0.183477 0.234025
vt 0.183477 0.616006
vt 0.803889 0.739432
vt 0.811543 0.741488
vt 0.803889 0.741488
vt 0.984341 0.002002
vt 0.991994 0.382121
vt 0.984341 0.382121
vt 0.478739 0.991698
vt 0.486393 0.611577
vt 0.486393 0.991698
vt 0.811543 0.739432
vt 0.292493 0.590637
vt 0.160978 0.616008
vt 0.162615 0.232394
vt 0.690561 0.770759
vt 0.712073 0.770759
vt 0.692017 0.772209
vt 0.710617 0.772209
vt 0.525704 0.227445
vt 0.545760 0.225994
vt 0.547216 0.227445
vt 0.612989 0.561303
vt 0.631928 0.563236
vt 0.612694 0.563240
vt 0.687419 0.811573
vt 0.679765 0.813628
vt 0.679765 0.811573
vt 0.611067 0.179624
vt 0.612992 0.179931
vt 0.631930 0.178000
vt 0.631636 0.179933
vt 0.803886 0.824369
vt 0.811540 0.826425
vt 0.803886 0.826425
vt 0.687418 0.832228
vt 0.679765 0.834283
vt 0.679765 0.832228
vt 0.631633 0.561302
vt 0.633559 0.179627
vt 0.633559 0.561608
vt 0.803886 0.845025
vt 0.811540 0.847080
vt 0.803886 0.847080
vt 0.393148 0.991701
vt 0.385495 0.611582
vt 0.393148 0.611582
vt 0.420459 0.991703
vt 0.428113 0.611582
vt 0.428113 0.991703
vt 0.811540 0.845025
vt 0.687418 0.813628
vt 0.611061 0.561610
vt 0.612698 0.177996
vt 0.525704 0.607564
vt 0.547216 0.607564
vt 0.527160 0.609014
vt 0.545760 0.609014
vt 0.292491 0.611413
vt 0.312547 0.609981
vt 0.314003 0.611413
vt 0.448141 0.604359
vt 0.467083 0.606277
vt 0.447844 0.606281
vt 0.973222 0.845170
vt 0.965568 0.847212
vt 0.965568 0.845170
vt 0.446220 0.227607
vt 0.448144 0.227915
vt 0.447848 0.225994
vt 0.466789 0.227916
vt 0.348969 0.864657
vt 0.341315 0.862615
vt 0.348969 0.862615
vt 0.973222 0.865813
vt 0.965568 0.867855
vt 0.965568 0.865813
vt 0.468712 0.604665
vt 0.468712 0.227609
vt 0.348969 0.844015
vt 0.341315 0.841973
vt 0.348968 0.841973
vt 0.218438 0.993189
vt 0.210784 0.617983
vt 0.218438 0.617983
vt 0.466786 0.604358
vt 0.245751 0.993187
vt 0.253404 0.617981
vt 0.253404 0.993187
vt 0.341315 0.844015
vt 0.973222 0.847212
vt 0.446214 0.604667
vt 0.467086 0.225998
vt 0.292491 0.986608
vt 0.314003 0.986608
vt 0.293947 0.988040
vt 0.312547 0.988040
vt 0.907811 0.003430
vt 0.927867 0.001998
vt 0.929323 0.003430
vt 0.474637 0.604359
vt 0.493579 0.606277
vt 0.474340 0.606281
vt 0.738015 0.864657
vt 0.745669 0.862615
vt 0.745669 0.864657
vt 0.472716 0.227607
vt 0.474640 0.227915
vt 0.474344 0.225994
vt 0.493285 0.227916
vt 0.734018 0.885457
vt 0.726364 0.883414
vt 0.734018 0.883414
vt 0.738015 0.844015
vt 0.745669 0.841973
vt 0.745669 0.844015
vt 0.495208 0.604665
vt 0.495208 0.227609
vt 0.734018 0.864814
vt 0.726364 0.862772
vt 0.734018 0.862772
vt 0.234099 0.617983
vt 0.241753 0.993189
vt 0.234099 0.993189
vt 0.493282 0.604358
vt 0.169767 0.997989
vt 0.177420 0.622783
vt 0.177420 0.997989
vt 0.726364 0.864814
vt 0.738015 0.862615
vt 0.472710 0.604667
vt 0.493582 0.225998
vt 0.907810 0.378625
vt 0.929323 0.378625
vt 0.909266 0.380056
vt 0.927867 0.380056
vt 0.342339 0.716027
vt 0.357160 0.654797
vt 0.357160 0.716027
vt 0.760743 0.697693
vt 0.759596 0.758973
vt 0.759597 0.697738
vt 0.743751 0.697760
vt 0.758568 0.758980
vt 0.743750 0.758980
vt 0.741589 0.697693
vt 0.742734 0.758973
vt 0.741588 0.758960
vt 0.341312 0.654790
vt 0.342340 0.654796
vt 0.358176 0.654790
vt 0.358176 0.716005
vt 0.758569 0.697760
vt 0.742734 0.697738
vt 0.342341 0.776679
vt 0.341312 0.746394
vt 0.342340 0.746424
vt 0.741592 0.637012
vt 0.742736 0.667335
vt 0.741591 0.667272
vt 0.742736 0.637079
vt 0.743752 0.667366
vt 0.743753 0.637112
vt 0.758571 0.667366
vt 0.759601 0.637079
vt 0.758573 0.637112
vt 0.760745 0.637012
vt 0.759598 0.667335
vt 0.357161 0.776679
vt 0.358176 0.746394
vt 0.358177 0.776646
vt 0.357160 0.746425
vt 0.342341 0.806985
vt 0.341313 0.776646
vt 0.741595 0.606699
vt 0.742739 0.606771
vt 0.743754 0.606807
vt 0.759601 0.606771
vt 0.758574 0.606807
vt 0.760744 0.606700
vt 0.357161 0.806986
vt 0.358178 0.806950
vt 0.341313 0.632252
vt 0.342341 0.632241
vt 0.357161 0.632241
vt 0.358177 0.632253
vt 0.760742 0.758960
vt 0.759597 0.781542
vt 0.758569 0.781531
vt 0.743751 0.781531
vt 0.742734 0.781542
vt 0.741588 0.781565
vt 0.341315 0.611597
vt 0.342342 0.611579
vt 0.357162 0.611579
vt 0.358178 0.611598
vt 0.760743 0.781565
vt 0.759600 0.802212
vt 0.758571 0.802193
vt 0.743750 0.802193
vt 0.742733 0.802212
vt 0.741586 0.802251
vt 0.341315 0.837111
vt 0.342342 0.837150
vt 0.741596 0.576524
vt 0.742739 0.576604
vt 0.743756 0.576643
vt 0.758576 0.576643
vt 0.760747 0.576525
vt 0.759604 0.576604
vt 0.357162 0.837150
vt 0.358178 0.837111
vt 0.341312 0.716004
vt 0.760743 0.667272
vt 0.293519 0.333639
vt 0.308340 0.272410
vt 0.308340 0.333640
vt 0.106626 0.145950
vt 0.045346 0.144804
vt 0.106582 0.144805
vt 0.106559 0.128959
vt 0.045340 0.143776
vt 0.045339 0.128959
vt 0.106626 0.126797
vt 0.045346 0.127942
vt 0.045360 0.126796
vt 0.292492 0.272402
vt 0.293520 0.272409
vt 0.309356 0.272403
vt 0.309356 0.333618
vt 0.106560 0.143777
vt 0.106581 0.127942
vt 0.293521 0.394292
vt 0.292492 0.364007
vt 0.293520 0.364037
vt 0.167308 0.126799
vt 0.136985 0.127943
vt 0.137047 0.126799
vt 0.167240 0.127943
vt 0.136954 0.128959
vt 0.167207 0.128960
vt 0.136954 0.143778
vt 0.167240 0.144808
vt 0.167207 0.143780
vt 0.167308 0.145952
vt 0.136985 0.144806
vt 0.308341 0.394292
vt 0.309356 0.364007
vt 0.309357 0.394259
vt 0.308340 0.364038
vt 0.293521 0.424598
vt 0.292493 0.394258
vt 0.197620 0.126802
vt 0.197548 0.127945
vt 0.197513 0.128961
vt 0.197548 0.144808
vt 0.197513 0.143781
vt 0.197620 0.145951
vt 0.308342 0.424598
vt 0.309358 0.424563
vt 0.292493 0.249865
vt 0.293521 0.249854
vt 0.308341 0.249854
vt 0.309358 0.249866
vt 0.045360 0.145951
vt 0.022778 0.144805
vt 0.022789 0.143777
vt 0.022788 0.128959
vt 0.022777 0.127943
vt 0.022754 0.126796
vt 0.292495 0.229210
vt 0.293523 0.229191
vt 0.308342 0.229192
vt 0.309358 0.229211
vt 0.022755 0.145952
vt 0.002108 0.144809
vt 0.002127 0.143780
vt 0.002127 0.128959
vt 0.002107 0.127941
vt 0.002069 0.126795
vt 0.292495 0.454723
vt 0.293522 0.454762
vt 0.227795 0.126802
vt 0.227715 0.127946
vt 0.227676 0.128962
vt 0.227676 0.143782
vt 0.227795 0.145953
vt 0.227715 0.144810
vt 0.308342 0.454763
vt 0.309358 0.454724
vt 0.292492 0.333617
vt 0.137047 0.145950
vt 0.825696 0.163920
vt 0.840482 0.109820
vt 0.840478 0.163918
vt 0.841669 0.163950
vt 0.843110 0.109985
vt 0.843109 0.164014
vt 0.821861 0.164054
vt 0.806994 0.110039
vt 0.821842 0.110038
vt 0.824496 0.163954
vt 0.823036 0.109985
vt 0.824474 0.109875
vt 0.825675 0.109822
vt 0.841672 0.109875
vt 0.807002 0.164061
vt 0.805791 0.109985
vt 0.823056 0.164020
vt 0.824536 0.205222
vt 0.825714 0.186160
vt 0.825725 0.205155
vt 0.823081 0.186293
vt 0.824517 0.186203
vt 0.823109 0.205355
vt 0.821886 0.186338
vt 0.821920 0.205424
vt 0.807006 0.186350
vt 0.807018 0.205448
vt 0.805801 0.186306
vt 0.841613 0.205234
vt 0.843082 0.186301
vt 0.843046 0.205369
vt 0.840428 0.205167
vt 0.841646 0.186209
vt 0.840459 0.186163
vt 0.825667 0.056114
vt 0.840487 0.056114
vt 0.841680 0.056106
vt 0.843121 0.056090
vt 0.805783 0.056096
vt 0.806987 0.056088
vt 0.821830 0.056085
vt 0.823024 0.056092
vt 0.824465 0.056107
vt 0.824534 0.236807
vt 0.825713 0.221724
vt 0.825704 0.236836
vt 0.823183 0.236747
vt 0.824537 0.221738
vt 0.822004 0.236717
vt 0.823163 0.221763
vt 0.807038 0.221801
vt 0.821979 0.221778
vt 0.807043 0.236715
vt 0.805848 0.221794
vt 0.842860 0.236763
vt 0.841547 0.221755
vt 0.842918 0.221782
vt 0.841512 0.236820
vt 0.840385 0.221741
vt 0.840357 0.236847
vt 0.824535 0.251726
vt 0.825704 0.251795
vt 0.823168 0.251592
vt 0.821983 0.251520
vt 0.807025 0.251491
vt 0.805860 0.236745
vt 0.842862 0.251602
vt 0.841502 0.251732
vt 0.840349 0.251797
vt 0.825661 0.002283
vt 0.840488 0.002285
vt 0.841681 0.002235
vt 0.843121 0.002135
vt 0.805781 0.002131
vt 0.806984 0.002082
vt 0.821824 0.002080
vt 0.823017 0.002131
vt 0.824457 0.002233
vt 0.805812 0.205386
vt 0.824518 0.263737
vt 0.825705 0.263871
vt 0.823112 0.263463
vt 0.821935 0.263327
vt 0.807004 0.263298
vt 0.805836 0.251550
vt 0.842972 0.263441
vt 0.841558 0.263724
vt 0.840372 0.263865
vt 0.805797 0.164029
vt 0.847822 0.099025
vt 0.850685 0.113793
vt 0.847822 0.113845
vt 0.848530 0.098052
vt 0.850685 0.098972
vt 0.849978 0.114765
vt 0.848536 0.114801
vt 0.849959 0.057436
vt 0.847096 0.072203
vt 0.847096 0.057383
vt 0.849252 0.056463
vt 0.847810 0.056428
vt 0.849959 0.072256
vt 0.847804 0.073176
vt 0.735281 0.221953
vt 0.720472 0.276048
vt 0.720499 0.221950
vt 0.719308 0.221916
vt 0.717843 0.275886
vt 0.717868 0.221850
vt 0.701804 0.221805
vt 0.716639 0.275832
vt 0.701791 0.275827
vt 0.736481 0.221921
vt 0.737916 0.275884
vt 0.736479 0.275994
vt 0.735278 0.276049
vt 0.719281 0.275995
vt 0.716664 0.221816
vt 0.700609 0.221837
vt 0.700598 0.275882
vt 0.736431 0.180638
vt 0.735264 0.199708
vt 0.735237 0.180705
vt 0.737897 0.199571
vt 0.736461 0.199662
vt 0.700632 0.180478
vt 0.701812 0.199515
vt 0.700616 0.199559
vt 0.701828 0.180416
vt 0.716691 0.199532
vt 0.716730 0.180447
vt 0.717896 0.199577
vt 0.719356 0.180650
vt 0.717929 0.180516
vt 0.720534 0.180717
vt 0.719332 0.199667
vt 0.720520 0.199712
vt 0.735281 0.329756
vt 0.720461 0.329755
vt 0.719269 0.329762
vt 0.717827 0.329777
vt 0.716624 0.329784
vt 0.701780 0.329782
vt 0.700586 0.329774
vt 0.737925 0.329780
vt 0.736484 0.329764
vt 0.736339 0.149058
vt 0.735197 0.164134
vt 0.735173 0.149031
vt 0.737686 0.149115
vt 0.736369 0.164120
vt 0.701862 0.149152
vt 0.700673 0.164072
vt 0.700689 0.149122
vt 0.716793 0.164092
vt 0.701852 0.164065
vt 0.716822 0.149152
vt 0.717987 0.164108
vt 0.718011 0.149123
vt 0.719360 0.164133
vt 0.719362 0.149064
vt 0.720526 0.164147
vt 0.720521 0.149035
vt 0.736335 0.134149
vt 0.735172 0.134084
vt 0.737695 0.134280
vt 0.701847 0.134378
vt 0.700668 0.134318
vt 0.716806 0.134348
vt 0.718001 0.134277
vt 0.719368 0.134143
vt 0.720526 0.134074
vt 0.735282 0.383587
vt 0.720455 0.383585
vt 0.719261 0.383637
vt 0.717821 0.383739
vt 0.716618 0.383789
vt 0.701777 0.383790
vt 0.700584 0.383741
vt 0.736485 0.383636
vt 0.737740 0.164093
vt 0.736399 0.122159
vt 0.735203 0.122018
vt 0.737813 0.122444
vt 0.701826 0.122573
vt 0.700636 0.122440
vt 0.716760 0.122536
vt 0.717948 0.122402
vt 0.719356 0.122128
vt 0.720535 0.121994
vt 0.737921 0.221857
vt 0.849364 0.036629
vt 0.852227 0.051397
vt 0.849364 0.051449
vt 0.850072 0.035656
vt 0.852227 0.036576
vt 0.851520 0.052369
vt 0.850078 0.052404
vt 0.849953 0.078227
vt 0.847089 0.092995
vt 0.847089 0.078175
vt 0.849245 0.077254
vt 0.847804 0.077219
vt 0.849953 0.093047
vt 0.847797 0.093967
vt 0.266691 0.125163
vt 0.307522 0.128376
vt 0.266684 0.128018
vt 0.266657 0.123209
vt 0.307919 0.125555
vt 0.308084 0.123612
vt 0.354367 0.125146
vt 0.354311 0.128011
vt 0.405917 0.128079
vt 0.354383 0.123202
vt 0.405902 0.125212
vt 0.405869 0.123268
vt 0.461683 0.125147
vt 0.461612 0.128032
vt 0.266746 0.166921
vt 0.307866 0.164781
vt 0.308024 0.166734
vt 0.266767 0.165001
vt 0.307479 0.161952
vt 0.354276 0.162394
vt 0.354327 0.165257
vt 0.354339 0.167198
vt 0.405861 0.165315
vt 0.405824 0.167260
vt 0.405881 0.162448
vt 0.461596 0.162591
vt 0.461665 0.165479
vt 0.461629 0.167432
vt 0.683790 0.141463
vt 0.633537 0.138220
vt 0.685757 0.138485
vt 0.683037 0.143372
vt 0.632552 0.141291
vt 0.632200 0.143292
vt 0.578559 0.141246
vt 0.578875 0.138173
vt 0.520005 0.138162
vt 0.578487 0.143258
vt 0.519889 0.141204
vt 0.519900 0.143237
vt 0.460923 0.141299
vt 0.461006 0.138384
vt 0.683042 0.147372
vt 0.632549 0.149401
vt 0.632198 0.147400
vt 0.683792 0.149282
vt 0.633531 0.152472
vt 0.578871 0.152480
vt 0.578557 0.149406
vt 0.578486 0.147394
vt 0.519888 0.149423
vt 0.519900 0.147391
vt 0.520003 0.152466
vt 0.461000 0.152236
vt 0.460919 0.149319
vt 0.460937 0.147349
vt 0.520764 0.127324
vt 0.520860 0.124362
vt 0.520831 0.122408
vt 0.580655 0.123973
vt 0.580357 0.126982
vt 0.637563 0.126977
vt 0.580715 0.122017
vt 0.638534 0.123953
vt 0.638879 0.121995
vt 0.695464 0.124291
vt 0.693507 0.127314
vt 0.520855 0.166265
vt 0.520826 0.168217
vt 0.520760 0.163304
vt 0.580346 0.163670
vt 0.580643 0.166679
vt 0.580702 0.168635
vt 0.638514 0.166743
vt 0.638858 0.168701
vt 0.637546 0.163719
vt 0.693494 0.163444
vt 0.695448 0.166470
vt 0.696200 0.168431
vt 0.405758 0.149311
vt 0.405790 0.147314
vt 0.405746 0.152233
vt 0.353992 0.152194
vt 0.353925 0.149267
vt 0.353905 0.147256
vt 0.305565 0.149168
vt 0.305398 0.147192
vt 0.305974 0.152016
vt 0.266616 0.152212
vt 0.266556 0.149247
vt 0.266525 0.147176
vt 0.405760 0.138292
vt 0.460939 0.143269
vt 0.405766 0.141214
vt 0.405794 0.143211
vt 0.353933 0.141138
vt 0.354007 0.138211
vt 0.305992 0.138310
vt 0.353910 0.143149
vt 0.305575 0.141157
vt 0.305403 0.143133
vt 0.266540 0.140992
vt 0.266588 0.138020
vt 0.520785 0.172231
vt 0.580685 0.172660
vt 0.405815 0.171255
vt 0.461596 0.171438
vt 0.354317 0.171182
vt 0.308010 0.170711
vt 0.266744 0.162181
vt 0.266519 0.143065
vt 0.685756 0.152263
vt 0.638865 0.172734
vt 0.696219 0.172467
vt 0.005026 0.168003
vt 0.004403 0.165790
vt 0.005469 0.166489
vt 0.008873 0.166484
vt 0.009331 0.167985
vt 0.009942 0.165786
vt 0.011125 0.166803
vt 0.010852 0.154998
vt 0.011131 0.151959
vt 0.012339 0.154613
vt 0.010836 0.163835
vt 0.002011 0.154615
vt 0.003509 0.163836
vt 0.001999 0.164151
vt 0.003504 0.155003
vt 0.003222 0.151973
vt 0.004378 0.153038
vt 0.003216 0.166816
vt 0.005026 0.150826
vt 0.008879 0.152317
vt 0.005460 0.152335
vt 0.009319 0.150797
vt 0.009976 0.153019
vt 0.266571 0.170843
vt 0.245964 0.164941
vt 0.246453 0.160374
vt 0.247452 0.151378
vt 0.246358 0.130019
vt 0.247777 0.147097
vt 0.247773 0.143271
vt 0.246044 0.127394
vt 0.245827 0.125511
vt 0.246162 0.163027
vt 0.247688 0.148859
vt 0.247676 0.141514
vt 0.247425 0.139001
vt 0.997124 0.113781
vt 0.995995 0.110120
vt 0.997124 0.110120
vt 0.997124 0.106460
vt 0.995995 0.106460
vt 0.997124 0.102800
vt 0.995995 0.132082
vt 0.997124 0.128421
vt 0.997124 0.132081
vt 0.995995 0.128421
vt 0.997124 0.124761
vt 0.995995 0.121101
vt 0.997124 0.121101
vt 0.995995 0.117441
vt 0.997124 0.117441
vt 0.995995 0.113781
vt 0.442594 0.063504
vt 0.443403 0.061550
vt 0.444213 0.063504
vt 0.445357 0.062360
vt 0.445357 0.060741
vt 0.444213 0.059596
vt 0.442594 0.059596
vt 0.441449 0.060741
vt 0.441449 0.062359
vt 0.534587 0.058003
vt 0.531404 0.059797
vt 0.530659 0.058015
vt 0.527892 0.060802
vt 0.529669 0.061552
vt 0.527892 0.064754
vt 0.531420 0.065737
vt 0.530705 0.067529
vt 0.533888 0.065735
vt 0.534633 0.067517
vt 0.537400 0.064730
vt 0.535622 0.063980
vt 0.537400 0.060778
vt 0.533872 0.059795
vt 0.743834 0.129560
vt 0.741823 0.127038
vt 0.743834 0.127038
vt 0.743834 0.124516
vt 0.741823 0.124516
vt 0.743834 0.121994
vt 0.741823 0.142169
vt 0.743834 0.139647
vt 0.743834 0.142169
vt 0.741823 0.139647
vt 0.743834 0.137125
vt 0.741822 0.134604
vt 0.743834 0.134604
vt 0.741823 0.132082
vt 0.743834 0.132082
vt 0.741822 0.129560
vt 0.650331 0.059783
vt 0.648096 0.059090
vt 0.648548 0.058000
vt 0.646026 0.058000
vt 0.646477 0.059090
vt 0.644243 0.059783
vt 0.645333 0.061854
vt 0.644243 0.062305
vt 0.646477 0.062998
vt 0.646026 0.064088
vt 0.648548 0.064089
vt 0.648096 0.062998
vt 0.650331 0.062305
vt 0.649241 0.060235
vt 0.800496 0.064491
vt 0.799762 0.066109
vt 0.799762 0.064491
vt 0.800496 0.067728
vt 0.799762 0.067728
vt 0.800497 0.069346
vt 0.799762 0.069347
vt 0.799762 0.056397
vt 0.800497 0.058016
vt 0.799762 0.058016
vt 0.800497 0.059634
vt 0.799762 0.059634
vt 0.799762 0.061253
vt 0.800496 0.061253
vt 0.799762 0.062872
vt 0.800496 0.062872
vt 0.295158 0.498123
vt 0.292495 0.492213
vt 0.295158 0.492213
vt 0.878030 0.804599
vt 0.855760 0.782939
vt 0.878030 0.774816
vt 0.295158 0.526432
vt 0.292495 0.502726
vt 0.295158 0.502726
vt 0.696770 0.806202
vt 0.719040 0.784541
vt 0.719040 0.798079
vt 0.292495 0.463905
vt 0.295158 0.487610
vt 0.292495 0.487610
vt 0.879789 0.804558
vt 0.294402 0.529666
vt 0.292495 0.526432
vt 0.295158 0.463905
vt 0.294402 0.460671
vt 0.296286 0.462554
vt 0.696770 0.776418
vt 0.693015 0.806161
vt 0.693015 0.776377
vt 0.854555 0.795387
vt 0.853351 0.786752
vt 0.854555 0.784028
vt 0.295158 0.501102
vt 0.292495 0.498123
vt 0.720244 0.796990
vt 0.721448 0.788355
vt 0.721448 0.794265
vt 0.292495 0.489234
vt 0.879789 0.774774
vt 0.881226 0.804599
vt 0.296286 0.527782
vt 0.297691 0.530748
vt 0.297691 0.459588
vt 0.297691 0.462252
vt 0.689553 0.806202
vt 0.689553 0.776418
vt 0.881226 0.774816
vt 0.891009 0.804599
vt 0.307474 0.528087
vt 0.307473 0.530751
vt 0.307474 0.462249
vt 0.679770 0.806202
vt 0.679770 0.776418
vt 0.292495 0.501102
vt 0.720244 0.785630
vt 0.295158 0.489234
vt 0.855759 0.796476
vt 0.849781 0.031786
vt 0.847118 0.002002
vt 0.849781 0.002002
vt 0.997065 0.231330
vt 0.995995 0.227862
vt 0.997065 0.227862
vt 0.997065 0.203593
vt 0.995995 0.207061
vt 0.995995 0.203593
vt 0.997065 0.207061
vt 0.995995 0.210527
vt 0.997065 0.210527
vt 0.995995 0.213994
vt 0.997065 0.213994
vt 0.995995 0.217461
vt 0.997065 0.220929
vt 0.997065 0.217461
vt 0.997065 0.224395
vt 0.995995 0.220929
vt 0.995995 0.224395
vt 0.473751 0.063300
vt 0.472667 0.062216
vt 0.474518 0.061450
vt 0.472667 0.060683
vt 0.473751 0.059599
vt 0.475285 0.059599
vt 0.476369 0.060683
vt 0.476369 0.062216
vt 0.475285 0.063300
vt 0.623815 0.058019
vt 0.626819 0.059762
vt 0.624497 0.059716
vt 0.630153 0.060738
vt 0.627536 0.058092
vt 0.630153 0.064481
vt 0.628453 0.061413
vt 0.626758 0.065362
vt 0.628451 0.063750
vt 0.627441 0.067059
vt 0.624437 0.065317
vt 0.621104 0.064341
vt 0.623720 0.066987
vt 0.621103 0.060598
vt 0.622804 0.063665
vt 0.622806 0.061328
vt 0.046682 0.169906
vt 0.044777 0.167517
vt 0.046682 0.167517
vt 0.046682 0.150795
vt 0.044777 0.153184
vt 0.044777 0.150795
vt 0.046682 0.153184
vt 0.044777 0.155573
vt 0.046682 0.155573
vt 0.044777 0.157962
vt 0.046682 0.157962
vt 0.044777 0.160350
vt 0.046682 0.162739
vt 0.046682 0.160350
vt 0.046682 0.165128
vt 0.044777 0.162739
vt 0.044777 0.165128
vt 0.718934 0.063764
vt 0.716973 0.062731
vt 0.718506 0.062731
vt 0.714856 0.062075
vt 0.716545 0.063764
vt 0.714856 0.059686
vt 0.715888 0.061647
vt 0.716973 0.059029
vt 0.715888 0.060114
vt 0.716545 0.057997
vt 0.718506 0.059029
vt 0.720623 0.059686
vt 0.718934 0.057997
vt 0.720623 0.062075
vt 0.719590 0.060114
vt 0.719590 0.061647
vt 0.330888 0.002000
vt 0.332422 0.002696
vt 0.330888 0.002696
vt 0.321689 0.002000
vt 0.320156 0.002696
vt 0.320156 0.002000
vt 0.323222 0.002000
vt 0.321689 0.002696
vt 0.324755 0.002000
vt 0.323222 0.002696
vt 0.326289 0.002000
vt 0.324755 0.002696
vt 0.327822 0.002696
vt 0.326289 0.002696
vt 0.327822 0.002000
vt 0.329355 0.002696
vt 0.329355 0.002000
vt 0.847050 0.224418
vt 0.848179 0.220758
vt 0.848179 0.224418
vt 0.847050 0.217098
vt 0.847050 0.220758
vt 0.847050 0.213438
vt 0.848179 0.217098
vt 0.847050 0.209778
vt 0.848179 0.213438
vt 0.847050 0.206117
vt 0.848179 0.209778
vt 0.848179 0.202457
vt 0.848179 0.206117
vt 0.847050 0.202457
vt 0.848179 0.198797
vt 0.847050 0.228078
vt 0.848179 0.228078
vt 0.005909 0.019164
vt 0.004765 0.020309
vt 0.003955 0.018355
vt 0.003146 0.020309
vt 0.002002 0.019164
vt 0.002002 0.017546
vt 0.003146 0.016401
vt 0.004765 0.016401
vt 0.005909 0.017546
vt 0.550922 0.064697
vt 0.547436 0.065731
vt 0.549139 0.063971
vt 0.544219 0.067518
vt 0.548171 0.067534
vt 0.541439 0.064741
vt 0.544976 0.065743
vt 0.543193 0.061546
vt 0.543222 0.064014
vt 0.541402 0.060814
vt 0.544927 0.059799
vt 0.548131 0.058003
vt 0.544179 0.058007
vt 0.550922 0.060769
vt 0.547383 0.059782
vt 0.549140 0.061511
vt 0.998001 0.030124
vt 0.995990 0.032646
vt 0.995990 0.030124
vt 0.998001 0.035168
vt 0.998001 0.032646
vt 0.998001 0.037690
vt 0.995990 0.035168
vt 0.998001 0.040212
vt 0.995990 0.037690
vt 0.998001 0.042734
vt 0.995990 0.040212
vt 0.995990 0.045256
vt 0.995990 0.042734
vt 0.998001 0.045256
vt 0.995990 0.047778
vt 0.998001 0.027603
vt 0.995990 0.027603
vt 0.686372 0.057996
vt 0.688442 0.059086
vt 0.686824 0.059086
vt 0.690677 0.059779
vt 0.688894 0.057996
vt 0.690677 0.062301
vt 0.689587 0.060231
vt 0.688442 0.062994
vt 0.689587 0.061850
vt 0.688894 0.064085
vt 0.686824 0.062994
vt 0.684589 0.062301
vt 0.686372 0.064084
vt 0.684589 0.059779
vt 0.685679 0.061850
vt 0.685679 0.060231
vt 0.060154 0.160505
vt 0.060889 0.162124
vt 0.060154 0.162124
vt 0.060889 0.158886
vt 0.060889 0.160505
vt 0.060154 0.158886
vt 0.060889 0.157268
vt 0.060154 0.157268
vt 0.060889 0.155649
vt 0.060154 0.155649
vt 0.060889 0.154030
vt 0.060154 0.152412
vt 0.060154 0.154030
vt 0.060154 0.150793
vt 0.060889 0.152412
vt 0.060889 0.163742
vt 0.060154 0.163742
vt 0.690558 0.215060
vt 0.691628 0.211593
vt 0.691628 0.215060
vt 0.690558 0.235862
vt 0.691628 0.239329
vt 0.690558 0.239329
vt 0.690558 0.232395
vt 0.691628 0.235862
vt 0.690558 0.228928
vt 0.691628 0.232395
vt 0.690558 0.225461
vt 0.691628 0.228928
vt 0.691628 0.221994
vt 0.691628 0.225461
vt 0.690558 0.221994
vt 0.691628 0.218527
vt 0.690558 0.218527
vt 0.482992 0.059599
vt 0.484076 0.060683
vt 0.482225 0.061450
vt 0.484076 0.062216
vt 0.482992 0.063301
vt 0.481459 0.063301
vt 0.480375 0.062217
vt 0.480375 0.060683
vt 0.481459 0.059599
vt 0.577487 0.064338
vt 0.574153 0.065314
vt 0.575787 0.063663
vt 0.571149 0.067057
vt 0.574870 0.066984
vt 0.568437 0.064478
vt 0.571831 0.065360
vt 0.570138 0.061411
vt 0.570140 0.063748
vt 0.568438 0.060736
vt 0.571771 0.059759
vt 0.574775 0.058017
vt 0.571054 0.058089
vt 0.577487 0.060596
vt 0.574092 0.059715
vt 0.575785 0.061326
vt 0.997901 0.095521
vt 0.995996 0.097909
vt 0.995996 0.095521
vt 0.997901 0.081188
vt 0.995996 0.078799
vt 0.997901 0.078799
vt 0.997901 0.083577
vt 0.995996 0.081188
vt 0.997901 0.085965
vt 0.995996 0.083577
vt 0.997901 0.088354
vt 0.995996 0.085965
vt 0.995996 0.090743
vt 0.995996 0.088354
vt 0.997901 0.090743
vt 0.995996 0.093132
vt 0.997901 0.093132
vt 0.384058 0.059602
vt 0.386019 0.060635
vt 0.384486 0.060635
vt 0.388136 0.061291
vt 0.386447 0.059602
vt 0.388136 0.063680
vt 0.387103 0.061719
vt 0.386019 0.064336
vt 0.387103 0.063252
vt 0.386447 0.065369
vt 0.384486 0.064336
vt 0.382369 0.063680
vt 0.384058 0.065369
vt 0.382369 0.061291
vt 0.383402 0.063252
vt 0.383402 0.061719
vt 0.069583 0.150792
vt 0.070278 0.152325
vt 0.069583 0.152325
vt 0.069583 0.163058
vt 0.070278 0.161524
vt 0.070278 0.163058
vt 0.069583 0.161524
vt 0.070278 0.159991
vt 0.069583 0.159991
vt 0.070278 0.158458
vt 0.069583 0.158458
vt 0.070278 0.156925
vt 0.069583 0.155392
vt 0.069583 0.156925
vt 0.069583 0.153858
vt 0.070278 0.155392
vt 0.070278 0.153858
vt 0.741872 0.220294
vt 0.743001 0.223954
vt 0.741872 0.223954
vt 0.741872 0.227614
vt 0.743001 0.227614
vt 0.741872 0.231274
vt 0.743001 0.201993
vt 0.741872 0.205653
vt 0.741872 0.201993
vt 0.743001 0.205653
vt 0.741872 0.209313
vt 0.743001 0.212974
vt 0.741872 0.212974
vt 0.743001 0.216634
vt 0.741872 0.216634
vt 0.743001 0.220294
vt 0.433538 0.062358
vt 0.435492 0.061548
vt 0.434682 0.063502
vt 0.436301 0.063502
vt 0.437446 0.062358
vt 0.437446 0.060739
vt 0.436301 0.059595
vt 0.434682 0.059595
vt 0.433538 0.060739
vt 0.779506 0.065914
vt 0.780470 0.062401
vt 0.782260 0.063112
vt 0.782260 0.059185
vt 0.780476 0.059932
vt 0.779459 0.056405
vt 0.776260 0.058205
vt 0.775513 0.056421
vt 0.774532 0.059968
vt 0.772757 0.059219
vt 0.772756 0.063151
vt 0.774545 0.062429
vt 0.775552 0.065949
vt 0.778738 0.064146
vt 0.998000 0.060764
vt 0.995989 0.058242
vt 0.998000 0.058242
vt 0.998000 0.055720
vt 0.995989 0.055720
vt 0.998000 0.053198
vt 0.995989 0.073373
vt 0.998000 0.070852
vt 0.998000 0.073373
vt 0.995989 0.070851
vt 0.998000 0.068330
vt 0.995989 0.065808
vt 0.998000 0.065808
vt 0.995989 0.063286
vt 0.998000 0.063286
vt 0.995989 0.060764
vt 0.696463 0.064084
vt 0.698533 0.062994
vt 0.698985 0.064084
vt 0.700768 0.062301
vt 0.699678 0.061849
vt 0.700768 0.059779
vt 0.698533 0.059086
vt 0.698985 0.057995
vt 0.696915 0.059086
vt 0.696463 0.057995
vt 0.694680 0.059779
vt 0.695770 0.060230
vt 0.694680 0.062301
vt 0.696915 0.062994
vt 0.008282 0.114054
vt 0.009017 0.112435
vt 0.009017 0.114054
vt 0.008282 0.110817
vt 0.009017 0.110817
vt 0.008282 0.109198
vt 0.009017 0.109198
vt 0.009017 0.122147
vt 0.008282 0.120529
vt 0.009017 0.120529
vt 0.008282 0.118910
vt 0.009017 0.118910
vt 0.009017 0.117291
vt 0.008282 0.117291
vt 0.009017 0.115673
vt 0.008282 0.115673
vt 0.847064 0.190819
vt 0.848193 0.194479
vt 0.847064 0.194479
vt 0.848193 0.165198
vt 0.847064 0.168858
vt 0.847064 0.165198
vt 0.848193 0.168858
vt 0.847064 0.172518
vt 0.848193 0.172518
vt 0.847064 0.176179
vt 0.848193 0.176179
vt 0.847064 0.179839
vt 0.848193 0.183499
vt 0.847064 0.183499
vt 0.848193 0.187159
vt 0.847064 0.187159
vt 0.848193 0.190819
vt 0.450500 0.059599
vt 0.451309 0.061553
vt 0.449355 0.060744
vt 0.449355 0.062362
vt 0.450500 0.063507
vt 0.452119 0.063507
vt 0.453263 0.062362
vt 0.453263 0.060744
vt 0.452119 0.059599
vt 0.564436 0.060842
vt 0.560951 0.059808
vt 0.561685 0.058005
vt 0.557734 0.058021
vt 0.558491 0.059796
vt 0.554954 0.060798
vt 0.556708 0.063993
vt 0.554916 0.064725
vt 0.558441 0.065741
vt 0.557693 0.067532
vt 0.561646 0.067536
vt 0.560897 0.065758
vt 0.564436 0.064770
vt 0.562654 0.061569
vt 0.850216 0.136449
vt 0.852228 0.138971
vt 0.850216 0.138971
vt 0.852228 0.118796
vt 0.850216 0.121318
vt 0.850216 0.118796
vt 0.852228 0.121318
vt 0.850216 0.123840
vt 0.852228 0.123840
vt 0.850216 0.126362
vt 0.852228 0.126362
vt 0.850216 0.128883
vt 0.852228 0.131405
vt 0.850216 0.131405
vt 0.852228 0.133927
vt 0.850216 0.133927
vt 0.852228 0.136449
vt 0.656111 0.064087
vt 0.658181 0.062997
vt 0.658633 0.064087
vt 0.660416 0.062304
vt 0.659326 0.061853
vt 0.660416 0.059782
vt 0.658181 0.059089
vt 0.658633 0.057999
vt 0.656562 0.059089
vt 0.656111 0.057999
vt 0.654328 0.059782
vt 0.655418 0.060234
vt 0.654328 0.062304
vt 0.656562 0.062997
vt 0.270934 0.002734
vt 0.269315 0.002000
vt 0.270934 0.002000
vt 0.282265 0.002000
vt 0.280646 0.002734
vt 0.280646 0.002000
vt 0.279027 0.002734
vt 0.279027 0.002000
vt 0.277408 0.002734
vt 0.277408 0.002000
vt 0.275790 0.002734
vt 0.275790 0.002000
vt 0.274171 0.002000
vt 0.274171 0.002734
vt 0.272552 0.002000
vt 0.272552 0.002734
vt 0.304811 0.567409
vt 0.307474 0.573319
vt 0.304811 0.573319
vt 0.702144 0.822041
vt 0.724415 0.800381
vt 0.724415 0.830164
vt 0.304811 0.577922
vt 0.307474 0.601627
vt 0.304811 0.601627
vt 0.977324 0.803002
vt 0.955053 0.781342
vt 0.977324 0.773219
vt 0.307474 0.562806
vt 0.304811 0.539100
vt 0.307474 0.539100
vt 0.726174 0.830206
vt 0.305567 0.604861
vt 0.305567 0.535866
vt 0.981078 0.773177
vt 0.699736 0.818228
vt 0.700940 0.809593
vt 0.700940 0.820952
vt 0.307474 0.576298
vt 0.304811 0.576298
vt 0.953849 0.793790
vt 0.952645 0.785155
vt 0.953849 0.782431
vt 0.307474 0.567409
vt 0.304811 0.564430
vt 0.307474 0.564430
vt 0.726174 0.800422
vt 0.727611 0.830164
vt 0.302278 0.605944
vt 0.303683 0.602978
vt 0.303683 0.537749
vt 0.302278 0.534784
vt 0.984540 0.773219
vt 0.981078 0.802961
vt 0.727611 0.800381
vt 0.737394 0.830164
vt 0.292495 0.605946
vt 0.302278 0.603280
vt 0.302278 0.537447
vt 0.292495 0.534781
vt 0.994323 0.773219
vt 0.984540 0.803002
vt 0.307474 0.577922
vt 0.955053 0.794879
vt 0.304811 0.562806
vt 0.702144 0.808504
vt 0.725463 0.056398
vt 0.755247 0.059062
vt 0.725463 0.059062
vt 0.743004 0.179378
vt 0.741875 0.183038
vt 0.741875 0.179378
vt 0.743004 0.186699
vt 0.741875 0.186699
vt 0.743004 0.190359
vt 0.741875 0.190359
vt 0.743004 0.194019
vt 0.741875 0.194019
vt 0.743004 0.197679
vt 0.741875 0.197679
vt 0.743004 0.168398
vt 0.741875 0.172058
vt 0.741875 0.168398
vt 0.743004 0.172058
vt 0.741875 0.175718
vt 0.743004 0.175718
vt 0.420488 0.063508
vt 0.419679 0.061554
vt 0.421633 0.062363
vt 0.421633 0.060744
vt 0.420488 0.059600
vt 0.418870 0.059600
vt 0.417725 0.060744
vt 0.417725 0.062363
vt 0.418870 0.063508
vt 0.591002 0.060836
vt 0.587516 0.059802
vt 0.588251 0.058000
vt 0.584300 0.058015
vt 0.585057 0.059790
vt 0.581519 0.060792
vt 0.583273 0.063988
vt 0.581482 0.064719
vt 0.585007 0.065735
vt 0.584259 0.067526
vt 0.588212 0.067530
vt 0.587463 0.065752
vt 0.591002 0.064764
vt 0.589220 0.061563
vt 0.495076 0.002002
vt 0.497598 0.004013
vt 0.495076 0.004013
vt 0.500120 0.002002
vt 0.500120 0.004013
vt 0.502642 0.002002
vt 0.502642 0.004013
vt 0.505164 0.002002
vt 0.505164 0.004013
vt 0.507686 0.002002
vt 0.507686 0.004013
vt 0.487511 0.002002
vt 0.490033 0.004013
vt 0.487511 0.004013
vt 0.490033 0.002002
vt 0.492554 0.004013
vt 0.492554 0.002002
vt 0.676288 0.058001
vt 0.675595 0.060235
vt 0.674505 0.059784
vt 0.674505 0.062306
vt 0.675595 0.061854
vt 0.676288 0.064089
vt 0.678358 0.062999
vt 0.678810 0.064089
vt 0.679503 0.061854
vt 0.680593 0.062306
vt 0.680593 0.059784
vt 0.679503 0.060235
vt 0.678810 0.058001
vt 0.676739 0.059091
vt 0.308068 0.002734
vt 0.309687 0.001999
vt 0.309687 0.002734
vt 0.311305 0.002734
vt 0.311305 0.001999
vt 0.312924 0.002734
vt 0.312924 0.001999
vt 0.314543 0.002734
vt 0.314543 0.001999
vt 0.316162 0.002734
vt 0.303212 0.002734
vt 0.304831 0.001999
vt 0.304831 0.002734
vt 0.306449 0.001999
vt 0.306449 0.002734
vt 0.308068 0.001999
vt 0.848019 0.242794
vt 0.846949 0.246261
vt 0.846949 0.242794
vt 0.848019 0.249727
vt 0.846949 0.249727
vt 0.848019 0.253195
vt 0.846949 0.253195
vt 0.848019 0.256662
vt 0.846949 0.256662
vt 0.848019 0.260129
vt 0.846949 0.260129
vt 0.848019 0.232393
vt 0.846949 0.235860
vt 0.846949 0.232393
vt 0.848019 0.235860
vt 0.846949 0.239326
vt 0.848019 0.239327
vt 0.464968 0.060682
vt 0.466819 0.061449
vt 0.464968 0.062215
vt 0.466052 0.063300
vt 0.467585 0.063300
vt 0.468669 0.062215
vt 0.468669 0.060682
vt 0.467585 0.059598
vt 0.466052 0.059598
vt 0.604054 0.060734
vt 0.600720 0.059758
vt 0.601437 0.058088
vt 0.597716 0.058015
vt 0.598398 0.059712
vt 0.595004 0.060594
vt 0.596705 0.063661
vt 0.595005 0.064336
vt 0.598337 0.065313
vt 0.597621 0.066983
vt 0.601342 0.067055
vt 0.600659 0.065357
vt 0.604054 0.064476
vt 0.602354 0.061409
vt 0.590314 0.002003
vt 0.592703 0.003908
vt 0.590314 0.003908
vt 0.595092 0.002003
vt 0.595092 0.003908
vt 0.597480 0.002003
vt 0.597480 0.003908
vt 0.599869 0.002003
vt 0.599869 0.003908
vt 0.602258 0.002003
vt 0.602258 0.003908
vt 0.583148 0.002003
vt 0.585537 0.003908
vt 0.583148 0.003908
vt 0.585536 0.002003
vt 0.587925 0.003908
vt 0.587925 0.002003
vt 0.393824 0.065369
vt 0.395785 0.064336
vt 0.396213 0.065369
vt 0.397902 0.063680
vt 0.396869 0.063252
vt 0.397902 0.061291
vt 0.395785 0.060634
vt 0.396213 0.059602
vt 0.394252 0.060634
vt 0.393824 0.059602
vt 0.392135 0.061291
vt 0.393168 0.061719
vt 0.392135 0.063680
vt 0.394252 0.064336
vt 0.074980 0.158458
vt 0.074284 0.156925
vt 0.074980 0.156925
vt 0.074980 0.155391
vt 0.074284 0.155391
vt 0.074980 0.153858
vt 0.074284 0.153858
vt 0.074980 0.152325
vt 0.074284 0.152325
vt 0.074980 0.150792
vt 0.074980 0.163058
vt 0.074284 0.161524
vt 0.074980 0.161524
vt 0.074284 0.159991
vt 0.074980 0.159991
vt 0.074284 0.158458
vt 0.005997 0.083694
vt 0.125039 0.087364
vt 0.002830 0.087179
vt 0.124739 0.089193
vt 0.002015 0.088939
vt 0.242550 0.089346
vt 0.126205 0.083485
vt 0.242667 0.087537
vt 0.243150 0.083765
vt 0.353064 0.087672
vt 0.353055 0.089474
vt 0.456566 0.089597
vt 0.353169 0.083961
vt 0.456569 0.087790
vt 0.124730 0.093842
vt 0.002810 0.095311
vt 0.002003 0.093547
vt 0.125024 0.095671
vt 0.005962 0.098809
vt 0.242656 0.095815
vt 0.126175 0.099555
vt 0.242544 0.094005
vt 0.353050 0.094130
vt 0.353055 0.095932
vt 0.243130 0.099588
vt 0.456558 0.096068
vt 0.353151 0.099642
vt 0.456560 0.094260
vt 0.745993 0.074331
vt 0.651353 0.072194
vt 0.746007 0.072539
vt 0.745899 0.077671
vt 0.651345 0.073982
vt 0.651256 0.077352
vt 0.555066 0.072955
vt 0.555078 0.071172
vt 0.455834 0.069900
vt 0.554962 0.076422
vt 0.455815 0.071679
vt 0.651319 0.110356
vt 0.745892 0.106741
vt 0.745984 0.110081
vt 0.651324 0.112145
vt 0.745997 0.111874
vt 0.555027 0.112956
vt 0.555019 0.111173
vt 0.651235 0.106986
vt 0.455762 0.112176
vt 0.554924 0.107705
vt 0.455777 0.113955
vt 0.456688 0.084164
vt 0.555412 0.087934
vt 0.555416 0.089735
vt 0.651372 0.089840
vt 0.555508 0.084440
vt 0.651369 0.088039
vt 0.651453 0.084652
vt 0.745792 0.088086
vt 0.745782 0.089883
vt 0.555411 0.094392
vt 0.555402 0.096194
vt 0.456667 0.099694
vt 0.651363 0.096297
vt 0.555490 0.099689
vt 0.651369 0.094495
vt 0.745781 0.094529
vt 0.745789 0.096326
vt 0.651442 0.099684
vt 0.351559 0.114700
vt 0.351543 0.112921
vt 0.455644 0.108590
vt 0.243065 0.113440
vt 0.351440 0.109246
vt 0.243183 0.115225
vt 0.129796 0.115979
vt 0.129490 0.114165
vt 0.242592 0.109701
vt 0.022100 0.116371
vt 0.128343 0.110300
vt 0.022929 0.118146
vt 0.455687 0.075265
vt 0.351593 0.070678
vt 0.351613 0.068899
vt 0.243242 0.068129
vt 0.351482 0.074353
vt 0.243119 0.069914
vt 0.242637 0.073652
vt 0.129570 0.068890
vt 0.129883 0.067079
vt 0.023048 0.064433
vt 0.128410 0.072749
vt 0.022212 0.066205
vt 0.555070 0.117561
vt 0.651350 0.116766
vt 0.455816 0.118550
vt 0.351586 0.119295
vt 0.243210 0.119827
vt 0.745878 0.099673
vt 0.745882 0.084738
vt 0.018951 0.112854
vt 0.129858 0.120591
vt 0.023022 0.122760
vt 0.019048 0.069708
vt 0.018345 0.153719
vt 0.018736 0.151852
vt 0.019349 0.153048
vt 0.023915 0.151957
vt 0.019157 0.151774
vt 0.024525 0.153745
vt 0.023535 0.153167
vt 0.016330 0.156317
vt 0.017254 0.153005
vt 0.017585 0.163259
vt 0.017574 0.156462
vt 0.026557 0.156296
vt 0.025318 0.163254
vt 0.025312 0.156459
vt 0.025545 0.152972
vt 0.026557 0.163460
vt 0.024541 0.165986
vt 0.023873 0.167825
vt 0.023535 0.166581
vt 0.019023 0.167814
vt 0.018367 0.165981
vt 0.019366 0.166580
vt 0.016347 0.163467
vt 0.801270 0.077723
vt 0.801402 0.074385
vt 0.801436 0.072592
vt 0.801399 0.110040
vt 0.801432 0.111832
vt 0.801268 0.106701
vt 0.800898 0.089896
vt 0.800930 0.088111
vt 0.800931 0.096313
vt 0.800900 0.094527
vt 0.746005 0.116504
vt 0.801436 0.116463
vt 0.801061 0.099648
vt 0.801061 0.084775
vt 0.604307 0.229460
vt 0.603237 0.225993
vt 0.604307 0.225993
vt 0.603237 0.253729
vt 0.604307 0.250262
vt 0.604307 0.253729
vt 0.603237 0.250262
vt 0.604307 0.246795
vt 0.603237 0.246795
vt 0.604307 0.243328
vt 0.603237 0.243328
vt 0.604307 0.239861
vt 0.603237 0.236394
vt 0.604307 0.236394
vt 0.603237 0.232927
vt 0.604307 0.232927
vt 0.603237 0.229460
vt 0.460966 0.062214
vt 0.459115 0.061448
vt 0.460966 0.060681
vt 0.459882 0.059597
vt 0.458349 0.059597
vt 0.457264 0.060681
vt 0.457264 0.062214
vt 0.458349 0.063298
vt 0.459882 0.063298
vt 0.617108 0.060731
vt 0.613774 0.059755
vt 0.614490 0.058085
vt 0.610769 0.058012
vt 0.611451 0.059709
vt 0.608057 0.060591
vt 0.609758 0.063658
vt 0.608058 0.064333
vt 0.611391 0.065310
vt 0.610674 0.066980
vt 0.614395 0.067052
vt 0.613712 0.065355
vt 0.617108 0.064474
vt 0.615407 0.061406
vt 0.576758 0.003903
vt 0.579147 0.001998
vt 0.579147 0.003903
vt 0.560036 0.001998
vt 0.562425 0.003903
vt 0.560036 0.003903
vt 0.562425 0.001998
vt 0.564814 0.003903
vt 0.564814 0.001998
vt 0.567203 0.003903
vt 0.567203 0.001998
vt 0.569592 0.003903
vt 0.571980 0.001998
vt 0.571980 0.003903
vt 0.574369 0.001998
vt 0.574369 0.003903
vt 0.576758 0.001998
vt 0.376679 0.059600
vt 0.374717 0.060632
vt 0.374290 0.059600
vt 0.372601 0.061289
vt 0.373633 0.061717
vt 0.372601 0.063678
vt 0.374718 0.064334
vt 0.374290 0.065367
vt 0.376251 0.064334
vt 0.376679 0.065367
vt 0.378368 0.063678
vt 0.377335 0.063250
vt 0.378368 0.061289
vt 0.376251 0.060632
vt 0.064891 0.152330
vt 0.065587 0.150797
vt 0.065587 0.152330
vt 0.065587 0.163063
vt 0.064891 0.161530
vt 0.065587 0.161529
vt 0.064891 0.159996
vt 0.065587 0.159996
vt 0.064891 0.158463
vt 0.065587 0.158463
vt 0.064891 0.156930
vt 0.065587 0.156930
vt 0.065587 0.155397
vt 0.064891 0.155397
vt 0.065587 0.153863
vt 0.064891 0.153863
vt 0.796398 0.509945
vt 0.799824 0.550685
vt 0.796975 0.550708
vt 0.799212 0.509534
vt 0.801775 0.550709
vt 0.799387 0.463161
vt 0.801151 0.509359
vt 0.796526 0.463231
vt 0.796223 0.411697
vt 0.799086 0.411699
vt 0.801327 0.463136
vt 0.798938 0.355975
vt 0.801028 0.411724
vt 0.796056 0.356056
vt 0.758138 0.550859
vt 0.760050 0.509793
vt 0.760055 0.550827
vt 0.762876 0.510164
vt 0.762870 0.550834
vt 0.762190 0.463435
vt 0.758099 0.509646
vt 0.759330 0.463398
vt 0.757391 0.463396
vt 0.759022 0.411915
vt 0.761886 0.411882
vt 0.761510 0.356195
vt 0.757078 0.411961
vt 0.758623 0.356137
vt 0.785546 0.184076
vt 0.782330 0.133735
vt 0.785313 0.131767
vt 0.782470 0.185063
vt 0.780420 0.134486
vt 0.782553 0.239129
vt 0.780465 0.185416
vt 0.785629 0.238809
vt 0.785754 0.297709
vt 0.782712 0.297833
vt 0.780539 0.239205
vt 0.782798 0.356790
vt 0.780678 0.297827
vt 0.785712 0.356696
vt 0.776414 0.134477
vt 0.774343 0.185068
vt 0.774503 0.133709
vt 0.771265 0.184084
vt 0.771517 0.131724
vt 0.771306 0.238834
vt 0.776348 0.185418
vt 0.774384 0.239143
vt 0.776398 0.239212
vt 0.774491 0.297856
vt 0.771446 0.297748
vt 0.771866 0.356752
vt 0.776524 0.297838
vt 0.774782 0.356822
vt 0.799552 0.296822
vt 0.800888 0.356002
vt 0.799837 0.237011
vt 0.801506 0.296846
vt 0.796827 0.237313
vt 0.796590 0.296924
vt 0.796806 0.180045
vt 0.799834 0.179074
vt 0.801794 0.236949
vt 0.799536 0.122055
vt 0.801794 0.178728
vt 0.796508 0.124013
vt 0.756670 0.356180
vt 0.757638 0.296935
vt 0.760601 0.297022
vt 0.760098 0.237375
vt 0.755684 0.296970
vt 0.757083 0.237083
vt 0.755124 0.237027
vt 0.756958 0.179091
vt 0.759991 0.180061
vt 0.760310 0.123938
vt 0.754995 0.178747
vt 0.757275 0.121962
vt 0.776751 0.356797
vt 0.775013 0.411947
vt 0.772094 0.411972
vt 0.772378 0.463667
vt 0.777009 0.411906
vt 0.775302 0.463720
vt 0.777310 0.463729
vt 0.775650 0.512008
vt 0.772805 0.511614
vt 0.772823 0.550908
vt 0.777624 0.512164
vt 0.775784 0.550951
vt 0.786022 0.411897
vt 0.783103 0.411903
vt 0.780829 0.356781
vt 0.783420 0.463672
vt 0.781108 0.411884
vt 0.786342 0.463584
vt 0.786488 0.511524
vt 0.783649 0.511955
vt 0.781412 0.463705
vt 0.784024 0.550922
vt 0.781677 0.512138
vt 0.786990 0.550858
vt 0.752665 0.356229
vt 0.751667 0.297022
vt 0.753412 0.463439
vt 0.753086 0.411989
vt 0.754127 0.509681
vt 0.754224 0.551055
vt 0.781954 0.550955
vt 0.751092 0.237051
vt 0.750950 0.178741
vt 0.755307 0.121192
vt 0.004414 0.053815
vt 0.005043 0.051601
vt 0.005482 0.053116
vt 0.009342 0.051625
vt 0.009951 0.053821
vt 0.008884 0.053123
vt 0.011140 0.067628
vt 0.010861 0.064604
vt 0.012344 0.064987
vt 0.010843 0.055771
vt 0.011133 0.052806
vt 0.012344 0.055459
vt 0.002016 0.065002
vt 0.003515 0.055771
vt 0.003513 0.064611
vt 0.003233 0.067657
vt 0.003226 0.052786
vt 0.002004 0.055455
vt 0.005056 0.068809
vt 0.004394 0.066583
vt 0.005481 0.067287
vt 0.009344 0.068782
vt 0.009989 0.066576
vt 0.008897 0.067276
vt 0.756314 0.571986
vt 0.764787 0.571081
vt 0.795088 0.571008
vt 0.781853 0.569667
vt 0.777851 0.550971
vt 0.797710 0.571306
vt 0.799590 0.571513
vt 0.760230 0.571595
vt 0.762140 0.571387
vt 0.773762 0.570034
vt 0.778034 0.569684
vt 0.783607 0.569755
vt 0.786116 0.569992
vt 0.691688 0.199959
vt 0.690559 0.196298
vt 0.691688 0.196298
vt 0.690559 0.203619
vt 0.690559 0.199959
vt 0.691688 0.203619
vt 0.690559 0.207279
vt 0.691688 0.177998
vt 0.690559 0.181658
vt 0.690559 0.177998
vt 0.691688 0.181658
vt 0.690559 0.185318
vt 0.691688 0.188978
vt 0.691688 0.185318
vt 0.691688 0.192638
vt 0.690559 0.188978
vt 0.690559 0.192638
vt 0.428394 0.063508
vt 0.426775 0.063508
vt 0.427584 0.061554
vt 0.425631 0.062363
vt 0.425631 0.060744
vt 0.426775 0.059600
vt 0.428394 0.059600
vt 0.429538 0.060744
vt 0.429538 0.062363
vt 0.011532 0.008698
vt 0.008047 0.009732
vt 0.009750 0.007971
vt 0.004830 0.011519
vt 0.008781 0.011534
vt 0.002050 0.008742
vt 0.005587 0.009744
vt 0.003804 0.005546
vt 0.003833 0.008014
vt 0.002012 0.004814
vt 0.005537 0.003799
vt 0.008742 0.002003
vt 0.004789 0.002008
vt 0.011532 0.004769
vt 0.007993 0.003782
vt 0.009751 0.005511
vt 0.516730 0.004011
vt 0.519252 0.001999
vt 0.519252 0.004011
vt 0.514208 0.001999
vt 0.516730 0.001999
vt 0.514208 0.004011
vt 0.511686 0.001999
vt 0.531861 0.004011
vt 0.529339 0.001999
vt 0.531861 0.001999
vt 0.529339 0.004011
vt 0.526817 0.001999
vt 0.524295 0.004011
vt 0.526817 0.004011
vt 0.521773 0.004011
vt 0.524295 0.001999
vt 0.521773 0.001999
vt 0.670503 0.059783
vt 0.669413 0.061854
vt 0.669413 0.060235
vt 0.668720 0.064089
vt 0.670503 0.062305
vt 0.666198 0.064089
vt 0.668269 0.062998
vt 0.665505 0.061854
vt 0.666650 0.062998
vt 0.664415 0.062305
vt 0.665505 0.060235
vt 0.666198 0.058000
vt 0.664415 0.059783
vt 0.668720 0.058000
vt 0.666650 0.059091
vt 0.668269 0.059091
vt 0.056153 0.158891
vt 0.055418 0.160510
vt 0.055418 0.158891
vt 0.056153 0.162128
vt 0.056153 0.160510
vt 0.056153 0.163747
vt 0.055418 0.162128
vt 0.056153 0.152416
vt 0.055418 0.150798
vt 0.056153 0.150798
vt 0.056153 0.154035
vt 0.055418 0.152416
vt 0.055418 0.155653
vt 0.055418 0.154035
vt 0.056153 0.155653
vt 0.055418 0.157272
vt 0.056153 0.157272
vt 0.005997 0.041105
vt 0.125041 0.037435
vt 0.126207 0.041314
vt 0.002830 0.037620
vt 0.124741 0.035606
vt 0.242551 0.035453
vt 0.242668 0.037263
vt 0.243152 0.041034
vt 0.353066 0.037128
vt 0.353171 0.040838
vt 0.353056 0.035326
vt 0.456567 0.035202
vt 0.456570 0.037010
vt 0.456689 0.040636
vt 0.002810 0.029488
vt 0.124733 0.030958
vt 0.002003 0.031252
vt 0.005962 0.025989
vt 0.125026 0.029128
vt 0.126178 0.025245
vt 0.242658 0.028984
vt 0.242545 0.030794
vt 0.353051 0.030670
vt 0.243132 0.025212
vt 0.353056 0.028868
vt 0.353152 0.025158
vt 0.456559 0.028732
vt 0.456561 0.030539
vt 0.745996 0.050468
vt 0.651355 0.052605
vt 0.651347 0.050817
vt 0.745902 0.047128
vt 0.651258 0.047448
vt 0.555068 0.051845
vt 0.554964 0.048378
vt 0.555080 0.053628
vt 0.455836 0.054900
vt 0.455816 0.053121
vt 0.455688 0.049534
vt 0.745894 0.018059
vt 0.651321 0.014443
vt 0.745986 0.014718
vt 0.651326 0.012654
vt 0.746000 0.012926
vt 0.555029 0.011843
vt 0.651237 0.017814
vt 0.555021 0.013626
vt 0.554925 0.017094
vt 0.455763 0.012623
vt 0.455778 0.010845
vt 0.555414 0.036866
vt 0.555510 0.040360
vt 0.555418 0.035064
vt 0.651374 0.034959
vt 0.651371 0.036761
vt 0.651454 0.040148
vt 0.745794 0.036714
vt 0.745885 0.040061
vt 0.745785 0.034917
vt 0.555413 0.030407
vt 0.456669 0.025106
vt 0.555404 0.028606
vt 0.555491 0.025111
vt 0.651365 0.028502
vt 0.651371 0.030304
vt 0.745783 0.030271
vt 0.651444 0.025115
vt 0.745792 0.028474
vt 0.351560 0.010100
vt 0.455645 0.016210
vt 0.351544 0.011879
vt 0.351442 0.015554
vt 0.243067 0.011360
vt 0.243185 0.009575
vt 0.129798 0.008820
vt 0.242594 0.015099
vt 0.129492 0.010634
vt 0.128345 0.014499
vt 0.022101 0.008428
vt 0.022929 0.006652
vt 0.351594 0.054121
vt 0.351483 0.050446
vt 0.351614 0.055900
vt 0.243243 0.056670
vt 0.243120 0.054885
vt 0.242638 0.051148
vt 0.129572 0.055909
vt 0.128412 0.052050
vt 0.129885 0.057720
vt 0.023049 0.060367
vt 0.022212 0.058594
vt 0.019049 0.055091
vt 0.651352 0.008033
vt 0.555072 0.007239
vt 0.455818 0.006250
vt 0.351588 0.005505
vt 0.243212 0.004972
vt 0.746008 0.008296
vt 0.745880 0.025126
vt 0.018952 0.011945
vt 0.129861 0.004208
vt 0.023023 0.002038
vt 0.038366 0.151829
vt 0.038764 0.153668
vt 0.037766 0.153002
vt 0.037965 0.151725
vt 0.033573 0.153102
vt 0.033192 0.151884
vt 0.032583 0.153685
vt 0.031557 0.152910
vt 0.039842 0.152954
vt 0.039538 0.156403
vt 0.040779 0.156254
vt 0.039539 0.163199
vt 0.030553 0.156246
vt 0.031806 0.163202
vt 0.030569 0.163410
vt 0.031799 0.156406
vt 0.032588 0.165927
vt 0.031590 0.166752
vt 0.033257 0.167756
vt 0.033595 0.166518
vt 0.037763 0.166529
vt 0.038107 0.167771
vt 0.038762 0.165926
vt 0.039772 0.166754
vt 0.040779 0.163404
vt 0.801272 0.047076
vt 0.801404 0.050415
vt 0.746010 0.052260
vt 0.801401 0.014760
vt 0.801435 0.012967
vt 0.801270 0.018098
vt 0.800901 0.034903
vt 0.800932 0.036689
vt 0.801063 0.040024
vt 0.800933 0.028486
vt 0.800902 0.030272
vt 0.801438 0.008336
vt 0.801063 0.025151
vt 0.461649 0.123195
vt 0.741734 0.148471
vt 0.743447 0.147661
vt 0.744009 0.163342
vt 0.004278 0.118541
vt 0.002565 0.119351
vt 0.002002 0.103670
vt 0.847637 0.160985
vt 0.847069 0.145322
vt 0.848777 0.144427
vt 0.694223 0.149795
vt 0.693655 0.134131
vt 0.695363 0.133237
vt 0.847912 0.778963
vt 0.873445 0.837022
vt 0.925534 0.806262
vt 0.954370 0.833835
vt 0.824877 0.656428
vt 0.861721 0.839156
vt 0.840602 0.709577
vt 0.809642 0.767550
vt 0.848658 0.803496
vt 0.002002 0.934063
vt 0.025946 0.934063
vt 0.337317 0.919659
vt 0.607056 0.177995
vt 0.997119 0.199279
vt 0.998003 0.022178
vt 0.051418 0.150796
vt 0.310918 0.176393
vt 0.997122 0.165680
vt 0.535861 0.004008
vt 0.286267 0.001999
vt 0.268438 0.229194
vt 0.306813 0.467585
vt 0.231935 0.125196
vt 0.799890 0.576383
vt 0.443772 0.611577
vt 0.807218 0.269188
vt 0.997177 0.808372
vt 0.985526 0.831088
vt 0.525355 0.993297
vt 0.416457 0.991702
vt 0.883756 0.002002
vt 0.749242 0.440386
vt 0.710715 0.853484
vt 0.362180 0.991701
vt 0.513702 0.611577
vt 0.579175 0.225994
vt 0.896382 0.809975
vt 0.749241 0.490296
vt 0.432115 0.991701
vt 0.984349 0.387584
vt 0.851332 0.652213
vt 0.961570 0.845168
vt 0.306813 0.517495
vt 0.381488 0.611581
vt 0.502050 0.611577
vt 0.858241 0.002002
vt 0.741587 0.544694
vt 0.741585 0.494784
vt 0.463078 0.611581
vt 0.467081 0.611578
vt 0.717531 0.389189
vt 0.699067 0.825972
vt 0.292496 0.542783
vt 0.569320 0.611582
vt 0.498044 0.991697
vt 0.858245 0.389189
vt 0.749236 0.549182
vt 0.734017 0.858284
vt 0.404802 0.611581
vt 0.557668 0.991697
vt 0.883759 0.389185
vt 0.985524 0.858257
vt 0.722367 0.835571
vt 0.537008 0.613183
vt 0.165772 0.622779
vt 0.630202 0.568378
vt 0.899094 0.859857
vt 0.887441 0.837173
vt 0.580971 0.613183
vt 0.076565 0.622781
vt 0.934779 0.001998
vt 0.827191 0.864658
vt 0.749669 0.841974
vt 0.264455 0.991589
vt 0.134823 0.622781
vt 0.768175 0.574778
vt 0.989527 0.858257
vt 0.930608 0.837173
vt 0.041600 0.997983
vt 0.123176 0.622782
vt 0.934783 0.384385
vt 0.710721 0.880657
vt 0.687418 0.865973
vt 0.029947 0.622781
vt 0.592628 0.613183
vt 0.674310 0.946437
vt 0.850936 0.843571
vt 0.687424 0.838773
vt 0.099882 0.622783
vt 0.276115 0.991589
vt 0.978887 0.380057
vt 0.918404 0.861460
vt 0.846936 0.838773
vt 0.053254 0.622779
vt 0.195128 0.617983
vt 0.604692 0.568379
vt 0.803890 0.851569
vt 0.691419 0.875857
vt 0.199131 0.617983
vt 0.072564 0.622776
vt 0.978895 0.762442
vt 0.949920 0.861460
vt 0.873312 0.841974
vt 0.111528 0.622782
vt 0.095878 0.622779
vt 0.909274 0.384385
vt 0.722370 0.885456
vt 0.823195 0.840373
vt 0.146472 0.622780
vt 0.230094 0.617982
vt 0.692017 0.389189
vt 0.811543 0.718777
vt 0.292493 0.569982
vt 0.991995 0.002002
vt 0.478739 0.611577
vt 0.527160 0.225994
vt 0.811540 0.824369
vt 0.687419 0.834283
vt 0.385495 0.991701
vt 0.420459 0.611582
vt 0.293947 0.609981
vt 0.341315 0.864657
vt 0.973222 0.867855
vt 0.210783 0.993189
vt 0.245750 0.617981
vt 0.909267 0.001998
vt 0.726364 0.885457
vt 0.738015 0.841973
vt 0.241753 0.617983
vt 0.169766 0.622783
vt 0.341313 0.806950
vt 0.760747 0.802250
vt 0.292494 0.424562
vt 0.002069 0.145956
vt 0.805804 0.263429
vt 0.849971 0.098017
vt 0.849245 0.073211
vt 0.737864 0.180504
vt 0.737925 0.383737
vt 0.851513 0.035621
vt 0.849238 0.094003
vt 0.696219 0.122332
vt 0.012339 0.164148
vt 0.245594 0.168867
vt 0.995995 0.102800
vt 0.995995 0.124761
vt 0.529682 0.064005
vt 0.535610 0.061527
vt 0.741823 0.121994
vt 0.741823 0.137125
vt 0.645333 0.060235
vt 0.649241 0.061854
vt 0.800496 0.066109
vt 0.800497 0.056397
vt 0.853351 0.792663
vt 0.297691 0.528085
vt 0.891009 0.774816
vt 0.307473 0.459586
vt 0.847118 0.031786
vt 0.995995 0.231330
vt 0.044777 0.169906
vt 0.332422 0.002000
vt 0.847050 0.198797
vt 0.998001 0.047778
vt 0.060889 0.150793
vt 0.690558 0.211593
vt 0.997901 0.097909
vt 0.070278 0.150792
vt 0.743001 0.231274
vt 0.743001 0.209313
vt 0.778723 0.058202
vt 0.776287 0.064154
vt 0.995989 0.053198
vt 0.995989 0.068330
vt 0.699678 0.060230
vt 0.695770 0.061849
vt 0.008282 0.112435
vt 0.008282 0.122147
vt 0.848193 0.179839
vt 0.556737 0.061526
vt 0.562655 0.064029
vt 0.852228 0.128883
vt 0.659326 0.060234
vt 0.655418 0.061853
vt 0.269315 0.002734
vt 0.282265 0.002734
vt 0.699736 0.812317
vt 0.952645 0.791066
vt 0.737394 0.800381
vt 0.292495 0.603283
vt 0.292495 0.537445
vt 0.994323 0.803002
vt 0.755247 0.056398
vt 0.743004 0.183038
vt 0.583303 0.061520
vt 0.589221 0.064023
vt 0.497598 0.002002
vt 0.676739 0.062999
vt 0.678358 0.059091
vt 0.316162 0.001999
vt 0.303212 0.001999
vt 0.848019 0.246261
vt 0.596707 0.061324
vt 0.602352 0.063746
vt 0.592703 0.002003
vt 0.396869 0.061719
vt 0.393168 0.063252
vt 0.074284 0.150792
vt 0.074284 0.163058
vt 0.025544 0.166811
vt 0.017362 0.166807
vt 0.603237 0.239861
vt 0.609760 0.061321
vt 0.615405 0.063743
vt 0.569592 0.001998
vt 0.373633 0.063250
vt 0.377335 0.061717
vt 0.064891 0.150797
vt 0.064891 0.163063
vt 0.801499 0.121300
vt 0.751256 0.121171
vt 0.776276 0.569784
vt 0.691688 0.207279
vt 0.511686 0.004011
vt 0.055418 0.163747
vt 0.002015 0.035860
vt 0.801438 0.052207
vt 0.743441 0.164185
vt 0.742296 0.164151
vt 0.741734 0.163291
vt 0.742301 0.147627
vt 0.744009 0.148522
vt 0.002570 0.102827
vt 0.003715 0.102861
vt 0.004278 0.103721
vt 0.003710 0.119385
vt 0.002002 0.118490
vt 0.849345 0.145270
vt 0.849345 0.160091
vt 0.848782 0.160951
vt 0.847069 0.160142
vt 0.847632 0.144461
vt 0.695931 0.134080
vt 0.695931 0.148901
vt 0.695368 0.149761
vt 0.693655 0.148952
vt 0.694218 0.133271
s 1
usemtl outdoor_table_chair_set_01_chair.001
f 2/1/1 4/2/2 1/3/3
f 5/4/4 1/3/3 4/2/2
f 7/5/5 6/6/6 5/4/4
f 9/7/7 3/8/8 2/1/1
f 9/7/7 12/9/9 10/10/10
f 11/11/11 14/12/12 12/9/9
f 13/13/13 16/14/14 14/12/12
f 16/14/14 8/15/15 7/5/5
f 11/11/11 2/1/1 1/3/3
f 18/16/16 20/17/17 17/18/18
f 20/17/17 22/19/19 17/18/18
f 21/20/20 24/21/21 22/19/19
f 25/22/22 19/23/23 18/16/16
f 23/24/24 28/25/25 24/21/21
f 29/26/26 26/27/27 25/22/22
f 29/26/26 32/28/28 30/29/29
f 31/30/30 27/31/31 32/28/28
f 17/18/18 24/21/21 18/16/16
f 10/32/10 20/33/17 3/34/8
f 30/35/29 16/36/14 7/37/5
f 12/38/9 27/39/31 23/40/24
f 4/41/2 26/42/27 5/43/4
f 19/44/23 3/34/8 20/33/17
f 10/32/10 23/40/24 21/45/20
f 5/43/4 30/46/29 7/47/5
f 32/48/28 14/49/12 16/36/14
f 25/22/22 31/30/30 29/26/26
f 18/16/16 28/25/25 25/22/22
f 6/6/6 15/50/32 13/13/13
f 1/3/3 13/13/13 11/11/11
f 34/51/33 36/52/34 33/53/35
f 33/53/35 38/54/36 34/51/33
f 37/55/37 40/56/38 38/54/36
f 36/52/34 41/57/39 42/58/40
f 42/58/40 43/59/41 44/60/42
f 44/60/42 45/61/43 46/62/44
f 46/62/44 47/63/45 48/64/46
f 40/56/38 48/64/46 47/63/45
f 33/53/35 42/58/40 44/60/42
f 50/65/47 52/66/48 49/67/49
f 49/67/49 54/68/50 50/65/47
f 54/68/50 55/69/51 56/70/52
f 51/71/53 58/72/54 52/66/48
f 56/70/52 59/73/55 60/74/56
f 57/75/57 62/76/58 58/72/54
f 61/77/59 64/78/60 62/76/58
f 64/78/60 60/74/56 59/73/55
f 52/66/48 53/79/61 49/67/49
f 35/80/62 54/81/50 41/82/39
f 40/83/38 63/84/63 61/85/59
f 43/86/41 60/87/56 45/88/43
f 57/89/57 34/90/33 38/91/36
f 51/92/53 35/80/62 34/90/33
f 56/93/52 41/82/39 54/81/50
f 38/91/36 61/94/59 57/89/57
f 45/88/43 63/84/63 47/95/45
f 62/76/58 59/73/55 58/72/54
f 58/72/54 55/69/51 52/66/48
f 46/62/44 39/96/64 37/55/37
f 44/60/42 37/55/37 33/53/35
f 66/97/65 68/98/66 65/99/67
f 69/100/68 65/99/67 68/98/66
f 71/101/69 70/102/70 69/100/68
f 73/103/71 67/104/72 66/97/65
f 73/103/71 76/105/73 74/106/74
f 75/107/75 78/108/76 76/105/73
f 77/109/77 80/110/78 78/108/76
f 80/110/78 72/111/79 71/101/69
f 75/107/75 66/97/65 65/99/67
f 82/112/80 84/113/81 81/114/82
f 84/113/81 86/115/83 81/114/82
f 85/116/84 88/117/85 86/115/83
f 89/118/86 83/119/87 82/112/80
f 87/120/88 92/121/89 88/117/85
f 93/122/90 90/123/91 89/118/86
f 93/122/90 96/124/92 94/125/93
f 95/126/94 91/127/95 96/124/92
f 81/114/82 88/117/85 82/112/80
f 74/128/74 84/129/81 67/130/72
f 94/131/93 80/132/78 71/133/69
f 76/134/73 91/135/95 87/136/88
f 68/137/66 90/138/91 69/139/68
f 83/140/87 67/130/72 84/129/81
f 74/128/74 87/136/88 85/141/84
f 69/139/68 94/131/93 71/133/69
f 96/142/92 78/143/76 80/144/78
f 89/118/86 95/126/94 93/122/90
f 82/112/80 92/121/89 89/118/86
f 70/102/70 79/145/96 77/109/77
f 65/99/67 77/109/77 75/107/75
f 98/146/97 100/147/98 97/148/99
f 97/148/99 102/149/100 98/146/97
f 101/150/101 104/151/102 102/149/100
f 100/147/98 105/152/103 106/153/104
f 106/153/104 107/154/105 108/155/106
f 108/155/106 109/156/107 110/157/108
f 110/157/108 111/158/109 112/159/110
f 104/151/102 112/159/110 111/158/109
f 97/148/99 106/153/104 108/155/106
f 114/160/111 116/161/112 113/162/113
f 113/162/113 118/163/114 114/160/111
f 118/163/114 119/164/115 120/165/116
f 115/166/117 122/167/118 116/161/112
f 120/165/116 123/168/119 124/169/120
f 121/170/121 126/171/122 122/167/118
f 125/172/123 128/173/124 126/171/122
f 128/173/124 124/169/120 123/168/119
f 116/161/112 117/174/125 113/162/113
f 99/175/126 118/176/114 105/177/103
f 104/178/102 127/179/127 125/180/123
f 107/181/105 124/182/120 109/183/107
f 121/184/121 98/185/97 102/186/100
f 115/187/117 99/175/126 98/185/97
f 120/188/116 105/177/103 118/176/114
f 102/186/100 125/180/123 121/184/121
f 109/183/107 127/189/127 111/190/109
f 126/171/122 123/168/119 122/167/118
f 122/167/118 119/164/115 116/161/112
f 110/157/108 103/191/128 101/150/101
f 108/155/106 101/150/101 97/148/99
f 130/192/129 132/193/130 129/194/131
f 134/195/132 136/196/133 133/197/134
f 137/198/135 139/199/136 140/200/137
f 141/201/138 143/202/139 144/203/140
f 129/194/131 143/202/139 130/192/129
f 133/197/134 131/204/141 134/195/132
f 136/205/133 138/206/142 137/198/135
f 140/200/137 142/207/143 141/208/138
f 145/209/144 147/210/145 148/211/146
f 150/212/147 152/213/148 149/214/149
f 154/215/150 156/216/151 153/217/152
f 157/218/153 159/219/154 160/220/155
f 160/220/155 146/221/156 145/209/144
f 148/222/146 150/212/147 149/214/149
f 153/217/152 151/223/157 154/215/150
f 157/218/153 155/224/158 158/225/159
f 162/226/160 164/227/161 161/228/162
f 162/226/160 166/229/163 163/230/164
f 165/231/165 168/232/166 166/229/163
f 167/233/167 170/234/168 168/235/166
f 169/236/169 172/237/170 170/234/168
f 173/238/171 172/237/170 171/239/172
f 175/240/173 174/241/174 173/238/171
f 161/228/162 176/242/175 175/240/173
f 177/243/176 178/244/177 179/245/177
f 178/244/177 180/246/178 179/245/177
f 180/246/178 181/247/177 179/245/177
f 181/247/177 182/248/179 179/245/177
f 182/248/179 183/249/177 179/245/177
f 183/249/177 184/250/176 179/245/177
f 184/250/176 185/251/176 179/245/177
f 185/251/176 177/243/176 179/245/177
f 164/252/180 186/253/181 187/254/182
f 166/255/183 186/253/181 163/256/184
f 168/257/185 188/258/186 166/255/183
f 168/257/185 190/259/187 189/260/185
f 170/261/188 191/262/189 190/259/187
f 174/263/190 191/262/189 172/264/191
f 176/265/192 192/266/193 174/263/190
f 176/265/192 187/254/182 193/267/192
f 186/268/194 195/269/194 187/270/194
f 186/268/133 196/271/133 194/272/133
f 188/273/195 197/274/196 196/271/195
f 189/275/197 198/276/197 197/277/198
f 190/278/199 199/279/199 198/276/200
f 192/280/139 199/279/139 191/281/139
f 193/282/201 200/283/201 192/280/202
f 187/270/203 201/284/203 193/282/204
f 195/285/179 202/286/177 203/287/205
f 196/288/177 202/286/177 194/289/178
f 197/290/176 204/291/179 196/288/177
f 197/290/176 206/292/205 205/293/176
f 198/294/179 207/295/177 206/292/205
f 200/296/177 207/295/177 199/297/177
f 201/298/176 208/299/177 200/296/177
f 201/298/176 203/287/205 209/300/176
f 203/301/206 178/302/207 177/303/208
f 204/304/209 178/302/207 202/305/210
f 205/306/211 180/307/212 204/304/209
f 206/308/213 181/309/214 205/310/211
f 207/311/215 182/312/216 206/308/213
f 207/311/215 184/313/217 183/314/218
f 208/315/219 185/316/220 184/313/217
f 209/317/221 177/303/208 185/316/220
f 211/318/222 213/319/223 210/320/224
f 215/321/225 217/322/226 214/323/227
f 218/324/228 220/325/229 221/326/230
f 222/327/231 224/328/232 225/329/233
f 225/329/233 211/318/222 210/320/224
f 214/323/227 212/330/234 215/321/225
f 218/324/228 216/331/235 219/332/236
f 221/326/230 223/333/237 222/334/231
f 227/335/238 229/336/239 226/337/240
f 227/335/238 231/338/241 228/339/238
f 230/340/242 233/341/243 231/338/241
f 232/342/244 235/343/245 233/344/243
f 234/345/246 237/346/247 235/343/245
f 238/347/171 237/346/247 236/348/248
f 240/349/249 239/350/250 238/347/171
f 226/337/240 241/351/251 240/349/249
f 242/352/179 243/353/179 244/354/177
f 243/353/179 245/355/252 244/354/177
f 245/355/252 246/356/177 244/354/177
f 246/356/177 247/357/253 244/354/177
f 247/357/253 248/358/177 244/354/177
f 248/358/177 249/359/177 244/354/177
f 249/359/177 250/360/177 244/354/177
f 250/360/177 242/352/179 244/354/177
f 229/361/180 251/362/254 252/363/255
f 231/364/256 251/362/254 228/365/254
f 233/366/257 253/367/258 231/364/256
f 233/366/257 255/368/187 254/369/185
f 235/370/188 256/371/259 255/368/187
f 239/372/190 256/371/259 237/373/259
f 241/374/192 257/375/260 239/372/190
f 241/374/192 252/363/255 258/376/192
f 251/377/261 260/378/261 252/379/262
f 251/377/133 261/380/133 259/381/133
f 253/382/263 262/383/263 261/380/264
f 254/384/265 263/385/265 262/386/266
f 255/387/267 264/388/267 263/385/267
f 257/389/268 264/388/268 256/390/139
f 258/391/269 265/392/269 257/389/269
f 252/379/270 266/393/270 258/391/271
f 260/394/253 267/395/252 268/396/272
f 261/397/179 267/395/252 259/398/252
f 262/399/177 269/400/177 261/397/179
f 262/399/177 271/401/177 270/402/273
f 263/403/253 272/404/178 271/401/177
f 265/405/274 272/404/178 264/406/178
f 266/407/177 273/408/177 265/405/274
f 266/407/177 268/396/272 274/409/273
f 268/410/275 243/411/276 242/412/277
f 269/413/278 243/411/276 267/414/276
f 270/415/279 245/416/280 269/413/278
f 271/417/281 246/418/249 270/419/279
f 272/420/282 247/421/283 271/417/281
f 272/420/282 249/422/284 248/423/285
f 273/424/286 250/425/287 249/422/284
f 274/426/243 242/412/277 250/425/287
f 276/427/288 278/428/289 275/429/290
f 280/430/291 282/431/292 279/432/293
f 283/433/294 284/434/295 285/435/295
f 280/430/296 286/436/297 287/437/298
f 287/437/299 289/438/300 290/439/300
f 286/440/301 278/441/301 288/442/302
f 282/443/303 292/444/304 293/445/305
f 281/446/306 294/447/307 291/448/306
f 289/449/308 276/450/309 294/451/310
f 283/452/311 275/453/312 286/454/312
f 287/437/313 281/446/313 280/430/313
f 291/455/314 276/456/315 292/457/314
f 288/442/316 277/458/316 289/449/316
f 293/445/177 279/459/177 282/443/177
f 279/432/317 283/460/317 280/430/317
f 287/437/318 286/436/318 288/461/318
f 282/431/319 281/446/319 291/448/319
f 294/447/320 290/439/320 289/438/320
f 292/462/288 275/429/290 285/463/288
f 293/464/321 285/463/288 284/465/321
f 296/466/322 298/467/323 295/468/322
f 300/469/324 302/470/325 299/471/324
f 303/472/326 304/473/326 305/474/326
f 300/469/327 306/475/327 307/476/327
f 307/476/328 309/477/329 310/478/329
f 306/479/330 298/480/330 308/481/330
f 302/482/331 312/483/332 313/484/332
f 301/485/333 314/486/334 311/487/333
f 309/488/335 296/489/336 314/490/337
f 303/491/338 295/492/338 306/493/338
f 307/476/339 301/485/340 300/469/340
f 311/494/341 296/495/341 312/496/341
f 308/481/316 297/497/316 309/488/316
f 313/484/177 299/498/177 302/482/177
f 299/471/342 303/499/342 300/469/342
f 307/476/343 306/475/343 308/500/343
f 302/470/344 301/485/344 311/487/344
f 314/486/345 310/478/345 309/477/345
f 312/501/346 295/468/322 305/502/347
f 313/503/348 305/502/347 304/504/347
f 316/505/349 318/506/349 315/507/349
f 320/508/350 322/509/351 319/510/350
f 323/511/352 324/512/353 325/513/353
f 320/508/354 326/514/355 327/515/355
f 327/515/356 329/516/357 330/517/358
f 326/518/359 318/519/360 328/520/359
f 322/521/361 332/522/362 333/523/362
f 321/524/363 334/525/364 331/526/363
f 329/527/365 316/528/366 334/529/367
f 323/530/368 315/531/369 326/532/369
f 327/515/370 321/524/370 320/508/370
f 331/533/371 316/534/372 332/535/371
f 328/520/316 317/536/373 329/527/373
f 333/523/177 319/537/177 322/521/177
f 319/510/374 323/538/374 320/508/374
f 327/515/375 326/514/375 328/539/375
f 322/509/376 321/524/376 331/526/376
f 334/525/377 330/517/377 329/516/377
f 332/540/349 315/507/349 325/541/349
f 333/542/349 325/541/349 324/543/349
f 336/544/378 338/545/379 335/546/378
f 340/547/380 342/548/381 339/549/380
f 343/550/382 344/551/383 345/552/383
f 340/547/384 346/553/385 347/554/385
f 347/554/386 349/555/387 350/556/388
f 346/557/389 338/558/389 348/559/390
f 342/560/391 352/561/392 353/562/393
f 341/563/394 354/564/395 351/565/394
f 349/566/396 336/567/396 354/568/397
f 343/569/398 335/570/398 346/571/398
f 347/554/399 341/563/399 340/547/399
f 351/572/400 336/573/400 352/574/400
f 348/559/316 337/575/316 349/566/316
f 353/562/177 339/576/177 342/560/177
f 339/549/401 343/577/401 340/547/401
f 347/554/402 346/553/402 348/578/402
f 342/548/403 341/563/403 351/565/403
f 354/564/404 350/556/404 349/555/404
f 352/579/405 335/546/378 345/580/378
f 353/581/405 345/580/378 344/582/378
f 356/583/406 358/584/407 355/585/408
f 360/586/409 362/587/410 359/588/409
f 363/589/411 364/590/411 365/591/412
f 360/586/413 366/592/414 367/593/414
f 367/593/415 369/594/415 370/595/415
f 366/596/416 358/597/416 368/598/416
f 362/599/417 372/600/418 373/601/418
f 361/602/419 374/603/420 371/604/419
f 369/605/421 356/606/422 374/607/421
f 363/608/423 355/609/423 366/610/423
f 367/593/424 361/602/424 360/586/424
f 371/611/425 356/612/426 372/613/425
f 368/598/316 357/614/316 369/605/316
f 373/601/177 359/615/177 362/599/177
f 359/588/427 363/616/427 360/586/427
f 367/593/428 366/592/428 368/617/428
f 362/587/429 361/602/429 371/604/429
f 374/603/430 370/595/430 369/594/430
f 372/618/408 355/585/408 365/619/408
f 373/620/406 365/619/408 364/621/407
f 376/622/431 378/623/432 375/624/431
f 380/625/433 382/626/434 379/627/433
f 383/628/435 384/629/436 385/630/436
f 380/625/437 386/631/438 387/632/438
f 387/632/439 389/633/440 390/634/441
f 386/635/442 378/636/443 388/637/442
f 382/638/444 392/639/444 393/640/445
f 381/641/446 394/642/447 391/643/446
f 389/644/448 376/645/449 394/646/450
f 383/647/451 375/648/451 386/649/451
f 387/632/452 381/641/452 380/625/452
f 391/650/453 376/651/454 392/652/453
f 388/637/316 377/653/316 389/644/316
f 393/640/177 379/654/177 382/638/177
f 379/627/455 383/655/455 380/625/455
f 387/632/456 386/631/456 388/656/456
f 382/626/457 381/641/457 391/643/457
f 394/642/458 390/634/458 389/633/458
f 392/657/432 375/624/431 385/658/431
f 393/659/459 385/658/431 384/660/460
f 396/661/461 398/662/462 395/663/462
f 400/664/463 402/665/464 399/666/463
f 403/667/465 404/668/466 405/669/466
f 400/664/467 406/670/468 407/671/468
f 407/671/469 409/672/470 410/673/470
f 406/674/471 398/675/472 408/676/473
f 402/677/474 412/678/475 413/679/476
f 401/680/477 414/681/478 411/682/477
f 409/683/479 396/684/480 414/685/479
f 403/686/481 395/687/482 406/688/482
f 407/671/483 401/680/483 400/664/483
f 411/689/484 396/690/485 412/691/484
f 408/676/316 397/692/316 409/683/373
f 413/679/177 399/693/177 402/677/177
f 399/666/486 403/694/486 400/664/486
f 407/671/487 406/670/487 408/695/487
f 402/665/488 401/680/488 411/682/488
f 414/681/489 410/673/489 409/672/489
f 412/696/461 395/663/462 405/697/490
f 413/698/461 405/697/490 404/699/491
f 416/700/492 418/701/493 415/702/492
f 420/703/494 422/704/494 419/705/494
f 423/706/495 424/707/496 425/708/496
f 420/703/497 426/709/498 427/710/498
f 427/710/499 429/711/500 430/712/500
f 426/713/501 418/714/501 428/715/501
f 422/716/502 432/717/503 433/718/503
f 421/719/504 434/720/505 431/721/504
f 429/722/506 416/723/507 434/724/506
f 423/725/508 415/726/508 426/727/508
f 427/710/509 421/719/509 420/703/509
f 431/728/510 416/729/511 432/730/510
f 428/715/316 417/731/316 429/722/316
f 433/718/179 419/732/177 422/716/179
f 419/705/512 423/733/512 420/703/512
f 427/710/513 426/709/513 428/734/513
f 422/704/514 421/719/514 431/721/514
f 434/720/515 430/712/515 429/711/515
f 432/735/516 415/702/492 425/736/517
f 433/737/516 425/736/517 424/738/518
f 436/739/519 438/740/519 435/741/519
f 440/742/520 442/743/520 439/744/520
f 439/745/521 445/746/521 443/747/521
f 440/742/522 446/748/522 447/749/522
f 448/750/523 450/751/524 447/749/523
f 448/752/525 435/753/525 438/754/526
f 451/755/527 453/756/527 442/757/527
f 451/758/528 450/751/528 454/759/528
f 454/760/529 437/761/529 436/762/529
f 445/763/530 446/764/530 443/765/530
f 447/749/531 441/766/531 440/742/531
f 454/767/532 452/768/532 451/769/532
f 438/754/316 449/770/316 448/752/316
f 442/757/177 444/771/177 439/745/177
f 439/744/533 443/772/533 440/742/533
f 447/749/534 446/748/534 448/750/534
f 442/743/535 441/766/535 451/758/535
f 454/759/536 450/751/536 449/773/536
f 452/774/537 435/741/519 445/775/519
f 453/776/538 445/775/519 444/777/519
f 456/778/539 458/779/539 455/780/539
f 460/781/540 462/782/541 459/783/540
f 463/784/542 464/785/542 465/786/542
f 460/781/543 466/787/544 467/788/544
f 468/789/545 470/790/546 467/788/545
f 466/791/547 458/792/547 468/793/548
f 462/794/549 472/795/550 473/796/550
f 471/797/551 470/790/552 474/798/552
f 469/799/553 456/800/554 474/801/553
f 463/802/555 455/803/555 466/804/555
f 467/788/556 461/805/556 460/781/556
f 471/806/557 456/807/557 472/808/557
f 468/793/316 457/809/316 469/799/316
f 473/796/177 459/810/177 462/794/177
f 459/783/558 463/811/558 460/781/558
f 467/788/559 466/787/559 468/789/559
f 462/782/560 461/805/560 471/797/560
f 474/798/561 470/790/561 469/812/561
f 472/813/539 455/780/539 465/814/539
f 473/815/562 465/814/539 464/816/539
f 476/817/563 478/818/564 475/819/563
f 480/820/565 482/821/566 479/822/565
f 483/823/567 484/824/568 485/825/568
f 480/820/569 486/826/569 487/827/569
f 488/828/570 490/829/570 487/827/570
f 486/830/571 478/831/571 488/832/571
f 482/833/572 492/834/572 493/835/572
f 491/836/573 490/829/573 494/837/573
f 489/838/574 476/839/574 494/840/574
f 483/841/575 475/842/576 486/843/576
f 487/827/577 481/844/577 480/820/577
f 491/845/578 476/846/579 492/847/578
f 488/832/316 477/848/316 489/838/580
f 493/835/177 479/849/177 482/833/177
f 479/822/581 483/850/581 480/820/581
f 487/827/582 486/826/582 488/828/582
f 482/821/583 481/844/583 491/836/583
f 494/837/584 490/829/584 489/851/584
f 492/852/563 475/819/563 485/853/563
f 493/854/563 485/853/563 484/855/585
f 496/856/586 498/857/587 495/858/586
f 500/859/588 502/860/588 499/861/588
f 503/862/589 504/863/590 505/864/590
f 500/859/591 506/865/592 507/866/592
f 508/867/593 510/868/593 507/866/593
f 506/869/594 498/870/594 508/871/594
f 502/872/595 512/873/595 513/874/595
f 511/875/596 510/868/597 514/876/597
f 509/877/598 496/878/598 514/879/598
f 503/880/599 495/881/600 506/882/600
f 507/866/601 501/883/601 500/859/601
f 511/884/602 496/885/603 512/886/602
f 508/871/316 497/887/316 509/877/316
f 513/874/177 499/888/177 502/872/177
f 499/861/604 503/889/604 500/859/604
f 507/866/605 506/865/605 508/867/605
f 502/860/606 501/883/606 511/875/606
f 514/876/607 510/868/607 509/890/607
f 512/891/608 495/858/586 505/892/586
f 513/893/608 505/892/586 504/894/586
f 516/895/609 518/896/610 515/897/609
f 519/898/611 521/899/612 522/900/612
f 519/901/613 525/902/613 523/903/613
f 520/904/614 526/905/614 527/906/614
f 528/907/615 530/908/615 527/906/615
f 528/909/616 515/910/616 518/911/617
f 531/912/618 533/913/618 522/914/618
f 531/915/619 530/908/620 534/916/620
f 534/917/621 517/918/621 516/919/621
f 525/920/622 526/921/623 523/922/622
f 527/906/624 521/899/624 520/904/624
f 534/923/625 532/924/625 531/925/625
f 518/911/316 529/926/316 528/909/316
f 522/914/177 524/927/177 519/901/177
f 519/898/626 523/928/626 520/904/626
f 527/906/627 526/905/627 528/907/627
f 522/900/628 521/899/628 531/915/628
f 534/916/629 530/908/629 529/929/629
f 532/930/609 515/897/609 525/931/630
f 533/932/609 525/931/630 524/933/630
f 536/934/631 538/935/632 535/936/632
f 539/937/633 541/938/633 542/939/633
f 539/940/634 545/941/635 543/942/634
f 540/943/636 546/944/636 547/945/636
f 548/946/637 550/947/637 547/945/637
f 548/948/638 535/949/639 538/950/639
f 551/951/640 553/952/640 542/953/640
f 551/954/641 550/947/641 554/955/641
f 554/956/642 537/957/642 536/958/642
f 545/959/643 546/960/643 543/961/643
f 547/945/644 541/938/644 540/943/644
f 554/962/645 552/963/645 551/964/645
f 538/950/316 549/965/316 548/948/316
f 542/953/177 544/966/177 539/940/177
f 539/937/646 543/967/646 540/943/646
f 547/945/647 546/944/647 548/946/647
f 542/939/648 541/938/648 551/954/648
f 554/955/649 550/947/649 549/968/649
f 552/969/632 535/936/632 545/970/632
f 553/971/632 545/970/632 544/972/632
f 556/973/650 558/974/651 555/975/651
f 560/976/652 562/977/652 559/978/652
f 559/979/653 565/980/653 563/981/653
f 560/976/654 566/982/655 567/983/655
f 568/984/656 570/985/657 567/983/656
f 568/986/658 555/987/658 558/988/659
f 571/989/660 573/990/660 562/991/660
f 571/992/661 570/985/661 574/993/661
f 574/994/662 557/995/663 556/996/664
f 565/997/665 566/998/665 563/999/665
f 567/983/666 561/1000/666 560/976/666
f 574/1001/667 572/1002/667 571/1003/667
f 558/988/316 569/1004/316 568/986/316
f 562/991/177 564/1005/177 559/979/177
f 559/978/668 563/1006/668 560/976/668
f 567/983/669 566/982/669 568/984/669
f 562/977/670 561/1000/670 571/992/670
f 574/993/671 570/985/671 569/1007/671
f 572/1008/650 555/975/651 565/1009/650
f 573/1010/650 565/1009/650 564/1011/650
f 576/1012/672 578/1013/672 575/1014/672
f 580/1015/673 582/1016/674 579/1017/673
f 579/1018/675 585/1019/675 583/1020/675
f 580/1015/676 586/1021/676 587/1022/676
f 588/1023/677 590/1024/677 587/1022/677
f 588/1025/678 575/1026/678 578/1027/678
f 591/1028/679 593/1029/679 582/1030/679
f 591/1031/680 590/1024/680 594/1032/680
f 594/1033/681 577/1034/682 576/1035/682
f 585/1036/683 586/1037/683 583/1038/683
f 587/1022/684 581/1039/684 580/1015/684
f 594/1040/685 592/1041/686 591/1042/686
f 578/1027/316 589/1043/316 588/1025/580
f 582/1030/177 584/1044/177 579/1018/177
f 579/1017/687 583/1045/687 580/1015/687
f 587/1022/688 586/1021/688 588/1023/688
f 582/1016/689 581/1039/689 591/1031/689
f 594/1032/690 590/1024/690 589/1046/690
f 592/1047/672 575/1014/672 585/1048/691
f 593/1049/691 585/1048/691 584/1050/692
f 596/1051/693 598/1052/693 595/1053/693
f 600/1054/694 602/1055/695 599/1056/694
f 599/1057/696 605/1058/696 603/1059/696
f 600/1054/697 606/1060/698 607/1061/698
f 608/1062/699 610/1063/700 607/1061/699
f 608/1064/701 595/1065/701 598/1066/701
f 611/1067/702 613/1068/702 602/1069/702
f 611/1070/703 610/1063/704 614/1071/704
f 614/1072/705 597/1073/706 596/1074/707
f 605/1075/708 606/1076/708 603/1077/708
f 607/1061/709 601/1078/709 600/1054/709
f 614/1079/710 612/1080/710 611/1081/710
f 598/1066/316 609/1082/316 608/1064/316
f 602/1069/177 604/1083/177 599/1057/177
f 599/1056/711 603/1084/711 600/1054/711
f 607/1061/712 606/1060/712 608/1062/712
f 602/1055/713 601/1078/713 611/1070/713
f 614/1071/714 610/1063/714 609/1085/714
f 612/1086/715 595/1053/693 605/1087/693
f 613/1088/715 605/1087/693 604/1089/693
f 616/1090/716 618/1091/716 615/1092/716
f 620/1093/717 622/1094/718 619/1095/717
f 619/1096/719 625/1097/720 623/1098/719
f 620/1093/721 626/1099/722 627/1100/722
f 628/1101/723 630/1102/724 627/1100/723
f 628/1103/725 615/1104/725 618/1105/725
f 631/1106/726 633/1107/727 622/1108/726
f 631/1109/728 630/1102/728 634/1110/728
f 634/1111/729 617/1112/730 616/1113/731
f 625/1114/732 626/1115/733 623/1116/732
f 627/1100/734 621/1117/734 620/1093/734
f 634/1118/735 632/1119/735 631/1120/735
f 618/1105/316 629/1121/316 628/1103/316
f 622/1108/177 624/1122/177 619/1096/177
f 619/1095/736 623/1123/736 620/1093/736
f 627/1100/737 626/1099/737 628/1101/737
f 622/1094/738 621/1117/738 631/1109/738
f 634/1110/739 630/1102/739 629/1124/739
f 632/1125/716 615/1092/716 625/1126/716
f 633/1127/716 625/1126/716 624/1128/740
f 636/1129/741 638/1130/741 635/1131/741
f 640/1132/742 642/1133/743 639/1134/744
f 643/1135/745 644/1136/746 645/1137/746
f 640/1132/747 646/1138/748 647/1139/748
f 647/1139/749 649/1140/750 650/1141/750
f 646/1142/751 638/1143/752 648/1144/751
f 642/1145/753 652/1146/753 653/1147/753
f 641/1148/754 654/1149/754 651/1150/754
f 649/1151/755 636/1152/756 654/1153/755
f 643/1154/757 635/1155/757 646/1156/757
f 647/1139/758 641/1148/758 640/1132/758
f 651/1157/759 636/1158/760 652/1159/759
f 648/1144/316 637/1160/316 649/1151/373
f 653/1147/177 639/1161/179 642/1145/177
f 639/1134/761 643/1162/761 640/1132/761
f 647/1139/762 646/1138/762 648/1163/762
f 642/1133/763 641/1148/763 651/1150/763
f 654/1149/764 650/1141/764 649/1140/764
f 652/1164/741 635/1131/741 645/1165/741
f 653/1166/765 645/1165/741 644/1167/766
f 656/1168/767 658/1169/767 655/1170/768
f 660/1171/769 662/1172/770 659/1173/771
f 663/1174/772 664/1175/773 665/1176/773
f 660/1171/774 666/1177/774 667/1178/774
f 667/1178/775 669/1179/776 670/1180/777
f 666/1181/778 658/1182/779 668/1183/778
f 662/1184/780 672/1185/781 673/1186/782
f 661/1187/783 674/1188/784 671/1189/783
f 669/1190/785 656/1191/785 674/1192/785
f 663/1193/786 655/1194/786 666/1195/786
f 667/1178/787 661/1187/787 660/1171/787
f 671/1196/788 656/1197/789 672/1198/788
f 668/1183/373 657/1199/316 669/1190/316
f 673/1186/177 659/1200/177 662/1184/177
f 659/1173/790 663/1201/790 660/1171/790
f 667/1178/791 666/1177/791 668/1202/791
f 662/1172/792 661/1187/792 671/1189/792
f 674/1188/793 670/1180/793 669/1179/793
f 672/1203/794 655/1170/768 665/1204/794
f 673/1205/794 665/1204/794 664/1206/795
f 676/1207/796 678/1208/797 675/1209/797
f 680/1210/798 682/1211/799 679/1212/800
f 683/1213/801 684/1214/802 685/1215/802
f 680/1210/803 686/1216/803 687/1217/803
f 688/1218/804 690/1219/804 687/1217/804
f 686/1220/805 678/1221/805 688/1222/805
f 682/1223/806 692/1224/806 693/1225/806
f 691/1226/807 690/1219/807 694/1227/807
f 689/1228/808 676/1229/809 694/1230/808
f 683/1231/810 675/1232/810 686/1233/810
f 687/1217/811 681/1234/811 680/1210/811
f 691/1235/812 676/1236/812 692/1237/812
f 688/1222/316 677/1238/316 689/1228/316
f 693/1225/177 679/1239/177 682/1223/177
f 679/1212/813 683/1240/813 680/1210/813
f 687/1217/814 686/1216/814 688/1218/814
f 682/1211/815 681/1234/815 691/1226/815
f 694/1227/816 690/1219/816 689/1241/816
f 692/1242/796 675/1209/797 685/1243/797
f 693/1244/796 685/1243/797 684/1245/797
f 696/1246/817 698/1247/817 695/1248/817
f 700/1249/818 702/1250/819 699/1251/818
f 703/1252/820 704/1253/820 705/1254/820
f 700/1249/821 706/1255/822 707/1256/822
f 708/1257/823 710/1258/823 707/1256/823
f 706/1259/824 698/1260/825 708/1261/824
f 702/1262/826 712/1263/827 713/1264/827
f 711/1265/828 710/1258/829 714/1266/829
f 709/1267/830 696/1268/830 714/1269/830
f 703/1270/831 695/1271/832 706/1272/832
f 707/1256/833 701/1273/833 700/1249/833
f 711/1274/834 696/1275/834 712/1276/834
f 708/1261/316 697/1277/316 709/1267/316
f 713/1264/177 699/1278/177 702/1262/177
f 699/1251/835 703/1279/835 700/1249/835
f 707/1256/836 706/1255/836 708/1257/836
f 702/1250/837 701/1273/837 711/1265/837
f 714/1266/838 710/1258/838 709/1280/838
f 712/1281/817 695/1248/817 705/1282/817
f 713/1283/817 705/1282/817 704/1284/817
f 716/1285/839 718/1286/840 715/1287/841
f 720/1288/842 722/1289/843 719/1290/844
f 723/1291/845 725/1292/846 726/1293/847
f 727/1294/848 729/1295/849 730/1296/850
f 716/1285/839 730/1297/850 717/1298/851
f 715/1287/841 721/1299/852 720/1300/842
f 719/1290/844 725/1292/846 724/1301/853
f 728/1302/854 726/1293/847 729/1295/849
f 731/1303/855 733/1304/856 734/1305/857
f 732/1306/858 736/1307/859 733/1308/856
f 735/1309/860 738/1310/861 736/1307/859
f 737/1311/862 740/1312/863 738/1310/861
f 741/1313/864 740/1312/863 739/1314/865
f 743/1315/866 742/1316/867 741/1313/864
f 745/1317/868 744/1318/869 743/1319/866
f 731/1303/855 746/1320/870 745/1317/868
f 747/1321/871 732/1322/858 731/1303/855
f 748/1323/872 735/1309/860 732/1306/858
f 749/1324/873 737/1311/862 735/1309/860
f 750/1325/874 739/1314/865 737/1311/862
f 752/1326/875 739/1314/865 751/1327/876
f 753/1328/877 741/1313/864 752/1326/875
f 754/1329/878 743/1319/866 753/1330/877
f 747/1321/871 745/1317/868 754/1329/878
f 717/1298/851 755/1331/879 756/1332/880
f 717/1298/851 757/1333/881 718/1286/840
f 718/1286/840 758/1334/882 721/1299/852
f 721/1335/852 759/1336/883 722/1289/843
f 722/1289/843 760/1337/884 725/1292/846
f 726/1293/847 760/1337/884 761/1338/885
f 729/1295/849 761/1338/885 762/1339/886
f 730/1296/850 762/1339/886 755/1340/879
f 756/1332/880 763/1341/887 764/1342/888
f 756/1332/880 765/1343/889 757/1333/881
f 757/1333/881 766/1344/890 758/1334/882
f 758/1345/882 767/1346/891 759/1336/883
f 759/1336/883 768/1347/892 760/1337/884
f 761/1338/885 768/1347/892 769/1348/893
f 762/1339/886 769/1348/893 770/1349/894
f 755/1340/879 770/1349/894 763/1350/887
f 772/1351/895 747/1321/871 771/1352/896
f 749/1324/873 772/1353/895 773/1354/897
f 773/1354/897 750/1325/874 749/1324/873
f 751/1327/876 774/1355/898 775/1356/899
f 775/1356/899 752/1326/875 751/1327/876
f 777/1357/900 752/1326/875 776/1358/901
f 778/1359/902 753/1330/877 777/1360/900
f 771/1352/896 754/1329/878 778/1359/902
f 734/1305/857 727/1361/848 716/1285/839
f 734/1305/857 715/1287/841 746/1320/870
f 746/1320/870 720/1300/842 744/1318/869
f 744/1362/869 719/1290/844 742/1316/867
f 742/1316/867 724/1301/853 740/1312/863
f 738/1310/861 724/1301/853 723/1291/845
f 736/1307/859 723/1291/845 728/1302/854
f 733/1308/856 728/1302/854 727/1294/848
f 780/1363/839 782/1364/903 779/1365/904
f 784/1366/905 786/1367/906 783/1368/844
f 787/1369/907 789/1370/908 790/1371/909
f 791/1372/910 793/1373/911 794/1374/912
f 780/1363/839 794/1375/912 781/1376/913
f 779/1365/904 785/1377/914 784/1378/905
f 783/1368/844 789/1370/908 788/1379/853
f 792/1380/915 790/1371/909 793/1373/911
f 795/1381/855 797/1382/856 798/1383/857
f 796/1384/858 800/1385/916 797/1386/856
f 799/1387/860 802/1388/861 800/1385/916
f 801/1389/917 804/1390/918 802/1388/861
f 805/1391/919 804/1390/918 803/1392/920
f 807/1393/921 806/1394/922 805/1391/919
f 809/1395/868 808/1396/923 807/1397/921
f 795/1381/855 810/1398/924 809/1395/868
f 811/1399/925 796/1400/858 795/1381/855
f 812/1401/926 799/1387/860 796/1384/858
f 813/1402/873 801/1389/917 799/1387/860
f 814/1403/874 803/1392/920 801/1389/917
f 816/1404/927 803/1392/920 815/1405/928
f 817/1406/929 805/1391/919 816/1404/927
f 818/1407/930 807/1397/921 817/1408/929
f 811/1399/925 809/1395/868 818/1407/930
f 781/1376/913 819/1409/879 820/1410/880
f 781/1376/913 821/1411/931 782/1364/903
f 782/1364/903 822/1412/932 785/1377/914
f 785/1413/914 823/1414/933 786/1367/906
f 786/1367/906 824/1415/934 789/1370/908
f 790/1371/909 824/1415/934 825/1416/935
f 793/1373/911 825/1416/935 826/1417/936
f 794/1374/912 826/1417/936 819/1418/879
f 820/1410/880 827/1419/887 828/1420/937
f 820/1410/880 829/1421/938 821/1411/931
f 821/1411/931 830/1422/939 822/1412/932
f 822/1423/932 831/1424/940 823/1414/933
f 823/1414/933 832/1425/892 824/1415/934
f 825/1416/935 832/1425/892 833/1426/941
f 826/1417/936 833/1426/941 834/1427/942
f 819/1418/879 834/1427/942 827/1428/887
f 836/1429/943 811/1399/925 835/1430/896
f 813/1402/873 836/1431/943 837/1432/897
f 837/1432/897 814/1403/874 813/1402/873
f 815/1405/928 838/1433/944 839/1434/899
f 839/1434/899 816/1404/927 815/1405/928
f 841/1435/900 816/1404/927 840/1436/901
f 842/1437/945 817/1408/929 841/1438/900
f 835/1430/896 818/1407/930 842/1437/945
f 798/1383/857 791/1439/910 780/1363/839
f 798/1383/857 779/1365/904 810/1398/924
f 810/1398/924 784/1378/905 808/1396/923
f 808/1440/923 783/1368/844 806/1394/922
f 806/1394/922 788/1379/853 804/1390/918
f 802/1388/861 788/1379/853 787/1369/907
f 800/1385/916 787/1369/907 792/1380/915
f 797/1386/856 792/1380/915 791/1372/910
f 844/1441/946 846/1442/947 843/1443/948
f 848/1444/949 850/1445/950 847/1446/951
f 851/1447/952 853/1448/953 854/1449/954
f 855/1450/955 857/1451/956 858/1452/957
f 855/1450/955 845/1453/958 844/1441/946
f 843/1443/948 849/1454/959 848/1444/949
f 852/1455/960 850/1456/950 853/1448/953
f 856/1457/961 854/1449/954 857/1451/956
f 860/1458/962 862/1459/963 859/1460/964
f 860/1458/962 864/1461/965 861/1462/966
f 863/1463/967 866/1464/968 864/1461/965
f 865/1465/969 868/1466/970 866/1464/968
f 867/1467/971 870/1468/972 868/1466/970
f 871/1469/973 870/1470/972 869/1471/974
f 873/1472/975 872/1473/976 871/1469/973
f 859/1460/964 874/1474/977 873/1472/975
f 858/1452/957 876/1475/978 845/1453/958
f 845/1453/958 877/1476/979 846/1442/947
f 846/1442/947 878/1477/980 849/1454/959
f 849/1454/959 879/1478/981 850/1445/950
f 853/1448/953 879/1479/981 880/1480/982
f 854/1449/954 880/1480/982 881/1481/983
f 857/1451/956 881/1481/983 882/1482/984
f 858/1452/957 882/1482/984 875/1483/985
f 884/1484/986 886/1485/987 883/1486/988
f 887/1487/989 885/1488/990 884/1484/986
f 889/1489/991 888/1490/992 887/1487/989
f 889/1489/991 892/1491/993 890/1492/994
f 891/1493/995 894/1494/996 892/1491/993
f 893/1495/997 896/1496/998 894/1497/996
f 895/1498/999 898/1499/1000 896/1496/998
f 883/1486/988 898/1499/1000 897/1500/1001
f 900/1501/1002 883/1486/988 899/1502/1003
f 901/1503/1004 884/1484/986 900/1501/1002
f 902/1504/1005 887/1487/989 901/1503/1004
f 902/1504/1005 891/1493/995 889/1489/991
f 903/1505/1006 893/1506/997 891/1493/995
f 904/1507/1007 895/1498/999 893/1495/997
f 905/1508/1008 897/1500/1001 895/1498/999
f 899/1502/1003 897/1500/1001 906/1509/1009
f 875/1483/985 908/1510/1010 876/1475/978
f 876/1475/978 909/1511/1011 877/1476/979
f 877/1476/979 910/1512/1012 878/1477/980
f 879/1478/981 910/1512/1012 911/1513/1013
f 880/1480/982 911/1514/1013 912/1515/1014
f 881/1481/983 912/1515/1014 913/1516/1015
f 882/1482/984 913/1516/1015 914/1517/1016
f 882/1482/984 907/1518/1017 875/1483/985
f 885/1488/990 859/1460/964 886/1485/987
f 886/1485/987 873/1472/975 898/1499/1000
f 898/1499/1000 871/1469/973 896/1496/998
f 894/1497/996 871/1469/973 869/1471/974
f 892/1491/993 869/1519/974 867/1467/971
f 890/1492/994 867/1467/971 865/1465/969
f 888/1490/992 865/1465/969 863/1463/967
f 888/1490/992 860/1458/962 885/1488/990
f 916/1520/1018 899/1502/1003 915/1521/1019
f 917/1522/1020 900/1501/1002 916/1520/1018
f 918/1523/1021 901/1503/1004 917/1522/1020
f 903/1505/1006 918/1523/1021 919/1524/1022
f 919/1524/1022 904/1525/1007 903/1505/1006
f 905/1508/1008 920/1526/1023 921/1527/1024
f 921/1527/1024 906/1509/1009 905/1508/1008
f 915/1521/1019 906/1509/1009 922/1528/1025
f 861/1462/966 844/1441/946 862/1459/963
f 862/1459/963 843/1443/948 874/1474/977
f 874/1474/977 848/1444/949 872/1473/976
f 872/1473/976 847/1446/951 870/1470/972
f 868/1466/970 847/1529/951 852/1455/960
f 866/1464/968 852/1455/960 851/1447/952
f 864/1461/965 851/1447/952 856/1457/961
f 861/1462/966 856/1457/961 855/1450/955
f 908/1530/1026 912/1531/1026 909/1532/1026
f 907/1533/1026 913/1534/1026 908/1530/1026
f 909/1532/1026 911/1535/1026 910/1536/1027
f 915/1537/1028 919/1538/1028 918/1539/1028
f 916/1540/1029 918/1539/1028 917/1541/1028
f 922/1542/1028 920/1543/1030 919/1538/1028
f 924/1544/946 926/1545/947 923/1546/1031
f 928/1547/1032 930/1548/950 927/1549/951
f 931/1550/952 933/1551/953 934/1552/1033
f 935/1553/955 937/1554/1034 938/1555/1035
f 935/1553/955 925/1556/1036 924/1544/946
f 923/1546/1031 929/1557/1037 928/1547/1032
f 932/1558/960 930/1548/950 933/1551/953
f 936/1559/961 934/1552/1033 937/1560/1034
f 940/1561/1038 942/1562/1039 939/1563/1040
f 940/1561/1038 944/1564/965 941/1565/1041
f 943/1566/967 946/1567/968 944/1568/965
f 945/1569/1042 948/1570/1043 946/1567/968
f 947/1571/1044 950/1572/972 948/1570/1043
f 951/1573/1045 950/1572/972 949/1574/974
f 953/1575/975 952/1576/1046 951/1573/1045
f 939/1563/1040 954/1577/1047 953/1575/975
f 938/1555/1035 956/1578/1048 925/1556/1036
f 925/1556/1036 957/1579/979 926/1545/947
f 926/1545/947 958/1580/1049 929/1557/1037
f 929/1557/1037 959/1581/1050 930/1548/950
f 933/1551/953 959/1581/1050 960/1582/1051
f 934/1552/1033 960/1582/1051 961/1583/983
f 937/1560/1034 961/1583/983 962/1584/984
f 938/1555/1035 962/1585/984 955/1586/1052
f 964/1587/986 966/1588/1053 963/1589/1054
f 967/1590/1055 965/1591/1056 964/1587/986
f 969/1592/1057 968/1593/1058 967/1594/1055
f 969/1592/1057 972/1595/993 970/1596/994
f 971/1597/1059 974/1598/1060 972/1595/993
f 973/1599/997 976/1600/998 974/1598/1060
f 975/1601/1061 978/1602/1062 976/1600/998
f 963/1589/1054 978/1602/1062 977/1603/1063
f 980/1604/1002 963/1589/1054 979/1605/1064
f 981/1606/1004 964/1587/986 980/1604/1002
f 982/1607/1065 967/1594/1055 981/1608/1004
f 982/1607/1065 971/1597/1059 969/1592/1057
f 983/1609/1066 973/1599/997 971/1597/1059
f 984/1610/1007 975/1601/1061 973/1599/997
f 985/1611/1008 977/1603/1063 975/1601/1061
f 979/1605/1064 977/1603/1063 986/1612/1067
f 955/1586/1052 988/1613/1068 956/1578/1048
f 956/1578/1048 989/1614/1069 957/1579/979
f 957/1579/979 990/1615/1070 958/1580/1049
f 959/1581/1050 990/1615/1070 991/1616/1013
f 960/1582/1051 991/1616/1013 992/1617/1014
f 961/1583/983 992/1617/1014 993/1618/1015
f 962/1584/984 993/1618/1015 994/1619/1071
f 962/1585/984 987/1620/1072 955/1586/1052
f 965/1591/1056 939/1563/1040 966/1588/1053
f 966/1588/1053 953/1575/975 978/1602/1062
f 978/1602/1062 951/1573/1045 976/1600/998
f 974/1598/1060 951/1573/1045 949/1574/974
f 972/1595/993 949/1574/974 947/1571/1044
f 970/1596/994 947/1571/1044 945/1569/1042
f 968/1593/1058 945/1569/1042 943/1566/967
f 968/1621/1058 940/1561/1038 965/1591/1056
f 996/1622/1018 979/1605/1064 995/1623/1019
f 997/1624/1073 980/1604/1002 996/1622/1018
f 998/1625/1074 981/1608/1004 997/1626/1073
f 983/1609/1066 998/1625/1074 999/1627/1022
f 999/1627/1022 984/1610/1007 983/1609/1066
f 985/1611/1008 1000/1628/1023 1001/1629/1075
f 1001/1629/1075 986/1612/1067 985/1611/1008
f 995/1623/1019 986/1612/1067 1002/1630/1076
f 941/1565/1041 924/1544/946 942/1562/1039
f 942/1562/1039 923/1546/1031 954/1577/1047
f 954/1577/1047 928/1547/1032 952/1576/1046
f 952/1576/1046 927/1549/951 950/1572/972
f 948/1570/1043 927/1549/951 932/1558/960
f 946/1567/968 932/1558/960 931/1550/952
f 944/1568/965 931/1550/952 936/1559/961
f 941/1565/1041 936/1631/961 935/1553/955
f 988/1632/1077 992/1633/1078 989/1634/1078
f 987/1635/1077 993/1636/1078 988/1632/1077
f 989/1634/1078 991/1637/1078 990/1638/1077
f 995/1639/1028 999/1640/1029 998/1641/1028
f 996/1642/1030 998/1641/1028 997/1643/1079
f 1002/1644/1028 1000/1645/1029 999/1640/1029
f 1004/1646/1080 1006/1647/1081 1003/1648/1082
f 1007/1649/1083 1005/1650/1084 1004/1646/1080
f 1008/1651/1085 1010/1652/1086 1005/1650/1084
f 1005/1650/1084 1011/1653/1087 1006/1647/1081
f 1010/1652/1086 1013/1654/1088 1011/1653/1087
f 1009/1655/1089 1012/1656/1090 1010/1652/1086
f 1014/1657/1091 1016/1658/1092 1012/1656/1090
f 1012/1656/1090 1017/1659/1093 1013/1654/1088
f 1018/1660/1094 1020/1661/1095 1021/1662/1096
f 1019/1663/1097 1023/1664/1098 1020/1661/1095
f 1020/1661/1095 1024/1665/1099 1025/1666/1100
f 1021/1662/1096 1025/1666/1100 1026/1667/1101
f 1026/1667/1101 1027/1668/1102 1028/1669/1103
f 1025/1666/1100 1029/1670/1104 1027/1668/1102
f 1027/1668/1102 1030/1671/1105 1031/1672/1106
f 1028/1669/1103 1031/1672/1106 1032/1673/1107
f 1034/1674/1108 1036/1675/1109 1033/1676/1110
f 1037/1677/1111 1035/1678/1112 1034/1674/1108
f 1038/1679/1113 1040/1680/1114 1035/1678/1112
f 1035/1678/1112 1041/1681/1115 1036/1675/1109
f 1040/1680/1114 1043/1682/1116 1041/1681/1115
f 1039/1683/1117 1042/1684/1118 1040/1680/1114
f 1044/1685/1119 1046/1686/1120 1042/1684/1118
f 1042/1684/1118 1047/1687/1121 1043/1682/1116
f 1048/1688/1122 1050/1689/1123 1051/1690/1124
f 1049/1691/1125 1053/1692/1126 1050/1689/1123
f 1050/1689/1123 1054/1693/1127 1055/1694/1128
f 1051/1690/1124 1055/1694/1128 1056/1695/1129
f 1056/1695/1129 1057/1696/1130 1058/1697/1131
f 1055/1694/1128 1059/1698/1132 1057/1696/1130
f 1057/1696/1130 1060/1699/1133 1061/1700/1134
f 1058/1697/1131 1061/1700/1134 1062/1701/1135
f 1064/1702/1136 1016/1658/1092 1063/1703/1137
f 1065/1704/1138 1067/1705/1139 1063/1703/1137
f 1063/1703/1137 1068/1706/1140 1064/1702/1136
f 1067/1705/1139 1070/1707/1141 1068/1706/1140
f 1066/1708/1142 1069/1709/1143 1067/1705/1139
f 1071/1710/1144 1073/1711/1145 1069/1709/1143
f 1069/1709/1143 1074/1712/1146 1070/1707/1141
f 1032/1673/1107 1075/1713/1147 1076/1714/1148
f 1031/1672/1106 1077/1715/1149 1075/1713/1147
f 1075/1713/1147 1078/1716/1150 1079/1717/1151
f 1076/1714/1148 1079/1717/1151 1080/1718/1152
f 1080/1718/1152 1081/1719/1153 1082/1720/1154
f 1079/1717/1151 1083/1721/1155 1081/1719/1153
f 1081/1719/1153 1084/1722/1156 1085/1723/1157
f 1082/1720/1154 1085/1723/1157 1086/1724/1158
f 1062/1701/1135 1087/1725/1159 1088/1726/1160
f 1061/1700/1134 1089/1727/1161 1087/1725/1159
f 1087/1725/1159 1090/1728/1162 1091/1729/1163
f 1088/1726/1160 1091/1729/1163 1092/1730/1164
f 1092/1730/1164 1093/1731/1165 1094/1732/1166
f 1091/1729/1163 1095/1733/1167 1093/1731/1165
f 1093/1731/1165 1096/1734/1168 1097/1735/1169
f 1094/1732/1166 1097/1735/1169 1098/1736/1170
f 1046/1686/1120 1100/1737/1171 1047/1687/1121
f 1045/1738/1172 1099/1739/1173 1046/1686/1120
f 1101/1740/1174 1103/1741/1175 1099/1739/1173
f 1099/1739/1173 1104/1742/1176 1100/1737/1171
f 1103/1741/1175 1106/1743/1177 1104/1742/1176
f 1102/1744/1178 1105/1745/1179 1103/1741/1175
f 1107/1746/1180 1109/1747/1181 1105/1745/1179
f 1105/1745/1179 1110/1748/1182 1106/1743/1177
f 1065/1749/1138 1032/1673/1107 1076/1714/1148
f 1076/1714/1148 1066/1750/1142 1065/1749/1138
f 1039/1683/1117 1058/1697/1131 1044/1685/1119
f 1044/1685/1119 1062/1701/1135 1045/1738/1172
f 1030/1671/1105 1059/1698/1132 1077/1715/1149
f 1077/1715/1149 1054/1693/1127 1078/1716/1150
f 1064/1702/1136 1041/1681/1115 1043/1682/1116
f 1043/1682/1116 1017/1659/1093 1064/1702/1136
f 1014/1751/1091 1026/1667/1101 1028/1669/1103
f 1028/1669/1103 1015/1752/1183 1014/1751/1091
f 1024/1665/1099 1089/1727/1161 1029/1670/1104
f 1029/1670/1104 1060/1699/1133 1030/1671/1105
f 1045/1738/1172 1088/1726/1160 1101/1740/1174
f 1101/1740/1174 1092/1730/1164 1102/1744/1178
f 1013/1654/1088 1047/1687/1121 1100/1737/1171
f 1100/1737/1171 1011/1653/1087 1013/1654/1088
f 1009/1753/1089 1021/1662/1096 1026/1667/1101
f 1008/1754/1085 1018/1660/1094 1021/1662/1096
f 1022/1755/1184 1095/1733/1167 1023/1664/1098
f 1090/1728/1162 1023/1664/1098 1095/1733/1167
f 1102/1744/1178 1094/1732/1166 1107/1746/1180
f 1107/1746/1180 1098/1736/1170 1108/1756/1185
f 1006/1647/1081 1104/1742/1176 1106/1743/1177
f 1106/1743/1177 1003/1648/1082 1006/1647/1081
f 1056/1695/1129 1038/1679/1113 1051/1690/1124
f 1037/1677/1111 1051/1690/1124 1038/1679/1113
f 1078/1716/1150 1053/1692/1126 1083/1721/1155
f 1083/1721/1155 1052/1757/1186 1084/1722/1156
f 1071/1758/1144 1080/1718/1152 1082/1720/1154
f 1082/1720/1154 1072/1759/1187 1071/1758/1144
f 1033/1676/1110 1070/1707/1141 1074/1712/1146
f 1036/1675/1109 1068/1706/1140 1070/1707/1141
f 1112/1760/1188 1114/1761/1189 1111/1762/1190
f 1112/1760/1188 1115/1763/1191 1116/1764/1192
f 1116/1764/1192 1117/1765/1193 1118/1766/1194
f 1120/1767/1195 1122/1768/1196 1119/1769/1197
f 1119/1769/1197 1124/1770/1198 1120/1767/1195
f 1124/1770/1198 1118/1766/1194 1117/1765/1193
f 1125/1771/1199 1127/1772/1200 1128/1773/1201
f 1126/1774/1202 1129/1775/1203 1130/1776/1204
f 1127/1772/1200 1113/1777/1205 1128/1773/1201
f 1131/1778/1206 1130/1776/1204 1129/1775/1203
f 1131/1778/1206 1134/1779/1207 1132/1780/1208
f 1133/1781/1209 1121/1782/1210 1134/1779/1207
f 1007/1783/1083 1116/1784/1192 1018/1660/1094
f 1096/1734/1168 1123/1785/1211 1119/1786/1197
f 1110/1748/1182 1128/1787/1201 1003/1648/1082
f 1108/1756/1185 1133/1788/1209 1131/1789/1206
f 1003/1648/1082 1113/1790/1205 1004/1646/1080
f 1004/1646/1080 1112/1791/1188 1007/1649/1083
f 1019/1663/1097 1116/1784/1192 1118/1792/1194
f 1022/1755/1184 1118/1792/1194 1123/1785/1211
f 1097/1735/1169 1119/1786/1197 1122/1793/1196
f 1098/1736/1170 1122/1793/1196 1133/1788/1209
f 1109/1747/1181 1131/1789/1206 1129/1794/1203
f 1109/1747/1181 1125/1795/1199 1110/1748/1182
f 1120/1767/1195 1127/1772/1200 1126/1774/1202
f 1114/1761/1189 1124/1770/1198 1117/1765/1193
f 1111/1762/1190 1117/1765/1193 1115/1763/1191
f 1126/1774/1202 1121/1782/1210 1120/1767/1195
f 1130/1776/1204 1134/1779/1207 1121/1782/1210
f 1135/1796/1212 1137/1797/1213 1138/1798/282
f 1137/1797/1213 1140/1799/1214 1138/1798/282
f 1139/1800/1215 1142/1801/221 1140/1799/1214
f 1141/1802/244 1144/1803/245 1142/1804/221
f 1143/1805/246 1146/1806/207 1144/1803/245
f 1146/1806/207 1147/1807/171 1148/1808/1216
f 1148/1808/1216 1149/1809/1217 1150/1810/211
f 1150/1810/211 1136/1811/1218 1135/1796/1212
f 1151/1812/316 1152/1813/373 1153/1814/316
f 1153/1814/316 1152/1813/373 1154/1815/373
f 1154/1815/373 1152/1813/373 1155/1816/373
f 1155/1816/373 1152/1813/373 1156/1817/316
f 1156/1817/316 1152/1813/373 1157/1818/580
f 1157/1818/580 1152/1813/373 1158/1819/1219
f 1158/1819/1219 1152/1813/373 1159/1820/373
f 1159/1820/373 1152/1813/373 1151/1812/316
f 1136/1821/1220 1161/1822/1221 1137/1823/1221
f 1161/1822/1221 1139/1824/1222 1137/1823/1221
f 1162/1825/1223 1141/1826/1224 1139/1824/1222
f 1141/1826/1224 1164/1827/1225 1143/1828/1226
f 1143/1828/1226 1165/1829/1227 1145/1830/1228
f 1165/1829/1227 1147/1831/1229 1145/1830/1228
f 1166/1832/1230 1149/1833/1231 1147/1831/1229
f 1149/1833/1231 1160/1834/1232 1136/1821/1220
f 1160/1835/194 1169/1836/194 1161/1837/194
f 1169/1836/1233 1162/1838/1233 1161/1837/1234
f 1170/1839/1235 1163/1840/1235 1162/1838/195
f 1171/1841/266 1164/1842/197 1163/1843/266
f 1172/1844/267 1165/1845/267 1164/1842/1236
f 1165/1845/139 1174/1846/268 1166/1847/268
f 1166/1847/1237 1175/1848/1237 1167/1849/1237
f 1167/1849/270 1168/1850/270 1160/1835/1238
f 1168/1851/1239 1177/1852/580 1169/1853/1219
f 1177/1852/580 1170/1854/1240 1169/1853/1219
f 1178/1855/580 1171/1856/316 1170/1854/1240
f 1171/1856/316 1180/1857/373 1172/1858/580
f 1172/1858/580 1181/1859/316 1173/1860/316
f 1181/1859/316 1174/1861/316 1173/1860/316
f 1182/1862/316 1175/1863/316 1174/1861/316
f 1175/1863/316 1176/1864/1241 1168/1851/1239
f 1151/1865/275 1177/1866/1242 1176/1867/277
f 1177/1866/1242 1154/1868/278 1178/1869/1243
f 1178/1869/1243 1155/1870/211 1179/1871/249
f 1179/1872/249 1156/1873/1244 1180/1874/283
f 1180/1874/283 1157/1875/285 1181/1876/285
f 1157/1875/285 1182/1877/1245 1181/1876/285
f 1158/1878/219 1183/1879/220 1182/1877/1245
f 1159/1880/221 1176/1867/277 1183/1879/220
f 1185/1881/1246 1187/1882/1247 1184/1883/1248
f 1189/1884/316 1191/1885/316 1188/1886/316
f 1189/1887/1249 1193/1888/1250 1190/1889/1251
f 1192/1890/1252 1195/1891/176 1193/1892/177
f 1194/1893/1253 1191/1894/1254 1195/1895/1255
f 1188/1886/1256 1197/1896/1256 1189/1884/1256
f 1189/1887/1249 1198/1897/1257 1192/1898/1258
f 1188/1899/1259 1199/1900/1260 1196/1901/1261
f 1194/1902/1262 1198/1903/1263 1199/1904/1264
f 1201/1905/316 1184/1906/580 1200/1907/316
f 1201/1908/1265 1186/1909/1266 1185/1881/1246
f 1202/1910/177 1187/1911/177 1186/1912/176
f 1203/1913/1267 1184/1883/1248 1187/1882/1247
f 1196/1914/1268 1205/1915/1268 1197/1896/1268
f 1197/1916/1269 1206/1917/1270 1198/1897/1271
f 1196/1901/1272 1207/1918/1273 1204/1919/1274
f 1199/1904/1264 1206/1920/1275 1207/1921/1276
f 1204/1922/1277 1209/1923/1277 1205/1915/1277
f 1206/1917/1278 1209/1924/1279 1210/1925/1279
f 1207/1918/1280 1208/1926/1281 1204/1919/1280
f 1207/1921/1276 1210/1927/1282 1211/1928/1282
f 1190/1889/1251 1202/1929/1283 1201/1908/1265
f 1193/1892/177 1203/1930/176 1202/1910/177
f 1195/1895/1255 1200/1931/1284 1203/1913/1267
f 1190/1932/316 1200/1907/316 1191/1885/316
f 1210/1933/316 1208/1934/580 1211/1935/580
f 1213/1936/1285 1215/1937/161 1212/1938/162
f 1213/1939/1285 1217/1940/1214 1214/1941/1285
f 1216/1942/242 1219/1943/166 1217/1940/1214
f 1218/1944/167 1221/1945/1286 1219/1943/166
f 1220/1946/1287 1223/1947/1288 1221/1945/1286
f 1224/1948/171 1223/1947/1288 1222/1949/1289
f 1226/1950/173 1225/1951/1216 1224/1948/171
f 1212/1938/162 1227/1952/175 1226/1950/173
f 1228/1953/179 1229/1954/179 1230/1955/177
f 1229/1954/179 1231/1956/179 1230/1955/177
f 1231/1956/179 1232/1957/177 1230/1955/177
f 1232/1957/177 1233/1958/176 1230/1955/177
f 1233/1958/176 1234/1959/177 1230/1955/177
f 1234/1959/177 1235/1960/177 1230/1955/177
f 1235/1960/177 1236/1961/177 1230/1955/177
f 1236/1961/177 1228/1953/179 1230/1955/177
f 1215/1962/180 1237/1963/254 1238/1964/1290
f 1217/1965/183 1237/1963/254 1214/1966/254
f 1219/1967/185 1239/1968/186 1217/1965/183
f 1219/1967/185 1241/1969/187 1240/1970/185
f 1221/1971/188 1242/1972/189 1241/1969/187
f 1225/1973/1291 1242/1972/189 1223/1974/189
f 1227/1975/192 1243/1976/193 1225/1973/1291
f 1227/1975/192 1238/1964/1290 1244/1977/192
f 1237/1978/1292 1246/1979/1292 1238/1980/1293
f 1237/1981/1294 1247/1982/1294 1245/1983/1233
f 1239/1984/1235 1248/1985/1235 1247/1982/1235
f 1240/1986/1295 1249/1987/1295 1248/1985/327
f 1241/1988/267 1250/1989/267 1249/1987/267
f 1243/1990/139 1250/1989/139 1242/1991/139
f 1244/1992/1296 1251/1993/1296 1243/1990/1296
f 1238/1980/1297 1252/1994/1297 1244/1992/1297
f 1246/1995/177 1253/1996/177 1254/1997/177
f 1247/1998/177 1253/1996/177 1245/1999/177
f 1248/2000/177 1255/2001/177 1247/1998/177
f 1248/2000/177 1257/2002/177 1256/2003/177
f 1249/2004/177 1258/2005/177 1257/2002/177
f 1251/2006/177 1258/2005/177 1250/2007/179
f 1252/2008/177 1259/2009/274 1251/2006/177
f 1252/2008/177 1254/1997/177 1260/2010/177
f 1254/2011/206 1229/2012/1288 1228/2013/208
f 1255/2014/278 1229/2015/1288 1253/2016/1288
f 1256/2017/211 1231/2018/280 1255/2014/278
f 1257/2019/1244 1232/2020/214 1256/2017/211
f 1258/2021/160 1233/2022/283 1257/2019/1244
f 1258/2021/160 1235/2023/284 1234/2024/160
f 1259/2025/286 1236/2026/220 1235/2023/284
f 1260/2027/221 1228/2013/208 1236/2026/220
f 1261/2028/1214 1263/2029/238 1264/2030/1215
f 1265/2031/1212 1263/2029/238 1262/2032/238
f 1267/2033/211 1266/2034/162 1265/2031/1212
f 1269/2035/1216 1268/2036/1217 1267/2033/211
f 1271/2037/1288 1270/2038/171 1269/2035/1216
f 1271/2037/1288 1274/2039/169 1272/2040/1288
f 1273/2041/1286 1276/2042/167 1274/2039/169
f 1275/2043/221 1264/2030/1215 1276/2044/167
f 1277/2045/316 1278/2046/316 1279/2047/373
f 1278/2046/316 1280/2048/316 1279/2047/373
f 1280/2048/316 1281/2049/373 1279/2047/373
f 1281/2049/373 1282/2050/373 1279/2047/373
f 1282/2050/373 1283/2051/316 1279/2047/373
f 1283/2051/316 1284/2052/373 1279/2047/373
f 1284/2052/373 1285/2053/373 1279/2047/373
f 1285/2053/373 1277/2045/316 1279/2047/373
f 1264/2054/1298 1286/2055/1221 1287/2056/1223
f 1266/2057/1220 1286/2055/1221 1263/2058/1299
f 1268/2059/1231 1288/2060/1232 1266/2057/1220
f 1268/2059/1231 1290/2061/1300 1289/2062/1301
f 1270/2063/1229 1291/2064/1302 1290/2061/1300
f 1274/2065/1226 1291/2064/1302 1272/2066/1303
f 1276/2067/1224 1292/2068/1304 1274/2065/1226
f 1276/2067/1224 1287/2056/1223 1293/2069/1224
f 1287/2070/1294 1294/2071/1294 1295/2072/1305
f 1288/2073/1306 1294/2071/1306 1286/2074/1306
f 1289/2075/1297 1296/2076/1297 1288/2073/270
f 1290/2077/1296 1297/2078/1296 1289/2075/1296
f 1291/2079/268 1298/2080/268 1290/2077/139
f 1291/2079/199 1300/2081/199 1299/2082/199
f 1292/2083/1295 1301/2084/1295 1300/2081/266
f 1293/2085/1307 1295/2072/1307 1301/2086/1307
f 1295/2087/316 1302/2088/316 1303/2089/316
f 1296/2090/316 1302/2088/316 1294/2091/373
f 1297/2092/580 1304/2093/1239 1296/2090/316
f 1297/2092/580 1306/2094/1219 1305/2095/316
f 1298/2096/1219 1307/2097/373 1306/2094/1219
f 1300/2098/316 1307/2097/373 1299/2099/373
f 1301/2100/316 1308/2101/316 1300/2098/316
f 1301/2100/316 1303/2089/316 1309/2102/316
f 1302/2103/1308 1277/2104/278 1303/2105/280
f 1302/2103/1308 1280/2106/1309 1278/2107/1310
f 1304/2108/208 1281/2109/221 1280/2106/1309
f 1305/2110/167 1282/2111/286 1281/2109/221
f 1306/2112/284 1283/2113/160 1282/2111/286
f 1308/2114/216 1283/2113/160 1307/2115/1311
f 1309/2116/249 1284/2117/1244 1308/2114/216
f 1303/2105/280 1285/2118/211 1309/2119/249
f 1310/2120/1214 1312/2121/160 1313/2122/1312
f 1314/2123/239 1312/2124/160 1311/2125/1213
f 1316/2126/251 1315/2127/1313 1314/2123/239
f 1318/2128/1216 1317/2129/249 1316/2126/251
f 1320/2130/1308 1319/2131/171 1318/2128/1216
f 1320/2130/1308 1323/2132/246 1321/2133/1308
f 1322/2134/245 1325/2135/1314 1323/2132/246
f 1324/2136/221 1313/2122/1312 1325/2135/1314
f 1326/2137/373 1327/2138/316 1328/2139/316
f 1327/2138/316 1329/2140/316 1328/2139/316
f 1329/2140/316 1330/2141/316 1328/2139/316
f 1330/2141/316 1331/2142/316 1328/2139/316
f 1331/2142/316 1332/2143/316 1328/2139/316
f 1332/2143/316 1333/2144/316 1328/2139/316
f 1333/2144/316 1334/2145/373 1328/2139/316
f 1334/2145/373 1326/2137/373 1328/2139/316
f 1313/2146/1298 1335/2147/1221 1336/2148/1315
f 1315/2149/1220 1335/2147/1221 1312/2150/1221
f 1317/2151/1231 1337/2152/1232 1315/2149/1220
f 1317/2151/1231 1339/2153/1316 1338/2154/1231
f 1319/2155/1229 1340/2156/1303 1339/2153/1316
f 1323/2157/1226 1340/2156/1303 1321/2158/1303
f 1325/2159/1224 1341/2160/1304 1323/2157/1226
f 1325/2159/1224 1336/2148/1315 1342/2161/1224
f 1336/2162/1294 1343/2163/1294 1344/2164/133
f 1337/2165/1293 1343/2166/1293 1335/2167/1317
f 1338/2168/1297 1345/2169/1297 1337/2165/1297
f 1339/2170/1296 1346/2171/1296 1338/2168/1296
f 1340/2172/268 1347/2173/268 1339/2170/268
f 1340/2172/267 1349/2174/267 1348/2175/267
f 1341/2176/327 1350/2177/327 1349/2174/327
f 1342/2178/1235 1344/2164/1235 1350/2177/1235
f 1344/2179/316 1351/2180/373 1352/2181/316
f 1345/2182/373 1351/2180/373 1343/2183/373
f 1346/2184/316 1353/2185/373 1345/2182/373
f 1346/2184/316 1355/2186/1219 1354/2187/316
f 1347/2188/1219 1356/2189/373 1355/2186/1219
f 1349/2190/373 1356/2189/373 1348/2191/373
f 1350/2192/316 1357/2193/373 1349/2190/373
f 1350/2192/316 1352/2181/316 1358/2194/580
f 1351/2195/1288 1326/2196/1318 1352/2197/1319
f 1351/2198/1288 1329/2199/206 1327/2200/1288
f 1353/2201/208 1330/2202/221 1329/2199/206
f 1354/2203/220 1331/2204/219 1330/2202/221
f 1355/2205/1245 1332/2206/238 1331/2204/219
f 1357/2207/1320 1332/2206/238 1356/2208/1285
f 1358/2209/249 1333/2210/281 1357/2207/1320
f 1352/2197/1319 1334/2211/211 1358/2209/249
f 1359/2212/1212 1361/2213/1321 1362/2214/160
f 1361/2213/1321 1364/2215/1214 1362/2214/160
f 1363/2216/242 1366/2217/221 1364/2215/1214
f 1365/2218/1314 1368/2219/245 1366/2220/221
f 1367/2221/246 1370/2222/1288 1368/2219/245
f 1370/2222/1288 1371/2223/1322 1372/2224/250
f 1372/2224/250 1373/2225/1217 1374/2226/211
f 1374/2226/211 1360/2227/240 1359/2212/1212
f 1375/2228/1323 1376/2229/316 1377/2230/1324
f 1377/2230/1324 1376/2229/316 1378/2231/1239
f 1378/2231/1239 1376/2229/316 1379/2232/316
f 1379/2232/316 1376/2229/316 1380/2233/1219
f 1380/2233/1219 1376/2229/316 1381/2234/1325
f 1381/2234/1325 1376/2229/316 1382/2235/373
f 1382/2235/373 1376/2229/316 1383/2236/316
f 1383/2236/316 1376/2229/316 1375/2228/1323
f 1360/2237/1220 1385/2238/1221 1361/2239/1221
f 1385/2238/1221 1363/2240/1298 1361/2239/1221
f 1386/2241/1223 1365/2242/1224 1363/2240/1298
f 1365/2242/1224 1388/2243/1225 1367/2244/1226
f 1367/2244/1226 1389/2245/1326 1369/2246/1303
f 1389/2245/1326 1371/2247/1229 1369/2246/1303
f 1390/2248/1230 1373/2249/1231 1371/2247/1229
f 1373/2249/1231 1384/2250/1232 1360/2237/1220
f 1384/2251/1327 1393/2252/1327 1385/2253/1327
f 1393/2252/1328 1386/2254/1328 1385/2253/1328
f 1394/2255/1235 1387/2256/1235 1386/2254/1235
f 1395/2257/1295 1388/2258/1295 1387/2259/1295
f 1396/2260/199 1389/2261/199 1388/2258/1329
f 1389/2261/1330 1398/2262/1330 1390/2263/139
f 1390/2263/201 1399/2264/201 1391/2265/201
f 1391/2265/270 1392/2266/270 1384/2251/270
f 1392/2267/580 1401/2268/316 1393/2269/316
f 1401/2268/316 1394/2270/316 1393/2269/316
f 1402/2271/316 1395/2272/316 1394/2270/316
f 1395/2272/316 1404/2273/1219 1396/2274/316
f 1396/2274/316 1405/2275/316 1397/2276/1323
f 1405/2275/316 1398/2277/1219 1397/2276/1323
f 1406/2278/1219 1399/2279/316 1398/2277/1219
f 1399/2279/316 1400/2280/580 1392/2267/580
f 1375/2281/206 1401/2282/1331 1400/2283/208
f 1401/2282/1331 1378/2284/1332 1402/2285/280
f 1402/2285/280 1379/2286/251 1403/2287/214
f 1403/2288/214 1380/2289/213 1404/2290/216
f 1404/2290/216 1381/2291/1311 1405/2292/1333
f 1381/2291/1311 1406/2293/1245 1405/2292/1333
f 1382/2294/1334 1407/2295/220 1406/2293/1245
f 1383/2296/221 1400/2283/208 1407/2295/220
f 1408/2297/161 1410/2298/238 1411/2299/238
f 1410/2300/238 1413/2301/1214 1411/2302/238
f 1412/2303/242 1415/2304/243 1413/2301/1214
f 1414/2305/220 1417/2306/245 1415/2304/243
f 1416/2307/246 1419/2308/1288 1417/2306/245
f 1419/2308/1288 1420/2309/171 1421/2310/1335
f 1421/2310/1335 1422/2311/214 1423/2312/211
f 1423/2312/211 1409/2313/1313 1408/2297/161
f 1424/2314/373 1425/2315/373 1426/2316/373
f 1426/2316/373 1425/2315/373 1427/2317/373
f 1427/2317/373 1425/2315/373 1428/2318/373
f 1428/2318/373 1425/2315/373 1429/2319/316
f 1429/2319/316 1425/2315/373 1430/2320/316
f 1430/2320/316 1425/2315/373 1431/2321/316
f 1431/2321/316 1425/2315/373 1432/2322/373
f 1432/2322/373 1425/2315/373 1424/2314/373
f 1409/2323/1220 1434/2324/1221 1410/2325/1221
f 1434/2324/1221 1412/2326/1298 1410/2325/1221
f 1435/2327/1315 1414/2328/1224 1412/2326/1298
f 1414/2328/1224 1437/2329/1336 1416/2330/1226
f 1416/2330/1226 1438/2331/1303 1418/2332/1303
f 1438/2331/1303 1420/2333/1229 1418/2332/1303
f 1439/2334/1337 1422/2335/1231 1420/2333/1229
f 1422/2335/1231 1433/2336/1232 1409/2323/1220
f 1433/2337/1306 1442/2338/1306 1434/2339/1306
f 1442/2340/1294 1435/2341/1294 1434/2342/1294
f 1443/2343/1307 1436/2344/1307 1435/2341/1307
f 1444/2345/1295 1437/2346/1295 1436/2344/327
f 1445/2347/267 1438/2348/267 1437/2346/200
f 1438/2348/268 1447/2349/268 1439/2350/268
f 1439/2350/201 1448/2351/201 1440/2352/201
f 1440/2352/270 1441/2353/1297 1433/2337/1297
f 1441/2354/1338 1450/2355/373 1442/2356/373
f 1450/2355/373 1443/2357/1219 1442/2356/373
f 1451/2358/1219 1444/2359/580 1443/2357/1219
f 1444/2359/580 1453/2360/316 1445/2361/316
f 1445/2361/316 1454/2362/316 1446/2363/1239
f 1454/2362/316 1447/2364/316 1446/2363/1239
f 1455/2365/373 1448/2366/316 1447/2364/316
f 1448/2366/316 1449/2367/1338 1441/2354/1338
f 1424/2368/206 1450/2369/1288 1449/2370/208
f 1450/2371/1288 1427/2372/1318 1451/2373/1339
f 1451/2373/1339 1428/2374/211 1452/2375/214
f 1452/2375/214 1429/2376/281 1453/2377/1320
f 1453/2377/1320 1430/2378/160 1454/2379/238
f 1430/2378/160 1455/2380/217 1454/2379/238
f 1431/2381/219 1456/2382/220 1455/2380/217
f 1432/2383/221 1449/2370/208 1456/2382/220
f 1457/2384/1247 1459/2385/1246 1460/2386/1266
f 1462/2387/177 1464/2388/177 1461/2389/177
f 1463/2390/1340 1466/2391/1341 1464/2392/1342
f 1466/2393/1343 1467/2394/316 1468/2395/1344
f 1467/2396/1254 1461/2397/1345 1468/2398/1346
f 1464/2388/1347 1470/2399/1348 1461/2389/1348
f 1471/2400/1349 1464/2392/1342 1466/2391/1341
f 1461/2397/1345 1472/2401/1350 1468/2398/1346
f 1472/2402/1351 1466/2393/1343 1468/2395/1344
f 1457/2403/177 1474/2404/176 1473/2405/177
f 1460/2386/1266 1475/2406/1265 1474/2407/1352
f 1475/2408/580 1458/2409/316 1476/2410/580
f 1458/2411/1353 1473/2412/1354 1476/2413/1284
f 1469/2414/1355 1478/2415/1356 1470/2399/1356
f 1479/2416/1357 1469/2417/1358 1471/2400/1359
f 1470/2418/1360 1480/2419/1361 1472/2401/1362
f 1480/2420/1363 1471/2421/1364 1472/2402/1351
f 1477/2422/1277 1482/2423/1277 1478/2415/1277
f 1483/2424/1278 1477/2425/1279 1479/2416/1279
f 1478/2426/1365 1484/2427/1280 1480/2419/1365
f 1484/2428/1282 1479/2429/1366 1480/2420/1363
f 1474/2407/1352 1465/2430/1367 1463/2390/1340
f 1465/2431/316 1476/2410/580 1467/2394/316
f 1476/2413/1284 1462/2432/1255 1467/2396/1254
f 1473/2405/177 1463/2433/176 1462/2387/177
f 1483/2434/176 1482/2435/177 1481/2436/176
f 1486/2437/1214 1488/2438/238 1485/2439/242
f 1488/2438/238 1489/2440/161 1490/2441/1218
f 1490/2441/1218 1491/2442/175 1492/2443/214
f 1492/2443/214 1493/2444/1216 1494/2445/171
f 1494/2445/171 1495/2446/1288 1496/2447/1288
f 1495/2448/1288 1498/2449/246 1496/2450/1288
f 1497/2451/245 1500/2452/220 1498/2449/246
f 1499/2453/243 1485/2439/242 1500/2452/220
f 1501/2454/177 1502/2455/179 1503/2456/177
f 1503/2456/177 1502/2455/179 1504/2457/177
f 1504/2457/177 1502/2455/179 1505/2458/177
f 1505/2458/177 1502/2455/179 1506/2459/179
f 1506/2459/179 1502/2455/179 1507/2460/179
f 1507/2460/179 1502/2455/179 1508/2461/179
f 1508/2461/179 1502/2455/179 1509/2462/179
f 1509/2462/179 1502/2455/179 1501/2454/177
f 1486/2463/183 1511/2464/254 1487/2465/254
f 1511/2464/254 1489/2466/180 1487/2465/254
f 1512/2467/1290 1491/2468/192 1489/2466/180
f 1491/2468/192 1514/2469/193 1493/2470/1291
f 1493/2470/1291 1515/2471/189 1495/2472/189
f 1515/2471/189 1497/2473/188 1495/2472/189
f 1516/2474/187 1499/2475/185 1497/2473/188
f 1499/2475/185 1510/2476/258 1486/2463/183
f 1518/2477/1368 1511/2478/1368 1510/2479/133
f 1511/2478/1292 1520/2480/1292 1512/2481/1292
f 1512/2481/1297 1521/2482/1297 1513/2483/270
f 1513/2483/201 1522/2484/201 1514/2485/201
f 1514/2485/268 1523/2486/268 1515/2487/139
f 1523/2488/267 1516/2489/267 1515/2490/1369
f 1524/2491/1295 1517/2492/1295 1516/2489/1295
f 1525/2493/1307 1510/2479/1307 1517/2492/1307
f 1518/2494/179 1527/2495/177 1519/2496/177
f 1527/2495/177 1520/2497/176 1519/2496/177
f 1528/2498/176 1521/2499/177 1520/2497/176
f 1521/2499/177 1530/2500/176 1522/2501/176
f 1522/2501/176 1531/2502/177 1523/2503/177
f 1531/2502/177 1524/2504/177 1523/2503/177
f 1532/2505/177 1525/2506/177 1524/2504/177
f 1525/2506/177 1526/2507/179 1518/2494/179
f 1526/2508/209 1503/2509/1288 1527/2510/1288
f 1503/2509/1288 1528/2511/275 1527/2510/1288
f 1504/2512/277 1529/2513/1370 1528/2511/275
f 1505/2514/244 1530/2515/1371 1529/2513/1370
f 1506/2516/217 1531/2517/238 1530/2515/1371
f 1531/2518/238 1508/2519/1320 1532/2520/281
f 1532/2520/281 1509/2521/173 1533/2522/211
f 1533/2522/211 1501/2523/1319 1526/2508/209
f 1535/2524/1372 1537/2525/238 1534/2526/1312
f 1537/2525/238 1538/2527/161 1539/2528/162
f 1539/2528/162 1540/2529/175 1541/2530/173
f 1541/2530/173 1542/2531/1216 1543/2532/171
f 1543/2532/171 1544/2533/1288 1545/2534/1373
f 1544/2535/1288 1547/2536/246 1545/2537/1373
f 1546/2538/245 1549/2539/167 1547/2536/246
f 1548/2540/221 1534/2526/1312 1549/2539/167
f 1550/2541/179 1551/2542/177 1552/2543/177
f 1552/2543/177 1551/2542/177 1553/2544/177
f 1553/2544/177 1551/2542/177 1554/2545/177
f 1554/2545/177 1551/2542/177 1555/2546/177
f 1555/2546/177 1551/2542/177 1556/2547/179
f 1556/2547/179 1551/2542/177 1557/2548/176
f 1557/2548/176 1551/2542/177 1558/2549/177
f 1558/2549/177 1551/2542/177 1550/2541/179
f 1535/2550/183 1560/2551/254 1536/2552/254
f 1560/2551/254 1538/2553/180 1536/2552/254
f 1561/2554/1374 1540/2555/192 1538/2553/180
f 1540/2555/192 1563/2556/260 1542/2557/1291
f 1542/2557/1291 1564/2558/189 1544/2559/189
f 1564/2558/189 1546/2560/188 1544/2559/189
f 1565/2561/187 1548/2562/185 1546/2560/188
f 1548/2562/185 1559/2563/258 1535/2550/183
f 1567/2564/1294 1560/2565/1294 1559/2566/1233
f 1560/2565/1293 1569/2567/1293 1561/2568/1317
f 1561/2568/1297 1570/2569/1297 1562/2570/271
f 1562/2570/1296 1571/2571/1296 1563/2572/1296
f 1563/2572/1330 1572/2573/1330 1564/2574/1330
f 1572/2575/267 1565/2576/267 1564/2577/267
f 1573/2578/1295 1566/2579/1295 1565/2576/327
f 1574/2580/1235 1559/2566/1235 1566/2579/1235
f 1567/2581/177 1576/2582/177 1568/2583/177
f 1576/2582/177 1569/2584/177 1568/2583/177
f 1577/2585/177 1570/2586/177 1569/2584/177
f 1570/2586/177 1579/2587/179 1571/2588/177
f 1571/2588/177 1580/2589/177 1572/2590/178
f 1580/2589/177 1573/2591/177 1572/2590/178
f 1581/2592/176 1574/2593/177 1573/2591/177
f 1574/2593/177 1575/2594/177 1567/2581/177
f 1575/2595/1318 1552/2596/1289 1576/2597/170
f 1552/2596/1289 1577/2598/206 1576/2597/170
f 1553/2599/208 1578/2600/221 1577/2598/206
f 1554/2601/244 1579/2602/219 1578/2600/221
f 1555/2603/217 1580/2604/238 1579/2602/219
f 1580/2605/238 1557/2606/216 1581/2607/1244
f 1581/2607/1244 1558/2608/214 1582/2609/251
f 1582/2609/251 1550/2610/280 1575/2595/1318
f 1583/2611/1375 1585/2612/1376 1586/2613/1377
f 1586/2613/1377 1587/2614/1378 1588/2615/1379
f 1585/2612/1376 1590/2616/1380 1587/2614/1378
f 1584/2617/1381 1589/2618/1382 1585/2612/1376
f 1591/2619/1383 1593/2620/1384 1589/2618/1382
f 1589/2618/1382 1594/2621/1385 1590/2616/1380
f 1593/2620/1384 1596/2622/1386 1594/2621/1385
f 1592/2623/1387 1595/2624/1388 1593/2620/1384
f 1599/2625/1389 1601/2626/1390 1598/2627/1391
f 1600/2628/1392 1603/2629/1393 1601/2626/1390
f 1604/2630/1394 1602/2631/1395 1600/2628/1392
f 1606/2632/1396 1600/2628/1392 1599/2625/1389
f 1607/2633/1397 1604/2630/1394 1606/2632/1396
f 1608/2634/1398 1605/2635/1399 1604/2630/1394
f 1610/2636/1400 1609/2637/1401 1608/2634/1398
f 1612/2638/1402 1608/2634/1398 1607/2633/1397
f 1613/2639/1403 1615/2640/1404 1616/2641/1405
f 1617/2642/1406 1614/2643/1407 1613/2639/1403
f 1618/2644/1408 1620/2645/1409 1614/2643/1407
f 1614/2643/1407 1621/2646/1410 1615/2640/1404
f 1620/2645/1409 1623/2647/1411 1621/2646/1410
f 1619/2648/1412 1622/2649/1413 1620/2645/1409
f 1626/2650/1414 1628/2651/1415 1625/2652/1416
f 1630/2653/1417 1625/2652/1416 1629/2654/1418
f 1631/2655/1419 1626/2650/1414 1630/2653/1417
f 1632/2656/1420 1627/2657/1421 1626/2650/1414
f 1634/2658/1422 1633/2659/1423 1632/2656/1420
f 1636/2660/1424 1632/2656/1420 1631/2655/1419
f 1597/2661/1425 1638/2662/1426 1595/2624/1388
f 1595/2624/1388 1639/2663/1427 1596/2622/1386
f 1638/2662/1426 1641/2664/1428 1639/2663/1427
f 1637/2665/1429 1640/2666/1430 1638/2662/1426
f 1642/2667/1431 1644/2668/1432 1640/2666/1430
f 1640/2666/1430 1645/2669/1433 1641/2664/1428
f 1646/2670/1434 1610/2636/1400 1612/2638/1402
f 1647/2671/1435 1611/2672/1436 1610/2636/1400
f 1649/2673/1437 1648/2674/1438 1647/2671/1435
f 1651/2675/1439 1647/2671/1435 1646/2670/1434
f 1652/2676/1440 1649/2673/1437 1651/2675/1439
f 1653/2677/1441 1650/2678/1442 1649/2673/1437
f 1655/2679/1443 1634/2658/1422 1636/2660/1424
f 1656/2680/1444 1635/2681/1445 1634/2658/1422
f 1658/2682/1446 1657/2683/1447 1656/2680/1444
f 1660/2684/1448 1656/2680/1444 1655/2679/1443
f 1661/2685/1449 1658/2682/1446 1660/2684/1448
f 1662/2686/1450 1659/2687/1451 1658/2682/1446
f 1664/2688/1452 1663/2689/1453 1662/2686/1450
f 1666/2690/1454 1662/2686/1450 1661/2685/1449
f 1624/2691/1455 1668/2692/1456 1622/2649/1413
f 1622/2649/1413 1669/2693/1457 1623/2647/1411
f 1668/2692/1456 1671/2694/1458 1669/2693/1457
f 1667/2695/1459 1670/2696/1460 1668/2692/1456
f 1672/2697/1461 1674/2698/1462 1670/2696/1460
f 1670/2696/1460 1675/2699/1463 1671/2694/1458
f 1674/2698/1462 1677/2700/1464 1675/2699/1463
f 1673/2701/1465 1676/2702/1466 1674/2698/1462
f 1646/2670/1434 1596/2622/1386 1639/2663/1427
f 1639/2663/1427 1651/2675/1439 1646/2670/1434
f 1621/2703/1410 1630/2653/1417 1615/2704/1404
f 1623/2705/1411 1631/2655/1419 1621/2703/1410
f 1648/2674/1438 1635/2681/1445 1611/2672/1436
f 1650/2678/1442 1633/2659/1423 1648/2674/1438
f 1637/2665/1429 1624/2691/1455 1619/2648/1412
f 1619/2648/1412 1642/2667/1431 1637/2665/1429
f 1607/2633/1397 1590/2616/1380 1594/2621/1385
f 1594/2621/1385 1612/2638/1402 1607/2633/1397
f 1609/2637/1401 1659/2687/1451 1605/2635/1399
f 1609/2637/1401 1635/2681/1445 1657/2683/1447
f 1669/2706/1457 1636/2660/1424 1623/2705/1411
f 1671/2707/1458 1655/2679/1443 1669/2706/1457
f 1592/2623/1387 1672/2697/1461 1667/2695/1459
f 1624/2691/1455 1592/2623/1387 1667/2695/1459
f 1629/2654/1418 1615/2704/1404 1630/2653/1417
f 1654/2708/1467 1627/2657/1421 1650/2678/1442
f 1652/2676/1440 1641/2664/1428 1645/2669/1433
f 1643/2709/1468 1618/2644/1408 1617/2642/1406
f 1606/2632/1396 1587/2614/1378 1590/2616/1380
f 1599/2625/1389 1588/2615/1379 1587/2614/1378
f 1663/2689/1453 1605/2635/1399 1659/2687/1451
f 1602/2631/1395 1665/2710/1469 1603/2629/1393
f 1675/2711/1463 1660/2684/1448 1671/2707/1458
f 1677/2712/1464 1661/2685/1449 1675/2711/1463
f 1591/2619/1383 1673/2701/1465 1672/2697/1461
f 1584/2617/1381 1678/2713/1470 1673/2701/1465
f 1680/2714/1471 1682/2715/1472 1679/2716/1473
f 1683/2717/1474 1679/2716/1473 1682/2718/1472
f 1683/2717/1474 1686/2719/1475 1684/2720/1476
f 1680/2714/1471 1688/2721/1477 1681/2722/1478
f 1689/2723/1479 1688/2721/1477 1687/2724/1480
f 1691/2725/1481 1693/2726/1482 1694/2727/1483
f 1694/2727/1483 1685/2728/1484 1691/2725/1481
f 1692/2729/1485 1696/2730/1486 1693/2726/1482
f 1696/2730/1486 1698/2731/1487 1697/2732/1488
f 1699/2733/1489 1697/2732/1488 1698/2731/1487
f 1699/2733/1489 1702/2734/1490 1700/2735/1491
f 1702/2734/1490 1690/2736/1492 1689/2723/1479
f 1688/2737/1477 1613/2639/1403 1681/2738/1478
f 1681/2738/1478 1616/2641/1405 1682/2739/1472
f 1629/2654/1418 1685/2740/1484 1683/2741/1474
f 1625/2652/1416 1691/2742/1481 1685/2740/1484
f 1644/2668/1432 1699/2743/1489 1645/2669/1433
f 1643/2709/1468 1701/2744/1493 1644/2668/1432
f 1695/2745/1494 1654/2708/1467 1653/2677/1441
f 1698/2746/1487 1653/2677/1441 1652/2676/1440
f 1616/2747/1405 1683/2741/1474 1682/2748/1472
f 1692/2749/1485 1628/2651/1415 1654/2708/1467
f 1645/2669/1433 1698/2746/1487 1652/2676/1440
f 1617/2642/1406 1690/2750/1492 1643/2709/1468
f 1702/2734/1490 1693/2726/1482 1696/2730/1486
f 1700/2735/1491 1696/2730/1486 1697/2732/1488
f 1689/2723/1479 1694/2727/1483 1693/2726/1482
f 1687/2724/1480 1686/2719/1475 1694/2727/1483
f 1680/2714/1471 1684/2720/1476 1686/2719/1475
f 1703/2751/239 1705/2752/160 1706/2753/160
f 1705/2754/160 1708/2755/1495 1706/2756/160
f 1707/2757/1312 1710/2758/221 1708/2755/1495
f 1709/2759/167 1712/2760/1286 1710/2758/221
f 1711/2761/1496 1714/2762/1288 1712/2760/1286
f 1714/2762/1288 1715/2763/1322 1716/2764/250
f 1716/2764/250 1717/2765/173 1718/2766/175
f 1718/2766/175 1704/2767/1218 1703/2751/239
f 1719/2768/580 1720/2769/316 1721/2770/373
f 1721/2770/373 1720/2769/316 1722/2771/1497
f 1722/2771/1497 1720/2769/316 1723/2772/316
f 1723/2772/316 1720/2769/316 1724/2773/316
f 1724/2773/316 1720/2769/316 1725/2774/316
f 1725/2774/316 1720/2769/316 1726/2775/1219
f 1726/2775/1219 1720/2769/316 1727/2776/316
f 1727/2776/316 1720/2769/316 1719/2768/580
f 1704/2777/1220 1729/2778/1221 1705/2779/1221
f 1729/2778/1221 1707/2780/1298 1705/2779/1221
f 1730/2781/1223 1709/2782/1224 1707/2780/1298
f 1709/2782/1224 1732/2783/1498 1711/2784/1226
f 1711/2784/1226 1733/2785/1303 1713/2786/1303
f 1733/2785/1303 1715/2787/1229 1713/2786/1303
f 1734/2788/1300 1717/2789/1231 1715/2787/1229
f 1717/2789/1231 1728/2790/1232 1704/2777/1220
f 1728/2791/1317 1737/2792/1317 1729/2793/1317
f 1737/2794/1368 1730/2795/1368 1729/2796/1305
f 1738/2797/1307 1731/2798/1307 1730/2795/1307
f 1739/2799/1295 1732/2800/1295 1731/2798/1295
f 1740/2801/267 1733/2802/267 1732/2800/1499
f 1733/2802/268 1742/2803/268 1734/2804/268
f 1734/2804/1296 1743/2805/1296 1735/2806/201
f 1735/2806/1297 1736/2807/1297 1728/2791/1297
f 1736/2808/1324 1745/2809/316 1737/2810/373
f 1745/2809/316 1738/2811/1239 1737/2810/373
f 1746/2812/1241 1739/2813/580 1738/2811/1239
f 1739/2813/580 1748/2814/373 1740/2815/373
f 1740/2815/373 1749/2816/373 1741/2817/373
f 1749/2816/373 1742/2818/373 1741/2817/373
f 1750/2819/373 1743/2820/316 1742/2818/373
f 1743/2820/316 1744/2821/1323 1736/2808/1324
f 1719/2822/206 1745/2823/1288 1744/2824/208
f 1745/2825/1288 1722/2826/1318 1746/2827/1339
f 1746/2827/1339 1723/2828/251 1747/2829/249
f 1747/2829/249 1724/2830/213 1748/2831/216
f 1748/2831/216 1725/2832/238 1749/2833/238
f 1725/2832/238 1750/2834/284 1749/2833/238
f 1726/2835/1500 1751/2836/220 1750/2834/284
f 1727/2837/221 1744/2824/208 1751/2836/220
f 1753/2838/1501 1755/2839/1502 1752/2840/1503
f 1754/2841/1504 1757/2842/1505 1755/2839/1502
f 1758/2843/1506 1756/2844/1507 1754/2841/1504
f 1760/2845/1508 1754/2841/1504 1753/2838/1501
f 1761/2846/1509 1758/2843/1506 1760/2845/1508
f 1762/2847/1510 1759/2848/1511 1758/2843/1506
f 1764/2849/1512 1763/2850/1513 1762/2847/1510
f 1766/2851/1514 1762/2847/1510 1761/2846/1509
f 1767/2852/1083 1769/2853/1515 1770/2854/1516
f 1770/2854/1516 1771/2855/1081 1772/2856/1517
f 1769/2853/1515 1774/2857/1087 1771/2855/1081
f 1768/2858/1085 1773/2859/1518 1769/2853/1515
f 1775/2860/1089 1777/2861/1519 1773/2859/1518
f 1773/2859/1518 1778/2862/1088 1774/2857/1087
f 1777/2861/1519 1780/2863/1520 1778/2862/1088
f 1776/2864/1091 1779/2865/1521 1777/2861/1519
f 1783/2866/1522 1785/2867/1125 1782/2868/1523
f 1784/2869/1524 1787/2870/1122 1785/2867/1125
f 1788/2871/1525 1786/2872/1526 1784/2869/1524
f 1790/2873/1527 1784/2869/1524 1783/2866/1522
f 1791/2874/1528 1788/2871/1525 1790/2873/1527
f 1792/2875/1529 1789/2876/1530 1788/2871/1525
f 1794/2877/1531 1793/2878/1532 1792/2875/1529
f 1796/2879/1533 1792/2875/1529 1791/2874/1528
f 1797/2880/1534 1799/2881/1535 1800/2882/1536
f 1800/2882/1536 1801/2883/1109 1802/2884/1537
f 1799/2881/1535 1804/2885/1115 1801/2883/1109
f 1798/2886/1113 1803/2887/1538 1799/2881/1535
f 1805/2888/1117 1807/2889/1539 1803/2887/1538
f 1803/2887/1538 1808/2890/1116 1804/2885/1115
f 1807/2889/1539 1810/2891/1121 1808/2890/1116
f 1806/2892/1540 1809/2893/1541 1807/2889/1539
f 1812/2894/1542 1765/2895/1543 1764/2849/1512
f 1815/2896/1544 1813/2897/1545 1812/2894/1542
f 1817/2898/1546 1812/2894/1542 1814/2899/1547
f 1818/2900/1548 1815/2896/1544 1817/2898/1546
f 1819/2901/1549 1816/2902/1550 1815/2896/1544
f 1821/2903/1157 1820/2904/1551 1819/2901/1549
f 1823/2905/1156 1819/2901/1549 1818/2900/1548
f 1781/2906/1552 1825/2907/1553 1779/2865/1521
f 1779/2865/1521 1826/2908/1554 1780/2863/1520
f 1825/2907/1553 1828/2909/1140 1826/2908/1554
f 1824/2910/1555 1827/2911/1556 1825/2907/1553
f 1829/2912/1142 1831/2913/1557 1827/2911/1556
f 1827/2911/1556 1832/2914/1141 1828/2909/1140
f 1831/2913/1557 1834/2915/1558 1832/2914/1141
f 1830/2916/1144 1833/2917/1559 1831/2913/1557
f 1811/2918/1172 1837/2919/1560 1809/2893/1541
f 1809/2893/1541 1838/2920/1561 1810/2891/1121
f 1837/2919/1560 1840/2921/1562 1838/2920/1561
f 1836/2922/1174 1839/2923/1563 1837/2919/1560
f 1841/2924/1178 1843/2925/1564 1839/2923/1563
f 1839/2923/1563 1844/2926/1565 1840/2921/1562
f 1843/2925/1564 1846/2927/1182 1844/2926/1565
f 1842/2928/1180 1845/2929/1566 1843/2925/1564
f 1848/2930/1567 1794/2877/1531 1796/2879/1533
f 1849/2931/1568 1795/2932/1569 1794/2877/1531
f 1851/2933/1570 1850/2934/1571 1849/2931/1568
f 1853/2935/1572 1849/2931/1568 1848/2930/1567
f 1854/2936/1573 1851/2933/1570 1853/2935/1572
f 1855/2937/1574 1852/2938/1575 1851/2933/1570
f 1857/2939/1576 1856/2940/1577 1855/2937/1574
f 1859/2941/1578 1855/2937/1574 1854/2936/1573
f 1824/2910/1555 1765/2942/1543 1813/2943/1545
f 1813/2943/1545 1829/2912/1142 1824/2910/1555
f 1793/2878/1532 1805/2888/1117 1789/2876/1530
f 1795/2932/1569 1806/2892/1540 1793/2878/1532
f 1808/2890/1116 1780/2863/1520 1826/2908/1554
f 1826/2908/1554 1804/2885/1115 1808/2890/1116
f 1814/2899/1547 1790/2873/1527 1817/2898/1546
f 1766/2851/1514 1791/2874/1528 1814/2899/1547
f 1776/2864/1091 1759/2944/1511 1763/2945/1513
f 1763/2945/1513 1781/2906/1552 1776/2864/1091
f 1838/2920/1561 1774/2857/1087 1778/2862/1088
f 1778/2862/1088 1810/2891/1121 1838/2920/1561
f 1850/2934/1571 1811/2918/1172 1795/2932/1569
f 1852/2938/1575 1836/2922/1174 1850/2934/1571
f 1761/2846/1509 1796/2879/1533 1766/2851/1514
f 1760/2845/1508 1848/2930/1567 1761/2846/1509
f 1775/2860/1089 1756/2946/1507 1759/2944/1511
f 1768/2858/1085 1757/2947/1505 1756/2946/1507
f 1772/2856/1517 1844/2926/1565 1846/2927/1182
f 1771/2855/1081 1840/2921/1562 1844/2926/1565
f 1856/2940/1577 1841/2924/1178 1852/2938/1575
f 1858/2948/1579 1842/2928/1180 1856/2940/1577
f 1753/2838/1501 1853/2935/1572 1760/2845/1508
f 1752/2840/1503 1854/2936/1573 1753/2838/1501
f 1798/2886/1113 1789/2876/1530 1805/2888/1117
f 1786/2872/1526 1797/2880/1534 1787/2870/1122
f 1801/2883/1109 1828/2909/1140 1832/2914/1141
f 1832/2914/1141 1802/2884/1537 1801/2883/1109
f 1830/2916/1144 1816/2949/1550 1820/2950/1551
f 1820/2950/1551 1835/2951/1580 1830/2916/1144
f 1818/2900/1548 1782/2868/1523 1823/2905/1156
f 1783/2866/1522 1817/2898/1546 1790/2873/1527
f 1861/2952/1581 1863/2953/1582 1860/2954/1583
f 1864/2955/1584 1860/2954/1583 1863/2953/1582
f 1864/2955/1584 1867/2956/1585 1865/2957/1586
f 1869/2958/1587 1871/2959/1588 1868/2960/1589
f 1872/2961/1590 1868/2960/1589 1871/2959/1588
f 1872/2961/1590 1866/2962/1591 1873/2963/1592
f 1874/2964/1593 1876/2965/1594 1877/2966/1595
f 1877/2966/1595 1879/2967/1596 1874/2964/1593
f 1862/2968/1597 1876/2965/1594 1875/2969/1598
f 1880/2970/1599 1878/2971/1600 1881/2972/1601
f 1881/2972/1601 1883/2973/1602 1880/2970/1599
f 1870/2974/1603 1883/2973/1602 1882/2975/1604
f 1767/2852/1083 1863/2976/1582 1757/2947/1505
f 1846/2927/1182 1873/2977/1592 1772/2856/1517
f 1875/2978/1598 1859/2941/1578 1752/2840/1503
f 1880/2979/1599 1847/2980/1605 1858/2948/1579
f 1862/2981/1597 1752/2840/1503 1755/2839/1502
f 1863/2982/1582 1755/2839/1502 1757/2842/1505
f 1770/2854/1516 1864/2983/1584 1767/2852/1083
f 1772/2856/1517 1866/2984/1591 1770/2854/1516
f 1845/2929/1566 1868/2985/1589 1846/2927/1182
f 1883/2986/1602 1845/2929/1566 1847/2980/1605
f 1879/2987/1596 1858/2948/1579 1857/2939/1576
f 1874/2988/1593 1857/2939/1576 1859/2941/1578
f 1877/2966/1595 1872/2961/1590 1871/2959/1588
f 1867/2956/1585 1876/2965/1594 1861/2952/1581
f 1865/2957/1586 1861/2952/1581 1860/2954/1583
f 1871/2959/1588 1878/2971/1600 1877/2966/1595
f 1878/2971/1600 1882/2975/1604 1881/2972/1601
f 1885/2989/160 1887/2990/239 1884/2991/1218
f 1885/2989/160 1889/2992/1214 1886/2993/160
f 1888/2994/242 1891/2995/243 1889/2992/1214
f 1890/2996/220 1893/2997/1606 1891/2998/243
f 1892/2999/1496 1895/3000/1288 1893/2997/1606
f 1896/3001/171 1895/3000/1288 1894/3002/1288
f 1898/3003/214 1897/3004/1216 1896/3001/171
f 1884/2991/1218 1899/3005/251 1898/3003/214
f 1900/3006/179 1901/3007/179 1902/3008/179
f 1901/3007/179 1903/3009/179 1902/3008/179
f 1903/3009/179 1904/3010/252 1902/3008/179
f 1904/3010/252 1905/3011/179 1902/3008/179
f 1905/3011/179 1906/3012/177 1902/3008/179
f 1906/3012/177 1907/3013/177 1902/3008/179
f 1907/3013/177 1908/3014/179 1902/3008/179
f 1908/3014/179 1900/3006/179 1902/3008/179
f 1887/3015/180 1909/3016/254 1910/3017/1607
f 1889/3018/183 1909/3016/254 1886/3019/254
f 1891/3020/185 1911/3021/186 1889/3018/183
f 1891/3020/185 1913/3022/187 1912/3023/185
f 1893/3024/188 1914/3025/259 1913/3022/187
f 1897/3026/1291 1914/3025/259 1895/3027/189
f 1899/3028/192 1915/3029/193 1897/3026/1291
f 1899/3028/192 1910/3017/1607 1916/3030/192
f 1909/3031/1292 1918/3032/1292 1910/3033/1317
f 1909/3031/1294 1919/3034/1294 1917/3035/1233
f 1911/3036/1235 1920/3037/1235 1919/3034/1307
f 1912/3038/266 1921/3039/266 1920/3040/266
f 1913/3041/267 1922/3042/267 1921/3039/267
f 1915/3043/268 1922/3042/268 1914/3044/139
f 1916/3045/1296 1923/3046/1296 1915/3043/1296
f 1910/3033/1297 1924/3047/1297 1916/3045/1297
f 1918/3048/177 1925/3049/177 1926/3050/179
f 1919/3051/177 1925/3049/177 1917/3052/178
f 1920/3053/176 1927/3054/179 1919/3051/177
f 1920/3053/176 1929/3055/177 1928/3056/179
f 1921/3057/177 1930/3058/177 1929/3055/177
f 1923/3059/179 1930/3058/177 1922/3060/177
f 1924/3061/177 1931/3062/179 1923/3059/179
f 1924/3061/177 1926/3050/179 1932/3063/177
f 1926/3064/206 1901/3065/1288 1900/3066/208
f 1927/3067/278 1901/3065/1288 1925/3068/1288
f 1928/3069/251 1903/3070/1319 1927/3067/278
f 1929/3071/281 1904/3072/214 1928/3073/251
f 1930/3074/238 1905/3075/283 1929/3071/281
f 1930/3074/238 1907/3076/284 1906/3077/1321
f 1931/3078/286 1908/3079/220 1907/3076/284
f 1932/3080/166 1900/3066/208 1908/3079/220
f 1933/3081/1393 1935/3082/1608 1936/3083/1609
f 1934/3084/1610 1938/3085/1611 1935/3082/1608
f 1935/3082/1608 1939/3086/1612 1940/3087/1613
f 1936/3083/1609 1940/3087/1613 1941/3088/1614
f 1941/3088/1614 1942/3089/1615 1943/3090/1616
f 1940/3087/1613 1944/3091/1617 1942/3089/1615
f 1942/3089/1615 1945/3092/1618 1946/3093/1619
f 1943/3090/1616 1946/3093/1619 1947/3094/1620
f 1949/3095/1377 1951/3096/1378 1948/3097/1621
f 1952/3098/1622 1950/3099/1623 1949/3095/1377
f 1953/3100/1381 1955/3101/1624 1950/3099/1623
f 1950/3099/1623 1956/3102/1380 1951/3096/1378
f 1955/3101/1624 1958/3103/1385 1956/3102/1380
f 1954/3104/1383 1957/3105/1625 1955/3101/1624
f 1959/3106/1387 1961/3107/1626 1957/3105/1625
f 1957/3105/1625 1962/3108/1386 1958/3103/1385
f 1963/3109/1627 1965/3110/1628 1966/3111/1629
f 1967/3112/1630 1966/3111/1629 1968/3113/1631
f 1968/3113/1631 1969/3114/1632 1970/3115/1633
f 1966/3111/1629 1971/3116/1634 1969/3114/1632
f 1969/3114/1632 1972/3117/1635 1973/3118/1636
f 1970/3115/1633 1973/3118/1636 1974/3119/1637
f 1976/3120/1406 1978/3121/1638 1975/3122/1639
f 1975/3122/1639 1980/3123/1404 1979/3124/1405
f 1978/3121/1638 1982/3125/1410 1980/3123/1404
f 1977/3126/1408 1981/3127/1640 1978/3121/1638
f 1983/3128/1641 1985/3129/1642 1981/3127/1640
f 1981/3127/1640 1986/3130/1411 1982/3125/1410
f 1947/3094/1620 1987/3131/1643 1988/3132/1644
f 1946/3093/1619 1989/3133/1645 1987/3131/1643
f 1987/3131/1643 1990/3134/1646 1991/3135/1647
f 1988/3132/1644 1991/3135/1647 1992/3136/1648
f 1992/3136/1648 1993/3137/1649 1994/3138/1650
f 1991/3135/1647 1995/3139/1651 1993/3137/1649
f 1961/3107/1626 1997/3140/1652 1962/3108/1386
f 1960/3141/1653 1996/3142/1654 1961/3107/1626
f 1998/3143/1655 2000/3144/1656 1996/3142/1654
f 1996/3142/1654 2001/3145/1657 1997/3140/1652
f 2000/3144/1656 2003/3146/1433 2001/3145/1657
f 1999/3147/1431 2002/3148/1658 2000/3144/1656
f 1985/3129/1642 2006/3149/1457 1986/3130/1411
f 1984/3150/1659 2005/3151/1660 1985/3129/1642
f 2007/3152/1459 2009/3153/1661 2005/3151/1660
f 2005/3151/1660 2010/3154/1662 2006/3149/1457
f 2009/3153/1661 2012/3155/1663 2010/3154/1662
f 2008/3156/1664 2011/3157/1665 2009/3153/1661
f 2013/3158/1465 2015/3159/1466 2011/3157/1665
f 2011/3157/1665 2016/3160/1464 2012/3155/1663
f 1974/3119/1637 2017/3161/1666 2018/3162/1667
f 1973/3118/1636 2019/3163/1668 2017/3161/1666
f 2017/3161/1666 2020/3164/1669 2021/3165/1670
f 2018/3162/1667 2021/3165/1670 2022/3166/1671
f 2022/3166/1671 2023/3167/1672 2024/3168/1673
f 2021/3165/1670 2025/3169/1674 2023/3167/1672
f 2023/3167/1672 2026/3170/1454 2027/3171/1452
f 2024/3168/1673 2027/3171/1452 2028/3172/1469
f 1989/3133/1645 1962/3108/1386 1997/3140/1652
f 1997/3140/1652 1990/3134/1646 1989/3133/1645
f 1965/3173/1628 1982/3125/1410 1971/3174/1634
f 1971/3174/1634 1986/3130/1411 1972/3175/1635
f 1998/3143/1655 1984/3150/1659 1983/3128/1641
f 1983/3128/1641 1999/3147/1431 1998/3143/1655
f 1974/3119/1637 1988/3132/1644 1970/3115/1633
f 1970/3115/1633 1992/3136/1648 1968/3113/1631
f 1944/3091/1617 1956/3102/1380 1958/3103/1385
f 1958/3103/1385 1945/3092/1618 1944/3091/1617
f 1959/3106/1387 2008/3156/1664 2007/3152/1459
f 1959/3106/1387 1984/3150/1659 1960/3141/1653
f 1972/3175/1635 2006/3149/1457 2019/3176/1668
f 2019/3176/1668 2010/3154/1662 2020/3177/1669
f 2022/3166/1671 1943/3090/1616 2018/3162/1667
f 1943/3090/1616 1974/3119/1637 2018/3162/1667
f 1980/3123/1404 1964/3178/1675 1979/3124/1405
f 2004/3179/1468 1977/3126/1408 1976/3120/1406
f 1995/3139/1651 2001/3145/1657 2003/3146/1433
f 1968/3113/1631 1994/3138/1650 1967/3112/1630
f 1939/3086/1612 1951/3096/1378 1956/3102/1380
f 1938/3085/1611 1948/3097/1621 1951/3096/1378
f 1954/3104/1383 2013/3158/1465 2008/3156/1664
f 1953/3100/1381 2014/3180/1470 2013/3158/1465
f 2020/3177/1669 2012/3155/1663 2025/3181/1674
f 2025/3181/1674 2016/3160/1464 2026/3182/1454
f 1941/3088/1614 2024/3168/1673 1936/3083/1609
f 2028/3172/1469 1936/3083/1609 2024/3168/1673
f 2030/3183/1676 2032/3184/1677 2029/3185/1678
f 2030/3186/1676 2033/3187/1679 2034/3188/1680
f 2034/3188/1680 2035/3189/1681 2036/3190/1682
f 2031/3191/1683 2038/3192/1684 2032/3184/1677
f 2037/3193/1685 2040/3194/1686 2038/3192/1684
f 2041/3195/1687 2043/3196/1688 2044/3197/1689
f 2041/3195/1687 2035/3189/1681 2042/3198/1690
f 2044/3197/1689 2045/3199/1691 2046/3200/1692
f 2048/3201/1693 2045/3199/1691 2047/3202/1694
f 2048/3201/1693 2049/3203/1695 2050/3204/1696
f 2050/3204/1696 2051/3205/1697 2052/3206/1698
f 2039/3207/1699 2051/3205/1697 2040/3194/1686
f 2037/3208/1685 1963/3109/1627 1967/3112/1630
f 2031/3209/1683 1964/3210/1675 1963/3109/1627
f 2036/3211/1682 1979/3124/1405 2034/3212/1680
f 2041/3213/1687 1975/3122/1639 2036/3211/1682
f 1993/3137/1649 2050/3214/1696 2052/3215/1698
f 1994/3138/1650 2052/3215/1698 2039/3216/1699
f 2004/3179/1468 2046/3217/1692 2002/3148/1658
f 2002/3148/1658 2048/3218/1693 2003/3146/1433
f 2030/3219/1676 1979/3124/1405 1964/3178/1675
f 1976/3120/1406 2044/3220/1689 2004/3179/1468
f 2003/3146/1433 2050/3214/1696 1995/3139/1651
f 1967/3112/1630 2039/3216/1699 2037/3208/1685
f 2045/3199/1691 2040/3194/1686 2051/3205/1697
f 2047/3202/1694 2051/3205/1697 2049/3203/1695
f 2043/3196/1688 2038/3192/1684 2040/3194/1686
f 2042/3198/1690 2032/3184/1677 2038/3192/1684
f 2035/3189/1681 2029/3185/1678 2032/3184/1677
f 1814/2899/1547 1764/2849/1512 1766/2851/1514
f 1063/1703/1137 1015/3221/1183 1065/1704/1138
f 838/3222/1700 836/3223/1701 842/3224/1702
f 774/3225/1703 772/3226/1704 778/3227/1705
f 766/3228/1706 764/3229/1707 770/3230/1708
f 830/3231/1709 828/3232/1710 834/3233/1711
f 2/1/1 3/8/8 4/2/2
f 5/4/4 6/6/6 1/3/3
f 7/5/5 8/15/15 6/6/6
f 9/7/7 10/10/10 3/8/8
f 9/7/7 11/11/11 12/9/9
f 11/11/11 13/13/13 14/12/12
f 13/13/13 15/50/32 16/14/14
f 16/14/14 15/50/32 8/15/15
f 11/11/11 9/7/7 2/1/1
f 18/16/16 19/23/23 20/17/17
f 20/17/17 21/20/20 22/19/19
f 21/20/20 23/24/24 24/21/21
f 25/22/22 26/27/27 19/23/23
f 23/24/24 27/31/31 28/25/25
f 29/26/26 30/29/29 26/27/27
f 29/26/26 31/30/30 32/28/28
f 31/30/30 28/25/25 27/31/31
f 17/18/18 22/19/19 24/21/21
f 10/32/10 21/45/20 20/33/17
f 30/35/29 32/48/28 16/36/14
f 12/38/9 14/49/12 27/39/31
f 4/41/2 19/44/23 26/42/27
f 19/44/23 4/41/2 3/34/8
f 10/32/10 12/38/9 23/40/24
f 5/43/4 26/42/27 30/46/29
f 32/48/28 27/39/31 14/49/12
f 25/22/22 28/25/25 31/30/30
f 18/16/16 24/21/21 28/25/25
f 6/6/6 8/15/15 15/50/32
f 1/3/3 6/6/6 13/13/13
f 34/51/33 35/3234/62 36/52/34
f 33/53/35 37/55/37 38/54/36
f 37/55/37 39/96/64 40/56/38
f 36/52/34 35/3234/62 41/57/39
f 42/58/40 41/57/39 43/59/41
f 44/60/42 43/59/41 45/61/43
f 46/62/44 45/61/43 47/63/45
f 40/56/38 39/96/64 48/64/46
f 33/53/35 36/52/34 42/58/40
f 50/65/47 51/71/53 52/66/48
f 49/67/49 53/79/61 54/68/50
f 54/68/50 53/79/61 55/69/51
f 51/71/53 57/75/57 58/72/54
f 56/70/52 55/69/51 59/73/55
f 57/75/57 61/77/59 62/76/58
f 61/77/59 63/3235/63 64/78/60
f 64/78/60 63/3235/63 60/74/56
f 52/66/48 55/69/51 53/79/61
f 35/80/62 50/3236/47 54/81/50
f 40/83/38 47/95/45 63/84/63
f 43/86/41 56/93/52 60/87/56
f 57/89/57 51/92/53 34/90/33
f 51/92/53 50/3236/47 35/80/62
f 56/93/52 43/86/41 41/82/39
f 38/91/36 40/3237/38 61/94/59
f 45/88/43 60/87/56 63/84/63
f 62/76/58 64/78/60 59/73/55
f 58/72/54 59/73/55 55/69/51
f 46/62/44 48/64/46 39/96/64
f 44/60/42 46/62/44 37/55/37
f 66/97/65 67/104/72 68/98/66
f 69/100/68 70/102/70 65/99/67
f 71/101/69 72/111/79 70/102/70
f 73/103/71 74/106/74 67/104/72
f 73/103/71 75/107/75 76/105/73
f 75/107/75 77/109/77 78/108/76
f 77/109/77 79/145/96 80/110/78
f 80/110/78 79/145/96 72/111/79
f 75/107/75 73/103/71 66/97/65
f 82/112/80 83/119/87 84/113/81
f 84/113/81 85/116/84 86/115/83
f 85/116/84 87/120/88 88/117/85
f 89/118/86 90/123/91 83/119/87
f 87/120/88 91/127/95 92/121/89
f 93/122/90 94/125/93 90/123/91
f 93/122/90 95/126/94 96/124/92
f 95/126/94 92/121/89 91/127/95
f 81/114/82 86/115/83 88/117/85
f 74/128/74 85/141/84 84/129/81
f 94/131/93 96/3238/92 80/132/78
f 76/134/73 78/143/76 91/135/95
f 68/137/66 83/140/87 90/138/91
f 83/140/87 68/137/66 67/130/72
f 74/128/74 76/134/73 87/136/88
f 69/139/68 90/138/91 94/131/93
f 96/142/92 91/135/95 78/143/76
f 89/118/86 92/121/89 95/126/94
f 82/112/80 88/117/85 92/121/89
f 70/102/70 72/111/79 79/145/96
f 65/99/67 70/102/70 77/109/77
f 98/146/97 99/3239/126 100/147/98
f 97/148/99 101/150/101 102/149/100
f 101/150/101 103/191/128 104/151/102
f 100/147/98 99/3239/126 105/152/103
f 106/153/104 105/152/103 107/154/105
f 108/155/106 107/154/105 109/156/107
f 110/157/108 109/156/107 111/158/109
f 104/151/102 103/191/128 112/159/110
f 97/148/99 100/147/98 106/153/104
f 114/160/111 115/166/117 116/161/112
f 113/162/113 117/174/125 118/163/114
f 118/163/114 117/174/125 119/164/115
f 115/166/117 121/170/121 122/167/118
f 120/165/116 119/164/115 123/168/119
f 121/170/121 125/172/123 126/171/122
f 125/172/123 127/3240/127 128/173/124
f 128/173/124 127/3240/127 124/169/120
f 116/161/112 119/164/115 117/174/125
f 99/175/126 114/3241/111 118/176/114
f 104/178/102 111/3242/109 127/179/127
f 107/181/105 120/188/116 124/182/120
f 121/184/121 115/187/117 98/185/97
f 115/187/117 114/3241/111 99/175/126
f 120/188/116 107/181/105 105/177/103
f 102/186/100 104/178/102 125/180/123
f 109/183/107 124/182/120 127/189/127
f 126/171/122 128/173/124 123/168/119
f 122/167/118 123/168/119 119/164/115
f 110/157/108 112/159/110 103/191/128
f 108/155/106 110/157/108 101/150/101
f 130/192/129 131/204/141 132/193/130
f 134/195/132 135/3243/1712 136/196/133
f 137/198/135 138/206/142 139/199/136
f 141/201/138 142/3244/143 143/202/139
f 129/194/131 144/203/140 143/202/139
f 133/197/134 132/193/130 131/204/141
f 136/205/133 135/3245/1712 138/206/142
f 140/200/137 139/199/136 142/207/143
f 145/209/144 146/221/156 147/210/145
f 150/212/147 151/223/157 152/213/148
f 154/215/150 155/224/158 156/216/151
f 157/218/153 158/225/159 159/219/154
f 160/220/155 159/219/154 146/221/156
f 148/222/146 147/3246/145 150/212/147
f 153/217/152 152/213/148 151/223/157
f 157/218/153 156/216/151 155/224/158
f 162/226/160 163/230/164 164/227/161
f 162/226/160 165/231/165 166/229/163
f 165/231/165 167/3247/167 168/232/166
f 167/233/167 169/236/169 170/234/168
f 169/236/169 171/239/172 172/237/170
f 173/238/171 174/241/174 172/237/170
f 175/240/173 176/242/175 174/241/174
f 161/228/162 164/227/161 176/242/175
f 164/252/180 163/256/184 186/253/181
f 166/255/183 188/258/186 186/253/181
f 168/257/185 189/260/185 188/258/186
f 168/257/185 170/261/188 190/259/187
f 170/261/188 172/264/191 191/262/189
f 174/263/190 192/266/193 191/262/189
f 176/265/192 193/267/192 192/266/193
f 176/265/192 164/252/180 187/254/182
f 186/268/194 194/272/1306 195/269/194
f 186/268/133 188/273/1713 196/271/133
f 188/273/195 189/3248/1235 197/274/196
f 189/275/197 190/278/1714 198/276/197
f 190/278/199 191/281/1715 199/279/199
f 192/280/139 200/283/139 199/279/139
f 193/282/201 201/284/1237 200/283/201
f 187/270/203 195/269/1238 201/284/203
f 195/285/179 194/289/178 202/286/177
f 196/288/177 204/291/179 202/286/177
f 197/290/176 205/293/176 204/291/179
f 197/290/176 198/294/179 206/292/205
f 198/294/179 199/297/177 207/295/177
f 200/296/177 208/299/177 207/295/177
f 201/298/176 209/300/176 208/299/177
f 201/298/176 195/285/179 203/287/205
f 203/301/206 202/305/210 178/302/207
f 204/304/209 180/307/212 178/302/207
f 205/306/211 181/3249/214 180/307/212
f 206/308/213 182/312/216 181/309/214
f 207/311/215 183/314/218 182/312/216
f 207/311/215 208/315/219 184/313/217
f 208/315/219 209/317/221 185/316/220
f 209/317/221 203/301/206 177/303/208
f 211/318/222 212/330/234 213/319/223
f 215/321/225 216/331/235 217/322/226
f 218/324/228 219/332/236 220/325/229
f 222/327/231 223/3250/237 224/328/232
f 225/329/233 224/328/232 211/318/222
f 214/323/227 213/319/223 212/330/234
f 218/324/228 217/322/226 216/331/235
f 221/326/230 220/325/229 223/333/237
f 227/335/238 228/339/238 229/336/239
f 227/335/238 230/340/242 231/338/241
f 230/340/242 232/3251/244 233/341/243
f 232/342/244 234/345/246 235/343/245
f 234/345/246 236/348/248 237/346/247
f 238/347/171 239/350/250 237/346/247
f 240/349/249 241/351/251 239/350/250
f 226/337/240 229/336/239 241/351/251
f 229/361/180 228/365/254 251/362/254
f 231/364/256 253/367/258 251/362/254
f 233/366/257 254/369/185 253/367/258
f 233/366/257 235/370/188 255/368/187
f 235/370/188 237/373/259 256/371/259
f 239/372/190 257/375/260 256/371/259
f 241/374/192 258/376/192 257/375/260
f 241/374/192 229/361/180 252/363/255
f 251/377/261 259/381/261 260/378/261
f 251/377/133 253/382/1305 261/380/133
f 253/382/263 254/3252/1716 262/383/263
f 254/384/265 255/387/265 263/385/265
f 255/387/267 256/390/200 264/388/267
f 257/389/268 265/392/1717 264/388/268
f 258/391/269 266/393/269 265/392/269
f 252/379/270 260/378/1297 266/393/270
f 260/394/253 259/398/252 267/395/252
f 261/397/179 269/400/177 267/395/252
f 262/399/177 270/402/273 269/400/177
f 262/399/177 263/403/253 271/401/177
f 263/403/253 264/406/178 272/404/178
f 265/405/274 273/408/177 272/404/178
f 266/407/177 274/409/273 273/408/177
f 266/407/177 260/394/253 268/396/272
f 268/410/275 267/414/276 243/411/276
f 269/413/278 245/416/280 243/411/276
f 270/415/279 246/3253/249 245/416/280
f 271/417/281 247/421/283 246/418/249
f 272/420/282 248/423/285 247/421/283
f 272/420/282 273/424/286 249/422/284
f 273/424/286 274/426/243 250/425/287
f 274/426/243 268/410/275 242/412/277
f 276/427/288 277/3254/288 278/428/289
f 280/430/291 281/446/292 282/431/292
f 283/433/294 279/459/294 284/434/295
f 280/430/296 283/460/296 286/436/297
f 287/437/299 288/461/299 289/438/300
f 286/440/301 275/3255/1718 278/441/301
f 282/443/303 291/3256/303 292/444/304
f 281/446/306 290/439/307 294/447/307
f 289/449/308 277/458/309 276/450/309
f 283/452/311 285/3257/311 275/453/312
f 287/437/313 290/439/313 281/446/313
f 291/455/314 294/3258/315 276/456/315
f 288/442/316 278/441/373 277/458/316
f 293/445/177 284/434/177 279/459/177
f 292/462/288 276/427/288 275/429/290
f 293/464/321 292/462/288 285/463/288
f 296/466/322 297/3259/322 298/467/323
f 300/469/324 301/485/325 302/470/325
f 303/472/326 299/498/1719 304/473/326
f 300/469/327 303/499/327 306/475/327
f 307/476/328 308/500/328 309/477/329
f 306/479/330 295/3260/1720 298/480/330
f 302/482/331 311/3261/331 312/483/332
f 301/485/333 310/478/334 314/486/334
f 309/488/335 297/497/336 296/489/336
f 303/491/338 305/3262/338 295/492/338
f 307/476/339 310/478/339 301/485/340
f 311/494/341 314/3263/341 296/495/341
f 308/481/316 298/480/316 297/497/316
f 313/484/177 304/473/177 299/498/177
f 312/501/346 296/466/322 295/468/322
f 313/503/348 312/501/346 305/502/347
f 316/505/349 317/3264/1721 318/506/349
f 320/508/350 321/524/351 322/509/351
f 323/511/352 319/537/352 324/512/353
f 320/508/354 323/538/354 326/514/355
f 327/515/356 328/539/356 329/516/357
f 326/518/359 315/3265/360 318/519/360
f 322/521/361 331/3266/1722 332/522/362
f 321/524/363 330/517/364 334/525/364
f 329/527/365 317/536/1723 316/528/366
f 323/530/368 325/3267/368 315/531/369
f 327/515/370 330/517/370 321/524/370
f 331/533/371 334/3268/372 316/534/372
f 328/520/316 318/519/316 317/536/373
f 333/523/177 324/512/177 319/537/177
f 332/540/349 316/505/349 315/507/349
f 333/542/349 332/540/349 325/541/349
f 336/544/378 337/3269/379 338/545/379
f 340/547/380 341/563/381 342/548/381
f 343/550/382 339/576/1724 344/551/383
f 340/547/384 343/577/384 346/553/385
f 347/554/386 348/578/386 349/555/387
f 346/557/389 335/3270/389 338/558/389
f 342/560/391 351/3271/391 352/561/392
f 341/563/394 350/556/395 354/564/395
f 349/566/396 337/575/396 336/567/396
f 343/569/398 345/3272/398 335/570/398
f 347/554/399 350/556/399 341/563/399
f 351/572/400 354/3273/400 336/573/400
f 348/559/316 338/558/316 337/575/316
f 353/562/177 344/551/177 339/576/177
f 352/579/405 336/544/378 335/546/378
f 353/581/405 352/579/405 345/580/378
f 356/583/406 357/3274/1725 358/584/407
f 360/586/409 361/602/410 362/587/410
f 363/589/411 359/615/411 364/590/411
f 360/586/413 363/616/413 366/592/414
f 367/593/415 368/617/415 369/594/415
f 366/596/416 355/3275/416 358/597/416
f 362/599/417 371/3276/417 372/600/418
f 361/602/419 370/595/1726 374/603/420
f 369/605/421 357/614/422 356/606/422
f 363/608/423 365/3277/423 355/609/423
f 367/593/424 370/595/424 361/602/424
f 371/611/425 374/3278/426 356/612/426
f 368/598/316 358/597/316 357/614/316
f 373/601/177 364/590/177 359/615/177
f 372/618/408 356/583/406 355/585/408
f 373/620/406 372/618/408 365/619/408
f 376/622/431 377/3279/431 378/623/432
f 380/625/433 381/641/434 382/626/434
f 383/628/435 379/654/1727 384/629/436
f 380/625/437 383/655/437 386/631/438
f 387/632/439 388/656/439 389/633/440
f 386/635/442 375/3280/443 378/636/443
f 382/638/444 391/3281/444 392/639/444
f 381/641/446 390/634/447 394/642/447
f 389/644/448 377/653/449 376/645/449
f 383/647/451 385/3282/451 375/648/451
f 387/632/452 390/634/452 381/641/452
f 391/650/453 394/3283/454 376/651/454
f 388/637/316 378/636/316 377/653/316
f 393/640/177 384/629/177 379/654/177
f 392/657/432 376/622/431 375/624/431
f 393/659/459 392/657/432 385/658/431
f 396/661/461 397/3284/1728 398/662/462
f 400/664/463 401/680/464 402/665/464
f 403/667/465 399/693/465 404/668/466
f 400/664/467 403/694/467 406/670/468
f 407/671/469 408/695/1729 409/672/470
f 406/674/471 395/3285/1730 398/675/472
f 402/677/474 411/3286/474 412/678/475
f 401/680/477 410/673/1731 414/681/478
f 409/683/479 397/692/480 396/684/480
f 403/686/481 405/3287/481 395/687/482
f 407/671/483 410/673/483 401/680/483
f 411/689/484 414/3288/485 396/690/485
f 408/676/316 398/675/316 397/692/316
f 413/679/177 404/668/177 399/693/177
f 412/696/461 396/661/461 395/663/462
f 413/698/461 412/696/461 405/697/490
f 416/700/492 417/3289/492 418/701/493
f 420/703/494 421/719/494 422/704/494
f 423/706/495 419/732/1732 424/707/496
f 420/703/497 423/733/1733 426/709/498
f 427/710/499 428/734/499 429/711/500
f 426/713/501 415/3290/1734 418/714/501
f 422/716/502 431/3291/502 432/717/503
f 421/719/504 430/712/505 434/720/505
f 429/722/506 417/731/1735 416/723/507
f 423/725/508 425/3292/508 415/726/508
f 427/710/509 430/712/509 421/719/509
f 431/728/510 434/3293/511 416/729/511
f 428/715/316 418/714/316 417/731/316
f 433/718/179 424/707/177 419/732/177
f 432/735/516 416/700/492 415/702/492
f 433/737/516 432/735/516 425/736/517
f 436/739/519 437/3294/519 438/740/519
f 440/742/520 441/766/520 442/743/520
f 439/745/521 444/771/521 445/746/521
f 440/742/522 443/772/522 446/748/522
f 448/750/523 449/773/524 450/751/524
f 448/752/525 446/3295/525 435/753/525
f 451/755/527 452/3296/527 453/756/527
f 451/758/528 441/766/528 450/751/528
f 454/760/529 449/770/529 437/761/529
f 445/763/530 435/3297/530 446/764/530
f 447/749/531 450/751/531 441/766/531
f 454/767/532 436/3298/532 452/768/532
f 438/754/316 437/761/316 449/770/316
f 442/757/177 453/756/177 444/771/177
f 452/774/537 436/739/519 435/741/519
f 453/776/538 452/774/537 445/775/519
f 456/778/539 457/3299/539 458/779/539
f 460/781/540 461/805/541 462/782/541
f 463/784/542 459/810/542 464/785/542
f 460/781/543 463/811/543 466/787/544
f 468/789/545 469/812/1736 470/790/546
f 466/791/547 455/3300/547 458/792/547
f 462/794/549 471/3301/549 472/795/550
f 471/797/551 461/805/551 470/790/552
f 469/799/553 457/809/554 456/800/554
f 463/802/555 465/3302/555 455/803/555
f 467/788/556 470/790/556 461/805/556
f 471/806/557 474/3303/557 456/807/557
f 468/793/316 458/792/316 457/809/316
f 473/796/177 464/785/177 459/810/177
f 472/813/539 456/778/539 455/780/539
f 473/815/562 472/813/539 465/814/539
f 476/817/563 477/3304/563 478/818/564
f 480/820/565 481/844/566 482/821/566
f 483/823/567 479/849/567 484/824/568
f 480/820/569 483/850/569 486/826/569
f 488/828/570 489/851/570 490/829/570
f 486/830/571 475/3305/571 478/831/571
f 482/833/572 491/3306/572 492/834/572
f 491/836/573 481/844/573 490/829/573
f 489/838/574 477/848/1737 476/839/574
f 483/841/575 485/3307/575 475/842/576
f 487/827/577 490/829/577 481/844/577
f 491/845/578 494/3308/579 476/846/579
f 488/832/316 478/831/316 477/848/316
f 493/835/177 484/824/177 479/849/177
f 492/852/563 476/817/563 475/819/563
f 493/854/563 492/852/563 485/853/563
f 496/856/586 497/3309/586 498/857/587
f 500/859/588 501/883/588 502/860/588
f 503/862/589 499/888/589 504/863/590
f 500/859/591 503/889/591 506/865/592
f 508/867/593 509/890/593 510/868/593
f 506/869/594 495/3310/594 498/870/594
f 502/872/595 511/3311/595 512/873/595
f 511/875/596 501/883/596 510/868/597
f 509/877/598 497/887/598 496/878/598
f 503/880/599 505/3312/599 495/881/600
f 507/866/601 510/868/601 501/883/601
f 511/884/602 514/3313/603 496/885/603
f 508/871/316 498/870/316 497/887/316
f 513/874/177 504/863/177 499/888/177
f 512/891/608 496/856/586 495/858/586
f 513/893/608 512/891/608 505/892/586
f 516/895/609 517/3314/630 518/896/610
f 519/898/611 520/904/611 521/899/612
f 519/901/613 524/927/613 525/902/613
f 520/904/614 523/928/614 526/905/614
f 528/907/615 529/929/615 530/908/615
f 528/909/616 526/3315/616 515/910/616
f 531/912/618 532/3316/1738 533/913/618
f 531/915/619 521/899/619 530/908/620
f 534/917/621 529/926/621 517/918/621
f 525/920/622 515/3317/623 526/921/623
f 527/906/624 530/908/624 521/899/624
f 534/923/625 516/3318/625 532/924/625
f 518/911/316 517/918/316 529/926/316
f 522/914/177 533/913/177 524/927/177
f 532/930/609 516/895/609 515/897/609
f 533/932/609 532/930/609 525/931/630
f 536/934/631 537/3319/631 538/935/632
f 539/937/633 540/943/1739 541/938/633
f 539/940/634 544/966/635 545/941/635
f 540/943/636 543/967/636 546/944/636
f 548/946/637 549/968/637 550/947/637
f 548/948/638 546/3320/1740 535/949/639
f 551/951/640 552/3321/640 553/952/640
f 551/954/641 541/938/641 550/947/641
f 554/956/642 549/965/642 537/957/642
f 545/959/643 535/3322/643 546/960/643
f 547/945/644 550/947/644 541/938/644
f 554/962/645 536/3323/645 552/963/645
f 538/950/316 537/957/316 549/965/316
f 542/953/177 553/952/177 544/966/177
f 552/969/632 536/934/631 535/936/632
f 553/971/632 552/969/632 545/970/632
f 556/973/650 557/3324/650 558/974/651
f 560/976/652 561/1000/652 562/977/652
f 559/979/653 564/1005/653 565/980/653
f 560/976/654 563/1006/654 566/982/655
f 568/984/656 569/1007/657 570/985/657
f 568/986/658 566/3325/1741 555/987/658
f 571/989/660 572/3326/660 573/990/660
f 571/992/661 561/1000/661 570/985/661
f 574/994/662 569/1004/662 557/995/663
f 565/997/665 555/3327/665 566/998/665
f 567/983/666 570/985/666 561/1000/666
f 574/1001/667 556/3328/667 572/1002/667
f 558/988/316 557/995/316 569/1004/316
f 562/991/177 573/990/177 564/1005/177
f 572/1008/650 556/973/650 555/975/651
f 573/1010/650 572/1008/650 565/1009/650
f 576/1012/672 577/3329/672 578/1013/672
f 580/1015/673 581/1039/674 582/1016/674
f 579/1018/675 584/1044/675 585/1019/675
f 580/1015/676 583/1045/676 586/1021/676
f 588/1023/677 589/1046/677 590/1024/677
f 588/1025/678 586/3330/678 575/1026/678
f 591/1028/679 592/3331/679 593/1029/679
f 591/1031/680 581/1039/680 590/1024/680
f 594/1033/681 589/1043/681 577/1034/682
f 585/1036/683 575/3332/683 586/1037/683
f 587/1022/684 590/1024/684 581/1039/684
f 594/1040/685 576/3333/685 592/1041/686
f 578/1027/316 577/1034/316 589/1043/316
f 582/1030/177 593/1029/177 584/1044/177
f 592/1047/672 576/1012/672 575/1014/672
f 593/1049/691 592/1047/672 585/1048/691
f 596/1051/693 597/3334/693 598/1052/693
f 600/1054/694 601/1078/695 602/1055/695
f 599/1057/696 604/1083/696 605/1058/696
f 600/1054/697 603/1084/697 606/1060/698
f 608/1062/699 609/1085/700 610/1063/700
f 608/1064/701 606/3335/701 595/1065/701
f 611/1067/702 612/3336/702 613/1068/702
f 611/1070/703 601/1078/703 610/1063/704
f 614/1072/705 609/1082/705 597/1073/706
f 605/1075/708 595/3337/708 606/1076/708
f 607/1061/709 610/1063/709 601/1078/709
f 614/1079/710 596/3338/710 612/1080/710
f 598/1066/316 597/1073/316 609/1082/316
f 602/1069/177 613/1068/177 604/1083/177
f 612/1086/715 596/1051/693 595/1053/693
f 613/1088/715 612/1086/715 605/1087/693
f 616/1090/716 617/3339/740 618/1091/716
f 620/1093/717 621/1117/718 622/1094/718
f 619/1096/719 624/1122/720 625/1097/720
f 620/1093/721 623/1123/721 626/1099/722
f 628/1101/723 629/1124/724 630/1102/724
f 628/1103/725 626/3340/725 615/1104/725
f 631/1106/726 632/3341/727 633/1107/727
f 631/1109/728 621/1117/728 630/1102/728
f 634/1111/729 629/1121/729 617/1112/730
f 625/1114/732 615/3342/733 626/1115/733
f 627/1100/734 630/1102/734 621/1117/734
f 634/1118/735 616/3343/735 632/1119/735
f 618/1105/316 617/1112/580 629/1121/316
f 622/1108/177 633/1107/177 624/1122/177
f 632/1125/716 616/1090/716 615/1092/716
f 633/1127/716 632/1125/716 625/1126/716
f 636/1129/741 637/3344/1742 638/1130/741
f 640/1132/742 641/1148/743 642/1133/743
f 643/1135/745 639/1161/745 644/1136/746
f 640/1132/747 643/1162/747 646/1138/748
f 647/1139/749 648/1163/749 649/1140/750
f 646/1142/751 635/3345/752 638/1143/752
f 642/1145/753 651/3346/753 652/1146/753
f 641/1148/754 650/1141/754 654/1149/754
f 649/1151/755 637/1160/756 636/1152/756
f 643/1154/757 645/3347/757 635/1155/757
f 647/1139/758 650/1141/758 641/1148/758
f 651/1157/759 654/3348/760 636/1158/760
f 648/1144/316 638/1143/316 637/1160/316
f 653/1147/177 644/1136/179 639/1161/179
f 652/1164/741 636/1129/741 635/1131/741
f 653/1166/765 652/1164/741 645/1165/741
f 656/1168/767 657/3349/767 658/1169/767
f 660/1171/769 661/1187/1743 662/1172/770
f 663/1174/772 659/1200/1744 664/1175/773
f 660/1171/774 663/1201/774 666/1177/774
f 667/1178/775 668/1202/775 669/1179/776
f 666/1181/778 655/3350/779 658/1182/779
f 662/1184/780 671/3351/780 672/1185/781
f 661/1187/783 670/1180/784 674/1188/784
f 669/1190/785 657/1199/1745 656/1191/785
f 663/1193/786 665/3352/786 655/1194/786
f 667/1178/787 670/1180/787 661/1187/787
f 671/1196/788 674/3353/789 656/1197/789
f 668/1183/373 658/1182/373 657/1199/316
f 673/1186/177 664/1175/177 659/1200/177
f 672/1203/794 656/1168/767 655/1170/768
f 673/1205/794 672/1203/794 665/1204/794
f 676/1207/796 677/3354/796 678/1208/797
f 680/1210/798 681/1234/799 682/1211/799
f 683/1213/801 679/1239/801 684/1214/802
f 680/1210/803 683/1240/803 686/1216/803
f 688/1218/804 689/1241/804 690/1219/804
f 686/1220/805 675/3355/805 678/1221/805
f 682/1223/806 691/3356/806 692/1224/806
f 691/1226/807 681/1234/807 690/1219/807
f 689/1228/808 677/1238/809 676/1229/809
f 683/1231/810 685/3357/810 675/1232/810
f 687/1217/811 690/1219/811 681/1234/811
f 691/1235/812 694/3358/812 676/1236/812
f 688/1222/316 678/1221/316 677/1238/316
f 693/1225/177 684/1214/177 679/1239/177
f 692/1242/796 676/1207/796 675/1209/797
f 693/1244/796 692/1242/796 685/1243/797
f 696/1246/817 697/3359/817 698/1247/817
f 700/1249/818 701/1273/819 702/1250/819
f 703/1252/820 699/1278/820 704/1253/820
f 700/1249/821 703/1279/821 706/1255/822
f 708/1257/823 709/1280/823 710/1258/823
f 706/1259/824 695/3360/825 698/1260/825
f 702/1262/826 711/3361/826 712/1263/827
f 711/1265/828 701/1273/828 710/1258/829
f 709/1267/830 697/1277/830 696/1268/830
f 703/1270/831 705/3362/831 695/1271/832
f 707/1256/833 710/1258/833 701/1273/833
f 711/1274/834 714/3363/834 696/1275/834
f 708/1261/316 698/1260/316 697/1277/316
f 713/1264/177 704/1253/177 699/1278/177
f 712/1281/817 696/1246/817 695/1248/817
f 713/1283/817 712/1281/817 705/1282/817
f 716/1285/839 717/1298/851 718/1286/840
f 720/1288/842 721/1335/852 722/1289/843
f 723/1291/845 724/1301/853 725/1292/846
f 727/1294/848 728/1302/854 729/1295/849
f 716/1285/839 727/1361/848 730/1297/850
f 715/1287/841 718/1286/840 721/1299/852
f 719/1290/844 722/1289/843 725/1292/846
f 728/1302/854 723/1291/845 726/1293/847
f 731/1303/855 732/1322/858 733/1304/856
f 732/1306/858 735/1309/860 736/1307/859
f 735/1309/860 737/1311/862 738/1310/861
f 737/1311/862 739/1314/865 740/1312/863
f 741/1313/864 742/1316/867 740/1312/863
f 743/1315/866 744/1362/869 742/1316/867
f 745/1317/868 746/1320/870 744/1318/869
f 731/1303/855 734/1305/857 746/1320/870
f 747/1321/871 748/3364/872 732/1322/858
f 748/1323/872 749/1324/873 735/1309/860
f 749/1324/873 750/1325/874 737/1311/862
f 750/1325/874 751/1327/876 739/1314/865
f 752/1326/875 741/1313/864 739/1314/865
f 753/1328/877 743/1315/866 741/1313/864
f 754/1329/878 745/1317/868 743/1319/866
f 747/1321/871 731/1303/855 745/1317/868
f 717/1298/851 730/1297/850 755/1331/879
f 717/1298/851 756/1332/880 757/1333/881
f 718/1286/840 757/1333/881 758/1334/882
f 721/1335/852 758/1345/882 759/1336/883
f 722/1289/843 759/1336/883 760/1337/884
f 726/1293/847 725/1292/846 760/1337/884
f 729/1295/849 726/1293/847 761/1338/885
f 730/1296/850 729/1295/849 762/1339/886
f 756/1332/880 755/1331/879 763/1341/887
f 756/1332/880 764/1342/888 765/1343/889
f 757/1333/881 765/1343/889 766/1344/890
f 758/1345/882 766/3365/890 767/1346/891
f 759/1336/883 767/1346/891 768/1347/892
f 761/1338/885 760/1337/884 768/1347/892
f 762/1339/886 761/1338/885 769/1348/893
f 755/1340/879 762/1339/886 770/1349/894
f 772/1351/895 748/3364/872 747/1321/871
f 749/1324/873 748/1323/872 772/1353/895
f 773/1354/897 774/1355/898 750/1325/874
f 751/1327/876 750/1325/874 774/1355/898
f 775/1356/899 776/1358/901 752/1326/875
f 777/1357/900 753/1328/877 752/1326/875
f 778/1359/902 754/1329/878 753/1330/877
f 771/1352/896 747/1321/871 754/1329/878
f 734/1305/857 733/1304/856 727/1361/848
f 734/1305/857 716/1285/839 715/1287/841
f 746/1320/870 715/1287/841 720/1300/842
f 744/1362/869 720/1288/842 719/1290/844
f 742/1316/867 719/1290/844 724/1301/853
f 738/1310/861 740/1312/863 724/1301/853
f 736/1307/859 738/1310/861 723/1291/845
f 733/1308/856 736/1307/859 728/1302/854
f 780/1363/839 781/1376/913 782/1364/903
f 784/1366/905 785/1413/914 786/1367/906
f 787/1369/907 788/1379/853 789/1370/908
f 791/1372/910 792/1380/915 793/1373/911
f 780/1363/839 791/1439/910 794/1375/912
f 779/1365/904 782/1364/903 785/1377/914
f 783/1368/844 786/1367/906 789/1370/908
f 792/1380/915 787/1369/907 790/1371/909
f 795/1381/855 796/1400/858 797/1382/856
f 796/1384/858 799/1387/860 800/1385/916
f 799/1387/860 801/1389/917 802/1388/861
f 801/1389/917 803/1392/920 804/1390/918
f 805/1391/919 806/1394/922 804/1390/918
f 807/1393/921 808/1440/923 806/1394/922
f 809/1395/868 810/1398/924 808/1396/923
f 795/1381/855 798/1383/857 810/1398/924
f 811/1399/925 812/3366/926 796/1400/858
f 812/1401/926 813/1402/873 799/1387/860
f 813/1402/873 814/1403/874 801/1389/917
f 814/1403/874 815/1405/928 803/1392/920
f 816/1404/927 805/1391/919 803/1392/920
f 817/1406/929 807/1393/921 805/1391/919
f 818/1407/930 809/1395/868 807/1397/921
f 811/1399/925 795/1381/855 809/1395/868
f 781/1376/913 794/1375/912 819/1409/879
f 781/1376/913 820/1410/880 821/1411/931
f 782/1364/903 821/1411/931 822/1412/932
f 785/1413/914 822/1423/932 823/1414/933
f 786/1367/906 823/1414/933 824/1415/934
f 790/1371/909 789/1370/908 824/1415/934
f 793/1373/911 790/1371/909 825/1416/935
f 794/1374/912 793/1373/911 826/1417/936
f 820/1410/880 819/1409/879 827/1419/887
f 820/1410/880 828/1420/937 829/1421/938
f 821/1411/931 829/1421/938 830/1422/939
f 822/1423/932 830/3367/939 831/1424/940
f 823/1414/933 831/1424/940 832/1425/892
f 825/1416/935 824/1415/934 832/1425/892
f 826/1417/936 825/1416/935 833/1426/941
f 819/1418/879 826/1417/936 834/1427/942
f 836/1429/943 812/3366/926 811/1399/925
f 813/1402/873 812/1401/926 836/1431/943
f 837/1432/897 838/1433/944 814/1403/874
f 815/1405/928 814/1403/874 838/1433/944
f 839/1434/899 840/1436/901 816/1404/927
f 841/1435/900 817/1406/929 816/1404/927
f 842/1437/945 818/1407/930 817/1408/929
f 835/1430/896 811/1399/925 818/1407/930
f 798/1383/857 797/1382/856 791/1439/910
f 798/1383/857 780/1363/839 779/1365/904
f 810/1398/924 779/1365/904 784/1378/905
f 808/1440/923 784/1366/905 783/1368/844
f 806/1394/922 783/1368/844 788/1379/853
f 802/1388/861 804/1390/918 788/1379/853
f 800/1385/916 802/1388/861 787/1369/907
f 797/1386/856 800/1385/916 792/1380/915
f 844/1441/946 845/1453/958 846/1442/947
f 848/1444/949 849/1454/959 850/1445/950
f 851/1447/952 852/1455/960 853/1448/953
f 855/1450/955 856/1457/961 857/1451/956
f 855/1450/955 858/1452/957 845/1453/958
f 843/1443/948 846/1442/947 849/1454/959
f 852/1455/960 847/1529/951 850/1456/950
f 856/1457/961 851/1447/952 854/1449/954
f 860/1458/962 861/1462/966 862/1459/963
f 860/1458/962 863/1463/967 864/1461/965
f 863/1463/967 865/1465/969 866/1464/968
f 865/1465/969 867/1467/971 868/1466/970
f 867/1467/971 869/1519/974 870/1468/972
f 871/1469/973 872/1473/976 870/1470/972
f 873/1472/975 874/1474/977 872/1473/976
f 859/1460/964 862/1459/963 874/1474/977
f 858/1452/957 875/1483/985 876/1475/978
f 845/1453/958 876/1475/978 877/1476/979
f 846/1442/947 877/1476/979 878/1477/980
f 849/1454/959 878/1477/980 879/1478/981
f 853/1448/953 850/1456/950 879/1479/981
f 854/1449/954 853/1448/953 880/1480/982
f 857/1451/956 854/1449/954 881/1481/983
f 858/1452/957 857/1451/956 882/1482/984
f 884/1484/986 885/1488/990 886/1485/987
f 887/1487/989 888/1490/992 885/1488/990
f 889/1489/991 890/1492/994 888/1490/992
f 889/1489/991 891/1493/995 892/1491/993
f 891/1493/995 893/1506/997 894/1494/996
f 893/1495/997 895/1498/999 896/1496/998
f 895/1498/999 897/1500/1001 898/1499/1000
f 883/1486/988 886/1485/987 898/1499/1000
f 900/1501/1002 884/1484/986 883/1486/988
f 901/1503/1004 887/1487/989 884/1484/986
f 902/1504/1005 889/1489/991 887/1487/989
f 902/1504/1005 903/1505/1006 891/1493/995
f 903/1505/1006 904/1525/1007 893/1506/997
f 904/1507/1007 905/1508/1008 895/1498/999
f 905/1508/1008 906/1509/1009 897/1500/1001
f 899/1502/1003 883/1486/988 897/1500/1001
f 875/1483/985 907/1518/1017 908/1510/1010
f 876/1475/978 908/1510/1010 909/1511/1011
f 877/1476/979 909/1511/1011 910/1512/1012
f 879/1478/981 878/1477/980 910/1512/1012
f 880/1480/982 879/1479/981 911/1514/1013
f 881/1481/983 880/1480/982 912/1515/1014
f 882/1482/984 881/1481/983 913/1516/1015
f 882/1482/984 914/1517/1016 907/1518/1017
f 885/1488/990 860/1458/962 859/1460/964
f 886/1485/987 859/1460/964 873/1472/975
f 898/1499/1000 873/1472/975 871/1469/973
f 894/1497/996 896/1496/998 871/1469/973
f 892/1491/993 894/1494/996 869/1519/974
f 890/1492/994 892/1491/993 867/1467/971
f 888/1490/992 890/1492/994 865/1465/969
f 888/1490/992 863/1463/967 860/1458/962
f 916/1520/1018 900/1501/1002 899/1502/1003
f 917/1522/1020 901/1503/1004 900/1501/1002
f 918/1523/1021 902/1504/1005 901/1503/1004
f 903/1505/1006 902/1504/1005 918/1523/1021
f 919/1524/1022 920/3368/1023 904/1525/1007
f 905/1508/1008 904/1507/1007 920/1526/1023
f 921/1527/1024 922/1528/1025 906/1509/1009
f 915/1521/1019 899/1502/1003 906/1509/1009
f 861/1462/966 855/1450/955 844/1441/946
f 862/1459/963 844/1441/946 843/1443/948
f 874/1474/977 843/1443/948 848/1444/949
f 872/1473/976 848/1444/949 847/1446/951
f 868/1466/970 870/1468/972 847/1529/951
f 866/1464/968 868/1466/970 852/1455/960
f 864/1461/965 866/1464/968 851/1447/952
f 861/1462/966 864/1461/965 856/1457/961
f 908/1530/1026 913/1534/1026 912/1531/1026
f 907/1533/1026 914/3369/1026 913/1534/1026
f 909/1532/1026 912/1531/1026 911/1535/1026
f 915/1537/1028 922/1542/1028 919/1538/1028
f 916/1540/1029 915/1537/1028 918/1539/1028
f 922/1542/1028 921/3370/1030 920/1543/1030
f 924/1544/946 925/1556/1036 926/1545/947
f 928/1547/1032 929/1557/1037 930/1548/950
f 931/1550/952 932/1558/960 933/1551/953
f 935/1553/955 936/1631/961 937/1554/1034
f 935/1553/955 938/1555/1035 925/1556/1036
f 923/1546/1031 926/1545/947 929/1557/1037
f 932/1558/960 927/1549/951 930/1548/950
f 936/1559/961 931/1550/952 934/1552/1033
f 940/1561/1038 941/1565/1041 942/1562/1039
f 940/1561/1038 943/3371/967 944/1564/965
f 943/1566/967 945/1569/1042 946/1567/968
f 945/1569/1042 947/1571/1044 948/1570/1043
f 947/1571/1044 949/1574/974 950/1572/972
f 951/1573/1045 952/1576/1046 950/1572/972
f 953/1575/975 954/1577/1047 952/1576/1046
f 939/1563/1040 942/1562/1039 954/1577/1047
f 938/1555/1035 955/1586/1052 956/1578/1048
f 925/1556/1036 956/1578/1048 957/1579/979
f 926/1545/947 957/1579/979 958/1580/1049
f 929/1557/1037 958/1580/1049 959/1581/1050
f 933/1551/953 930/1548/950 959/1581/1050
f 934/1552/1033 933/1551/953 960/1582/1051
f 937/1560/1034 934/1552/1033 961/1583/983
f 938/1555/1035 937/1554/1034 962/1585/984
f 964/1587/986 965/1591/1056 966/1588/1053
f 967/1590/1055 968/1621/1058 965/1591/1056
f 969/1592/1057 970/1596/994 968/1593/1058
f 969/1592/1057 971/1597/1059 972/1595/993
f 971/1597/1059 973/1599/997 974/1598/1060
f 973/1599/997 975/1601/1061 976/1600/998
f 975/1601/1061 977/1603/1063 978/1602/1062
f 963/1589/1054 966/1588/1053 978/1602/1062
f 980/1604/1002 964/1587/986 963/1589/1054
f 981/1606/1004 967/1590/1055 964/1587/986
f 982/1607/1065 969/1592/1057 967/1594/1055
f 982/1607/1065 983/1609/1066 971/1597/1059
f 983/1609/1066 984/1610/1007 973/1599/997
f 984/1610/1007 985/1611/1008 975/1601/1061
f 985/1611/1008 986/1612/1067 977/1603/1063
f 979/1605/1064 963/1589/1054 977/1603/1063
f 955/1586/1052 987/1620/1072 988/1613/1068
f 956/1578/1048 988/1613/1068 989/1614/1069
f 957/1579/979 989/1614/1069 990/1615/1070
f 959/1581/1050 958/1580/1049 990/1615/1070
f 960/1582/1051 959/1581/1050 991/1616/1013
f 961/1583/983 960/1582/1051 992/1617/1014
f 962/1584/984 961/1583/983 993/1618/1015
f 962/1585/984 994/3372/1071 987/1620/1072
f 965/1591/1056 940/1561/1038 939/1563/1040
f 966/1588/1053 939/1563/1040 953/1575/975
f 978/1602/1062 953/1575/975 951/1573/1045
f 974/1598/1060 976/1600/998 951/1573/1045
f 972/1595/993 974/1598/1060 949/1574/974
f 970/1596/994 972/1595/993 947/1571/1044
f 968/1593/1058 970/1596/994 945/1569/1042
f 968/1621/1058 943/3371/967 940/1561/1038
f 996/1622/1018 980/1604/1002 979/1605/1064
f 997/1624/1073 981/1606/1004 980/1604/1002
f 998/1625/1074 982/1607/1065 981/1608/1004
f 983/1609/1066 982/1607/1065 998/1625/1074
f 999/1627/1022 1000/1628/1023 984/1610/1007
f 985/1611/1008 984/1610/1007 1000/1628/1023
f 1001/1629/1075 1002/1630/1076 986/1612/1067
f 995/1623/1019 979/1605/1064 986/1612/1067
f 941/1565/1041 935/1553/955 924/1544/946
f 942/1562/1039 924/1544/946 923/1546/1031
f 954/1577/1047 923/1546/1031 928/1547/1032
f 952/1576/1046 928/1547/1032 927/1549/951
f 948/1570/1043 950/1572/972 927/1549/951
f 946/1567/968 948/1570/1043 932/1558/960
f 944/1568/965 946/1567/968 931/1550/952
f 941/1565/1041 944/1564/965 936/1631/961
f 988/1632/1077 993/1636/1078 992/1633/1078
f 987/1635/1077 994/3373/1078 993/1636/1078
f 989/1634/1078 992/1633/1078 991/1637/1078
f 995/1639/1028 1002/1644/1028 999/1640/1029
f 996/1642/1030 995/1639/1028 998/1641/1028
f 1002/1644/1028 1001/3374/1030 1000/1645/1029
f 1004/1646/1080 1005/1650/1084 1006/1647/1081
f 1007/1649/1083 1008/1651/1085 1005/1650/1084
f 1008/1651/1085 1009/1655/1089 1010/1652/1086
f 1005/1650/1084 1010/1652/1086 1011/1653/1087
f 1010/1652/1086 1012/1656/1090 1013/1654/1088
f 1009/1655/1089 1014/1657/1091 1012/1656/1090
f 1014/1657/1091 1015/3221/1183 1016/1658/1092
f 1012/1656/1090 1016/1658/1092 1017/1659/1093
f 1018/1660/1094 1019/1663/1097 1020/1661/1095
f 1019/1663/1097 1022/1755/1184 1023/1664/1098
f 1020/1661/1095 1023/1664/1098 1024/1665/1099
f 1021/1662/1096 1020/1661/1095 1025/1666/1100
f 1026/1667/1101 1025/1666/1100 1027/1668/1102
f 1025/1666/1100 1024/1665/1099 1029/1670/1104
f 1027/1668/1102 1029/1670/1104 1030/1671/1105
f 1028/1669/1103 1027/1668/1102 1031/1672/1106
f 1034/1674/1108 1035/1678/1112 1036/1675/1109
f 1037/1677/1111 1038/1679/1113 1035/1678/1112
f 1038/1679/1113 1039/1683/1117 1040/1680/1114
f 1035/1678/1112 1040/1680/1114 1041/1681/1115
f 1040/1680/1114 1042/1684/1118 1043/1682/1116
f 1039/1683/1117 1044/1685/1119 1042/1684/1118
f 1044/1685/1119 1045/1738/1172 1046/1686/1120
f 1042/1684/1118 1046/1686/1120 1047/1687/1121
f 1048/1688/1122 1049/1691/1125 1050/1689/1123
f 1049/1691/1125 1052/1757/1186 1053/1692/1126
f 1050/1689/1123 1053/1692/1126 1054/1693/1127
f 1051/1690/1124 1050/1689/1123 1055/1694/1128
f 1056/1695/1129 1055/1694/1128 1057/1696/1130
f 1055/1694/1128 1054/1693/1127 1059/1698/1132
f 1057/1696/1130 1059/1698/1132 1060/1699/1133
f 1058/1697/1131 1057/1696/1130 1061/1700/1134
f 1064/1702/1136 1017/1659/1093 1016/1658/1092
f 1065/1704/1138 1066/1708/1142 1067/1705/1139
f 1063/1703/1137 1067/1705/1139 1068/1706/1140
f 1067/1705/1139 1069/1709/1143 1070/1707/1141
f 1066/1708/1142 1071/1710/1144 1069/1709/1143
f 1071/1710/1144 1072/3375/1187 1073/1711/1145
f 1069/1709/1143 1073/1711/1145 1074/1712/1146
f 1032/1673/1107 1031/1672/1106 1075/1713/1147
f 1031/1672/1106 1030/1671/1105 1077/1715/1149
f 1075/1713/1147 1077/1715/1149 1078/1716/1150
f 1076/1714/1148 1075/1713/1147 1079/1717/1151
f 1080/1718/1152 1079/1717/1151 1081/1719/1153
f 1079/1717/1151 1078/1716/1150 1083/1721/1155
f 1081/1719/1153 1083/1721/1155 1084/1722/1156
f 1082/1720/1154 1081/1719/1153 1085/1723/1157
f 1062/1701/1135 1061/1700/1134 1087/1725/1159
f 1061/1700/1134 1060/1699/1133 1089/1727/1161
f 1087/1725/1159 1089/1727/1161 1090/1728/1162
f 1088/1726/1160 1087/1725/1159 1091/1729/1163
f 1092/1730/1164 1091/1729/1163 1093/1731/1165
f 1091/1729/1163 1090/1728/1162 1095/1733/1167
f 1093/1731/1165 1095/1733/1167 1096/1734/1168
f 1094/1732/1166 1093/1731/1165 1097/1735/1169
f 1046/1686/1120 1099/1739/1173 1100/1737/1171
f 1045/1738/1172 1101/1740/1174 1099/1739/1173
f 1101/1740/1174 1102/1744/1178 1103/1741/1175
f 1099/1739/1173 1103/1741/1175 1104/1742/1176
f 1103/1741/1175 1105/1745/1179 1106/1743/1177
f 1102/1744/1178 1107/1746/1180 1105/1745/1179
f 1107/1746/1180 1108/1756/1185 1109/1747/1181
f 1105/1745/1179 1109/1747/1181 1110/1748/1182
f 1065/1749/1138 1015/1752/1183 1032/1673/1107
f 1076/1714/1148 1080/1718/1152 1066/1750/1142
f 1039/1683/1117 1056/1695/1129 1058/1697/1131
f 1044/1685/1119 1058/1697/1131 1062/1701/1135
f 1030/1671/1105 1060/1699/1133 1059/1698/1132
f 1077/1715/1149 1059/1698/1132 1054/1693/1127
f 1064/1702/1136 1068/1706/1140 1041/1681/1115
f 1043/1682/1116 1047/1687/1121 1017/1659/1093
f 1014/1751/1091 1009/1753/1089 1026/1667/1101
f 1028/1669/1103 1032/1673/1107 1015/1752/1183
f 1024/1665/1099 1090/1728/1162 1089/1727/1161
f 1029/1670/1104 1089/1727/1161 1060/1699/1133
f 1045/1738/1172 1062/1701/1135 1088/1726/1160
f 1101/1740/1174 1088/1726/1160 1092/1730/1164
f 1013/1654/1088 1017/1659/1093 1047/1687/1121
f 1100/1737/1171 1104/1742/1176 1011/1653/1087
f 1009/1753/1089 1008/1754/1085 1021/1662/1096
f 1008/1754/1085 1007/1783/1083 1018/1660/1094
f 1022/1755/1184 1096/1734/1168 1095/1733/1167
f 1090/1728/1162 1024/1665/1099 1023/1664/1098
f 1102/1744/1178 1092/1730/1164 1094/1732/1166
f 1107/1746/1180 1094/1732/1166 1098/1736/1170
f 1006/1647/1081 1011/1653/1087 1104/1742/1176
f 1106/1743/1177 1110/1748/1182 1003/1648/1082
f 1056/1695/1129 1039/1683/1117 1038/1679/1113
f 1037/1677/1111 1048/1688/1122 1051/1690/1124
f 1078/1716/1150 1054/1693/1127 1053/1692/1126
f 1083/1721/1155 1053/1692/1126 1052/1757/1186
f 1071/1758/1144 1066/1750/1142 1080/1718/1152
f 1082/1720/1154 1086/1724/1158 1072/1759/1187
f 1033/1676/1110 1036/1675/1109 1070/1707/1141
f 1036/1675/1109 1041/1681/1115 1068/1706/1140
f 1112/1760/1188 1113/1777/1205 1114/1761/1189
f 1112/1760/1188 1111/1762/1190 1115/1763/1191
f 1116/1764/1192 1115/1763/1191 1117/1765/1193
f 1120/1767/1195 1121/1782/1210 1122/1768/1196
f 1119/1769/1197 1123/3376/1211 1124/1770/1198
f 1124/1770/1198 1123/3376/1211 1118/1766/1194
f 1125/1771/1199 1126/1774/1202 1127/1772/1200
f 1126/1774/1202 1125/1771/1199 1129/1775/1203
f 1127/1772/1200 1114/1761/1189 1113/1777/1205
f 1131/1778/1206 1132/1780/1208 1130/1776/1204
f 1131/1778/1206 1133/1781/1209 1134/1779/1207
f 1133/1781/1209 1122/1768/1196 1121/1782/1210
f 1007/1783/1083 1112/3377/1188 1116/1784/1192
f 1096/1734/1168 1022/1755/1184 1123/1785/1211
f 1110/1748/1182 1125/1795/1199 1128/1787/1201
f 1108/1756/1185 1098/1736/1170 1133/1788/1209
f 1003/1648/1082 1128/1787/1201 1113/1790/1205
f 1004/1646/1080 1113/1790/1205 1112/1791/1188
f 1019/1663/1097 1018/1660/1094 1116/1784/1192
f 1022/1755/1184 1019/1663/1097 1118/1792/1194
f 1097/1735/1169 1096/1734/1168 1119/1786/1197
f 1098/1736/1170 1097/1735/1169 1122/1793/1196
f 1109/1747/1181 1108/1756/1185 1131/1789/1206
f 1109/1747/1181 1129/1794/1203 1125/1795/1199
f 1120/1767/1195 1124/1770/1198 1127/1772/1200
f 1114/1761/1189 1127/1772/1200 1124/1770/1198
f 1111/1762/1190 1114/1761/1189 1117/1765/1193
f 1126/1774/1202 1130/1776/1204 1121/1782/1210
f 1130/1776/1204 1132/1780/1208 1134/1779/1207
f 1135/1796/1212 1136/1811/1218 1137/1797/1213
f 1137/1797/1213 1139/1800/1215 1140/1799/1214
f 1139/1800/1215 1141/3378/244 1142/1801/221
f 1141/1802/244 1143/1805/246 1144/1803/245
f 1143/1805/246 1145/3379/210 1146/1806/207
f 1146/1806/207 1145/3379/210 1147/1807/171
f 1148/1808/1216 1147/1807/171 1149/1809/1217
f 1150/1810/211 1149/1809/1217 1136/1811/1218
f 1136/1821/1220 1160/1834/1232 1161/1822/1221
f 1161/1822/1221 1162/1825/1223 1139/1824/1222
f 1162/1825/1223 1163/3380/1224 1141/1826/1224
f 1141/1826/1224 1163/3380/1224 1164/1827/1225
f 1143/1828/1226 1164/1827/1225 1165/1829/1227
f 1165/1829/1227 1166/1832/1230 1147/1831/1229
f 1166/1832/1230 1167/3381/1231 1149/1833/1231
f 1149/1833/1231 1167/3381/1231 1160/1834/1232
f 1160/1835/194 1168/1850/1293 1169/1836/194
f 1169/1836/1233 1170/1839/1294 1162/1838/1233
f 1170/1839/1235 1171/3382/1716 1163/1840/1235
f 1171/1841/266 1172/1844/327 1164/1842/197
f 1172/1844/267 1173/3383/1746 1165/1845/267
f 1165/1845/139 1173/3383/1747 1174/1846/268
f 1166/1847/1237 1174/1846/1237 1175/1848/1237
f 1167/1849/270 1175/1848/1748 1168/1850/270
f 1168/1851/1239 1176/1864/1241 1177/1852/580
f 1177/1852/580 1178/1855/580 1170/1854/1240
f 1178/1855/580 1179/3384/1497 1171/1856/316
f 1171/1856/316 1179/3384/1497 1180/1857/373
f 1172/1858/580 1180/1857/373 1181/1859/316
f 1181/1859/316 1182/1862/316 1174/1861/316
f 1182/1862/316 1183/3385/1749 1175/1863/316
f 1175/1863/316 1183/3385/1749 1176/1864/1241
f 1151/1865/275 1153/3386/210 1177/1866/1242
f 1177/1866/1242 1153/3386/210 1154/1868/278
f 1178/1869/1243 1154/1868/278 1155/1870/211
f 1179/1872/249 1155/3387/211 1156/1873/1244
f 1180/1874/283 1156/1873/1244 1157/1875/285
f 1157/1875/285 1158/1878/219 1182/1877/1245
f 1158/1878/219 1159/1880/221 1183/1879/220
f 1159/1880/221 1151/1865/275 1176/1867/277
f 1185/1881/1246 1186/1909/1266 1187/1882/1247
f 1189/1884/316 1190/1932/316 1191/1885/316
f 1189/1887/1249 1192/1898/1258 1193/1888/1250
f 1192/1890/1252 1194/1902/1262 1195/1891/176
f 1194/1893/1253 1188/1899/1259 1191/1894/1254
f 1188/1886/1256 1196/1914/1256 1197/1896/1256
f 1189/1887/1249 1197/1916/1750 1198/1897/1257
f 1188/1899/1259 1194/1893/1253 1199/1900/1260
f 1194/1902/1262 1192/1890/1252 1198/1903/1263
f 1201/1905/316 1185/3388/316 1184/1906/580
f 1201/1908/1265 1202/1929/1283 1186/1909/1266
f 1202/1910/177 1203/1930/176 1187/1911/177
f 1203/1913/1267 1200/1931/1284 1184/1883/1248
f 1196/1914/1268 1204/1922/1268 1205/1915/1268
f 1197/1916/1269 1205/3389/1751 1206/1917/1270
f 1196/1901/1272 1199/1900/1752 1207/1918/1273
f 1199/1904/1264 1198/1903/1263 1206/1920/1275
f 1204/1922/1277 1208/3390/1277 1209/1923/1277
f 1206/1917/1278 1205/3389/1278 1209/1924/1279
f 1207/1918/1280 1211/3391/1281 1208/1926/1281
f 1207/1921/1276 1206/1920/1275 1210/1927/1282
f 1190/1889/1251 1193/1888/1250 1202/1929/1283
f 1193/1892/177 1195/1891/176 1203/1930/176
f 1195/1895/1255 1191/1894/1254 1200/1931/1284
f 1190/1932/316 1201/1905/316 1200/1907/316
f 1210/1933/316 1209/3392/316 1208/1934/580
f 1213/1936/1285 1214/3393/1285 1215/1937/161
f 1213/1939/1285 1216/1942/242 1217/1940/1214
f 1216/1942/242 1218/1944/167 1219/1943/166
f 1218/1944/167 1220/1946/1287 1221/1945/1286
f 1220/1946/1287 1222/1949/1289 1223/1947/1288
f 1224/1948/171 1225/1951/1216 1223/1947/1288
f 1226/1950/173 1227/1952/175 1225/1951/1216
f 1212/1938/162 1215/1937/161 1227/1952/175
f 1215/1962/180 1214/1966/254 1237/1963/254
f 1217/1965/183 1239/1968/186 1237/1963/254
f 1219/1967/185 1240/1970/185 1239/1968/186
f 1219/1967/185 1221/1971/188 1241/1969/187
f 1221/1971/188 1223/1974/189 1242/1972/189
f 1225/1973/1291 1243/1976/193 1242/1972/189
f 1227/1975/192 1244/1977/192 1243/1976/193
f 1227/1975/192 1215/1962/180 1238/1964/1290
f 1237/1978/1292 1245/3394/1292 1246/1979/1292
f 1237/1981/1294 1239/1984/133 1247/1982/1294
f 1239/1984/1235 1240/1986/1235 1248/1985/1235
f 1240/1986/1295 1241/1988/1295 1249/1987/1295
f 1241/1988/267 1242/1991/267 1250/1989/267
f 1243/1990/139 1251/1993/139 1250/1989/139
f 1244/1992/1296 1252/1994/1296 1251/1993/1296
f 1238/1980/1297 1246/1979/1238 1252/1994/1297
f 1246/1995/177 1245/1999/177 1253/1996/177
f 1247/1998/177 1255/2001/177 1253/1996/177
f 1248/2000/177 1256/2003/177 1255/2001/177
f 1248/2000/177 1249/2004/177 1257/2002/177
f 1249/2004/177 1250/2007/179 1258/2005/177
f 1251/2006/177 1259/2009/274 1258/2005/177
f 1252/2008/177 1260/2010/177 1259/2009/274
f 1252/2008/177 1246/1995/177 1254/1997/177
f 1254/2011/206 1253/3395/1288 1229/2012/1288
f 1255/2014/278 1231/2018/280 1229/2015/1288
f 1256/2017/211 1232/2020/214 1231/2018/280
f 1257/2019/1244 1233/2022/283 1232/2020/214
f 1258/2021/160 1234/2024/160 1233/2022/283
f 1258/2021/160 1259/2025/286 1235/2023/284
f 1259/2025/286 1260/2027/221 1236/2026/220
f 1260/2027/221 1254/2011/206 1228/2013/208
f 1261/2028/1214 1262/2032/238 1263/2029/238
f 1265/2031/1212 1266/2034/162 1263/2029/238
f 1267/2033/211 1268/2036/1217 1266/2034/162
f 1269/2035/1216 1270/2038/171 1268/2036/1217
f 1271/2037/1288 1272/2040/1288 1270/2038/171
f 1271/2037/1288 1273/2041/1286 1274/2039/169
f 1273/2041/1286 1275/3396/221 1276/2042/167
f 1275/2043/221 1261/2028/1214 1264/2030/1215
f 1264/2054/1298 1263/2058/1299 1286/2055/1221
f 1266/2057/1220 1288/2060/1232 1286/2055/1221
f 1268/2059/1231 1289/2062/1301 1288/2060/1232
f 1268/2059/1231 1270/2063/1229 1290/2061/1300
f 1270/2063/1229 1272/2066/1303 1291/2064/1302
f 1274/2065/1226 1292/2068/1304 1291/2064/1302
f 1276/2067/1224 1293/2069/1224 1292/2068/1304
f 1276/2067/1224 1264/2054/1298 1287/2056/1223
f 1287/2070/1294 1286/2074/1294 1294/2071/1294
f 1288/2073/1306 1296/2076/194 1294/2071/1306
f 1289/2075/1297 1297/2078/1297 1296/2076/1297
f 1290/2077/1296 1298/2080/201 1297/2078/1296
f 1291/2079/268 1299/2082/268 1298/2080/268
f 1291/2079/199 1292/2083/1499 1300/2081/199
f 1292/2083/1295 1293/3397/1295 1301/2084/1295
f 1293/2085/1307 1287/2070/1307 1295/2072/1307
f 1295/2087/316 1294/2091/373 1302/2088/316
f 1296/2090/316 1304/2093/1239 1302/2088/316
f 1297/2092/580 1305/2095/316 1304/2093/1239
f 1297/2092/580 1298/2096/1219 1306/2094/1219
f 1298/2096/1219 1299/2099/373 1307/2097/373
f 1300/2098/316 1308/2101/316 1307/2097/373
f 1301/2100/316 1309/2102/316 1308/2101/316
f 1301/2100/316 1295/2087/316 1303/2089/316
f 1302/2103/1308 1278/2107/1310 1277/2104/278
f 1302/2103/1308 1304/2108/208 1280/2106/1309
f 1304/2108/208 1305/2110/167 1281/2109/221
f 1305/2110/167 1306/2112/284 1282/2111/286
f 1306/2112/284 1307/2115/1311 1283/2113/160
f 1308/2114/216 1284/2117/1244 1283/2113/160
f 1309/2116/249 1285/3398/211 1284/2117/1244
f 1303/2105/280 1277/2104/278 1285/2118/211
f 1310/2120/1214 1311/3399/1213 1312/2121/160
f 1314/2123/239 1315/2127/1313 1312/2124/160
f 1316/2126/251 1317/2129/249 1315/2127/1313
f 1318/2128/1216 1319/2131/171 1317/2129/249
f 1320/2130/1308 1321/2133/1308 1319/2131/171
f 1320/2130/1308 1322/2134/245 1323/2132/246
f 1322/2134/245 1324/2136/221 1325/2135/1314
f 1324/2136/221 1310/2120/1214 1313/2122/1312
f 1313/2146/1298 1312/2150/1221 1335/2147/1221
f 1315/2149/1220 1337/2152/1232 1335/2147/1221
f 1317/2151/1231 1338/2154/1231 1337/2152/1232
f 1317/2151/1231 1319/2155/1229 1339/2153/1316
f 1319/2155/1229 1321/2158/1303 1340/2156/1303
f 1323/2157/1226 1341/2160/1304 1340/2156/1303
f 1325/2159/1224 1342/2161/1224 1341/2160/1304
f 1325/2159/1224 1313/2146/1298 1336/2148/1315
f 1336/2162/1294 1335/3400/1294 1343/2163/1294
f 1337/2165/1293 1345/2169/194 1343/2166/1293
f 1338/2168/1297 1346/2171/271 1345/2169/1297
f 1339/2170/1296 1347/2173/1296 1346/2171/1296
f 1340/2172/268 1348/2175/268 1347/2173/268
f 1340/2172/267 1341/2176/267 1349/2174/267
f 1341/2176/327 1342/2178/327 1350/2177/327
f 1342/2178/1235 1336/2162/1235 1344/2164/1235
f 1344/2179/316 1343/2183/373 1351/2180/373
f 1345/2182/373 1353/2185/373 1351/2180/373
f 1346/2184/316 1354/2187/316 1353/2185/373
f 1346/2184/316 1347/2188/1219 1355/2186/1219
f 1347/2188/1219 1348/2191/373 1356/2189/373
f 1349/2190/373 1357/2193/373 1356/2189/373
f 1350/2192/316 1358/2194/580 1357/2193/373
f 1350/2192/316 1344/2179/316 1352/2181/316
f 1351/2195/1288 1327/3401/1288 1326/2196/1318
f 1351/2198/1288 1353/2201/208 1329/2199/206
f 1353/2201/208 1354/2203/220 1330/2202/221
f 1354/2203/220 1355/2205/1245 1331/2204/219
f 1355/2205/1245 1356/2208/1285 1332/2206/238
f 1357/2207/1320 1333/2210/281 1332/2206/238
f 1358/2209/249 1334/2211/211 1333/2210/281
f 1352/2197/1319 1326/2196/1318 1334/2211/211
f 1359/2212/1212 1360/2227/240 1361/2213/1321
f 1361/2213/1321 1363/2216/242 1364/2215/1214
f 1363/2216/242 1365/3402/1314 1366/2217/221
f 1365/2218/1314 1367/2221/246 1368/2219/245
f 1367/2221/246 1369/3403/1308 1370/2222/1288
f 1370/2222/1288 1369/3403/1308 1371/2223/1322
f 1372/2224/250 1371/2223/1322 1373/2225/1217
f 1374/2226/211 1373/2225/1217 1360/2227/240
f 1360/2237/1220 1384/2250/1232 1385/2238/1221
f 1385/2238/1221 1386/2241/1223 1363/2240/1298
f 1386/2241/1223 1387/3404/1224 1365/2242/1224
f 1365/2242/1224 1387/3404/1224 1388/2243/1225
f 1367/2244/1226 1388/2243/1225 1389/2245/1326
f 1389/2245/1326 1390/2248/1230 1371/2247/1229
f 1390/2248/1230 1391/3405/1231 1373/2249/1231
f 1373/2249/1231 1391/3405/1231 1384/2250/1232
f 1384/2251/1327 1392/2266/1327 1393/2252/1327
f 1393/2252/1328 1394/2255/1328 1386/2254/1328
f 1394/2255/1235 1395/3406/1235 1387/2256/1235
f 1395/2257/1295 1396/2260/1295 1388/2258/1295
f 1396/2260/199 1397/3407/1753 1389/2261/199
f 1389/2261/1330 1397/3407/1717 1398/2262/1330
f 1390/2263/201 1398/2262/201 1399/2264/201
f 1391/2265/270 1399/2264/270 1392/2266/270
f 1392/2267/580 1400/2280/580 1401/2268/316
f 1401/2268/316 1402/2271/316 1394/2270/316
f 1402/2271/316 1403/3408/316 1395/2272/316
f 1395/2272/316 1403/3408/316 1404/2273/1219
f 1396/2274/316 1404/2273/1219 1405/2275/316
f 1405/2275/316 1406/2278/1219 1398/2277/1219
f 1406/2278/1219 1407/3409/316 1399/2279/316
f 1399/2279/316 1407/3409/316 1400/2280/580
f 1375/2281/206 1377/3410/248 1401/2282/1331
f 1401/2282/1331 1377/3410/248 1378/2284/1332
f 1402/2285/280 1378/2284/1332 1379/2286/251
f 1403/2288/214 1379/3411/251 1380/2289/213
f 1404/2290/216 1380/2289/213 1381/2291/1311
f 1381/2291/1311 1382/2294/1334 1406/2293/1245
f 1382/2294/1334 1383/2296/221 1407/2295/220
f 1383/2296/221 1375/2281/206 1400/2283/208
f 1408/2297/161 1409/2313/1313 1410/2298/238
f 1410/2300/238 1412/2303/242 1413/2301/1214
f 1412/2303/242 1414/2305/220 1415/2304/243
f 1414/2305/220 1416/2307/246 1417/2306/245
f 1416/2307/246 1418/3412/1288 1419/2308/1288
f 1419/2308/1288 1418/3412/1288 1420/2309/171
f 1421/2310/1335 1420/2309/171 1422/2311/214
f 1423/2312/211 1422/2311/214 1409/2313/1313
f 1409/2323/1220 1433/2336/1232 1434/2324/1221
f 1434/2324/1221 1435/2327/1315 1412/2326/1298
f 1435/2327/1315 1436/3413/1224 1414/2328/1224
f 1414/2328/1224 1436/3413/1224 1437/2329/1336
f 1416/2330/1226 1437/2329/1336 1438/2331/1303
f 1438/2331/1303 1439/2334/1337 1420/2333/1229
f 1439/2334/1337 1440/3414/1231 1422/2335/1231
f 1422/2335/1231 1440/3414/1231 1433/2336/1232
f 1433/2337/1306 1441/2353/1306 1442/2338/1306
f 1442/2340/1294 1443/2343/1294 1435/2341/1294
f 1443/2343/1307 1444/2345/1307 1436/2344/1307
f 1444/2345/1295 1445/2347/1295 1437/2346/1295
f 1445/2347/267 1446/3415/1369 1438/2348/267
f 1438/2348/268 1446/3415/268 1447/2349/268
f 1439/2350/201 1447/2349/201 1448/2351/201
f 1440/2352/270 1448/2351/270 1441/2353/1297
f 1441/2354/1338 1449/2367/1338 1450/2355/373
f 1450/2355/373 1451/2358/1219 1443/2357/1219
f 1451/2358/1219 1452/3416/580 1444/2359/580
f 1444/2359/580 1452/3416/580 1453/2360/316
f 1445/2361/316 1453/2360/316 1454/2362/316
f 1454/2362/316 1455/2365/373 1447/2364/316
f 1455/2365/373 1456/3417/316 1448/2366/316
f 1448/2366/316 1456/3417/316 1449/2367/1338
f 1424/2368/206 1426/3418/1288 1450/2369/1288
f 1450/2371/1288 1426/3419/1288 1427/2372/1318
f 1451/2373/1339 1427/2372/1318 1428/2374/211
f 1452/2375/214 1428/2374/211 1429/2376/281
f 1453/2377/1320 1429/2376/281 1430/2378/160
f 1430/2378/160 1431/2381/219 1455/2380/217
f 1431/2381/219 1432/2383/221 1456/2382/220
f 1432/2383/221 1424/2368/206 1449/2370/208
f 1457/2384/1247 1458/2411/1353 1459/2385/1246
f 1462/2387/177 1463/2433/176 1464/2388/177
f 1463/2390/1340 1465/2430/1367 1466/2391/1341
f 1466/2393/1343 1465/2431/316 1467/2394/316
f 1467/2396/1254 1462/2432/1255 1461/2397/1345
f 1464/2388/1347 1469/2414/1347 1470/2399/1348
f 1471/2400/1349 1469/2417/1754 1464/2392/1342
f 1461/2397/1345 1470/2418/1755 1472/2401/1350
f 1472/2402/1351 1471/2421/1364 1466/2393/1343
f 1457/2403/177 1460/3420/273 1474/2404/176
f 1460/2386/1266 1459/2385/1246 1475/2406/1265
f 1475/2408/580 1459/3421/1497 1458/2409/316
f 1458/2411/1353 1457/2384/1247 1473/2412/1354
f 1469/2414/1355 1477/2422/1355 1478/2415/1356
f 1479/2416/1357 1477/2425/1756 1469/2417/1358
f 1470/2418/1360 1478/2426/1757 1480/2419/1361
f 1480/2420/1363 1479/2429/1366 1471/2421/1364
f 1477/2422/1277 1481/3422/1277 1482/2423/1277
f 1483/2424/1278 1481/3423/1278 1477/2425/1279
f 1478/2426/1365 1482/3424/1280 1484/2427/1280
f 1484/2428/1282 1483/3425/1282 1479/2429/1366
f 1474/2407/1352 1475/2406/1265 1465/2430/1367
f 1465/2431/316 1475/2408/580 1476/2410/580
f 1476/2413/1284 1473/2412/1354 1462/2432/1255
f 1473/2405/177 1474/2404/176 1463/2433/176
f 1483/2434/176 1484/3426/177 1482/2435/177
f 1486/2437/1214 1487/3427/238 1488/2438/238
f 1488/2438/238 1487/3427/238 1489/2440/161
f 1490/2441/1218 1489/2440/161 1491/2442/175
f 1492/2443/214 1491/2442/175 1493/2444/1216
f 1494/2445/171 1493/2444/1216 1495/2446/1288
f 1495/2448/1288 1497/2451/245 1498/2449/246
f 1497/2451/245 1499/2453/243 1500/2452/220
f 1499/2453/243 1486/2437/1214 1485/2439/242
f 1486/2463/183 1510/2476/258 1511/2464/254
f 1511/2464/254 1512/2467/1290 1489/2466/180
f 1512/2467/1290 1513/3428/192 1491/2468/192
f 1491/2468/192 1513/3428/192 1514/2469/193
f 1493/2470/1291 1514/2469/193 1515/2471/189
f 1515/2471/189 1516/2474/187 1497/2473/188
f 1516/2474/187 1517/3429/185 1499/2475/185
f 1499/2475/185 1517/3429/185 1510/2476/258
f 1518/2477/1368 1519/3430/1305 1511/2478/1368
f 1511/2478/1292 1519/3430/1292 1520/2480/1292
f 1512/2481/1297 1520/2480/1238 1521/2482/1297
f 1513/2483/201 1521/2482/1296 1522/2484/201
f 1514/2485/268 1522/2484/268 1523/2486/268
f 1523/2488/267 1524/2491/200 1516/2489/267
f 1524/2491/1295 1525/2493/327 1517/2492/1295
f 1525/2493/1307 1518/2477/1307 1510/2479/1307
f 1518/2494/179 1526/2507/179 1527/2495/177
f 1527/2495/177 1528/2498/176 1520/2497/176
f 1528/2498/176 1529/3431/177 1521/2499/177
f 1521/2499/177 1529/3431/177 1530/2500/176
f 1522/2501/176 1530/2500/176 1531/2502/177
f 1531/2502/177 1532/2505/177 1524/2504/177
f 1532/2505/177 1533/3432/177 1525/2506/177
f 1525/2506/177 1533/3432/177 1526/2507/179
f 1526/2508/209 1501/2523/1319 1503/2509/1288
f 1503/2509/1288 1504/2512/277 1528/2511/275
f 1504/2512/277 1505/2514/244 1529/2513/1370
f 1505/2514/244 1506/2516/217 1530/2515/1371
f 1506/2516/217 1507/3433/238 1531/2517/238
f 1531/2518/238 1507/3434/238 1508/2519/1320
f 1532/2520/281 1508/2519/1320 1509/2521/173
f 1533/2522/211 1509/2521/173 1501/2523/1319
f 1535/2524/1372 1536/3435/238 1537/2525/238
f 1537/2525/238 1536/3435/238 1538/2527/161
f 1539/2528/162 1538/2527/161 1540/2529/175
f 1541/2530/173 1540/2529/175 1542/2531/1216
f 1543/2532/171 1542/2531/1216 1544/2533/1288
f 1544/2535/1288 1546/2538/245 1547/2536/246
f 1546/2538/245 1548/2540/221 1549/2539/167
f 1548/2540/221 1535/2524/1372 1534/2526/1312
f 1535/2550/183 1559/2563/258 1560/2551/254
f 1560/2551/254 1561/2554/1374 1538/2553/180
f 1561/2554/1374 1562/3436/192 1540/2555/192
f 1540/2555/192 1562/3436/192 1563/2556/260
f 1542/2557/1291 1563/2556/260 1564/2558/189
f 1564/2558/189 1565/2561/187 1546/2560/188
f 1565/2561/187 1566/3437/185 1548/2562/185
f 1548/2562/185 1566/3437/185 1559/2563/258
f 1567/2564/1294 1568/3438/1294 1560/2565/1294
f 1560/2565/1293 1568/3438/1306 1569/2567/1293
f 1561/2568/1297 1569/2567/1297 1570/2569/1297
f 1562/2570/1296 1570/2569/1296 1571/2571/1296
f 1563/2572/1330 1571/2571/1330 1572/2573/1330
f 1572/2575/267 1573/2578/267 1565/2576/267
f 1573/2578/1295 1574/2580/1295 1566/2579/1295
f 1574/2580/1235 1567/2564/1307 1559/2566/1235
f 1567/2581/177 1575/2594/177 1576/2582/177
f 1576/2582/177 1577/2585/177 1569/2584/177
f 1577/2585/177 1578/3439/177 1570/2586/177
f 1570/2586/177 1578/3439/177 1579/2587/179
f 1571/2588/177 1579/2587/179 1580/2589/177
f 1580/2589/177 1581/2592/176 1573/2591/177
f 1581/2592/176 1582/3440/177 1574/2593/177
f 1574/2593/177 1582/3440/177 1575/2594/177
f 1575/2595/1318 1550/2610/280 1552/2596/1289
f 1552/2596/1289 1553/2599/208 1577/2598/206
f 1553/2599/208 1554/2601/244 1578/2600/221
f 1554/2601/244 1555/2603/217 1579/2602/219
f 1555/2603/217 1556/3441/238 1580/2604/238
f 1580/2605/238 1556/3442/238 1557/2606/216
f 1581/2607/1244 1557/2606/216 1558/2608/214
f 1582/2609/251 1558/2608/214 1550/2610/280
f 1583/2611/1375 1584/2617/1381 1585/2612/1376
f 1586/2613/1377 1585/2612/1376 1587/2614/1378
f 1585/2612/1376 1589/2618/1382 1590/2616/1380
f 1584/2617/1381 1591/2619/1383 1589/2618/1382
f 1591/2619/1383 1592/2623/1387 1593/2620/1384
f 1589/2618/1382 1593/2620/1384 1594/2621/1385
f 1593/2620/1384 1595/2624/1388 1596/2622/1386
f 1592/2623/1387 1597/2661/1425 1595/2624/1388
f 1599/2625/1389 1600/2628/1392 1601/2626/1390
f 1600/2628/1392 1602/2631/1395 1603/2629/1393
f 1604/2630/1394 1605/2635/1399 1602/2631/1395
f 1606/2632/1396 1604/2630/1394 1600/2628/1392
f 1607/2633/1397 1608/2634/1398 1604/2630/1394
f 1608/2634/1398 1609/2637/1401 1605/2635/1399
f 1610/2636/1400 1611/2672/1436 1609/2637/1401
f 1612/2638/1402 1610/2636/1400 1608/2634/1398
f 1613/2639/1403 1614/2643/1407 1615/2640/1404
f 1617/2642/1406 1618/2644/1408 1614/2643/1407
f 1618/2644/1408 1619/2648/1412 1620/2645/1409
f 1614/2643/1407 1620/2645/1409 1621/2646/1410
f 1620/2645/1409 1622/2649/1413 1623/2647/1411
f 1619/2648/1412 1624/2691/1455 1622/2649/1413
f 1626/2650/1414 1627/2657/1421 1628/2651/1415
f 1630/2653/1417 1626/2650/1414 1625/2652/1416
f 1631/2655/1419 1632/2656/1420 1626/2650/1414
f 1632/2656/1420 1633/2659/1423 1627/2657/1421
f 1634/2658/1422 1635/2681/1445 1633/2659/1423
f 1636/2660/1424 1634/2658/1422 1632/2656/1420
f 1597/2661/1425 1637/2665/1429 1638/2662/1426
f 1595/2624/1388 1638/2662/1426 1639/2663/1427
f 1638/2662/1426 1640/2666/1430 1641/2664/1428
f 1637/2665/1429 1642/2667/1431 1640/2666/1430
f 1642/2667/1431 1643/2709/1468 1644/2668/1432
f 1640/2666/1430 1644/2668/1432 1645/2669/1433
f 1646/2670/1434 1647/2671/1435 1610/2636/1400
f 1647/2671/1435 1648/2674/1438 1611/2672/1436
f 1649/2673/1437 1650/2678/1442 1648/2674/1438
f 1651/2675/1439 1649/2673/1437 1647/2671/1435
f 1652/2676/1440 1653/2677/1441 1649/2673/1437
f 1653/2677/1441 1654/2708/1467 1650/2678/1442
f 1655/2679/1443 1656/2680/1444 1634/2658/1422
f 1656/2680/1444 1657/2683/1447 1635/2681/1445
f 1658/2682/1446 1659/2687/1451 1657/2683/1447
f 1660/2684/1448 1658/2682/1446 1656/2680/1444
f 1661/2685/1449 1662/2686/1450 1658/2682/1446
f 1662/2686/1450 1663/2689/1453 1659/2687/1451
f 1664/2688/1452 1665/2710/1469 1663/2689/1453
f 1666/2690/1454 1664/2688/1452 1662/2686/1450
f 1624/2691/1455 1667/2695/1459 1668/2692/1456
f 1622/2649/1413 1668/2692/1456 1669/2693/1457
f 1668/2692/1456 1670/2696/1460 1671/2694/1458
f 1667/2695/1459 1672/2697/1461 1670/2696/1460
f 1672/2697/1461 1673/2701/1465 1674/2698/1462
f 1670/2696/1460 1674/2698/1462 1675/2699/1463
f 1674/2698/1462 1676/2702/1466 1677/2700/1464
f 1673/2701/1465 1678/2713/1470 1676/2702/1466
f 1646/2670/1434 1612/2638/1402 1596/2622/1386
f 1639/2663/1427 1641/2664/1428 1651/2675/1439
f 1621/2703/1410 1631/2655/1419 1630/2653/1417
f 1623/2705/1411 1636/2660/1424 1631/2655/1419
f 1648/2674/1438 1633/2659/1423 1635/2681/1445
f 1650/2678/1442 1627/2657/1421 1633/2659/1423
f 1637/2665/1429 1597/2661/1425 1624/2691/1455
f 1619/2648/1412 1618/2644/1408 1642/2667/1431
f 1607/2633/1397 1606/2632/1396 1590/2616/1380
f 1594/2621/1385 1596/2622/1386 1612/2638/1402
f 1609/2637/1401 1657/2683/1447 1659/2687/1451
f 1609/2637/1401 1611/2672/1436 1635/2681/1445
f 1669/2706/1457 1655/2679/1443 1636/2660/1424
f 1671/2707/1458 1660/2684/1448 1655/2679/1443
f 1592/2623/1387 1591/2619/1383 1672/2697/1461
f 1624/2691/1455 1597/2661/1425 1592/2623/1387
f 1629/2654/1418 1616/2747/1405 1615/2704/1404
f 1654/2708/1467 1628/2651/1415 1627/2657/1421
f 1652/2676/1440 1651/2675/1439 1641/2664/1428
f 1643/2709/1468 1642/2667/1431 1618/2644/1408
f 1606/2632/1396 1599/2625/1389 1587/2614/1378
f 1599/2625/1389 1598/2627/1391 1588/2615/1379
f 1663/2689/1453 1602/2631/1395 1605/2635/1399
f 1602/2631/1395 1663/2689/1453 1665/2710/1469
f 1675/2711/1463 1661/2685/1449 1660/2684/1448
f 1677/2712/1464 1666/2690/1454 1661/2685/1449
f 1591/2619/1383 1584/2617/1381 1673/2701/1465
f 1584/2617/1381 1583/2611/1375 1678/2713/1470
f 1680/2714/1471 1681/2722/1478 1682/2715/1472
f 1683/2717/1474 1684/2720/1476 1679/2716/1473
f 1683/2717/1474 1685/2728/1484 1686/2719/1475
f 1680/2714/1471 1687/2724/1480 1688/2721/1477
f 1689/2723/1479 1690/2736/1492 1688/2721/1477
f 1691/2725/1481 1692/2729/1485 1693/2726/1482
f 1694/2727/1483 1686/2719/1475 1685/2728/1484
f 1692/2729/1485 1695/3443/1494 1696/2730/1486
f 1696/2730/1486 1695/3443/1494 1698/2731/1487
f 1699/2733/1489 1700/2735/1491 1697/2732/1488
f 1699/2733/1489 1701/3444/1493 1702/2734/1490
f 1702/2734/1490 1701/3444/1493 1690/2736/1492
f 1688/2737/1477 1617/2642/1406 1613/2639/1403
f 1681/2738/1478 1613/2639/1403 1616/2641/1405
f 1629/2654/1418 1625/2652/1416 1685/2740/1484
f 1625/2652/1416 1628/2651/1415 1691/2742/1481
f 1644/2668/1432 1701/2744/1493 1699/2743/1489
f 1643/2709/1468 1690/2750/1492 1701/2744/1493
f 1695/2745/1494 1692/2749/1485 1654/2708/1467
f 1698/2746/1487 1695/2745/1494 1653/2677/1441
f 1616/2747/1405 1629/2654/1418 1683/2741/1474
f 1692/2749/1485 1691/2742/1481 1628/2651/1415
f 1645/2669/1433 1699/2743/1489 1698/2746/1487
f 1617/2642/1406 1688/2737/1477 1690/2750/1492
f 1702/2734/1490 1689/2723/1479 1693/2726/1482
f 1700/2735/1491 1702/2734/1490 1696/2730/1486
f 1689/2723/1479 1687/2724/1480 1694/2727/1483
f 1687/2724/1480 1680/2714/1471 1686/2719/1475
f 1680/2714/1471 1679/2716/1473 1684/2720/1476
f 1703/2751/239 1704/2767/1218 1705/2752/160
f 1705/2754/160 1707/2757/1312 1708/2755/1495
f 1707/2757/1312 1709/2759/167 1710/2758/221
f 1709/2759/167 1711/2761/1496 1712/2760/1286
f 1711/2761/1496 1713/3445/1308 1714/2762/1288
f 1714/2762/1288 1713/3445/1308 1715/2763/1322
f 1716/2764/250 1715/2763/1322 1717/2765/173
f 1718/2766/175 1717/2765/173 1704/2767/1218
f 1704/2777/1220 1728/2790/1232 1729/2778/1221
f 1729/2778/1221 1730/2781/1223 1707/2780/1298
f 1730/2781/1223 1731/3446/1224 1709/2782/1224
f 1709/2782/1224 1731/3446/1224 1732/2783/1498
f 1711/2784/1226 1732/2783/1498 1733/2785/1303
f 1733/2785/1303 1734/2788/1300 1715/2787/1229
f 1734/2788/1300 1735/3447/1231 1717/2789/1231
f 1717/2789/1231 1735/3447/1231 1728/2790/1232
f 1728/2791/1317 1736/2807/1317 1737/2792/1317
f 1737/2794/1368 1738/2797/133 1730/2795/1368
f 1738/2797/1307 1739/2799/1235 1731/2798/1307
f 1739/2799/1295 1740/2801/1295 1732/2800/1295
f 1740/2801/267 1741/3448/267 1733/2802/267
f 1733/2802/268 1741/3448/268 1742/2803/268
f 1734/2804/1296 1742/2803/1296 1743/2805/1296
f 1735/2806/1297 1743/2805/1297 1736/2807/1297
f 1736/2808/1324 1744/2821/1323 1745/2809/316
f 1745/2809/316 1746/2812/1241 1738/2811/1239
f 1746/2812/1241 1747/3449/580 1739/2813/580
f 1739/2813/580 1747/3449/580 1748/2814/373
f 1740/2815/373 1748/2814/373 1749/2816/373
f 1749/2816/373 1750/2819/373 1742/2818/373
f 1750/2819/373 1751/3450/316 1743/2820/316
f 1743/2820/316 1751/3450/316 1744/2821/1323
f 1719/2822/206 1721/3451/1288 1745/2823/1288
f 1745/2825/1288 1721/3452/1288 1722/2826/1318
f 1746/2827/1339 1722/2826/1318 1723/2828/251
f 1747/2829/249 1723/2828/251 1724/2830/213
f 1748/2831/216 1724/2830/213 1725/2832/238
f 1725/2832/238 1726/2835/1500 1750/2834/284
f 1726/2835/1500 1727/2837/221 1751/2836/220
f 1727/2837/221 1719/2822/206 1744/2824/208
f 1753/2838/1501 1754/2841/1504 1755/2839/1502
f 1754/2841/1504 1756/2844/1507 1757/2842/1505
f 1758/2843/1506 1759/2848/1511 1756/2844/1507
f 1760/2845/1508 1758/2843/1506 1754/2841/1504
f 1761/2846/1509 1762/2847/1510 1758/2843/1506
f 1762/2847/1510 1763/2850/1513 1759/2848/1511
f 1764/2849/1512 1765/2895/1543 1763/2850/1513
f 1766/2851/1514 1764/2849/1512 1762/2847/1510
f 1767/2852/1083 1768/2858/1085 1769/2853/1515
f 1770/2854/1516 1769/2853/1515 1771/2855/1081
f 1769/2853/1515 1773/2859/1518 1774/2857/1087
f 1768/2858/1085 1775/2860/1089 1773/2859/1518
f 1775/2860/1089 1776/2864/1091 1777/2861/1519
f 1773/2859/1518 1777/2861/1519 1778/2862/1088
f 1777/2861/1519 1779/2865/1521 1780/2863/1520
f 1776/2864/1091 1781/2906/1552 1779/2865/1521
f 1783/2866/1522 1784/2869/1524 1785/2867/1125
f 1784/2869/1524 1786/2872/1526 1787/2870/1122
f 1788/2871/1525 1789/2876/1530 1786/2872/1526
f 1790/2873/1527 1788/2871/1525 1784/2869/1524
f 1791/2874/1528 1792/2875/1529 1788/2871/1525
f 1792/2875/1529 1793/2878/1532 1789/2876/1530
f 1794/2877/1531 1795/2932/1569 1793/2878/1532
f 1796/2879/1533 1794/2877/1531 1792/2875/1529
f 1797/2880/1534 1798/2886/1113 1799/2881/1535
f 1800/2882/1536 1799/2881/1535 1801/2883/1109
f 1799/2881/1535 1803/2887/1538 1804/2885/1115
f 1798/2886/1113 1805/2888/1117 1803/2887/1538
f 1805/2888/1117 1806/2892/1540 1807/2889/1539
f 1803/2887/1538 1807/2889/1539 1808/2890/1116
f 1807/2889/1539 1809/2893/1541 1810/2891/1121
f 1806/2892/1540 1811/2918/1172 1809/2893/1541
f 1812/2894/1542 1813/2897/1545 1765/2895/1543
f 1815/2896/1544 1816/2902/1550 1813/2897/1545
f 1817/2898/1546 1815/2896/1544 1812/2894/1542
f 1818/2900/1548 1819/2901/1549 1815/2896/1544
f 1819/2901/1549 1820/2904/1551 1816/2902/1550
f 1821/2903/1157 1822/3453/1758 1820/2904/1551
f 1823/2905/1156 1821/2903/1157 1819/2901/1549
f 1781/2906/1552 1824/2910/1555 1825/2907/1553
f 1779/2865/1521 1825/2907/1553 1826/2908/1554
f 1825/2907/1553 1827/2911/1556 1828/2909/1140
f 1824/2910/1555 1829/2912/1142 1827/2911/1556
f 1829/2912/1142 1830/2916/1144 1831/2913/1557
f 1827/2911/1556 1831/2913/1557 1832/2914/1141
f 1831/2913/1557 1833/2917/1559 1834/2915/1558
f 1830/2916/1144 1835/2951/1580 1833/2917/1559
f 1811/2918/1172 1836/2922/1174 1837/2919/1560
f 1809/2893/1541 1837/2919/1560 1838/2920/1561
f 1837/2919/1560 1839/2923/1563 1840/2921/1562
f 1836/2922/1174 1841/2924/1178 1839/2923/1563
f 1841/2924/1178 1842/2928/1180 1843/2925/1564
f 1839/2923/1563 1843/2925/1564 1844/2926/1565
f 1843/2925/1564 1845/2929/1566 1846/2927/1182
f 1842/2928/1180 1847/2980/1605 1845/2929/1566
f 1848/2930/1567 1849/2931/1568 1794/2877/1531
f 1849/2931/1568 1850/2934/1571 1795/2932/1569
f 1851/2933/1570 1852/2938/1575 1850/2934/1571
f 1853/2935/1572 1851/2933/1570 1849/2931/1568
f 1854/2936/1573 1855/2937/1574 1851/2933/1570
f 1855/2937/1574 1856/2940/1577 1852/2938/1575
f 1857/2939/1576 1858/2948/1579 1856/2940/1577
f 1859/2941/1578 1857/2939/1576 1855/2937/1574
f 1824/2910/1555 1781/2906/1552 1765/2942/1543
f 1813/2943/1545 1816/2949/1550 1829/2912/1142
f 1793/2878/1532 1806/2892/1540 1805/2888/1117
f 1795/2932/1569 1811/2918/1172 1806/2892/1540
f 1808/2890/1116 1810/2891/1121 1780/2863/1520
f 1826/2908/1554 1828/2909/1140 1804/2885/1115
f 1814/2899/1547 1791/2874/1528 1790/2873/1527
f 1766/2851/1514 1796/2879/1533 1791/2874/1528
f 1776/2864/1091 1775/2860/1089 1759/2944/1511
f 1763/2945/1513 1765/2942/1543 1781/2906/1552
f 1838/2920/1561 1840/2921/1562 1774/2857/1087
f 1778/2862/1088 1780/2863/1520 1810/2891/1121
f 1850/2934/1571 1836/2922/1174 1811/2918/1172
f 1852/2938/1575 1841/2924/1178 1836/2922/1174
f 1761/2846/1509 1848/2930/1567 1796/2879/1533
f 1760/2845/1508 1853/2935/1572 1848/2930/1567
f 1775/2860/1089 1768/2858/1085 1756/2946/1507
f 1768/2858/1085 1767/2852/1083 1757/2947/1505
f 1772/2856/1517 1771/2855/1081 1844/2926/1565
f 1771/2855/1081 1774/2857/1087 1840/2921/1562
f 1856/2940/1577 1842/2928/1180 1841/2924/1178
f 1858/2948/1579 1847/2980/1605 1842/2928/1180
f 1753/2838/1501 1854/2936/1573 1853/2935/1572
f 1752/2840/1503 1859/2941/1578 1854/2936/1573
f 1798/2886/1113 1786/2872/1526 1789/2876/1530
f 1786/2872/1526 1798/2886/1113 1797/2880/1534
f 1801/2883/1109 1804/2885/1115 1828/2909/1140
f 1832/2914/1141 1834/2915/1558 1802/2884/1537
f 1830/2916/1144 1829/2912/1142 1816/2949/1550
f 1820/2950/1551 1822/3454/1758 1835/2951/1580
f 1818/2900/1548 1783/2866/1522 1782/2868/1523
f 1783/2866/1522 1818/2900/1548 1817/2898/1546
f 1861/2952/1581 1862/2968/1597 1863/2953/1582
f 1864/2955/1584 1865/2957/1586 1860/2954/1583
f 1864/2955/1584 1866/2962/1591 1867/2956/1585
f 1869/2958/1587 1870/2974/1603 1871/2959/1588
f 1872/2961/1590 1873/2963/1592 1868/2960/1589
f 1872/2961/1590 1867/2956/1585 1866/2962/1591
f 1874/2964/1593 1875/2969/1598 1876/2965/1594
f 1877/2966/1595 1878/2971/1600 1879/2967/1596
f 1862/2968/1597 1861/2952/1581 1876/2965/1594
f 1880/2970/1599 1879/2967/1596 1878/2971/1600
f 1881/2972/1601 1882/2975/1604 1883/2973/1602
f 1870/2974/1603 1869/2958/1587 1883/2973/1602
f 1767/2852/1083 1864/2983/1584 1863/2976/1582
f 1846/2927/1182 1868/2985/1589 1873/2977/1592
f 1875/2978/1598 1874/2988/1593 1859/2941/1578
f 1880/2979/1599 1883/2986/1602 1847/2980/1605
f 1862/2981/1597 1875/2978/1598 1752/2840/1503
f 1863/2982/1582 1862/2981/1597 1755/2839/1502
f 1770/2854/1516 1866/2984/1591 1864/2983/1584
f 1772/2856/1517 1873/2977/1592 1866/2984/1591
f 1845/2929/1566 1869/3455/1587 1868/2985/1589
f 1883/2986/1602 1869/3455/1587 1845/2929/1566
f 1879/2987/1596 1880/2979/1599 1858/2948/1579
f 1874/2988/1593 1879/2987/1596 1857/2939/1576
f 1877/2966/1595 1876/2965/1594 1872/2961/1590
f 1867/2956/1585 1872/2961/1590 1876/2965/1594
f 1865/2957/1586 1867/2956/1585 1861/2952/1581
f 1871/2959/1588 1870/2974/1603 1878/2971/1600
f 1878/2971/1600 1870/2974/1603 1882/2975/1604
f 1885/2989/160 1886/2993/160 1887/2990/239
f 1885/2989/160 1888/2994/242 1889/2992/1214
f 1888/2994/242 1890/3456/220 1891/2995/243
f 1890/2996/220 1892/2999/1496 1893/2997/1606
f 1892/2999/1496 1894/3002/1288 1895/3000/1288
f 1896/3001/171 1897/3004/1216 1895/3000/1288
f 1898/3003/214 1899/3005/251 1897/3004/1216
f 1884/2991/1218 1887/2990/239 1899/3005/251
f 1887/3015/180 1886/3019/254 1909/3016/254
f 1889/3018/183 1911/3021/186 1909/3016/254
f 1891/3020/185 1912/3023/185 1911/3021/186
f 1891/3020/185 1893/3024/188 1913/3022/187
f 1893/3024/188 1895/3027/189 1914/3025/259
f 1897/3026/1291 1915/3029/193 1914/3025/259
f 1899/3028/192 1916/3030/192 1915/3029/193
f 1899/3028/192 1887/3015/180 1910/3017/1607
f 1909/3031/1292 1917/3035/194 1918/3032/1292
f 1909/3031/1294 1911/3036/133 1919/3034/1294
f 1911/3036/1235 1912/3457/1235 1920/3037/1235
f 1912/3038/266 1913/3041/1295 1921/3039/266
f 1913/3041/267 1914/3044/1499 1922/3042/267
f 1915/3043/268 1923/3046/268 1922/3042/268
f 1916/3045/1296 1924/3047/1296 1923/3046/1296
f 1910/3033/1297 1918/3032/1297 1924/3047/1297
f 1918/3048/177 1917/3052/178 1925/3049/177
f 1919/3051/177 1927/3054/179 1925/3049/177
f 1920/3053/176 1928/3056/179 1927/3054/179
f 1920/3053/176 1921/3057/177 1929/3055/177
f 1921/3057/177 1922/3060/177 1930/3058/177
f 1923/3059/179 1931/3062/179 1930/3058/177
f 1924/3061/177 1932/3063/177 1931/3062/179
f 1924/3061/177 1918/3048/177 1926/3050/179
f 1926/3064/206 1925/3068/1288 1901/3065/1288
f 1927/3067/278 1903/3070/1319 1901/3065/1288
f 1928/3069/251 1904/3458/214 1903/3070/1319
f 1929/3071/281 1905/3075/283 1904/3072/214
f 1930/3074/238 1906/3077/1321 1905/3075/283
f 1930/3074/238 1931/3078/286 1907/3076/284
f 1931/3078/286 1932/3080/166 1908/3079/220
f 1932/3080/166 1926/3064/206 1900/3066/208
f 1933/3081/1393 1934/3084/1610 1935/3082/1608
f 1934/3084/1610 1937/3459/1759 1938/3085/1611
f 1935/3082/1608 1938/3085/1611 1939/3086/1612
f 1936/3083/1609 1935/3082/1608 1940/3087/1613
f 1941/3088/1614 1940/3087/1613 1942/3089/1615
f 1940/3087/1613 1939/3086/1612 1944/3091/1617
f 1942/3089/1615 1944/3091/1617 1945/3092/1618
f 1943/3090/1616 1942/3089/1615 1946/3093/1619
f 1949/3095/1377 1950/3099/1623 1951/3096/1378
f 1952/3098/1622 1953/3100/1381 1950/3099/1623
f 1953/3100/1381 1954/3104/1383 1955/3101/1624
f 1950/3099/1623 1955/3101/1624 1956/3102/1380
f 1955/3101/1624 1957/3105/1625 1958/3103/1385
f 1954/3104/1383 1959/3106/1387 1957/3105/1625
f 1959/3106/1387 1960/3141/1653 1961/3107/1626
f 1957/3105/1625 1961/3107/1626 1962/3108/1386
f 1963/3109/1627 1964/3210/1675 1965/3110/1628
f 1967/3112/1630 1963/3109/1627 1966/3111/1629
f 1968/3113/1631 1966/3111/1629 1969/3114/1632
f 1966/3111/1629 1965/3110/1628 1971/3116/1634
f 1969/3114/1632 1971/3116/1634 1972/3117/1635
f 1970/3115/1633 1969/3114/1632 1973/3118/1636
f 1976/3120/1406 1977/3126/1408 1978/3121/1638
f 1975/3122/1639 1978/3121/1638 1980/3123/1404
f 1978/3121/1638 1981/3127/1640 1982/3125/1410
f 1977/3126/1408 1983/3128/1641 1981/3127/1640
f 1983/3128/1641 1984/3150/1659 1985/3129/1642
f 1981/3127/1640 1985/3129/1642 1986/3130/1411
f 1947/3094/1620 1946/3093/1619 1987/3131/1643
f 1946/3093/1619 1945/3092/1618 1989/3133/1645
f 1987/3131/1643 1989/3133/1645 1990/3134/1646
f 1988/3132/1644 1987/3131/1643 1991/3135/1647
f 1992/3136/1648 1991/3135/1647 1993/3137/1649
f 1991/3135/1647 1990/3134/1646 1995/3139/1651
f 1961/3107/1626 1996/3142/1654 1997/3140/1652
f 1960/3141/1653 1998/3143/1655 1996/3142/1654
f 1998/3143/1655 1999/3147/1431 2000/3144/1656
f 1996/3142/1654 2000/3144/1656 2001/3145/1657
f 2000/3144/1656 2002/3148/1658 2003/3146/1433
f 1999/3147/1431 2004/3179/1468 2002/3148/1658
f 1985/3129/1642 2005/3151/1660 2006/3149/1457
f 1984/3150/1659 2007/3152/1459 2005/3151/1660
f 2007/3152/1459 2008/3156/1664 2009/3153/1661
f 2005/3151/1660 2009/3153/1661 2010/3154/1662
f 2009/3153/1661 2011/3157/1665 2012/3155/1663
f 2008/3156/1664 2013/3158/1465 2011/3157/1665
f 2013/3158/1465 2014/3180/1470 2015/3159/1466
f 2011/3157/1665 2015/3159/1466 2016/3160/1464
f 1974/3119/1637 1973/3118/1636 2017/3161/1666
f 1973/3118/1636 1972/3117/1635 2019/3163/1668
f 2017/3161/1666 2019/3163/1668 2020/3164/1669
f 2018/3162/1667 2017/3161/1666 2021/3165/1670
f 2022/3166/1671 2021/3165/1670 2023/3167/1672
f 2021/3165/1670 2020/3164/1669 2025/3169/1674
f 2023/3167/1672 2025/3169/1674 2026/3170/1454
f 2024/3168/1673 2023/3167/1672 2027/3171/1452
f 1989/3133/1645 1945/3092/1618 1962/3108/1386
f 1997/3140/1652 2001/3145/1657 1990/3134/1646
f 1965/3173/1628 1980/3123/1404 1982/3125/1410
f 1971/3174/1634 1982/3125/1410 1986/3130/1411
f 1998/3143/1655 1960/3141/1653 1984/3150/1659
f 1983/3128/1641 1977/3126/1408 1999/3147/1431
f 1974/3119/1637 1947/3094/1620 1988/3132/1644
f 1970/3115/1633 1988/3132/1644 1992/3136/1648
f 1944/3091/1617 1939/3086/1612 1956/3102/1380
f 1958/3103/1385 1962/3108/1386 1945/3092/1618
f 1959/3106/1387 1954/3104/1383 2008/3156/1664
f 1959/3106/1387 2007/3152/1459 1984/3150/1659
f 1972/3175/1635 1986/3130/1411 2006/3149/1457
f 2019/3176/1668 2006/3149/1457 2010/3154/1662
f 2022/3166/1671 1941/3088/1614 1943/3090/1616
f 1943/3090/1616 1947/3094/1620 1974/3119/1637
f 1980/3123/1404 1965/3173/1628 1964/3178/1675
f 2004/3179/1468 1999/3147/1431 1977/3126/1408
f 1995/3139/1651 1990/3134/1646 2001/3145/1657
f 1968/3113/1631 1992/3136/1648 1994/3138/1650
f 1939/3086/1612 1938/3085/1611 1951/3096/1378
f 1938/3085/1611 1937/3459/1759 1948/3097/1621
f 1954/3104/1383 1953/3100/1381 2013/3158/1465
f 1953/3100/1381 1952/3098/1622 2014/3180/1470
f 2020/3177/1669 2010/3154/1662 2012/3155/1663
f 2025/3181/1674 2012/3155/1663 2016/3160/1464
f 1941/3088/1614 2022/3166/1671 2024/3168/1673
f 2028/3172/1469 1933/3081/1393 1936/3083/1609
f 2030/3183/1676 2031/3191/1683 2032/3184/1677
f 2030/3186/1676 2029/3185/1678 2033/3187/1679
f 2034/3188/1680 2033/3187/1679 2035/3189/1681
f 2031/3191/1683 2037/3193/1685 2038/3192/1684
f 2037/3193/1685 2039/3207/1699 2040/3194/1686
f 2041/3195/1687 2042/3198/1690 2043/3196/1688
f 2041/3195/1687 2036/3190/1682 2035/3189/1681
f 2044/3197/1689 2043/3196/1688 2045/3199/1691
f 2048/3201/1693 2046/3200/1692 2045/3199/1691
f 2048/3201/1693 2047/3202/1694 2049/3203/1695
f 2050/3204/1696 2049/3203/1695 2051/3205/1697
f 2039/3207/1699 2052/3206/1698 2051/3205/1697
f 2037/3208/1685 2031/3209/1683 1963/3109/1627
f 2031/3209/1683 2030/3460/1676 1964/3210/1675
f 2036/3211/1682 1975/3122/1639 1979/3124/1405
f 2041/3213/1687 1976/3120/1406 1975/3122/1639
f 1993/3137/1649 1995/3139/1651 2050/3214/1696
f 1994/3138/1650 1993/3137/1649 2052/3215/1698
f 2004/3179/1468 2044/3220/1689 2046/3217/1692
f 2002/3148/1658 2046/3217/1692 2048/3218/1693
f 2030/3219/1676 2034/3212/1680 1979/3124/1405
f 1976/3120/1406 2041/3213/1687 2044/3220/1689
f 2003/3146/1433 2048/3218/1693 2050/3214/1696
f 1967/3112/1630 1994/3138/1650 2039/3216/1699
f 2045/3199/1691 2043/3196/1688 2040/3194/1686
f 2047/3202/1694 2045/3199/1691 2051/3205/1697
f 2043/3196/1688 2042/3198/1690 2038/3192/1684
f 2042/3198/1690 2035/3189/1681 2032/3184/1677
f 2035/3189/1681 2033/3187/1679 2029/3185/1678
f 1814/2899/1547 1812/2894/1542 1764/2849/1512
f 1063/1703/1137 1016/1658/1092 1015/3221/1183
f 842/3224/1702 841/3461/1760 840/3462/1761
f 840/3462/1761 839/3463/1762 838/3222/1700
f 838/3222/1700 837/3464/1763 836/3223/1701
f 836/3223/1701 835/3465/1764 842/3224/1702
f 842/3224/1702 840/3462/1761 838/3222/1700
f 778/3227/1705 777/3466/1765 776/3467/1766
f 776/3467/1766 775/3468/1767 774/3225/1703
f 774/3225/1703 773/3469/1768 772/3226/1704
f 772/3226/1704 771/3470/1769 778/3227/1705
f 778/3227/1705 776/3467/1766 774/3225/1703
f 770/3230/1708 769/3471/1770 768/3472/1771
f 768/3472/1771 767/3473/1772 766/3228/1706
f 766/3228/1706 765/3474/1773 764/3229/1707
f 764/3229/1707 763/3475/1774 770/3230/1708
f 770/3230/1708 768/3472/1771 766/3228/1706
f 834/3233/1711 833/3476/1775 832/3477/1776
f 832/3477/1776 831/3478/1777 830/3231/1709
f 830/3231/1709 829/3479/1778 828/3232/1710
f 828/3232/1710 827/3480/1779 834/3233/1711
f 834/3233/1711 832/3477/1776 830/3231/1709
