# Blender 5.0.1
# www.blender.org
mtllib AnuncioS3.mtl
o AnuncioS3
v -5.120746 4.398294 -2.640895
v -5.137157 4.388567 -2.649599
v -5.122688 4.393840 -2.641925
v -5.125618 4.390368 -2.643479
v -5.129249 4.388215 -2.645405
v -5.133224 4.387594 -2.647513
v -5.138603 4.388567 -2.646872
v -5.122192 4.398294 -2.638168
v -5.134671 4.387595 -2.644786
v -5.130695 4.388215 -2.642677
v -5.127064 4.390368 -2.640752
v -5.124134 4.393840 -2.639198
v -5.127004 4.424026 -2.644214
v -5.119351 4.403165 -2.640155
v -5.123500 4.421557 -2.642355
v -5.120768 4.417833 -2.640907
v -5.119075 4.413218 -2.640008
v -5.118587 4.408164 -2.639750
v -5.120797 4.403166 -2.637428
v -5.128450 4.424027 -2.641487
v -5.120033 4.408165 -2.637022
v -5.120521 4.413218 -2.637281
v -5.122214 4.417834 -2.638179
v -5.124946 4.421558 -2.639628
v -5.320778 4.473164 -2.745130
v -5.309176 4.508624 -2.742477
v -5.310625 4.508624 -2.739745
v -5.319329 4.473164 -2.747862
v -5.332489 4.475409 -2.754842
v -5.344213 4.502053 -2.761060
v -5.337508 4.478769 -2.757504
v -5.341509 4.483635 -2.759626
v -5.344103 4.489529 -2.761002
v -5.345035 4.495875 -2.761496
v -5.345662 4.502053 -2.758328
v -5.333939 4.475409 -2.752110
v -5.346483 4.495875 -2.758764
v -5.345552 4.489529 -2.758270
v -5.342958 4.483635 -2.756894
v -5.338957 4.478769 -2.754772
v -5.342846 4.506824 -2.760335
v -5.320393 4.517656 -2.748426
v -5.340352 4.512228 -2.759012
v -5.336429 4.516328 -2.756932
v -5.331462 4.518724 -2.754297
v -5.325936 4.519183 -2.751366
v -5.321842 4.517656 -2.745694
v -5.344296 4.506824 -2.757604
v -5.327385 4.519183 -2.748634
v -5.332911 4.518724 -2.751565
v -5.337878 4.516328 -2.754200
v -5.341801 4.512228 -2.756280
v -5.280708 4.494784 -2.723883
v -5.290862 4.459324 -2.729269
v -5.279263 4.494784 -2.726610
v -5.289416 4.459324 -2.731996
v -5.535853 4.398294 -2.861067
v -5.519442 4.388567 -2.852362
v -5.533911 4.393841 -2.860037
v -5.530981 4.390368 -2.858483
v -5.527350 4.388216 -2.856557
v -5.523374 4.387595 -2.854448
v -5.520888 4.388567 -2.849635
v -5.537300 4.398294 -2.858340
v -5.524820 4.387596 -2.851721
v -5.528797 4.388216 -2.853830
v -5.532427 4.390368 -2.855756
v -5.535357 4.393841 -2.857310
v -5.529595 4.424027 -2.857748
v -5.537248 4.403166 -2.861806
v -5.533099 4.421558 -2.859606
v -5.535830 4.417834 -2.861055
v -5.537524 4.413218 -2.861953
v -5.538012 4.408165 -2.862212
v -5.538694 4.403166 -2.859080
v -5.531042 4.424027 -2.855021
v -5.539458 4.408165 -2.859485
v -5.538970 4.413219 -2.859226
v -5.537277 4.417834 -2.858328
v -5.534545 4.421558 -2.856879
v -5.338812 4.473164 -2.751191
v -5.347516 4.508624 -2.759308
v -5.348965 4.508624 -2.756577
v -5.337363 4.473164 -2.753923
v -5.324203 4.475410 -2.746943
v -5.312479 4.502053 -2.740725
v -5.319184 4.478769 -2.744281
v -5.315183 4.483635 -2.742159
v -5.312589 4.489530 -2.740783
v -5.311658 4.495876 -2.740289
v -5.313929 4.502053 -2.737993
v -5.325652 4.475410 -2.744211
v -5.313107 4.495876 -2.737557
v -5.314038 4.489530 -2.738051
v -5.316632 4.483635 -2.739427
v -5.320633 4.478769 -2.741549
v -5.313846 4.506825 -2.741450
v -5.336299 4.517656 -2.753359
v -5.316340 4.512228 -2.742773
v -5.320263 4.516329 -2.744853
v -5.325231 4.518725 -2.747488
v -5.330756 4.519183 -2.750419
v -5.337749 4.517656 -2.750627
v -5.315295 4.506825 -2.738718
v -5.332205 4.519183 -2.747687
v -5.326679 4.518725 -2.744756
v -5.321712 4.516329 -2.742121
v -5.317789 4.512228 -2.740041
v -5.378876 4.494784 -2.772448
v -5.368723 4.459325 -2.767062
v -5.377430 4.494784 -2.775175
v -5.367276 4.459324 -2.769789
v -5.325455 4.496984 -2.756990
v -5.333224 4.496984 -2.742343
v -5.328962 4.495362 -2.758851
v -5.336731 4.495362 -2.744203
v -5.329144 4.496263 -2.758947
v -5.336913 4.496263 -2.744299
v -5.329184 4.497192 -2.758968
v -5.336953 4.497192 -2.744321
v -5.329081 4.498112 -2.758913
v -5.336849 4.498112 -2.744266
v -5.328838 4.498990 -2.758785
v -5.336607 4.498990 -2.744137
v -5.328465 4.499790 -2.758587
v -5.336234 4.499790 -2.743939
v -5.327977 4.500483 -2.758328
v -5.335746 4.500483 -2.743680
v -5.327392 4.501040 -2.758018
v -5.335160 4.501040 -2.743370
v -5.326732 4.501442 -2.757668
v -5.334501 4.501442 -2.743020
v -5.326023 4.501674 -2.757292
v -5.333792 4.501674 -2.742644
v -5.325293 4.501724 -2.756904
v -5.333061 4.501724 -2.742257
v -5.324568 4.501593 -2.756520
v -5.332337 4.501593 -2.741873
v -5.323878 4.501284 -2.756154
v -5.331647 4.501284 -2.741507
v -5.323248 4.500811 -2.755820
v -5.331017 4.500811 -2.741173
v -5.322704 4.500190 -2.755531
v -5.330473 4.500190 -2.740884
v -5.322265 4.499446 -2.755298
v -5.330034 4.499446 -2.740651
v -5.321949 4.498608 -2.755130
v -5.329717 4.498608 -2.740483
v -5.321767 4.497706 -2.755034
v -5.329535 4.497706 -2.740387
v -5.321727 4.496778 -2.755013
v -5.329496 4.496778 -2.740366
v -5.321830 4.495857 -2.755068
v -5.329599 4.495857 -2.740420
v -5.322073 4.494980 -2.755197
v -5.329842 4.494980 -2.740549
v -5.322446 4.494180 -2.755394
v -5.330215 4.494180 -2.740747
v -5.322934 4.493487 -2.755653
v -5.330703 4.493487 -2.741006
v -5.323519 4.492929 -2.755964
v -5.331288 4.492929 -2.741316
v -5.324179 4.492527 -2.756313
v -5.331948 4.492527 -2.741666
v -5.324888 4.492296 -2.756690
v -5.332657 4.492296 -2.742042
v -5.325618 4.492246 -2.757077
v -5.333387 4.492246 -2.742429
v -5.326343 4.492376 -2.757461
v -5.334111 4.492376 -2.742814
v -5.327033 4.492685 -2.757827
v -5.334802 4.492685 -2.743180
v -5.327662 4.493159 -2.758161
v -5.335431 4.493159 -2.743514
v -5.328207 4.493780 -2.758450
v -5.335976 4.493780 -2.743803
v -5.328646 4.494524 -2.758683
v -5.336415 4.494524 -2.744035
v -3.803194 4.398293 -5.124979
v -3.819605 4.388566 -5.133680
v -3.805136 4.393838 -5.126009
v -3.808066 4.390368 -5.127563
v -3.811696 4.388216 -5.129488
v -3.815672 4.387595 -5.131598
v -3.818158 4.388566 -5.136407
v -3.801747 4.398293 -5.127706
v -3.814226 4.387596 -5.134324
v -3.810250 4.388216 -5.132215
v -3.806619 4.390368 -5.130290
v -3.803689 4.393838 -5.128736
v -3.809452 4.424026 -5.128295
v -3.801799 4.403163 -5.124238
v -3.805948 4.421556 -5.126439
v -3.803216 4.417830 -5.124990
v -3.801523 4.413218 -5.124089
v -3.801034 4.408164 -5.123830
v -3.800352 4.403163 -5.126966
v -3.808005 4.424026 -5.131022
v -3.799588 4.408165 -5.126557
v -3.800076 4.413218 -5.126816
v -3.801769 4.417831 -5.127717
v -3.804501 4.421556 -5.129163
v -4.001685 4.473164 -5.232120
v -3.992981 4.508624 -5.224000
v -3.991532 4.508624 -5.226731
v -4.003134 4.473164 -5.229385
v -4.016294 4.475409 -5.236365
v -4.028018 4.502050 -5.242583
v -4.021312 4.478766 -5.239028
v -4.025314 4.483634 -5.241149
v -4.027907 4.489530 -5.242527
v -4.028839 4.495873 -5.243021
v -4.026568 4.502050 -5.245317
v -4.014845 4.475409 -5.239100
v -4.027390 4.495873 -5.245750
v -4.026459 4.489530 -5.245256
v -4.023865 4.483634 -5.243884
v -4.019863 4.478766 -5.241758
v -4.026651 4.506824 -5.241858
v -4.004197 4.517653 -5.229949
v -4.024157 4.512228 -5.240535
v -4.020234 4.516326 -5.238455
v -4.015266 4.518723 -5.235820
v -4.009741 4.519183 -5.232892
v -4.002748 4.517653 -5.232681
v -4.025202 4.506824 -5.244590
v -4.008292 4.519183 -5.235621
v -4.013817 4.518723 -5.238554
v -4.018785 4.516326 -5.241189
v -4.022708 4.512228 -5.243268
v -3.961620 4.494781 -5.210860
v -3.971774 4.459321 -5.216249
v -3.963067 4.494781 -5.208136
v -3.973220 4.459321 -5.213521
v -4.218301 4.398293 -5.345150
v -4.201890 4.388566 -5.336443
v -4.216358 4.393838 -5.344121
v -4.213428 4.390368 -5.342566
v -4.209798 4.388216 -5.340641
v -4.205822 4.387596 -5.338531
v -4.200443 4.388566 -5.339170
v -4.216855 4.398293 -5.347878
v -4.204376 4.387596 -5.341259
v -4.208352 4.388216 -5.343368
v -4.211982 4.390368 -5.345294
v -4.214912 4.393842 -5.346848
v -4.212043 4.424026 -5.341828
v -4.219695 4.403163 -5.345890
v -4.215547 4.421556 -5.343688
v -4.218278 4.417831 -5.345139
v -4.219972 4.413218 -5.346035
v -4.220460 4.408165 -5.346293
v -4.218249 4.403164 -5.348618
v -4.210597 4.424026 -5.344555
v -4.219014 4.408165 -5.349020
v -4.218525 4.413218 -5.348763
v -4.216832 4.417831 -5.347866
v -4.214100 4.421556 -5.346416
v -4.016818 4.473165 -5.243649
v -4.028419 4.508625 -5.246303
v -4.026971 4.508625 -5.249032
v -4.018267 4.473165 -5.240915
v -4.005106 4.475410 -5.233935
v -3.993383 4.502054 -5.227717
v -4.000088 4.478767 -5.231276
v -3.996087 4.483634 -5.229151
v -3.993493 4.489530 -5.227777
v -3.992561 4.495873 -5.227283
v -3.991934 4.502054 -5.230452
v -4.003657 4.475410 -5.236670
v -3.991112 4.495873 -5.230013
v -3.992044 4.489530 -5.230507
v -3.994638 4.483634 -5.231884
v -3.998639 4.478767 -5.234005
v -3.994749 4.506824 -5.228444
v -4.017203 4.517654 -5.240354
v -3.997244 4.512228 -5.229764
v -4.001167 4.516326 -5.231845
v -4.006134 4.518723 -5.234480
v -4.011660 4.519183 -5.237411
v -4.015754 4.517654 -5.243083
v -3.993300 4.506824 -5.231174
v -4.010211 4.519183 -5.240143
v -4.004685 4.518723 -5.237215
v -3.999718 4.516326 -5.234580
v -3.995795 4.512228 -5.232496
v -4.056888 4.494782 -5.264894
v -4.046734 4.459322 -5.259511
v -4.058333 4.494781 -5.262167
v -4.048180 4.459321 -5.256783
v -4.014127 4.496984 -5.229336
v -4.006359 4.496984 -5.243987
v -4.017634 4.495359 -5.231196
v -4.009866 4.495359 -5.245844
v -4.017816 4.496264 -5.231296
v -4.010047 4.496264 -5.245943
v -4.017856 4.497190 -5.231317
v -4.010087 4.497190 -5.245964
v -4.017753 4.498113 -5.231259
v -4.009984 4.498113 -5.245906
v -4.017510 4.498990 -5.231133
v -4.009741 4.498990 -5.245780
v -4.017137 4.499790 -5.230936
v -4.009368 4.499790 -5.245583
v -4.016649 4.500483 -5.230674
v -4.008880 4.500483 -5.245321
v -4.016064 4.501040 -5.230363
v -4.008295 4.501040 -5.245010
v -4.015404 4.501441 -5.230013
v -4.007635 4.501441 -5.244661
v -4.014695 4.501674 -5.229640
v -4.006926 4.501674 -5.244287
v -4.013965 4.501725 -5.229250
v -4.006196 4.501725 -5.243897
v -4.013240 4.501593 -5.228868
v -4.005472 4.501593 -5.243515
v -4.012550 4.501285 -5.228500
v -4.004781 4.501285 -5.243147
v -4.011920 4.500811 -5.228168
v -4.004151 4.500811 -5.242815
v -4.011376 4.500187 -5.227880
v -4.003607 4.500187 -5.242527
v -4.010937 4.499444 -5.227644
v -4.003168 4.499444 -5.242291
v -4.010621 4.498608 -5.227479
v -4.002851 4.498608 -5.242126
v -4.010439 4.497705 -5.227380
v -4.002670 4.497705 -5.242027
v -4.010399 4.496778 -5.227359
v -4.002630 4.496778 -5.242006
v -4.010502 4.495854 -5.227417
v -4.002733 4.495854 -5.242064
v -4.010745 4.494977 -5.227542
v -4.002976 4.494977 -5.242189
v -4.011117 4.494180 -5.227740
v -4.003349 4.494180 -5.242387
v -4.011606 4.493485 -5.228002
v -4.003837 4.493485 -5.242649
v -4.012191 4.492929 -5.228312
v -4.004423 4.492929 -5.242959
v -4.012851 4.492527 -5.228662
v -4.005082 4.492527 -5.243309
v -4.013560 4.492296 -5.229035
v -4.005791 4.492296 -5.243682
v -4.014290 4.492246 -5.229424
v -4.006521 4.492246 -5.244071
v -4.015015 4.492374 -5.229807
v -4.007246 4.492374 -5.244454
v -4.015705 4.492682 -5.230175
v -4.007936 4.492682 -5.244823
v -4.016335 4.493156 -5.230507
v -4.008565 4.493156 -5.245154
v -4.016879 4.493780 -5.230796
v -4.009110 4.493780 -5.245443
v -4.017318 4.494524 -5.231030
v -4.009549 4.494524 -5.245677
v -4.834753 1.537643 -5.421329
v -5.944682 1.537647 -3.328694
v -4.755751 1.516297 -5.379426
v -5.865680 1.516300 -3.286791
v -4.264890 4.945560 -5.119075
v -5.374819 4.945564 -3.026440
v -4.185888 4.924212 -5.077176
v -5.295817 4.924219 -2.984540
v -3.394366 1.537643 -4.657350
v -4.504296 1.537646 -2.564715
v -3.473367 1.516297 -4.699253
v -4.583298 1.516300 -2.606618
v -3.964228 4.945560 -4.959608
v -5.074159 4.945564 -2.866971
v -4.043230 4.924212 -5.001507
v -5.153160 4.924218 -2.908875
v -5.290952 4.915036 -2.731169
v -3.973396 4.915036 -5.215260
v -5.143991 4.954743 -2.653220
v -3.826435 4.954741 -5.137311
v -5.327083 5.131106 -2.750331
v -4.009526 5.131104 -5.234421
v -5.180122 5.170813 -2.672385
v -3.862566 5.170814 -5.156476
v -3.241399 0.537516 -4.827007
v -3.973395 4.915030 -5.215260
v -3.094438 0.577223 -4.749059
v -3.826434 4.954739 -5.137311
v -3.345212 0.537516 -4.631279
v -4.077208 4.915030 -5.019529
v -3.198251 0.577223 -4.553332
v -3.930248 4.954739 -4.941585
v -4.455142 0.537516 -2.538645
v -5.187138 4.915031 -2.926894
v -4.308181 0.577223 -2.460697
v -5.040177 4.954739 -2.848948
v -4.558957 0.537516 -2.342914
v -5.290953 4.915031 -2.731164
v -4.411996 0.577223 -2.264966
v -5.143992 4.954739 -2.653216
v -4.581145 1.291048 -2.605477
v -3.471215 1.291048 -4.698112
v -4.434185 1.330755 -2.527529
v -3.324255 1.330755 -4.620164
v -4.617275 1.507117 -2.624640
v -3.507346 1.507117 -4.717275
v -4.470315 1.546824 -2.546693
v -3.360386 1.546824 -4.639328
v -4.048095 4.915036 -5.254879
v -5.365652 4.915036 -2.770788
v -4.195055 4.954741 -5.332828
v -5.512612 4.954744 -2.848737
v -4.011964 5.131104 -5.235714
v -5.329521 5.131106 -2.751626
v -4.158925 5.170813 -5.313663
v -5.476481 5.170814 -2.829572
v -6.097649 0.537516 -3.159037
v -5.365652 4.915031 -2.770788
v -6.244609 0.577224 -3.236985
v -5.512613 4.954739 -2.848737
v -5.993835 0.537516 -3.354764
v -5.261839 4.915031 -2.966516
v -6.140796 0.577224 -3.432712
v -5.408799 4.954739 -3.044463
v -4.883905 0.537516 -5.447400
v -4.151909 4.915030 -5.059154
v -5.030866 0.577223 -5.525347
v -4.298870 4.954738 -5.137098
v -4.780090 0.537516 -5.643130
v -4.048094 4.915030 -5.254881
v -4.927051 0.577223 -5.721077
v -4.195055 4.954738 -5.332829
v -4.757902 1.291047 -5.380568
v -5.867832 1.291048 -3.287933
v -4.904862 1.330755 -5.458515
v -6.014792 1.330755 -3.365880
v -4.721772 1.507117 -5.361404
v -5.831701 1.507117 -3.268769
v -4.868732 1.546824 -5.439352
v -5.978662 1.546824 -3.346717
v -4.040226 5.131116 -5.182765
v -4.039718 5.134160 -5.182497
v -4.129930 5.131116 -5.013638
v -4.129422 5.134160 -5.013370
v -4.083974 5.142940 -5.205967
v -4.083466 5.145977 -5.205698
v -4.173678 5.142940 -5.036840
v -4.173170 5.145977 -5.036572
v -4.037587 5.131100 -5.181365
v -4.038095 5.134140 -5.181633
v -4.127292 5.131100 -5.012239
v -4.127800 5.134140 -5.012506
v -3.993839 5.142920 -5.158163
v -3.994348 5.145957 -5.158432
v -4.083544 5.142920 -4.989032
v -4.084053 5.145957 -4.989305
v -4.041638 5.136827 -5.184592
v -4.132236 5.136828 -5.013783
v -4.041443 5.137609 -5.184488
v -4.132041 5.137609 -5.013680
v -4.041132 5.138329 -5.184323
v -4.131730 5.138329 -5.013515
v -4.040717 5.138956 -5.184103
v -4.131315 5.138956 -5.013291
v -4.040213 5.139468 -5.183836
v -4.130811 5.139468 -5.013024
v -4.039640 5.139843 -5.183535
v -4.130239 5.139843 -5.012722
v -4.039021 5.140069 -5.183207
v -4.129620 5.140069 -5.012393
v -4.038379 5.140141 -5.182866
v -4.128977 5.140141 -5.012053
v -4.037738 5.140049 -5.182523
v -4.128336 5.140049 -5.011714
v -4.037124 5.139802 -5.182199
v -4.127722 5.139802 -5.011386
v -4.036560 5.139407 -5.181901
v -4.127158 5.139407 -5.011086
v -4.036067 5.138875 -5.181636
v -4.126665 5.138875 -5.010828
v -4.035665 5.138237 -5.181426
v -4.126263 5.138237 -5.010612
v -4.035368 5.137508 -5.181266
v -4.125966 5.137508 -5.010457
v -4.035189 5.136724 -5.181171
v -4.125787 5.136724 -5.010359
v -4.035134 5.135907 -5.181142
v -4.125732 5.135907 -5.010333
v -4.035206 5.135089 -5.181180
v -4.125804 5.135089 -5.010368
v -4.035401 5.134312 -5.181283
v -4.125999 5.134312 -5.010472
v -4.035712 5.133595 -5.181448
v -4.126310 5.133595 -5.010637
v -4.036128 5.132967 -5.181672
v -4.126726 5.132967 -5.010859
v -4.036632 5.132453 -5.181936
v -4.127230 5.132453 -5.011127
v -4.037204 5.132079 -5.182240
v -4.127802 5.132079 -5.011428
v -4.037823 5.131852 -5.182570
v -4.128421 5.131852 -5.011756
v -4.038465 5.131782 -5.182909
v -4.129064 5.131782 -5.012097
v -4.039106 5.131873 -5.183249
v -4.129704 5.131873 -5.012437
v -4.039720 5.132121 -5.183577
v -4.130318 5.132121 -5.012764
v -4.040285 5.132514 -5.183877
v -4.130883 5.132514 -5.013062
v -4.040778 5.133045 -5.184135
v -4.131376 5.133045 -5.013324
v -4.041180 5.133685 -5.184350
v -4.131778 5.133685 -5.013537
v -4.041476 5.134409 -5.184505
v -4.132074 5.134409 -5.013694
v -4.041656 5.135200 -5.184601
v -4.132254 5.135200 -5.013792
v -4.041710 5.136014 -5.184629
v -4.132308 5.136014 -5.013818
v -4.042375 5.137030 -5.184982
v -4.042135 5.137990 -5.184855
v -4.132733 5.137990 -5.014043
v -4.132973 5.137030 -5.014174
v -4.041752 5.138871 -5.184652
v -4.132350 5.138871 -5.013844
v -4.041242 5.139638 -5.184381
v -4.131840 5.139638 -5.013570
v -4.040623 5.140266 -5.184053
v -4.131221 5.140266 -5.013241
v -4.039919 5.140729 -5.183681
v -4.130517 5.140729 -5.012868
v -4.039158 5.141012 -5.183279
v -4.129756 5.141012 -5.012465
v -4.038369 5.141098 -5.182858
v -4.128967 5.141098 -5.012046
v -4.037582 5.140985 -5.182440
v -4.128180 5.140985 -5.011631
v -4.036827 5.140678 -5.182043
v -4.127425 5.140678 -5.011230
v -4.036134 5.140193 -5.181674
v -4.126732 5.140193 -5.010860
v -4.035528 5.139544 -5.181354
v -4.126126 5.139544 -5.010540
v -4.035033 5.138759 -5.181088
v -4.125631 5.138759 -5.010277
v -4.034669 5.137865 -5.180895
v -4.125268 5.137865 -5.010087
v -4.034449 5.136898 -5.180779
v -4.125047 5.136898 -5.009967
v -4.034382 5.135892 -5.180746
v -4.124980 5.135892 -5.009933
v -4.034470 5.134892 -5.180789
v -4.125068 5.134892 -5.009978
v -4.034710 5.133934 -5.180917
v -4.125308 5.133934 -5.010108
v -4.035092 5.133050 -5.181119
v -4.125690 5.133050 -5.010308
v -4.035603 5.132279 -5.181390
v -4.126201 5.132283 -5.010581
v -4.036222 5.131651 -5.181719
v -4.126820 5.131651 -5.010910
v -4.036925 5.131188 -5.182095
v -4.127523 5.131188 -5.011281
v -4.037686 5.130908 -5.182498
v -4.128284 5.130908 -5.011683
v -4.038475 5.130826 -5.182914
v -4.129073 5.130826 -5.012105
v -4.039262 5.130937 -5.183331
v -4.129860 5.130937 -5.012520
v -4.040017 5.131239 -5.183733
v -4.130615 5.131239 -5.012920
v -4.040711 5.131729 -5.184103
v -4.131309 5.131729 -5.013288
v -4.041317 5.132377 -5.184422
v -4.131915 5.132377 -5.013609
v -4.041811 5.133162 -5.184683
v -4.132409 5.133162 -5.013875
v -4.042175 5.134058 -5.184876
v -4.132773 5.134058 -5.014065
v -4.042395 5.135026 -5.184993
v -4.132993 5.135026 -5.014184
v -4.042462 5.136026 -5.185030
v -4.133060 5.136026 -5.014217
v -4.041638 5.136827 -5.184592
v -4.041443 5.137609 -5.184488
v -4.132041 5.137609 -5.013680
v -4.132236 5.136828 -5.013783
v -4.041132 5.138329 -5.184323
v -4.131730 5.138329 -5.013515
v -4.040717 5.138956 -5.184103
v -4.131315 5.138956 -5.013291
v -4.040213 5.139468 -5.183836
v -4.130811 5.139468 -5.013024
v -4.039640 5.139843 -5.183535
v -4.130239 5.139843 -5.012722
v -4.039021 5.140069 -5.183207
v -4.129620 5.140069 -5.012393
v -4.038379 5.140141 -5.182866
v -4.128977 5.140141 -5.012053
v -4.037738 5.140049 -5.182523
v -4.128336 5.140049 -5.011714
v -4.037124 5.139802 -5.182199
v -4.127722 5.139802 -5.011386
v -4.036560 5.139407 -5.181901
v -4.127158 5.139407 -5.011086
v -4.036067 5.138875 -5.181636
v -4.126665 5.138875 -5.010828
v -4.035665 5.138237 -5.181426
v -4.126263 5.138237 -5.010612
v -4.035368 5.137508 -5.181266
v -4.125966 5.137508 -5.010457
v -4.035189 5.136724 -5.181171
v -4.125787 5.136724 -5.010359
v -4.035134 5.135907 -5.181142
v -4.125732 5.135907 -5.010333
v -4.035206 5.135089 -5.181180
v -4.125804 5.135089 -5.010368
v -4.035401 5.134312 -5.181283
v -4.125999 5.134312 -5.010472
v -4.035712 5.133595 -5.181448
v -4.126310 5.133595 -5.010637
v -4.036128 5.132967 -5.181672
v -4.126726 5.132967 -5.010859
v -4.036632 5.132453 -5.181936
v -4.127230 5.132453 -5.011127
v -4.037204 5.132079 -5.182240
v -4.127802 5.132079 -5.011428
v -4.037823 5.131852 -5.182570
v -4.128421 5.131852 -5.011756
v -4.038465 5.131782 -5.182909
v -4.129064 5.131782 -5.012097
v -4.039106 5.131873 -5.183249
v -4.129704 5.131873 -5.012437
v -4.039720 5.132121 -5.183577
v -4.130318 5.132121 -5.012764
v -4.040285 5.132514 -5.183877
v -4.130883 5.132514 -5.013062
v -4.040778 5.133045 -5.184135
v -4.131376 5.133045 -5.013324
v -4.041180 5.133685 -5.184350
v -4.131778 5.133685 -5.013537
v -4.041476 5.134409 -5.184505
v -4.132074 5.134409 -5.013694
v -4.041656 5.135200 -5.184601
v -4.132254 5.135200 -5.013792
v -4.041710 5.136014 -5.184629
v -4.132308 5.136014 -5.013818
v -4.040939 5.136827 -5.185909
v -4.040744 5.137609 -5.185806
v -4.132740 5.137609 -5.012362
v -4.132936 5.136828 -5.012465
v -4.040433 5.138329 -5.185641
v -4.132429 5.138329 -5.012197
v -4.040018 5.138956 -5.185421
v -4.132014 5.138956 -5.011973
v -4.039514 5.139468 -5.185153
v -4.131510 5.139468 -5.011706
v -4.038941 5.139843 -5.184853
v -4.130938 5.139843 -5.011405
v -4.038322 5.140069 -5.184525
v -4.130319 5.140069 -5.011075
v -4.037680 5.140141 -5.184184
v -4.129676 5.140141 -5.010736
v -4.037040 5.140049 -5.183844
v -4.129035 5.140049 -5.010396
v -4.036425 5.139802 -5.183517
v -4.128421 5.139802 -5.010068
v -4.035861 5.139407 -5.183218
v -4.127857 5.139407 -5.009768
v -4.035368 5.138875 -5.182954
v -4.127364 5.138875 -5.009510
v -4.034966 5.138237 -5.182744
v -4.126962 5.138237 -5.009295
v -4.034669 5.137508 -5.182584
v -4.126665 5.137508 -5.009140
v -4.034490 5.136724 -5.182489
v -4.126486 5.136724 -5.009042
v -4.034435 5.135907 -5.182460
v -4.126431 5.135907 -5.009016
v -4.034507 5.135089 -5.182498
v -4.126503 5.135089 -5.009050
v -4.034702 5.134312 -5.182601
v -4.126698 5.134312 -5.009154
v -4.035013 5.133595 -5.182766
v -4.127009 5.133595 -5.009319
v -4.035429 5.132967 -5.182990
v -4.127425 5.132967 -5.009542
v -4.035933 5.132453 -5.183254
v -4.127929 5.132453 -5.009809
v -4.036505 5.132079 -5.183558
v -4.128501 5.132079 -5.010110
v -4.037124 5.131852 -5.183887
v -4.129120 5.131852 -5.010438
v -4.037766 5.131782 -5.184227
v -4.129763 5.131782 -5.010779
v -4.038407 5.131873 -5.184566
v -4.130403 5.131873 -5.011119
v -4.039021 5.132121 -5.184895
v -4.131017 5.132121 -5.011446
v -4.039586 5.132514 -5.185194
v -4.131582 5.132514 -5.011744
v -4.040079 5.133045 -5.185453
v -4.132075 5.133045 -5.012006
v -4.040481 5.133685 -5.185668
v -4.132477 5.133685 -5.012219
v -4.040777 5.134409 -5.185823
v -4.132773 5.134409 -5.012376
v -4.040956 5.135200 -5.185918
v -4.132952 5.135200 -5.012474
v -4.041011 5.136014 -5.185947
v -4.133007 5.136014 -5.012500
v -5.211831 5.131120 -2.973847
v -5.211323 5.134160 -2.973577
v -5.301536 5.131120 -2.804720
v -5.301027 5.134160 -2.804451
v -5.255579 5.142940 -2.997051
v -5.255070 5.145980 -2.996783
v -5.345284 5.142940 -2.827924
v -5.344775 5.145980 -2.827654
v -5.209192 5.131100 -2.972447
v -5.209701 5.134140 -2.972718
v -5.298897 5.131100 -2.803320
v -5.299406 5.134140 -2.803591
v -5.165444 5.142920 -2.949244
v -5.165953 5.145961 -2.949513
v -5.255149 5.142920 -2.780118
v -5.255658 5.145961 -2.780386
v -5.213243 5.136831 -2.975677
v -5.303842 5.136831 -2.804864
v -5.213048 5.137612 -2.975574
v -5.303647 5.137612 -2.804760
v -5.212737 5.138330 -2.975407
v -5.303335 5.138330 -2.804595
v -5.212322 5.138957 -2.975188
v -5.302920 5.138957 -2.804375
v -5.211818 5.139468 -2.974921
v -5.302416 5.139468 -2.804108
v -5.211246 5.139845 -2.974617
v -5.301844 5.139845 -2.803804
v -5.210627 5.140072 -2.974288
v -5.301225 5.140072 -2.803478
v -5.209984 5.140142 -2.973948
v -5.300582 5.140142 -2.803135
v -5.209343 5.140051 -2.973608
v -5.299942 5.140051 -2.802796
v -5.208729 5.139803 -2.973281
v -5.299327 5.139803 -2.802470
v -5.208165 5.139407 -2.972982
v -5.298763 5.139407 -2.802171
v -5.207672 5.138879 -2.972723
v -5.298270 5.138879 -2.801909
v -5.207270 5.138239 -2.972507
v -5.297868 5.138239 -2.801697
v -5.206973 5.137512 -2.972350
v -5.297571 5.137512 -2.801538
v -5.206794 5.136724 -2.972255
v -5.297392 5.136724 -2.801445
v -5.206739 5.135908 -2.972226
v -5.297338 5.135908 -2.801414
v -5.206811 5.135093 -2.972265
v -5.297409 5.135093 -2.801452
v -5.207006 5.134312 -2.972368
v -5.297605 5.134312 -2.801558
v -5.207317 5.133595 -2.972533
v -5.297915 5.133595 -2.801723
v -5.207733 5.132968 -2.972754
v -5.298331 5.132968 -2.801941
v -5.208237 5.132457 -2.973022
v -5.298835 5.132457 -2.802208
v -5.208809 5.132080 -2.973325
v -5.299407 5.132080 -2.802512
v -5.209428 5.131852 -2.973652
v -5.300026 5.131852 -2.802840
v -5.210071 5.131782 -2.973994
v -5.300669 5.131782 -2.803181
v -5.210711 5.131874 -2.974334
v -5.301309 5.131874 -2.803521
v -5.211325 5.132122 -2.974658
v -5.301923 5.132122 -2.803849
v -5.211890 5.132517 -2.974958
v -5.302488 5.132517 -2.804147
v -5.212382 5.133045 -2.975219
v -5.302981 5.133045 -2.804410
v -5.212785 5.133686 -2.975432
v -5.303383 5.133686 -2.804621
v -5.213081 5.134413 -2.975590
v -5.303679 5.134413 -2.804780
v -5.213260 5.135201 -2.975685
v -5.303858 5.135201 -2.804873
v -5.213315 5.136017 -2.975714
v -5.303913 5.136017 -2.804904
v -5.213980 5.137030 -2.976068
v -5.213739 5.137990 -2.975940
v -5.304338 5.137990 -2.805127
v -5.304578 5.137030 -2.805254
v -5.213357 5.138871 -2.975736
v -5.303955 5.138871 -2.804924
v -5.212847 5.139641 -2.975466
v -5.303445 5.139641 -2.804654
v -5.212228 5.140270 -2.975137
v -5.302826 5.140270 -2.804327
v -5.211524 5.140733 -2.974766
v -5.302123 5.140733 -2.803952
v -5.210763 5.141013 -2.974360
v -5.301362 5.141013 -2.803550
v -5.209974 5.141098 -2.973943
v -5.300572 5.141098 -2.803130
v -5.209187 5.140987 -2.973526
v -5.299785 5.140987 -2.802713
v -5.208432 5.140682 -2.973125
v -5.299030 5.140682 -2.802312
v -5.207738 5.140195 -2.972756
v -5.298337 5.140195 -2.801944
v -5.207133 5.139546 -2.972435
v -5.297731 5.139546 -2.801625
v -5.206638 5.138760 -2.972172
v -5.297236 5.138760 -2.801363
v -5.206275 5.137866 -2.971979
v -5.296873 5.137866 -2.801168
v -5.206054 5.136898 -2.971864
v -5.296652 5.136898 -2.801051
v -5.205987 5.135895 -2.971828
v -5.296585 5.135895 -2.801015
v -5.206075 5.134894 -2.971874
v -5.296673 5.134894 -2.801064
v -5.206315 5.133934 -2.972003
v -5.296913 5.133934 -2.801189
v -5.206697 5.133053 -2.972204
v -5.297296 5.133053 -2.801394
v -5.207208 5.132283 -2.972476
v -5.297806 5.132283 -2.801663
v -5.207827 5.131654 -2.972806
v -5.298425 5.131654 -2.801991
v -5.208530 5.131191 -2.973176
v -5.299128 5.131191 -2.802366
v -5.209291 5.130912 -2.973579
v -5.299889 5.130912 -2.802768
v -5.210080 5.130826 -2.974000
v -5.300678 5.130826 -2.803186
v -5.210867 5.130938 -2.974416
v -5.301466 5.130938 -2.803604
v -5.211622 5.131243 -2.974818
v -5.302220 5.131243 -2.804004
v -5.212316 5.131729 -2.975184
v -5.302914 5.131729 -2.804374
v -5.212922 5.132378 -2.975507
v -5.303520 5.132378 -2.804693
v -5.213416 5.133165 -2.975767
v -5.304014 5.133165 -2.804956
v -5.213780 5.134059 -2.975960
v -5.304379 5.134059 -2.805151
v -5.214000 5.135026 -2.976079
v -5.304598 5.135026 -2.805265
v -5.214067 5.136029 -2.976115
v -5.304666 5.136029 -2.805301
v -5.213243 5.136831 -2.975677
v -5.213048 5.137612 -2.975574
v -5.303647 5.137612 -2.804760
v -5.303842 5.136831 -2.804864
v -5.212737 5.138330 -2.975407
v -5.303335 5.138330 -2.804595
v -5.212322 5.138957 -2.975188
v -5.302920 5.138957 -2.804375
v -5.211818 5.139468 -2.974921
v -5.302416 5.139468 -2.804108
v -5.211246 5.139845 -2.974617
v -5.301844 5.139845 -2.803804
v -5.210627 5.140072 -2.974288
v -5.301225 5.140072 -2.803478
v -5.209984 5.140142 -2.973948
v -5.300582 5.140142 -2.803135
v -5.209343 5.140051 -2.973608
v -5.299942 5.140051 -2.802796
v -5.208729 5.139803 -2.973281
v -5.299327 5.139803 -2.802470
v -5.208165 5.139407 -2.972982
v -5.298763 5.139407 -2.802171
v -5.207672 5.138879 -2.972723
v -5.298270 5.138879 -2.801909
v -5.207270 5.138239 -2.972507
v -5.297868 5.138239 -2.801697
v -5.206973 5.137512 -2.972350
v -5.297571 5.137512 -2.801538
v -5.206794 5.136724 -2.972255
v -5.297392 5.136724 -2.801445
v -5.206739 5.135908 -2.972226
v -5.297338 5.135908 -2.801414
v -5.206811 5.135093 -2.972265
v -5.297409 5.135093 -2.801452
v -5.207006 5.134312 -2.972368
v -5.297605 5.134312 -2.801558
v -5.207317 5.133595 -2.972533
v -5.297915 5.133595 -2.801723
v -5.207733 5.132968 -2.972754
v -5.298331 5.132968 -2.801941
v -5.208237 5.132457 -2.973022
v -5.298835 5.132457 -2.802208
v -5.208809 5.132080 -2.973325
v -5.299407 5.132080 -2.802512
v -5.209428 5.131852 -2.973652
v -5.300026 5.131852 -2.802840
v -5.210071 5.131782 -2.973994
v -5.300669 5.131782 -2.803181
v -5.210711 5.131874 -2.974334
v -5.301309 5.131874 -2.803521
v -5.211325 5.132122 -2.974658
v -5.301923 5.132122 -2.803849
v -5.211890 5.132517 -2.974958
v -5.302488 5.132517 -2.804147
v -5.212382 5.133045 -2.975219
v -5.302981 5.133045 -2.804410
v -5.212785 5.133686 -2.975432
v -5.303383 5.133686 -2.804621
v -5.213081 5.134413 -2.975590
v -5.303679 5.134413 -2.804780
v -5.213260 5.135201 -2.975685
v -5.303858 5.135201 -2.804873
v -5.213315 5.136017 -2.975714
v -5.303913 5.136017 -2.804904
v -5.212544 5.136831 -2.976995
v -5.212349 5.137612 -2.976892
v -5.304345 5.137612 -2.803443
v -5.304541 5.136831 -2.803546
v -5.212038 5.138330 -2.976727
v -5.304034 5.138330 -2.803278
v -5.211623 5.138957 -2.976506
v -5.303618 5.138957 -2.803057
v -5.211119 5.139468 -2.976238
v -5.303115 5.139468 -2.802790
v -5.210546 5.139845 -2.975935
v -5.302543 5.139845 -2.802487
v -5.209928 5.140072 -2.975605
v -5.301923 5.140072 -2.802161
v -5.209285 5.140142 -2.975266
v -5.301281 5.140142 -2.801818
v -5.208645 5.140051 -2.974926
v -5.300641 5.140051 -2.801478
v -5.208030 5.139803 -2.974599
v -5.300026 5.139803 -2.801152
v -5.207466 5.139407 -2.974300
v -5.299462 5.139407 -2.800853
v -5.206973 5.138879 -2.974038
v -5.298969 5.138879 -2.800591
v -5.206571 5.138239 -2.973825
v -5.298567 5.138239 -2.800380
v -5.206274 5.137512 -2.973670
v -5.298270 5.137512 -2.800220
v -5.206095 5.136724 -2.973573
v -5.298091 5.136724 -2.800128
v -5.206040 5.135908 -2.973544
v -5.298037 5.135908 -2.800097
v -5.206112 5.135093 -2.973583
v -5.298108 5.135093 -2.800135
v -5.206307 5.134312 -2.973686
v -5.298303 5.134312 -2.800238
v -5.206618 5.133595 -2.973850
v -5.298615 5.133595 -2.800406
v -5.207034 5.132968 -2.974072
v -5.299030 5.132968 -2.800623
v -5.207538 5.132457 -2.974339
v -5.299533 5.132457 -2.800891
v -5.208110 5.132080 -2.974643
v -5.300106 5.132080 -2.801194
v -5.208729 5.131852 -2.974972
v -5.300725 5.131852 -2.801523
v -5.209372 5.131782 -2.975312
v -5.301367 5.131782 -2.801863
v -5.210012 5.131874 -2.975652
v -5.302008 5.131874 -2.802203
v -5.210626 5.132122 -2.975976
v -5.302622 5.132122 -2.802531
v -5.211191 5.132517 -2.976275
v -5.303187 5.132517 -2.802830
v -5.211684 5.133045 -2.976537
v -5.303679 5.133045 -2.803092
v -5.212086 5.133686 -2.976750
v -5.304082 5.133686 -2.803303
v -5.212382 5.134413 -2.976907
v -5.304379 5.134413 -2.803460
v -5.212561 5.135201 -2.977005
v -5.304557 5.135201 -2.803555
v -5.212616 5.136017 -2.977031
v -5.304612 5.136017 -2.803586
v -4.626029 5.131120 -4.078305
v -4.625520 5.134160 -4.078036
v -4.715733 5.131120 -3.909178
v -4.715225 5.134160 -3.908911
v -4.669776 5.142940 -4.101511
v -4.669268 5.145977 -4.101243
v -4.759481 5.142940 -3.932384
v -4.758973 5.145977 -3.932112
v -4.623390 5.131100 -4.076905
v -4.623898 5.134140 -4.077178
v -4.713095 5.131100 -3.907779
v -4.713603 5.134140 -3.908048
v -4.579642 5.142920 -4.053701
v -4.580150 5.145958 -4.053971
v -4.669347 5.142920 -3.884575
v -4.669855 5.145958 -3.884845
v -4.627441 5.136828 -4.080134
v -4.718039 5.136828 -3.909323
v -4.627246 5.137609 -4.080030
v -4.717844 5.137609 -3.909220
v -4.626935 5.138330 -4.079865
v -4.717533 5.138330 -3.909055
v -4.626519 5.138957 -4.079648
v -4.717117 5.138957 -3.908834
v -4.626016 5.139468 -4.079381
v -4.716614 5.139468 -3.908566
v -4.625443 5.139843 -4.079074
v -4.716041 5.139843 -3.908262
v -4.624824 5.140069 -4.078746
v -4.715422 5.140069 -3.907934
v -4.624182 5.140141 -4.078405
v -4.714780 5.140141 -3.907593
v -4.623541 5.140049 -4.078065
v -4.714139 5.140049 -3.907254
v -4.622927 5.139802 -4.077739
v -4.713525 5.139802 -3.906929
v -4.622363 5.139407 -4.077440
v -4.712961 5.139407 -3.906631
v -4.621870 5.138876 -4.077178
v -4.712468 5.138876 -3.906368
v -4.621467 5.138237 -4.076965
v -4.712065 5.138237 -3.906154
v -4.621171 5.137512 -4.076808
v -4.711769 5.137512 -3.905998
v -4.620992 5.136724 -4.076715
v -4.711590 5.136724 -3.905901
v -4.620937 5.135908 -4.076684
v -4.711535 5.135908 -3.905874
v -4.621008 5.135093 -4.076725
v -4.711607 5.135093 -3.905910
v -4.621203 5.134312 -4.076828
v -4.711802 5.134312 -3.906014
v -4.621515 5.133595 -4.076993
v -4.712113 5.133595 -3.906179
v -4.621931 5.132967 -4.077211
v -4.712529 5.132967 -3.906399
v -4.622434 5.132454 -4.077478
v -4.713032 5.132454 -3.906667
v -4.623006 5.132080 -4.077785
v -4.713604 5.132080 -3.906971
v -4.623626 5.131852 -4.078113
v -4.714224 5.131852 -3.907300
v -4.624268 5.131783 -4.078454
v -4.714866 5.131783 -3.907640
v -4.624908 5.131874 -4.078794
v -4.715507 5.131874 -3.907979
v -4.625523 5.132122 -4.079116
v -4.716121 5.132122 -3.908305
v -4.626087 5.132514 -4.079416
v -4.716685 5.132514 -3.908604
v -4.626580 5.133045 -4.079679
v -4.717178 5.133045 -3.908866
v -4.626982 5.133686 -4.079894
v -4.717580 5.133686 -3.909081
v -4.627279 5.134414 -4.080050
v -4.717877 5.134414 -3.909236
v -4.627458 5.135200 -4.080142
v -4.718056 5.135200 -3.909333
v -4.627512 5.136014 -4.080173
v -4.718111 5.136014 -3.909360
v -4.628177 5.137030 -4.080524
v -4.627937 5.137990 -4.080400
v -4.718535 5.137990 -3.909585
v -4.718775 5.137030 -3.909714
v -4.627554 5.138871 -4.080194
v -4.718153 5.138871 -3.909384
v -4.627044 5.139638 -4.079926
v -4.717642 5.139638 -3.909112
v -4.626425 5.140270 -4.079597
v -4.717023 5.140270 -3.908783
v -4.625722 5.140730 -4.079225
v -4.716320 5.140730 -3.908412
v -4.624961 5.141013 -4.078818
v -4.715559 5.141013 -3.908007
v -4.624172 5.141098 -4.078403
v -4.714770 5.141098 -3.907588
v -4.623384 5.140985 -4.077982
v -4.713983 5.140985 -3.907171
v -4.622630 5.140682 -4.077582
v -4.713228 5.140682 -3.906770
v -4.621936 5.140193 -4.077214
v -4.712534 5.140193 -3.906404
v -4.621331 5.139544 -4.076893
v -4.711929 5.139544 -3.906081
v -4.620836 5.138760 -4.076632
v -4.711434 5.138760 -3.905819
v -4.620472 5.137866 -4.076437
v -4.711070 5.137866 -3.905627
v -4.620252 5.136898 -4.076324
v -4.710850 5.136899 -3.905509
v -4.620184 5.135892 -4.076285
v -4.710783 5.135892 -3.905473
v -4.620273 5.134892 -4.076334
v -4.710871 5.134892 -3.905520
v -4.620512 5.133934 -4.076459
v -4.711111 5.133934 -3.905648
v -4.620895 5.133050 -4.076663
v -4.711493 5.133050 -3.905850
v -4.621405 5.132283 -4.076932
v -4.712003 5.132283 -3.906121
v -4.622024 5.131651 -4.077260
v -4.712622 5.131651 -3.906451
v -4.622727 5.131188 -4.077634
v -4.713326 5.131188 -3.906822
v -4.623488 5.130908 -4.078037
v -4.714087 5.130908 -3.907228
v -4.624278 5.130826 -4.078456
v -4.714876 5.130826 -3.907645
v -4.625065 5.130938 -4.078876
v -4.715663 5.130938 -3.908062
v -4.625820 5.131243 -4.079277
v -4.716418 5.131243 -3.908463
v -4.626513 5.131729 -4.079642
v -4.717112 5.131729 -3.908830
v -4.627119 5.132378 -4.079966
v -4.717717 5.132378 -3.909153
v -4.627614 5.133162 -4.080225
v -4.718212 5.133162 -3.909415
v -4.627978 5.134058 -4.080420
v -4.718576 5.134058 -3.909607
v -4.628198 5.135026 -4.080535
v -4.718796 5.135026 -3.909724
v -4.628265 5.136026 -4.080574
v -4.718863 5.136026 -3.909760
v -4.627441 5.136828 -4.080134
v -4.627246 5.137609 -4.080030
v -4.717844 5.137609 -3.909220
v -4.718039 5.136828 -3.909323
v -4.626935 5.138330 -4.079865
v -4.717533 5.138330 -3.909055
v -4.626519 5.138957 -4.079648
v -4.717117 5.138957 -3.908834
v -4.626016 5.139468 -4.079381
v -4.716614 5.139468 -3.908566
v -4.625443 5.139843 -4.079074
v -4.716041 5.139843 -3.908262
v -4.624824 5.140069 -4.078746
v -4.715422 5.140069 -3.907934
v -4.624182 5.140141 -4.078405
v -4.714780 5.140141 -3.907593
v -4.623541 5.140049 -4.078065
v -4.714139 5.140049 -3.907254
v -4.622927 5.139802 -4.077739
v -4.713525 5.139802 -3.906929
v -4.622363 5.139407 -4.077440
v -4.712961 5.139407 -3.906631
v -4.621870 5.138876 -4.077178
v -4.712468 5.138876 -3.906368
v -4.621467 5.138237 -4.076965
v -4.712065 5.138237 -3.906154
v -4.621171 5.137512 -4.076808
v -4.711769 5.137512 -3.905998
v -4.620992 5.136724 -4.076715
v -4.711590 5.136724 -3.905901
v -4.620937 5.135908 -4.076684
v -4.711535 5.135908 -3.905874
v -4.621008 5.135093 -4.076725
v -4.711607 5.135093 -3.905910
v -4.621203 5.134312 -4.076828
v -4.711802 5.134312 -3.906014
v -4.621515 5.133595 -4.076993
v -4.712113 5.133595 -3.906179
v -4.621931 5.132967 -4.077211
v -4.712529 5.132967 -3.906399
v -4.622434 5.132454 -4.077478
v -4.713032 5.132454 -3.906667
v -4.623006 5.132080 -4.077785
v -4.713604 5.132080 -3.906971
v -4.623626 5.131852 -4.078113
v -4.714224 5.131852 -3.907300
v -4.624268 5.131783 -4.078454
v -4.714866 5.131783 -3.907640
v -4.624908 5.131874 -4.078794
v -4.715507 5.131874 -3.907979
v -4.625523 5.132122 -4.079116
v -4.716121 5.132122 -3.908305
v -4.626087 5.132514 -4.079416
v -4.716685 5.132514 -3.908604
v -4.626580 5.133045 -4.079679
v -4.717178 5.133045 -3.908866
v -4.626982 5.133686 -4.079894
v -4.717580 5.133686 -3.909081
v -4.627279 5.134414 -4.080050
v -4.717877 5.134414 -3.909236
v -4.627458 5.135200 -4.080142
v -4.718056 5.135200 -3.909333
v -4.627512 5.136014 -4.080173
v -4.718111 5.136014 -3.909360
v -4.626742 5.136828 -4.081451
v -4.626547 5.137609 -4.081348
v -4.718543 5.137609 -3.907902
v -4.718738 5.136828 -3.908005
v -4.626235 5.138330 -4.081183
v -4.718232 5.138330 -3.907737
v -4.625820 5.138957 -4.080966
v -4.717816 5.138957 -3.907516
v -4.625317 5.139468 -4.080698
v -4.717313 5.139468 -3.907248
v -4.624744 5.139843 -4.080392
v -4.716740 5.139843 -3.906945
v -4.624125 5.140069 -4.080063
v -4.716121 5.140069 -3.906616
v -4.623483 5.140141 -4.079723
v -4.715479 5.140141 -3.906276
v -4.622842 5.140049 -4.079383
v -4.714838 5.140049 -3.905936
v -4.622228 5.139802 -4.079060
v -4.714224 5.139802 -3.905612
v -4.621664 5.139407 -4.078758
v -4.713660 5.139407 -3.905313
v -4.621171 5.138876 -4.078496
v -4.713167 5.138876 -3.905051
v -4.620768 5.138237 -4.078283
v -4.712764 5.138237 -3.904836
v -4.620472 5.137512 -4.078126
v -4.712468 5.137512 -3.904680
v -4.620293 5.136724 -4.078032
v -4.712289 5.136724 -3.904584
v -4.620238 5.135908 -4.078002
v -4.712234 5.135908 -3.904557
v -4.620310 5.135093 -4.078043
v -4.712306 5.135093 -3.904593
v -4.620505 5.134312 -4.078146
v -4.712501 5.134312 -3.904696
v -4.620816 5.133595 -4.078310
v -4.712812 5.133595 -3.904861
v -4.621232 5.132967 -4.078529
v -4.713227 5.132967 -3.905082
v -4.621735 5.132454 -4.078796
v -4.713731 5.132454 -3.905349
v -4.622307 5.132080 -4.079103
v -4.714303 5.132080 -3.905653
v -4.622927 5.131852 -4.079431
v -4.714923 5.131852 -3.905982
v -4.623569 5.131783 -4.079772
v -4.715565 5.131783 -3.906322
v -4.624209 5.131874 -4.080111
v -4.716206 5.131874 -3.906662
v -4.624824 5.132122 -4.080434
v -4.716820 5.132122 -3.906987
v -4.625388 5.132514 -4.080734
v -4.717384 5.132514 -3.907286
v -4.625881 5.133045 -4.080997
v -4.717877 5.133045 -3.907548
v -4.626284 5.133686 -4.081211
v -4.718279 5.133686 -3.907763
v -4.626580 5.134414 -4.081367
v -4.718576 5.134414 -3.907918
v -4.626759 5.135200 -4.081460
v -4.718755 5.135200 -3.908015
v -4.626813 5.136014 -4.081491
v -4.718810 5.136014 -3.908042
vn 0.8576 -0.2400 0.4549
vn 0.8185 -0.3764 0.4341
vn 0.8187 -0.3761 0.4340
vn 0.4686 -0.0000 -0.8834
vn -0.4686 -0.0000 0.8834
vn -0.4685 -0.0000 0.8835
vn -0.4685 -0.0000 0.8834
vn -0.2626 -0.9548 -0.1393
vn -0.3342 -0.9257 -0.1773
vn 0.7252 -0.5711 0.3846
vn 0.7251 -0.5713 0.3846
vn 0.5334 -0.7972 0.2829
vn 0.2708 -0.9519 0.1436
vn 0.2707 -0.9519 0.1436
vn -0.0346 -0.9992 -0.0182
vn 0.8576 -0.2399 0.4549
vn 0.8831 -0.0314 0.4681
vn 0.8830 -0.0310 0.4683
vn 0.8560 0.2476 0.4539
vn 0.8559 0.2477 0.4539
vn 0.7575 0.5149 0.4014
vn 0.5827 0.7517 0.3089
vn 0.4023 0.8904 0.2130
vn 0.4269 0.8755 0.2265
vn 0.3694 0.9084 0.1959
vn -0.4716 0.0011 0.8818
vn 0.4717 -0.0011 -0.8818
vn 0.4720 -0.0012 -0.8816
vn -0.8600 0.2290 -0.4561
vn -0.8146 0.3867 -0.4323
vn -0.8143 0.3872 -0.4323
vn 0.3343 0.9257 0.1771
vn 0.4267 0.8756 0.2264
vn -0.8835 -0.0076 -0.4683
vn -0.8599 0.2293 -0.4561
vn -0.8408 -0.3069 -0.4460
vn -0.8408 -0.3067 -0.4461
vn -0.7273 -0.5676 -0.3858
vn -0.5554 -0.7776 -0.2946
vn -0.5554 -0.7777 -0.2946
vn -0.2982 -0.9413 -0.1582
vn 0.0730 0.9966 0.0388
vn 0.0733 0.9965 0.0390
vn -0.2094 0.9715 -0.1111
vn -0.2092 0.9715 -0.1110
vn -0.4820 0.8380 -0.2557
vn -0.7034 0.6051 -0.3729
vn -0.2353 -0.9639 -0.1248
vn 0.4022 0.8905 0.2130
vn -0.4713 0.0033 0.8820
vn -0.4685 -0.0001 0.8835
vn 0.4730 0.0005 -0.8811
vn 0.4685 -0.0000 -0.8835
vn -0.8576 -0.2399 -0.4549
vn -0.8185 -0.3761 -0.4344
vn -0.8577 -0.2398 -0.4549
vn 0.3342 -0.9256 0.1776
vn 0.2625 -0.9549 0.1392
vn 0.2624 -0.9549 0.1393
vn -0.8183 -0.3766 -0.4343
vn -0.7252 -0.5711 -0.3847
vn -0.5334 -0.7972 -0.2828
vn -0.2707 -0.9519 -0.1435
vn -0.5333 -0.7972 -0.2828
vn 0.0343 -0.9992 0.0185
vn -0.2707 -0.9519 -0.1436
vn 0.0342 -0.9992 0.0186
vn -0.8831 -0.0312 -0.4682
vn -0.8559 0.2475 -0.4540
vn -0.8831 -0.0312 -0.4681
vn -0.8559 0.2475 -0.4541
vn -0.7573 0.5148 -0.4019
vn -0.7572 0.5149 -0.4018
vn -0.5826 0.7517 -0.3090
vn -0.4022 0.8904 -0.2134
vn -0.5827 0.7517 -0.3089
vn -0.3694 0.9084 -0.1959
vn -0.4268 0.8756 -0.2264
vn -0.4269 0.8755 -0.2264
vn -0.4722 -0.0013 0.8815
vn 0.4721 0.0013 -0.8816
vn 0.8147 0.3866 0.4322
vn 0.8601 0.2287 0.4560
vn 0.8599 0.2289 0.4562
vn -0.3342 0.9257 -0.1773
vn 0.8834 -0.0076 0.4686
vn 0.8834 -0.0075 0.4685
vn 0.8409 -0.3067 0.4459
vn 0.7273 -0.5676 0.3858
vn 0.8409 -0.3067 0.4458
vn 0.5554 -0.7777 0.2946
vn 0.2983 -0.9413 0.1582
vn -0.0731 0.9966 -0.0387
vn 0.2094 0.9715 0.1110
vn -0.0735 0.9965 -0.0390
vn 0.2092 0.9716 0.1109
vn 0.4820 0.8380 0.2557
vn 0.7033 0.6052 0.3730
vn 0.4819 0.8381 0.2558
vn 0.2346 -0.9641 0.1245
vn 0.2351 -0.9639 0.1247
vn -0.4736 0.0006 0.8807
vn -0.4720 -0.0051 0.8816
vn 0.4717 0.0038 -0.8817
vn 0.4748 -0.0016 -0.8801
vn 0.4690 0.0002 -0.8832
vn 0.4686 0.0002 -0.8834
vn -0.4683 -0.0001 0.8836
vn -0.4688 -0.0003 0.8833
vn -0.8403 -0.3087 -0.4456
vn -0.8752 -0.1354 -0.4644
vn -0.8404 -0.3080 -0.4459
vn -0.4685 0.0006 0.8835
vn -0.8827 0.0395 -0.4682
vn -0.8827 0.0388 -0.4683
vn 0.4685 -0.0002 -0.8835
vn -0.4688 -0.0001 0.8833
vn -0.8632 0.2129 -0.4578
vn 0.4686 -0.0003 -0.8834
vn -0.4686 -0.0002 0.8834
vn -0.8157 0.3839 -0.4327
vn -0.8156 0.3843 -0.4326
vn 0.4688 0.0003 -0.8833
vn -0.4685 -0.0003 0.8835
vn -0.7396 0.5470 -0.3922
vn 0.4687 -0.0002 -0.8834
vn -0.4684 0.0001 0.8835
vn -0.7396 0.5468 -0.3923
vn -0.6336 0.6970 -0.3358
vn 0.4685 -0.0001 -0.8835
vn -0.4684 0.0002 0.8835
vn -0.4974 0.8264 -0.2638
vn -0.4974 0.8265 -0.2636
vn 0.4683 -0.0001 -0.8836
vn -0.4687 -0.0001 0.8833
vn -0.3341 0.9257 -0.1772
vn 0.4690 -0.0001 -0.8832
vn -0.4683 -0.0000 0.8836
vn -0.3343 0.9257 -0.1770
vn -0.1508 0.9853 -0.0804
vn 0.4684 -0.0000 -0.8835
vn -0.1501 0.9855 -0.0791
vn 0.0432 0.9988 0.0230
vn -0.4686 0.0001 0.8834
vn 0.2340 0.9643 0.1242
vn 0.2334 0.9645 0.1238
vn 0.4684 -0.0001 -0.8835
vn -0.4684 -0.0000 0.8835
vn 0.4097 0.8860 0.2171
vn 0.4686 -0.0002 -0.8834
vn 0.4097 0.8859 0.2175
vn 0.5615 0.7720 0.2979
vn 0.4686 -0.0005 -0.8834
vn -0.4685 0.0003 0.8834
vn 0.5614 0.7721 0.2978
vn 0.6846 0.6321 0.3631
vn -0.4687 0.0002 0.8834
vn 0.6843 0.6326 0.3629
vn 0.7773 0.4752 0.4122
vn 0.4687 0.0002 -0.8833
vn -0.4686 -0.0003 0.8834
vn 0.8400 0.3094 0.4457
vn 0.8405 0.3080 0.4457
vn 0.8752 0.1362 0.4642
vn 0.8753 0.1354 0.4642
vn 0.4684 0.0004 -0.8835
vn -0.4686 0.0003 0.8834
vn 0.8828 -0.0387 0.4682
vn 0.8828 -0.0384 0.4682
vn 0.4685 0.0005 -0.8835
vn -0.4686 0.0002 0.8834
vn 0.8630 -0.2138 0.4578
vn 0.8632 -0.2125 0.4580
vn 0.4682 -0.0005 -0.8836
vn -0.4685 0.0001 0.8835
vn 0.8156 -0.3839 0.4328
vn 0.8161 -0.3832 0.4326
vn 0.4684 -0.0003 -0.8835
vn 0.7397 -0.5472 0.3918
vn -0.4685 -0.0002 0.8834
vn 0.6332 -0.6972 0.3361
vn 0.6328 -0.6979 0.3355
vn -0.4686 -0.0001 0.8834
vn 0.4973 -0.8264 0.2641
vn 0.4975 -0.8264 0.2637
vn 0.4687 -0.0001 -0.8834
vn 0.3342 -0.9257 0.1769
vn 0.4689 0.0002 -0.8832
vn 0.1502 -0.9854 0.0797
vn 0.1501 -0.9855 0.0796
vn 0.4684 0.0001 -0.8835
vn -0.4689 0.0001 0.8832
vn -0.0432 -0.9988 -0.0230
vn -0.0429 -0.9988 -0.0224
vn 0.4686 0.0001 -0.8834
vn -0.4689 -0.0001 0.8832
vn -0.2337 -0.9643 -0.1242
vn -0.2340 -0.9643 -0.1240
vn 0.4687 -0.0000 -0.8833
vn -0.4099 -0.8858 -0.2175
vn 0.4686 -0.0001 -0.8834
vn -0.5613 -0.7723 -0.2976
vn -0.5612 -0.7723 -0.2978
vn -0.6838 -0.6331 -0.3629
vn 0.4688 -0.0000 -0.8833
vn -0.6845 -0.6323 -0.3628
vn -0.7768 -0.4760 -0.4123
vn 0.8575 -0.2402 0.4550
vn 0.8183 -0.3765 0.4342
vn 0.4687 -0.0000 -0.8834
vn -0.2624 -0.9548 -0.1394
vn -0.3344 -0.9256 -0.1773
vn -0.2625 -0.9548 -0.1393
vn 0.8184 -0.3765 0.4342
vn 0.7251 -0.5712 0.3846
vn 0.7253 -0.5710 0.3846
vn 0.5334 -0.7971 0.2829
vn 0.2708 -0.9519 0.1435
vn -0.0341 -0.9992 -0.0184
vn 0.2707 -0.9519 0.1435
vn -0.0342 -0.9992 -0.0185
vn 0.8830 -0.0312 0.4683
vn 0.8559 0.2475 0.4540
vn 0.8559 0.2474 0.4541
vn 0.7572 0.5150 0.4018
vn 0.5826 0.7517 0.3091
vn 0.7572 0.5150 0.4019
vn 0.4022 0.8903 0.2134
vn 0.3692 0.9085 0.1959
vn 0.4269 0.8755 0.2264
vn 0.3693 0.9084 0.1958
vn 0.4655 0.0012 -0.8850
vn -0.4655 -0.0011 0.8851
vn -0.8146 0.3868 -0.4322
vn -0.8600 0.2289 -0.4561
vn -0.8599 0.2294 -0.4561
vn 0.3342 0.9257 0.1774
vn -0.8835 -0.0072 -0.4684
vn -0.8832 -0.0077 -0.4689
vn -0.8408 -0.3068 -0.4459
vn -0.7274 -0.5676 -0.3857
vn -0.5556 -0.7775 -0.2946
vn -0.5555 -0.7776 -0.2947
vn 0.0731 0.9966 0.0388
vn -0.2092 0.9716 -0.1110
vn -0.2092 0.9716 -0.1109
vn -0.4821 0.8380 -0.2556
vn -0.7033 0.6051 -0.3731
vn -0.2353 -0.9639 -0.1247
vn -0.2350 -0.9640 -0.1245
vn 0.4022 0.8903 0.2138
vn 0.4642 -0.0004 -0.8857
vn 0.4685 0.0001 -0.8834
vn 0.4655 0.0044 -0.8850
vn -0.4657 -0.0033 0.8849
vn -0.4687 -0.0001 0.8834
vn -0.4631 0.0013 0.8863
vn -0.8577 -0.2399 -0.4548
vn -0.8186 -0.3762 -0.4340
vn -0.8184 -0.3765 -0.4340
vn 0.2629 -0.9547 0.1394
vn 0.3343 -0.9257 0.1769
vn 0.2622 -0.9549 0.1391
vn -0.7252 -0.5710 -0.3848
vn -0.7251 -0.5711 -0.3848
vn -0.5334 -0.7972 -0.2829
vn -0.5334 -0.7972 -0.2827
vn -0.2709 -0.9518 -0.1437
vn -0.2708 -0.9519 -0.1437
vn 0.0342 -0.9993 0.0181
vn 0.0343 -0.9992 0.0181
vn -0.8831 -0.0311 -0.4682
vn -0.8559 0.2476 -0.4540
vn -0.8559 0.2477 -0.4540
vn -0.7574 0.5149 -0.4015
vn -0.7575 0.5149 -0.4014
vn -0.5827 0.7517 -0.3090
vn -0.5827 0.7516 -0.3090
vn -0.4022 0.8903 -0.2135
vn -0.4268 0.8755 -0.2265
vn 0.4649 -0.0013 -0.8853
vn -0.4650 0.0013 0.8853
vn -0.4647 0.0014 0.8855
vn 0.8600 0.2291 0.4561
vn 0.8146 0.3870 0.4321
vn -0.4267 0.8756 -0.2264
vn -0.3345 0.9257 -0.1768
vn 0.8835 -0.0076 0.4684
vn 0.8833 -0.0076 0.4688
vn 0.8408 -0.3068 0.4460
vn 0.7273 -0.5677 0.3858
vn 0.5553 -0.7777 0.2946
vn -0.0736 0.9965 -0.0390
vn 0.2094 0.9715 0.1109
vn 0.2095 0.9715 0.1109
vn 0.4822 0.8379 0.2557
vn 0.4821 0.8380 0.2557
vn 0.7033 0.6051 0.3731
vn 0.8146 0.3867 0.4323
vn 0.2347 -0.9641 0.1245
vn -0.4025 0.8902 -0.2135
vn 0.4655 -0.0039 -0.8851
vn -0.4635 -0.0007 0.8861
vn -0.4687 -0.0002 0.8834
vn -0.4688 0.0005 0.8833
vn 0.4684 -0.0005 -0.8835
vn 0.4685 -0.0003 -0.8834
vn -0.8752 -0.1360 -0.4643
vn -0.8405 -0.3082 -0.4457
vn -0.8403 -0.3086 -0.4457
vn -0.4688 -0.0004 0.8833
vn -0.8829 0.0390 -0.4680
vn -0.8753 -0.1356 -0.4641
vn 0.4681 -0.0003 -0.8837
vn -0.8827 0.0392 -0.4684
vn -0.8630 0.2136 -0.4579
vn -0.4686 0.0006 0.8834
vn -0.8160 0.3835 -0.4325
vn -0.8633 0.2126 -0.4577
vn -0.4687 -0.0000 0.8834
vn 0.4685 0.0004 -0.8835
vn -0.7399 0.5465 -0.3923
vn -0.8157 0.3835 -0.4330
vn 0.4687 0.0001 -0.8834
vn -0.7392 0.5475 -0.3922
vn -0.6335 0.6970 -0.3361
vn -0.4687 -0.0003 0.8834
vn 0.4683 0.0002 -0.8836
vn -0.6331 0.6973 -0.3360
vn -0.4977 0.8262 -0.2639
vn 0.4685 -0.0000 -0.8834
vn -0.3341 0.9257 -0.1775
vn -0.4973 0.8264 -0.2641
vn -0.4684 0.0004 0.8835
vn -0.1506 0.9853 -0.0801
vn -0.3343 0.9257 -0.1772
vn -0.4681 -0.0000 0.8837
vn 0.0435 0.9988 0.0233
vn -0.1506 0.9854 -0.0798
vn 0.4687 0.0002 -0.8834
vn 0.2342 0.9642 0.1241
vn 0.0433 0.9988 0.0226
vn -0.4685 0.0002 0.8834
vn 0.4684 0.0005 -0.8835
vn 0.4100 0.8858 0.2175
vn 0.2340 0.9642 0.1244
vn -0.4687 0.0002 0.8833
vn 0.5614 0.7722 0.2976
vn 0.4096 0.8860 0.2173
vn 0.6843 0.6324 0.3631
vn 0.5616 0.7720 0.2976
vn -0.4684 0.0003 0.8835
vn 0.4688 0.0004 -0.8833
vn 0.6842 0.6325 0.3630
vn 0.7769 0.4759 0.4122
vn -0.4682 -0.0001 0.8836
vn 0.8405 0.3084 0.4455
vn 0.7774 0.4752 0.4122
vn -0.4685 -0.0001 0.8834
vn 0.4689 -0.0004 -0.8833
vn 0.8752 0.1358 0.4643
vn 0.8402 0.3087 0.4458
vn 0.4691 0.0010 -0.8832
vn 0.8752 0.1363 0.4641
vn 0.8828 -0.0392 0.4680
vn 0.4683 -0.0000 -0.8836
vn 0.8630 -0.2134 0.4580
vn 0.8828 -0.0385 0.4682
vn -0.4683 0.0001 0.8836
vn 0.8160 -0.3831 0.4329
vn 0.8632 -0.2129 0.4577
vn -0.4688 -0.0005 0.8833
vn 0.7396 -0.5472 0.3919
vn 0.8154 -0.3847 0.4327
vn -0.4689 -0.0003 0.8832
vn 0.6335 -0.6970 0.3360
vn 0.7398 -0.5464 0.3927
vn -0.4687 -0.0002 0.8833
vn 0.4687 0.0001 -0.8833
vn 0.4974 -0.8264 0.2639
vn 0.6332 -0.6972 0.3360
vn 0.3341 -0.9257 0.1772
vn 0.4973 -0.8265 0.2638
vn 0.4682 -0.0004 -0.8836
vn 0.3346 -0.9255 0.1774
vn -0.4689 -0.0004 0.8833
vn 0.4685 -0.0002 -0.8834
vn -0.0430 -0.9988 -0.0231
vn 0.1506 -0.9854 0.0799
vn 0.4682 0.0001 -0.8836
vn -0.2338 -0.9644 -0.1239
vn -0.0430 -0.9988 -0.0227
vn -0.4689 -0.0003 0.8833
vn 0.4689 -0.0002 -0.8832
vn -0.4096 -0.8860 -0.2174
vn -0.2341 -0.9642 -0.1244
vn -0.5619 -0.7717 -0.2980
vn -0.4095 -0.8861 -0.2171
vn -0.4691 0.0006 0.8832
vn 0.4688 -0.0001 -0.8833
vn -0.6845 -0.6322 -0.3629
vn -0.5617 -0.7720 -0.2975
vn -0.7772 -0.4753 -0.4123
vn -0.6843 -0.6323 -0.3631
vn -0.7771 -0.4757 -0.4121
vn 0.2051 -0.9727 0.1088
vn 0.8680 0.1860 0.4604
vn -0.2051 0.9727 -0.1088
vn -0.8680 -0.1860 -0.4604
vn -0.2051 -0.9727 -0.1088
vn -0.8680 0.1860 -0.4604
vn 0.2051 0.9727 0.1088
vn 0.8680 -0.1860 0.4604
vn 0.8680 -0.1858 0.4604
vn 0.8681 -0.1858 0.4603
vn -0.4684 0.0005 0.8835
vn -0.4686 -0.0004 0.8834
vn -0.8680 0.1859 -0.4604
vn -0.8680 0.1861 -0.4604
vn -0.2052 -0.9727 -0.1088
vn -0.8680 -0.1858 -0.4604
vn -0.8681 -0.1859 -0.4603
vn -0.8680 -0.1861 -0.4604
vn 0.8679 0.1863 0.4605
vn 0.8679 0.1861 0.4606
vn 0.8679 0.1862 0.4605
vn 0.4685 0.0003 -0.8835
vn -0.8681 0.1859 -0.4603
vn -0.8250 0.3574 -0.4377
vn -0.8679 0.1858 -0.4606
vn -0.7535 0.5221 -0.3996
vn -0.7534 0.5223 -0.3995
vn -0.6520 0.6749 -0.3457
vn -0.6518 0.6749 -0.3459
vn -0.5206 0.8079 -0.2762
vn -0.3616 0.9124 -0.1917
vn -0.3610 0.9126 -0.1919
vn -0.1802 0.9790 -0.0955
vn -0.1801 0.9790 -0.0955
vn 0.0130 0.9999 0.0070
vn 0.0133 0.9999 0.0070
vn 0.2053 0.9726 0.1089
vn 0.3840 0.9006 0.2037
vn 0.3839 0.9007 0.2035
vn 0.5396 0.7918 0.2863
vn 0.6673 0.6554 0.3538
vn 0.6675 0.6550 0.3541
vn 0.7647 0.5009 0.4055
vn 0.7645 0.5009 0.4057
vn 0.8325 0.3350 0.4413
vn 0.8715 0.1633 0.4624
vn 0.8716 0.1630 0.4623
vn 0.8834 -0.0118 0.4685
vn 0.8833 -0.0119 0.4687
vn 0.8679 -0.1865 0.4603
vn 0.8248 -0.3580 0.4375
vn 0.8253 -0.3569 0.4376
vn 0.7531 -0.5228 0.3994
vn 0.7538 -0.5214 0.3999
vn 0.6519 -0.6749 0.3458
vn 0.6521 -0.6747 0.3459
vn 0.5207 -0.8078 0.2763
vn 0.5203 -0.8082 0.2758
vn 0.3608 -0.9128 0.1916
vn 0.3611 -0.9127 0.1912
vn 0.1800 -0.9790 0.0953
vn -0.0127 -0.9999 -0.0064
vn -0.0126 -0.9999 -0.0069
vn -0.2051 -0.9727 -0.1084
vn -0.2050 -0.9727 -0.1091
vn -0.3843 -0.9005 -0.2037
vn -0.3839 -0.9006 -0.2037
vn -0.5399 -0.7915 -0.2863
vn -0.5391 -0.7921 -0.2862
vn -0.6672 -0.6553 -0.3541
vn -0.7645 -0.5010 -0.4056
vn -0.7647 -0.5007 -0.4055
vn -0.8325 -0.3345 -0.4416
vn -0.0000 1.0000 -0.0000
vn -0.5478 -0.8264 -0.1304
vn -0.0000 -0.0000 -1.0000
vn -0.2612 0.9650 0.0229
vn -0.0000 -0.0000 1.0000
vn -0.8717 -0.1623 -0.4624
vn -0.8716 -0.1633 -0.4623
vn -0.8834 0.0114 -0.4686
vn -0.8834 0.0117 -0.4685
vn 0.4680 0.0007 -0.8837
vn 0.4688 -0.0003 -0.8833
vn -0.4686 -0.0005 0.8834
vn -0.4680 0.0001 0.8837
vn -0.4685 0.0007 0.8834
vn -0.4687 -0.0007 0.8833
vn -0.4684 -0.0004 0.8835
vn 0.4680 0.0002 -0.8837
vn -0.4690 -0.0000 0.8832
vn 0.4684 0.0003 -0.8835
vn 0.4682 -0.0002 -0.8836
vn -0.4677 0.0003 0.8839
vn -0.4681 -0.0005 0.8837
vn -0.4682 -0.0005 0.8836
vn 0.4690 0.0006 -0.8832
vn 0.4688 0.0010 -0.8833
vn -0.4675 0.0004 0.8840
vn -0.4685 -0.0004 0.8835
vn 0.4690 -0.0004 -0.8832
vn -0.4683 -0.0002 0.8836
vn -0.4683 0.0006 0.8836
vn 0.4689 0.0001 -0.8832
vn -0.4685 -0.0002 0.8835
vn -0.4684 -0.0008 0.8835
vn 0.4686 0.0006 -0.8834
vn 0.4681 -0.0000 -0.8837
vn -0.4690 0.0002 0.8832
vn -0.4682 -0.0003 0.8836
vn 0.4689 -0.0001 -0.8832
vn 0.4686 -0.0009 -0.8834
vn 0.4684 -0.0004 -0.8835
vn 0.4680 -0.0001 -0.8837
vn -0.4689 0.0002 0.8832
vn -0.4685 -0.0006 0.8835
vn 0.4685 0.0006 -0.8835
vn -0.4683 -0.0007 0.8836
vn -0.4682 0.0001 0.8836
vn 0.4685 -0.0003 -0.8835
vn -0.4680 -0.0000 0.8837
vn -0.4681 0.0003 0.8837
vn 0.4676 -0.0002 -0.8840
vn -0.4679 -0.0001 0.8838
vn 0.4688 0.0001 -0.8833
vn 0.4686 -0.0013 -0.8834
vn 0.4688 -0.0002 -0.8833
vn 0.4688 0.0002 -0.8833
vn -0.4682 0.0003 0.8836
vn 0.4684 -0.0002 -0.8835
vn 0.4685 -0.0004 -0.8835
vn -0.4691 -0.0000 0.8832
vn 0.4686 0.0005 -0.8834
vn -0.4685 0.0005 0.8835
vn 0.4688 0.0005 -0.8833
vn -0.4681 0.0004 0.8837
vn -0.4679 0.0001 0.8838
vn -0.4684 -0.0001 0.8835
vn 0.4680 -0.0004 -0.8837
vn 0.4690 -0.0007 -0.8832
vn -0.4681 -0.0008 0.8837
vn -0.4683 -0.0005 0.8836
vn 0.4678 0.0003 -0.8838
vn -0.4695 0.0005 0.8829
vn -0.4680 0.0005 0.8837
vn 0.4683 0.0003 -0.8836
vn -0.4689 0.0003 0.8832
vn 0.4681 0.0010 -0.8837
vn -0.4691 0.0010 0.8832
vn 0.4683 -0.0001 -0.8835
vn 0.4677 -0.0005 -0.8839
vn -0.4688 0.0009 0.8833
vn 0.4680 0.0003 -0.8837
vn -0.4682 -0.0002 0.8836
vn -0.4692 -0.0000 0.8831
vn 0.4686 -0.0008 -0.8834
vn 0.4687 -0.0005 -0.8834
vn -0.4694 -0.0002 0.8830
vn 0.4691 -0.0003 -0.8832
vn -0.4693 -0.0002 0.8830
vn 0.4682 0.0009 -0.8836
vn 0.8323 0.3347 0.4417
vn 0.8717 0.1628 0.4623
vn 0.8326 0.3347 0.4414
vn -0.5397 -0.7917 -0.2862
vn -0.6675 -0.6552 -0.3538
vn -0.5398 -0.7917 -0.2861
vn 0.0001 1.0000 -0.0000
vn 0.4782 -0.8506 0.2187
vn -0.0002 1.0000 -0.0000
vn -0.7113 -0.6819 0.1705
vn -0.0001 1.0000 -0.0001
vn -0.9720 -0.1076 -0.2089
vn -0.0001 1.0000 -0.0000
vn -0.6918 -0.7043 -0.1592
vn 0.9239 -0.3072 0.2282
vn -0.1724 -0.9648 0.1988
vn -0.0000 1.0000 -0.0001
vn -0.9682 0.1389 -0.2081
vn -0.8222 -0.5390 -0.1828
vn 0.0002 1.0000 -0.0000
vn 0.9637 -0.1384 0.2282
vn 0.4823 -0.8484 0.2182
vn -0.9093 0.3660 -0.1979
vn -0.9199 -0.3373 -0.2000
vn 0.9058 -0.3643 0.2166
vn 0.9221 -0.3118 0.2291
vn -0.8058 0.5640 -0.1807
vn -0.0002 1.0000 -0.0001
vn -0.9723 -0.1059 -0.2085
vn 0.8032 -0.5626 0.1957
vn 0.9640 -0.1370 0.2281
vn 0.0001 1.0000 0.0001
vn -0.6720 0.7240 -0.1559
vn -0.0000 1.0000 0.0001
vn -0.9683 0.1378 -0.2083
vn 0.6709 -0.7228 0.1660
vn 0.9054 -0.3655 0.2159
vn -0.5283 0.8397 -0.1257
vn -0.9088 0.3669 -0.1984
vn 0.5277 -0.8389 0.1333
vn 0.8046 -0.5608 0.1951
vn -0.3761 0.9219 -0.0929
vn -0.8070 0.5625 -0.1800
vn 0.3760 -0.9216 0.0967
vn 0.6715 -0.7221 0.1662
vn -0.0002 1.0000 0.0001
vn -0.2218 0.9735 -0.0563
vn 0.0003 1.0000 -0.0000
vn -0.2415 -0.9684 -0.0616
vn -0.6723 0.7237 -0.1559
vn 0.2223 -0.9733 0.0579
vn -0.6684 0.7412 0.0628
vn 0.5271 -0.8392 0.1337
vn -0.0676 0.9976 -0.0175
vn -0.3950 -0.9135 -0.0972
vn -0.5277 0.8400 -0.1261
vn 0.0670 -0.9976 0.0174
vn -0.9366 0.3355 0.1014
vn 0.3759 -0.9217 0.0958
vn -0.2609 0.9651 0.0230
vn -0.5471 -0.8269 -0.1300
vn -0.3766 0.9217 -0.0926
vn -0.0877 -0.9959 -0.0227
vn -0.9739 -0.1800 0.1382
vn 0.2220 -0.9733 0.0581
vn -0.6695 0.7402 0.0627
vn -0.6925 -0.7036 -0.1591
vn -0.2221 0.9734 -0.0565
vn 0.0003 1.0000 -0.0001
vn -0.2428 -0.9681 -0.0616
vn -0.7131 -0.6800 0.1706
vn 0.0660 -0.9977 0.0169
vn -0.9366 0.3353 0.1015
vn -0.8228 -0.5380 -0.1831
vn -0.0660 0.9977 -0.0173
vn -0.3959 -0.9131 -0.0973
vn -0.1680 -0.9657 0.1980
vn -0.0881 -0.9959 -0.0224
vn -0.9735 -0.1825 0.1381
vn -0.9199 -0.3373 -0.1999
vn 0.4690 0.0012 -0.8832
vn -0.8252 0.3570 -0.4377
vn -0.8678 0.1867 -0.4604
vn -0.8679 0.1861 -0.4606
vn -0.5399 -0.7916 -0.2862
vn -0.6674 -0.6552 -0.3540
vn -0.6674 -0.6551 -0.3541
vn 0.8716 0.1629 0.4623
vn 0.8324 0.3351 0.4415
vn 0.8714 0.1631 0.4626
vn -0.8678 0.1864 -0.4607
vn -0.8250 0.3572 -0.4379
vn -0.8250 0.3575 -0.4377
vn -0.7650 -0.5004 -0.4055
vn -0.6675 -0.6549 -0.3542
vn 0.8834 -0.0114 0.4686
vn 0.8716 0.1629 0.4624
vn -0.7532 0.5224 -0.3998
vn -0.8250 0.3573 -0.4378
vn -0.7646 -0.5008 -0.4056
vn -0.7649 -0.5003 -0.4058
vn 0.8833 -0.0118 0.4687
vn 0.8834 -0.0117 0.4685
vn -0.7532 0.5226 -0.3994
vn -0.7534 0.5221 -0.3996
vn -0.8325 -0.3349 -0.4414
vn 0.8680 -0.1864 0.4603
vn -0.6519 0.6750 -0.3456
vn -0.7534 0.5223 -0.3994
vn -0.8324 -0.3349 -0.4415
vn -0.8324 -0.3344 -0.4419
vn 0.8681 -0.1860 0.4603
vn 0.8680 -0.1859 0.4605
vn -0.6521 0.6747 -0.3457
vn -0.6522 0.6745 -0.3461
vn -0.8321 -0.3353 -0.4419
vn -0.8718 -0.1629 -0.4621
vn 0.8251 -0.3575 0.4375
vn -0.5206 0.8079 -0.2761
vn -0.6517 0.6750 -0.3459
vn -0.8716 -0.1627 -0.4625
vn -0.8719 -0.1629 -0.4617
vn 0.8250 -0.3576 0.4376
vn 0.8251 -0.3574 0.4375
vn -0.5206 0.8080 -0.2761
vn -0.5204 0.8082 -0.2759
vn -0.8715 -0.1628 -0.4627
vn 0.7532 -0.5222 0.3999
vn 0.8251 -0.3573 0.4377
vn -0.3613 0.9125 -0.1919
vn -0.5206 0.8080 -0.2760
vn -0.8834 0.0122 -0.4685
vn -0.8836 0.0118 -0.4681
vn 0.7539 -0.5216 0.3994
vn 0.7535 -0.5221 0.3996
vn -0.3612 0.9126 -0.1916
vn -0.3613 0.9126 -0.1916
vn -0.8833 0.0116 -0.4686
vn 0.6521 -0.6745 0.3460
vn 0.7537 -0.5218 0.3997
vn -0.1799 0.9790 -0.0959
vn -0.3613 0.9126 -0.1915
vn -0.8679 0.1853 -0.4608
vn 0.6518 -0.6750 0.3456
vn 0.6517 -0.6751 0.3457
vn -0.1800 0.9790 -0.0956
vn -0.1800 0.9790 -0.0954
vn 0.5205 -0.8080 0.2760
vn 0.6520 -0.6747 0.3459
vn 0.0131 0.9999 0.0071
vn -0.1801 0.9790 -0.0952
vn 0.5206 -0.8080 0.2761
vn 0.5205 -0.8080 0.2761
vn 0.0133 0.9999 0.0067
vn 0.0134 0.9999 0.0073
vn 0.3611 -0.9127 0.1913
vn 0.5210 -0.8077 0.2762
vn 0.2046 0.9728 0.1086
vn 0.3612 -0.9126 0.1915
vn 0.3615 -0.9124 0.1920
vn 0.2051 0.9727 0.1089
vn 0.2054 0.9726 0.1090
vn 0.1800 -0.9790 0.0954
vn 0.3614 -0.9125 0.1916
vn 0.3840 0.9006 0.2036
vn 0.2052 0.9726 0.1090
vn 0.1796 -0.9791 0.0952
vn 0.1796 -0.9791 0.0955
vn 0.3839 0.9006 0.2036
vn 0.3838 0.9007 0.2037
vn -0.0127 -0.9999 -0.0068
vn 0.1797 -0.9791 0.0953
vn 0.5396 0.7918 0.2862
vn 0.3837 0.9007 0.2036
vn -0.0128 -0.9999 -0.0065
vn -0.0128 -0.9999 -0.0070
vn 0.5397 0.7917 0.2862
vn 0.5399 0.7916 0.2862
vn -0.2050 -0.9727 -0.1085
vn -0.0127 -0.9999 -0.0066
vn 0.5395 0.7919 0.2859
vn 0.6674 0.6551 0.3542
vn -0.2047 -0.9727 -0.1089
vn -0.2050 -0.9727 -0.1089
vn 0.6673 0.6552 0.3541
vn 0.6672 0.6554 0.3540
vn -0.3839 -0.9006 -0.2036
vn 0.7648 0.5006 0.4057
vn 0.6674 0.6552 0.3539
vn -0.3838 -0.9007 -0.2037
vn -0.3840 -0.9007 -0.2034
vn 0.7646 0.5010 0.4055
vn 0.7646 0.5009 0.4055
vn -0.3839 -0.9007 -0.2033
vn 0.7645 0.5012 0.4053
vn -0.5396 -0.7919 -0.2859
vn 0.8326 0.3345 0.4415
vn 0.8680 -0.1862 0.4603
vn -0.8680 0.1862 -0.4604
vn -0.8680 0.1863 -0.4603
vn -0.8681 0.1858 -0.4603
vn 0.4685 -0.0005 -0.8835
vn -0.8679 -0.1866 -0.4603
vn -0.8680 -0.1865 -0.4603
vn 0.8680 0.1859 0.4604
vn 0.8679 0.1862 0.4604
vn 0.4687 -0.0003 -0.8834
vn -0.8679 0.1864 -0.4604
vn -0.8251 0.3572 -0.4377
vn -0.8251 0.3576 -0.4374
vn -0.7535 0.5222 -0.3994
vn -0.6517 0.6752 -0.3457
vn -0.6522 0.6746 -0.3458
vn -0.5205 0.8079 -0.2762
vn -0.5208 0.8078 -0.2761
vn -0.1800 0.9790 -0.0953
vn -0.1802 0.9790 -0.0957
vn 0.0131 0.9999 0.0067
vn 0.0130 0.9999 0.0071
vn 0.2051 0.9727 0.1087
vn 0.2051 0.9727 0.1090
vn 0.5395 0.7920 0.2859
vn 0.5394 0.7918 0.2864
vn 0.6670 0.6558 0.3537
vn 0.6674 0.6552 0.3540
vn 0.7648 0.5006 0.4055
vn 0.7646 0.5006 0.4059
vn 0.8325 0.3346 0.4415
vn 0.8717 0.1631 0.4622
vn 0.8716 0.1627 0.4624
vn 0.8835 -0.0115 0.4684
vn 0.8680 -0.1863 0.4604
vn 0.8681 -0.1857 0.4604
vn 0.8252 -0.3570 0.4378
vn 0.8249 -0.3582 0.4373
vn 0.7534 -0.5223 0.3995
vn 0.6522 -0.6745 0.3460
vn 0.5208 -0.8078 0.2763
vn 0.5204 -0.8081 0.2758
vn 0.3612 -0.9125 0.1918
vn 0.3609 -0.9128 0.1912
vn 0.1795 -0.9791 0.0953
vn -0.0128 -0.9999 -0.0068
vn -0.0131 -0.9999 -0.0068
vn -0.2050 -0.9727 -0.1088
vn -0.2048 -0.9728 -0.1085
vn -0.3839 -0.9007 -0.2035
vn -0.3839 -0.9006 -0.2038
vn -0.5395 -0.7919 -0.2861
vn -0.5393 -0.7919 -0.2863
vn -0.6671 -0.6556 -0.3538
vn -0.7645 -0.5010 -0.4057
vn -0.7649 -0.5003 -0.4056
vn -0.8321 -0.3358 -0.4413
vn -0.5480 -0.8263 -0.1300
vn -0.2581 0.9658 0.0232
vn -0.8717 -0.1630 -0.4622
vn -0.8833 0.0112 -0.4687
vn -0.8834 0.0111 -0.4684
vn 0.4685 0.0002 -0.8835
vn -0.4688 0.0002 0.8833
vn -0.4687 0.0001 0.8834
vn 0.4689 -0.0001 -0.8833
vn -0.4690 0.0003 0.8832
vn -0.4688 0.0004 0.8833
vn -0.4685 0.0004 0.8835
vn -0.4687 0.0003 0.8833
vn -0.4691 -0.0003 0.8832
vn -0.4689 -0.0000 0.8833
vn -0.4684 -0.0002 0.8835
vn -0.4683 -0.0003 0.8835
vn 0.4683 -0.0005 -0.8836
vn 0.4680 0.0008 -0.8837
vn -0.4688 -0.0007 0.8833
vn 0.4684 0.0002 -0.8835
vn -0.4679 0.0002 0.8838
vn 0.4687 -0.0006 -0.8834
vn -0.4680 -0.0003 0.8837
vn -0.4682 0.0006 0.8836
vn 0.4690 0.0007 -0.8832
vn 0.4687 0.0011 -0.8834
vn -0.4689 0.0002 0.8833
vn 0.4680 -0.0000 -0.8837
vn -0.4691 -0.0001 0.8831
vn -0.4681 -0.0006 0.8837
vn -0.4687 0.0005 0.8834
vn 0.4681 0.0005 -0.8837
vn -0.4687 0.0004 0.8834
vn -0.4688 0.0003 0.8833
vn 0.4687 0.0007 -0.8833
vn -0.4684 -0.0006 0.8835
vn -0.4681 -0.0004 0.8837
vn 0.4680 0.0001 -0.8837
vn 0.4684 -0.0008 -0.8835
vn 0.4679 -0.0004 -0.8838
vn 0.4688 -0.0005 -0.8833
vn -0.4678 -0.0006 0.8838
vn 0.4690 -0.0000 -0.8832
vn 0.4689 -0.0000 -0.8833
vn -0.4688 0.0001 0.8833
vn -0.4683 0.0005 0.8836
vn 0.4689 0.0004 -0.8833
vn 0.4693 0.0001 -0.8830
vn -0.4683 -0.0004 0.8836
vn 0.4685 0.0002 -0.8834
vn -0.4680 0.0002 0.8837
vn -0.4682 0.0005 0.8836
vn -0.4684 0.0008 0.8835
vn -0.4682 0.0004 0.8836
vn 0.4682 -0.0001 -0.8836
vn -0.4687 -0.0004 0.8834
vn 0.4683 -0.0003 -0.8836
vn -0.4680 -0.0001 0.8837
vn -0.4680 -0.0002 0.8837
vn -0.4681 -0.0003 0.8837
vn 0.4681 0.0006 -0.8837
vn -0.4683 -0.0003 0.8836
vn 0.8324 0.3351 0.4414
vn 0.8717 0.1626 0.4624
vn 0.8327 0.3340 0.4416
vn -0.6675 -0.6550 -0.3543
vn -0.5396 -0.7916 -0.2868
vn 0.4817 -0.8488 0.2181
vn -0.7112 -0.6819 0.1708
vn -0.0002 1.0000 -0.0002
vn -0.6932 -0.7030 -0.1592
vn 0.9224 -0.3112 0.2287
vn -0.1726 -0.9647 0.1987
vn -0.9684 0.1376 -0.2080
vn -0.8211 -0.5406 -0.1833
vn 0.9640 -0.1372 0.2277
vn 0.4783 -0.8507 0.2181
vn -0.9194 -0.3386 -0.1999
vn 0.9056 -0.3650 0.2161
vn 0.9224 -0.3112 0.2288
vn -0.8050 0.5653 -0.1802
vn 0.8028 -0.5633 0.1954
vn 0.9638 -0.1386 0.2278
vn -0.6740 0.7222 -0.1554
vn -0.9681 0.1392 -0.2082
vn 0.6724 -0.7212 0.1666
vn 0.9053 -0.3655 0.2164
vn 0.0001 1.0000 -0.0001
vn -0.5276 0.8400 -0.1266
vn -0.9087 0.3672 -0.1985
vn 0.5277 -0.8390 0.1329
vn 0.8039 -0.5617 0.1955
vn -0.3768 0.9217 -0.0926
vn -0.8063 0.5634 -0.1801
vn 0.3761 -0.9215 0.0971
vn 0.6717 -0.7219 0.1666
vn -0.2214 0.9735 -0.0563
vn 0.0003 1.0000 0.0001
vn -0.2418 -0.9684 -0.0617
vn -0.6739 0.7222 -0.1559
vn 0.2214 -0.9735 0.0570
vn -0.6684 0.7411 0.0632
vn 0.5275 -0.8391 0.1329
vn -0.0671 0.9976 -0.0176
vn -0.3954 -0.9133 -0.0974
vn -0.5271 0.8404 -0.1258
vn 0.0659 -0.9977 0.0183
vn -0.9373 0.3334 0.1014
vn 0.3756 -0.9217 0.0972
vn -0.2612 0.9650 0.0232
vn -0.3757 0.9221 -0.0926
vn -0.0868 -0.9960 -0.0228
vn -0.9737 -0.1816 0.1377
vn 0.2214 -0.9735 0.0577
vn -0.2209 0.9737 -0.0561
vn -0.2429 -0.9681 -0.0616
vn 0.0671 -0.9976 0.0177
vn -0.0676 0.9976 -0.0176
vn -0.3948 -0.9136 -0.0974
vn -0.1726 -0.9647 0.1988
vn -0.0881 -0.9959 -0.0228
vn -0.9731 -0.1846 0.1377
vn -0.4682 -0.0004 0.8836
vn -0.8251 0.3572 -0.4378
vn -0.5397 -0.7918 -0.2860
vn -0.6675 -0.6550 -0.3541
vn -0.6681 -0.6545 -0.3539
vn 0.8324 0.3348 0.4416
vn 0.8717 0.1621 0.4624
vn 0.8715 0.1628 0.4626
vn -0.8679 0.1865 -0.4603
vn -0.8248 0.3580 -0.4376
vn -0.8252 0.3575 -0.4374
vn -0.7648 -0.5005 -0.4057
vn -0.6676 -0.6553 -0.3535
vn 0.8834 -0.0117 0.4684
vn 0.8717 0.1634 0.4620
vn -0.8249 0.3581 -0.4374
vn -0.7534 0.5224 -0.3993
vn -0.7651 -0.5001 -0.4056
vn -0.7642 -0.5015 -0.4055
vn 0.8832 -0.0110 0.4688
vn 0.8833 -0.0120 0.4687
vn -0.7537 0.5217 -0.3998
vn -0.7534 0.5221 -0.3997
vn -0.8328 -0.3344 -0.4412
vn -0.7645 -0.5015 -0.4051
vn 0.8681 -0.1859 0.4603
vn 0.8833 -0.0123 0.4686
vn -0.7535 0.5224 -0.3992
vn -0.6520 0.6748 -0.3458
vn -0.8323 -0.3352 -0.4415
vn -0.8322 -0.3354 -0.4416
vn 0.8679 -0.1856 0.4607
vn -0.6519 0.6749 -0.3458
vn -0.6520 0.6748 -0.3457
vn -0.8717 -0.1630 -0.4621
vn -0.8323 -0.3350 -0.4417
vn 0.8249 -0.3575 0.4378
vn 0.8679 -0.1863 0.4605
vn -0.5207 0.8078 -0.2763
vn -0.6519 0.6748 -0.3459
vn -0.8716 -0.1629 -0.4624
vn -0.8715 -0.1630 -0.4624
vn 0.8251 -0.3577 0.4374
vn -0.5202 0.8083 -0.2757
vn -0.5208 0.8078 -0.2763
vn -0.8835 0.0121 -0.4683
vn -0.8717 -0.1636 -0.4618
vn 0.7533 -0.5223 0.3997
vn -0.3613 0.9126 -0.1914
vn -0.5206 0.8080 -0.2758
vn -0.8833 0.0118 -0.4687
vn -0.8834 0.0113 -0.4685
vn 0.7533 -0.5225 0.3993
vn 0.7535 -0.5215 0.4003
vn -0.3611 0.9127 -0.1915
vn -0.3604 0.9130 -0.1914
vn -0.8832 0.0115 -0.4688
vn 0.7536 -0.5219 0.3997
vn -0.1803 0.9790 -0.0954
vn -0.8680 0.1864 -0.4602
vn 0.6518 -0.6749 0.3460
vn 0.6520 -0.6748 0.3458
vn -0.1798 0.9791 -0.0954
vn -0.1802 0.9790 -0.0956
vn 0.6519 -0.6748 0.3458
vn 0.5204 -0.8081 0.2760
vn 0.0130 0.9999 0.0066
vn -0.1801 0.9790 -0.0957
vn 0.5207 -0.8079 0.2760
vn 0.0128 0.9999 0.0065
vn 0.0129 0.9999 0.0070
vn 0.3609 -0.9128 0.1914
vn 0.5207 -0.8079 0.2761
vn 0.2048 0.9727 0.1086
vn 0.0128 0.9999 0.0067
vn 0.3611 -0.9126 0.1917
vn 0.3611 -0.9126 0.1916
vn 0.2051 0.9726 0.1090
vn 0.1801 -0.9790 0.0954
vn 0.3613 -0.9126 0.1915
vn 0.3838 0.9006 0.2038
vn 0.1801 -0.9790 0.0958
vn 0.1802 -0.9790 0.0953
vn 0.3842 0.9005 0.2037
vn 0.3839 0.9006 0.2038
vn -0.0133 -0.9999 -0.0070
vn 0.1803 -0.9790 0.0956
vn 0.3842 0.9005 0.2035
vn 0.5390 0.7922 0.2863
vn -0.0132 -0.9999 -0.0069
vn -0.0134 -0.9999 -0.0073
vn 0.5393 0.7921 0.2859
vn -0.2053 -0.9726 -0.1090
vn -0.0136 -0.9999 -0.0073
vn 0.6669 0.6558 0.3538
vn 0.5397 0.7918 0.2860
vn -0.2049 -0.9728 -0.1086
vn -0.2053 -0.9726 -0.1088
vn 0.6673 0.6553 0.3540
vn 0.6672 0.6555 0.3538
vn -0.2055 -0.9726 -0.1089
vn -0.3842 -0.9005 -0.2037
vn 0.7649 0.5005 0.4056
vn 0.6668 0.6557 0.3540
vn -0.3838 -0.9007 -0.2035
vn -0.3836 -0.9008 -0.2033
vn 0.7650 0.5003 0.4056
vn 0.7648 0.5003 0.4059
vn -0.3834 -0.9009 -0.2036
vn 0.7643 0.5014 0.4055
vn -0.5401 -0.7914 -0.2864
vn 0.8326 0.3347 0.4413
vn 0.8680 -0.1860 0.4605
vn -0.4685 0.0005 0.8834
vn -0.4685 0.0006 0.8834
vn -0.8679 0.1861 -0.4605
vn -0.8681 0.1857 -0.4603
vn -0.8680 -0.1864 -0.4604
vn 0.8680 0.1864 0.4603
vn 0.8680 0.1858 0.4605
vn 0.4688 -0.0007 -0.8833
vn -0.8249 0.3578 -0.4377
vn -0.8680 0.1855 -0.4606
vn -0.7535 0.5219 -0.3998
vn -0.6522 0.6745 -0.3460
vn -0.6517 0.6751 -0.3457
vn -0.5203 0.8081 -0.2760
vn -0.3612 0.9126 -0.1914
vn -0.3615 0.9124 -0.1918
vn -0.1803 0.9789 -0.0957
vn 0.0131 0.9999 0.0066
vn 0.2048 0.9727 0.1088
vn 0.2050 0.9727 0.1084
vn 0.3839 0.9006 0.2037
vn 0.5398 0.7916 0.2864
vn 0.5401 0.7914 0.2864
vn 0.6672 0.6555 0.3537
vn 0.7649 0.5001 0.4059
vn 0.7646 0.5012 0.4052
vn 0.8325 0.3349 0.4413
vn 0.8716 0.1634 0.4622
vn 0.8716 0.1632 0.4623
vn 0.8834 -0.0121 0.4685
vn 0.8679 -0.1860 0.4606
vn 0.8681 -0.1862 0.4602
vn 0.7532 -0.5225 0.3996
vn 0.6518 -0.6749 0.3459
vn 0.6519 -0.6749 0.3457
vn 0.5205 -0.8079 0.2762
vn 0.3608 -0.9129 0.1912
vn 0.3613 -0.9125 0.1917
vn 0.1798 -0.9791 0.0953
vn 0.1800 -0.9790 0.0955
vn -0.0130 -0.9999 -0.0069
vn -0.0132 -0.9999 -0.0070
vn -0.2051 -0.9726 -0.1091
vn -0.2049 -0.9727 -0.1085
vn -0.3836 -0.9008 -0.2037
vn -0.5397 -0.7917 -0.2863
vn -0.6673 -0.6554 -0.3537
vn -0.7647 -0.5007 -0.4057
vn -0.8325 -0.3343 -0.4417
vn -0.8321 -0.3357 -0.4415
vn -0.5478 -0.8264 -0.1301
vn -0.2615 0.9649 0.0231
vn -0.8715 -0.1629 -0.4625
vn -0.8715 -0.1633 -0.4624
vn -0.8833 0.0117 -0.4687
vn -0.8834 0.0112 -0.4685
vn 0.4693 -0.0003 -0.8831
vn 0.4684 0.0006 -0.8835
vn 0.4691 -0.0004 -0.8832
vn -0.4683 -0.0005 0.8835
vn -0.4692 0.0004 0.8831
vn -0.4692 0.0007 0.8831
vn 0.4693 -0.0006 -0.8830
vn -0.4681 0.0002 0.8837
vn 0.4680 0.0004 -0.8837
vn -0.4688 -0.0002 0.8833
vn 0.4688 -0.0006 -0.8833
vn -0.4687 0.0004 0.8833
vn 0.4690 0.0001 -0.8832
vn -0.4682 0.0002 0.8836
vn -0.4688 -0.0000 0.8833
vn -0.4684 -0.0003 0.8835
vn -0.4687 0.0003 0.8834
vn 0.4689 -0.0003 -0.8833
vn -0.4680 -0.0007 0.8837
vn 0.4687 -0.0001 -0.8833
vn -0.4690 -0.0002 0.8832
vn 0.4682 0.0008 -0.8836
vn -0.4682 0.0008 0.8836
vn 0.4677 0.0003 -0.8839
vn 0.4688 0.0009 -0.8833
vn 0.4697 0.0002 -0.8828
vn -0.4689 0.0006 0.8833
vn -0.4696 -0.0002 0.8829
vn 0.4692 -0.0006 -0.8831
vn 0.4682 -0.0007 -0.8836
vn -0.4683 0.0004 0.8836
vn -0.4687 -0.0003 0.8833
vn 0.4683 -0.0007 -0.8836
vn -0.4688 -0.0014 0.8833
vn 0.4689 -0.0004 -0.8832
vn 0.4689 0.0001 -0.8833
vn -0.4690 0.0008 0.8832
vn 0.4692 -0.0004 -0.8831
vn 0.4695 -0.0006 -0.8830
vn 0.4683 0.0006 -0.8836
vn 0.4683 0.0004 -0.8836
vn 0.4695 -0.0004 -0.8830
vn -0.4689 0.0003 0.8833
vn -0.4690 0.0009 0.8832
vn 0.4686 -0.0006 -0.8834
vn 0.4684 -0.0010 -0.8835
vn -0.4690 0.0005 0.8832
vn 0.4686 0.0008 -0.8834
vn 0.4689 0.0002 -0.8833
vn -0.4687 -0.0005 0.8834
vn 0.4681 -0.0005 -0.8837
vn -0.4695 0.0003 0.8829
vn 0.4683 0.0007 -0.8836
vn 0.8325 0.3348 0.4415
vn 0.8323 0.3352 0.4414
vn -0.6674 -0.6553 -0.3539
vn -0.5399 -0.7917 -0.2860
vn -0.5396 -0.7919 -0.2861
vn 0.4782 -0.8507 0.2183
vn -0.7131 -0.6799 0.1709
vn -0.0001 1.0000 0.0001
vn -0.6914 -0.7045 -0.1599
vn 0.9237 -0.3074 0.2289
vn -0.9682 0.1389 -0.2079
vn -0.8224 -0.5387 -0.1828
vn 0.9639 -0.1384 0.2275
vn 0.4801 -0.8497 0.2179
vn -0.9092 0.3659 -0.1985
vn -0.9196 -0.3381 -0.2001
vn 0.9058 -0.3643 0.2165
vn 0.9235 -0.3079 0.2289
vn -0.8059 0.5640 -0.1801
vn -0.9724 -0.1047 -0.2083
vn 0.8033 -0.5627 0.1949
vn 0.9639 -0.1372 0.2283
vn -0.6726 0.7234 -0.1559
vn 0.6714 -0.7220 0.1669
vn 0.9057 -0.3651 0.2155
vn -0.5286 0.8395 -0.1260
vn -0.9089 0.3669 -0.1983
vn 0.5281 -0.8387 0.1329
vn 0.8047 -0.5605 0.1955
vn -0.8069 0.5625 -0.1803
vn 0.3764 -0.9214 0.0963
vn 0.6714 -0.7221 0.1666
vn 0.2214 -0.9734 0.0584
vn 0.5266 -0.8396 0.1334
vn -0.3945 -0.9137 -0.0971
vn -0.5271 0.8404 -0.1260
vn 0.0671 -0.9976 0.0170
vn -0.9361 0.3369 0.1013
vn 0.3755 -0.9218 0.0963
vn -0.2579 0.9659 0.0232
vn -0.3761 0.9219 -0.0924
vn -0.0880 -0.9959 -0.0222
vn -0.9730 -0.1846 0.1382
vn 0.2221 -0.9734 0.0572
vn -0.0003 1.0000 -0.0000
vn -0.6925 -0.7036 -0.1594
vn -0.7130 -0.6800 0.1710
vn 0.0660 -0.9977 0.0180
vn -0.9378 0.3321 0.1016
vn -0.8227 -0.5380 -0.1834
vn -0.0671 0.9976 -0.0174
vn -0.1670 -0.9657 0.1986
vn -0.0869 -0.9959 -0.0230
vn -0.9732 -0.1846 0.1374
vn 0.4680 -0.0002 -0.8837
vn 0.4692 -0.0000 -0.8831
vn -0.4690 -0.0001 0.8832
vn -0.8250 0.3571 -0.4380
vn -0.8680 0.1859 -0.4605
vn -0.5399 -0.7915 -0.2864
vn -0.6670 -0.6557 -0.3538
vn -0.6675 -0.6551 -0.3540
vn 0.8716 0.1634 0.4621
vn 0.8324 0.3347 0.4416
vn 0.8714 0.1627 0.4627
vn -0.8679 0.1867 -0.4603
vn -0.8252 0.3571 -0.4376
vn -0.8251 0.3573 -0.4376
vn -0.7648 -0.5006 -0.4056
vn -0.6670 -0.6559 -0.3535
vn 0.8834 -0.0111 0.4684
vn 0.8716 0.1634 0.4623
vn -0.8248 0.3582 -0.4374
vn -0.7649 -0.5005 -0.4056
vn 0.8832 -0.0119 0.4688
vn -0.7535 0.5221 -0.3995
vn -0.7534 0.5222 -0.3997
vn -0.8325 -0.3347 -0.4414
vn -0.7650 -0.5000 -0.4059
vn 0.8834 -0.0120 0.4685
vn -0.7536 0.5214 -0.4002
vn -0.8325 -0.3348 -0.4415
vn -0.8324 -0.3351 -0.4414
vn 0.8679 -0.1867 0.4603
vn 0.8678 -0.1860 0.4608
vn -0.6518 0.6750 -0.3457
vn -0.6522 0.6744 -0.3462
vn 0.8252 -0.3574 0.4375
vn 0.8679 -0.1866 0.4604
vn -0.5205 0.8080 -0.2761
vn -0.6523 0.6743 -0.3461
vn -0.8717 -0.1632 -0.4622
vn -0.8717 -0.1627 -0.4623
vn 0.8250 -0.3579 0.4373
vn -0.5205 0.8080 -0.2762
vn -0.5205 0.8080 -0.2760
vn -0.8833 0.0118 -0.4686
vn -0.8718 -0.1626 -0.4621
vn 0.7534 -0.5224 0.3993
vn 0.8251 -0.3574 0.4376
vn -0.5204 0.8081 -0.2760
vn -0.3610 0.9127 -0.1915
vn -0.8834 0.0121 -0.4685
vn -0.8834 0.0115 -0.4686
vn 0.7534 -0.5222 0.3997
vn 0.7533 -0.5226 0.3994
vn -0.3613 0.9125 -0.1918
vn -0.8832 0.0118 -0.4688
vn 0.7536 -0.5221 0.3994
vn -0.3613 0.9125 -0.1917
vn -0.8680 0.1858 -0.4605
vn 0.6519 -0.6750 0.3455
vn 0.6517 -0.6753 0.3453
vn -0.1802 0.9790 -0.0958
vn -0.1800 0.9790 -0.0952
vn 0.5208 -0.8077 0.2763
vn 0.6519 -0.6747 0.3460
vn 0.0127 0.9999 0.0071
vn -0.1802 0.9790 -0.0953
vn 0.5206 -0.8080 0.2760
vn 0.5204 -0.8079 0.2765
vn 0.0126 0.9999 0.0067
vn 0.0128 0.9999 0.0064
vn 0.3614 -0.9125 0.1917
vn 0.5208 -0.8079 0.2758
vn 0.2047 0.9728 0.1086
vn 0.0126 0.9999 0.0070
vn 0.2048 0.9727 0.1087
vn 0.2052 0.9727 0.1087
vn 0.1799 -0.9790 0.0955
vn 0.1801 -0.9790 0.0952
vn 0.3841 0.9005 0.2038
vn 0.3843 0.9005 0.2036
vn -0.0133 -0.9999 -0.0073
vn 0.1795 -0.9792 0.0950
vn 0.5396 0.7918 0.2861
vn -0.0132 -0.9999 -0.0072
vn -0.0133 -0.9999 -0.0067
vn 0.5397 0.7918 0.2861
vn 0.5396 0.7919 0.2860
vn -0.2044 -0.9729 -0.1085
vn -0.0130 -0.9999 -0.0067
vn 0.6673 0.6554 0.3539
vn 0.5394 0.7920 0.2861
vn -0.2047 -0.9728 -0.1086
vn -0.2046 -0.9728 -0.1088
vn 0.6674 0.6553 0.3537
vn 0.6668 0.6558 0.3539
vn -0.2048 -0.9727 -0.1091
vn 0.7648 0.5005 0.4057
vn 0.6670 0.6556 0.3539
vn -0.3837 -0.9007 -0.2036
vn -0.3842 -0.9005 -0.2036
vn 0.7648 0.5005 0.4056
vn -0.3837 -0.9006 -0.2041
vn -0.5393 -0.7920 -0.2861
vn 0.8325 0.3350 0.4412
vn 0.4686 0.0003 -0.8834
vn 0.4687 0.0004 -0.8834
vn 0.4691 -0.0008 -0.8832
vn -0.4675 -0.0005 0.8840
vn -0.2627 -0.9548 -0.1392
vn -0.4719 0.0012 0.8816
vn -0.7273 -0.5677 -0.3858
vn -0.4820 0.8381 -0.2556
vn -0.4726 0.0009 0.8813
vn -0.4598 0.0432 0.8870
vn -0.4689 -0.0004 0.8832
vn -0.4687 -0.0000 0.8833
vn -0.4683 -0.0001 0.8835
vn 0.4719 -0.0017 -0.8816
vn 0.4895 0.0384 -0.8712
vn 0.4673 -0.0005 -0.8841
vn 0.4676 0.0001 -0.8840
vn 0.4694 -0.0003 -0.8830
vn 0.4687 0.0003 -0.8834
vn -0.4689 -0.0001 0.8833
vn -0.4685 0.0001 0.8834
vn -0.4021 0.8904 -0.2133
vn -0.4725 -0.0014 0.8813
vn 0.4725 0.0014 -0.8814
vn 0.8147 0.3867 0.4321
vn 0.2982 -0.9413 0.1582
vn -0.4778 0.0113 0.8784
vn -0.4695 -0.0003 0.8830
vn -0.4689 -0.0005 0.8832
vn -0.4683 0.0008 0.8835
vn -0.4586 -0.0498 0.8872
vn 0.4685 0.0146 -0.8833
vn 0.4685 0.0005 -0.8834
vn 0.4697 0.0005 -0.8828
vn 0.4697 -0.0000 -0.8828
vn 0.4690 -0.0003 -0.8832
vn 0.4925 -0.0454 -0.8691
vn -0.8752 -0.1361 -0.4641
vn -0.8631 0.2135 -0.4577
vn -0.6335 0.6969 -0.3362
vn 0.0434 0.9988 0.0230
vn 0.7772 0.4755 0.4122
vn 0.7396 -0.5466 0.3927
vn 0.3343 -0.9256 0.1776
vn -0.4098 -0.8859 -0.2173
vn -0.7776 -0.4749 -0.4121
vn 0.4697 -0.0005 -0.8828
vn 0.4681 -0.0006 -0.8837
vn 0.4677 -0.0001 -0.8839
vn 0.4652 0.0013 -0.8852
vn -0.4651 -0.0013 0.8852
vn -0.8148 0.3865 -0.4321
vn -0.2982 -0.9413 -0.1581
vn 0.4603 -0.0098 -0.8877
vn 0.4671 0.0006 -0.8842
vn 0.4682 0.0003 -0.8836
vn 0.4770 0.0442 -0.8778
vn -0.4684 -0.0125 0.8835
vn -0.4667 0.0006 0.8844
vn -0.4472 0.0390 0.8936
vn -0.4693 -0.0000 0.8830
vn 0.4691 -0.0000 -0.8832
vn 0.4696 -0.0001 -0.8829
vn 0.4689 0.0005 -0.8832
vn 0.4646 -0.0014 -0.8855
vn -0.0730 0.9966 -0.0388
vn 0.4642 -0.0011 -0.8857
vn 0.4777 -0.0501 -0.8771
vn 0.4695 0.0003 -0.8829
vn 0.4682 -0.0000 -0.8836
vn 0.4690 -0.0006 -0.8832
vn -0.4648 0.0018 0.8854
vn -0.4427 -0.0459 0.8955
vn -0.4694 0.0006 0.8830
vn -0.4675 -0.0000 0.8840
vn -0.4685 -0.0009 0.8835
vn 0.8680 0.1862 0.4603
vn -0.8251 0.3576 -0.4375
vn 0.2050 0.9727 0.1085
vn 0.5397 0.7917 0.2863
vn 0.8324 0.3346 0.4418
vn 0.8680 -0.1861 0.4605
vn -0.6673 -0.6554 -0.3538
vn -0.8322 -0.3352 -0.4416
vn -0.9734 -0.1825 0.1382
vn -0.0880 -0.9959 -0.0226
vn -0.9198 -0.3373 -0.2003
vn -0.6919 -0.7043 -0.1590
vn 0.9235 -0.3078 0.2290
vn -0.7113 -0.6819 0.1708
vn -0.9722 -0.1074 -0.2081
vn -0.8221 -0.5389 -0.1835
vn 0.9637 -0.1383 0.2282
vn -0.1726 -0.9649 0.1979
vn -0.9682 0.1390 -0.2080
vn -0.9200 -0.3371 -0.1999
vn 0.0001 1.0000 -0.0002
vn 0.9058 -0.3646 0.2158
vn 0.4816 -0.8488 0.2183
vn -0.9093 0.3657 -0.1984
vn -0.9722 -0.1062 -0.2088
vn -0.0002 1.0000 0.0002
vn 0.8035 -0.5623 0.1955
vn 0.9225 -0.3112 0.2285
vn -0.8055 0.5643 -0.1808
vn 0.6707 -0.7226 0.1671
vn -0.6721 0.7241 -0.1552
vn -0.9089 0.3670 -0.1980
vn -0.0000 1.0000 -0.0002
vn 0.5278 -0.8389 0.1327
vn 0.9053 -0.3655 0.2165
vn -0.5282 0.8397 -0.1262
vn -0.8069 0.5625 -0.1804
vn 0.3760 -0.9216 0.0965
vn 0.8047 -0.5609 0.1948
vn -0.3761 0.9219 -0.0930
vn -0.6727 0.7234 -0.1554
vn 0.2218 -0.9734 0.0576
vn -0.6677 0.7417 0.0632
vn 0.6711 -0.7224 0.1669
vn -0.2223 0.9733 -0.0566
vn -0.2418 -0.9684 -0.0611
vn 0.0676 -0.9976 0.0177
vn 0.5272 -0.8393 0.1330
vn -0.0670 0.9976 -0.0173
vn -0.3761 0.9220 -0.0921
vn -0.0877 -0.9959 -0.0229
vn -0.9740 -0.1800 0.1376
vn 0.3764 -0.9214 0.0964
vn -0.2609 0.9651 0.0228
vn -0.5470 -0.8268 -0.1308
vn -0.2221 0.9734 -0.0567
vn -0.2428 -0.9682 -0.0611
vn 0.2220 -0.9733 0.0579
vn -0.6693 0.7403 0.0634
vn -0.0660 0.9977 -0.0170
vn -0.1659 -0.9659 0.1985
vn 0.0660 -0.9977 0.0175
vn -0.2615 0.9650 0.0225
vn -0.5478 -0.8264 -0.1305
vn 0.4662 -0.0000 -0.8847
vn 0.4713 -0.0010 -0.8820
vn 0.4648 -0.0000 -0.8854
vn 0.4695 -0.0080 -0.8829
vn 0.4691 -0.0037 -0.8831
vn 0.4683 -0.0020 -0.8836
vn 0.4683 -0.0006 -0.8836
vn 0.4710 0.0040 -0.8821
vn 0.4687 -0.0008 -0.8833
vn 0.4789 0.0020 -0.8779
vn 0.4657 0.0005 -0.8850
vn 0.4709 0.0001 -0.8822
vn 0.4614 0.0002 -0.8872
vn 0.4718 -0.0010 -0.8817
vn 0.4661 0.0001 -0.8847
vn 0.4615 0.0040 -0.8871
vn 0.4662 0.0040 -0.8847
vn 0.4682 0.0021 -0.8836
vn 0.4640 0.0079 -0.8858
vn 0.4679 0.0020 -0.8838
vn 0.4704 0.0011 -0.8825
vn 0.4616 -0.0040 -0.8871
vn 0.4680 -0.0000 -0.8838
vn 0.4564 -0.0005 -0.8898
vn 0.4698 -0.0001 -0.8828
vn 0.4691 -0.0000 -0.8831
vn -0.4611 -0.0005 0.8873
vn -0.4690 0.0001 0.8832
vn -0.4643 -0.0010 0.8857
vn -0.4789 -0.0020 0.8779
vn -0.4693 0.0020 0.8830
vn -0.4684 0.0006 0.8835
vn -0.4679 -0.0020 0.8838
vn -0.4685 0.0023 0.8834
vn -0.4711 -0.0020 0.8821
vn -0.4681 -0.0040 0.8837
vn -0.4678 -0.0018 0.8838
vn -0.4733 -0.0000 0.8809
vn -0.4885 0.0022 0.8726
vn -0.4668 0.0007 0.8843
vn -0.4702 -0.0010 0.8826
vn -0.4683 0.0003 0.8836
vn -0.4724 -0.0010 0.8814
vn -0.4703 -0.0013 0.8825
vn -0.4738 -0.0079 0.8806
vn -0.4687 0.0040 0.8834
vn -0.4681 0.0017 0.8837
vn -0.4693 -0.0080 0.8830
vn -0.4684 -0.0007 0.8835
vn -0.4646 0.0020 0.8855
vn -0.4682 -0.0018 0.8836
vn -0.4702 0.0020 0.8826
vn -0.4684 -0.0005 0.8835
vn -0.8679 0.1866 -0.4604
vn -0.7532 0.5224 -0.3996
vn 0.8323 0.3351 0.4416
vn 0.8833 -0.0124 0.4686
vn 0.7535 -0.5221 0.3997
vn -0.6673 -0.6553 -0.3540
vn -0.9734 -0.1831 0.1375
vn -0.8716 -0.1630 -0.4624
vn -0.9199 -0.3374 -0.1998
vn -0.0000 1.0000 -0.0003
vn -0.9722 -0.1059 -0.2086
vn -0.0002 1.0000 0.0003
vn -0.8209 -0.5409 -0.1834
vn -0.1714 -0.9649 0.1987
vn -0.9684 0.1378 -0.2078
vn -0.9195 -0.3386 -0.1998
vn 0.4782 -0.8507 0.2182
vn -0.9091 0.3665 -0.1981
vn 0.8027 -0.5636 0.1950
vn -0.8052 0.5649 -0.1806
vn -0.9682 0.1392 -0.2078
vn -0.0000 1.0000 0.0002
vn 0.6728 -0.7209 0.1662
vn 0.9637 -0.1386 0.2282
vn -0.6736 0.7225 -0.1556
vn 0.5272 -0.8392 0.1337
vn 0.9052 -0.3657 0.2166
vn -0.5281 0.8398 -0.1259
vn -0.8063 0.5634 -0.1805
vn 0.3766 -0.9213 0.0965
vn 0.8040 -0.5618 0.1948
vn -0.3762 0.9218 -0.0933
vn -0.6729 0.7232 -0.1557
vn 0.6727 -0.7208 0.1669
vn -0.2215 0.9736 -0.0558
vn -0.5280 0.8399 -0.1258
vn -0.9361 0.3367 0.1015
vn 0.5267 -0.8396 0.1328
vn -0.0659 0.9977 -0.0181
vn -0.3964 -0.9129 -0.0973
vn -0.3757 0.9220 -0.0933
vn -0.0880 -0.9959 -0.0229
vn 0.3756 -0.9217 0.0965
vn -0.2579 0.9659 0.0230
vn -0.5475 -0.8266 -0.1302
vn 0.2209 -0.9736 0.0576
vn -0.6709 0.7388 0.0634
vn -0.9355 0.3384 0.1016
vn -0.5484 -0.8261 -0.1300
vn 0.4661 0.0020 -0.8847
vn 0.4687 0.0004 -0.8833
vn 0.4710 -0.0080 -0.8821
vn 0.4685 0.0031 -0.8835
vn 0.4665 -0.0139 -0.8844
vn 0.4687 0.0003 -0.8833
vn 0.4693 0.0040 -0.8830
vn 0.4683 -0.0002 -0.8836
vn 0.4756 -0.0000 -0.8796
vn 0.4690 0.0003 -0.8832
vn 0.4692 -0.0020 -0.8831
vn 0.4673 0.0002 -0.8841
vn 0.4679 0.0002 -0.8838
vn 0.4741 -0.0030 -0.8805
vn 0.4662 0.0020 -0.8847
vn 0.4695 0.0100 -0.8829
vn 0.4683 0.0011 -0.8836
vn 0.4670 0.0039 -0.8842
vn 0.4712 0.0040 -0.8820
vn 0.4675 -0.0003 -0.8840
vn 0.4724 -0.0000 -0.8814
vn 0.4633 -0.0020 -0.8862
vn 0.4695 -0.0001 -0.8829
vn 0.4566 -0.0000 -0.8897
vn -0.4605 -0.0015 0.8877
vn -0.4694 0.0002 0.8830
vn -0.4689 -0.0000 0.8832
vn -0.4681 0.0001 0.8837
vn -0.4664 -0.0000 0.8846
vn -0.4699 -0.0015 0.8827
vn -0.4598 0.0079 0.8880
vn -0.4647 -0.0000 0.8855
vn -0.4692 -0.0001 0.8831
vn -0.4646 -0.0060 0.8855
vn -0.4663 -0.0140 0.8845
vn -0.4641 -0.0020 0.8858
vn -0.4700 -0.0010 0.8827
vn -0.4669 -0.0001 0.8843
vn -0.4611 0.0020 0.8874
vn -0.4682 -0.0000 0.8836
vn -0.4649 -0.0000 0.8854
vn -0.4675 0.0003 0.8840
vn -0.4647 0.0080 0.8854
vn -0.4681 0.0010 0.8837
vn -0.4689 0.0060 0.8832
vn -0.4676 -0.0009 0.8840
vn -0.4724 0.0010 0.8814
vn -0.8252 0.3572 -0.4376
vn -0.1799 0.9790 -0.0953
vn 0.3841 0.9006 0.2034
vn 0.8323 0.3352 0.4415
vn 0.8834 -0.0119 0.4686
vn 0.8247 -0.3581 0.4377
vn -0.7652 -0.5001 -0.4055
vn -0.6918 -0.7043 -0.1594
vn -0.7138 -0.6790 0.1716
vn -0.9720 -0.1075 -0.2088
vn 0.9638 -0.1383 0.2279
vn -0.1715 -0.9651 0.1980
vn -0.9683 0.1390 -0.2077
vn -0.9198 -0.3379 -0.1996
vn 0.9056 -0.3645 0.2167
vn 0.4794 -0.8500 0.2185
vn -0.9094 0.3657 -0.1983
vn -0.9723 -0.1047 -0.2089
vn 0.8036 -0.5624 0.1949
vn 0.9237 -0.3077 0.2284
vn -0.8056 0.5644 -0.1802
vn -0.9092 0.3665 -0.1975
vn 0.5281 -0.8387 0.1331
vn -0.8071 0.5621 -0.1807
vn 0.8046 -0.5609 0.1950
vn -0.3766 0.9217 -0.0927
vn -0.6727 0.7234 -0.1556
vn 0.6714 -0.7220 0.1670
vn -0.2214 0.9735 -0.0569
vn -0.5271 0.8404 -0.1264
vn 0.5266 -0.8396 0.1329
vn -0.0671 0.9976 -0.0168
vn -0.3756 0.9221 -0.0925
vn -0.0868 -0.9960 -0.0229
vn 0.3760 -0.9216 0.0960
vn -0.2612 0.9650 0.0225
vn -0.5484 -0.8260 -0.1306
vn -0.2221 0.9734 -0.0558
vn -0.7130 -0.6800 0.1709
vn 0.2221 -0.9733 0.0580
vn -0.0660 0.9977 -0.0181
vn -0.3969 -0.9127 -0.0974
vn -0.1659 -0.9659 0.1987
vn 0.0671 -0.9976 0.0174
vn -0.8226 -0.5383 -0.1833
vn -0.5478 -0.8264 -0.1300
vn 0.4723 -0.0020 -0.8814
vn 0.4672 -0.0007 -0.8842
vn 0.4708 -0.0040 -0.8822
vn 0.4695 -0.0000 -0.8829
vn 0.4686 0.0011 -0.8834
vn 0.4710 -0.0081 -0.8821
vn 0.4679 -0.0000 -0.8838
vn 0.4691 -0.0007 -0.8831
vn 0.4788 0.0060 -0.8779
vn 0.4694 0.0006 -0.8830
vn 0.4724 -0.0010 -0.8814
vn 0.4676 0.0002 -0.8839
vn 0.4794 -0.0030 -0.8776
vn 0.4662 -0.0040 -0.8847
vn 0.4682 0.0002 -0.8836
vn 0.4655 0.0120 -0.8850
vn 0.4687 0.0007 -0.8834
vn 0.4689 0.0060 -0.8833
vn 0.4648 -0.0040 -0.8854
vn 0.4724 0.0020 -0.8814
vn 0.4854 0.0030 -0.8743
vn 0.4899 -0.0002 -0.8718
vn -0.4689 0.0005 0.8832
vn -0.4749 -0.0005 0.8800
vn -0.4712 -0.0020 0.8820
vn -0.4684 -0.0017 0.8835
vn -0.4632 0.0080 0.8862
vn -0.4683 0.0001 0.8835
vn -0.4719 0.0020 0.8817
vn -0.4682 0.0013 0.8836
vn -0.4736 -0.0040 0.8807
vn -0.4684 -0.0010 0.8835
vn -0.4669 -0.0007 0.8843
vn -0.4780 0.0020 0.8784
vn -0.4662 -0.0008 0.8847
vn -0.4671 0.0002 0.8842
vn -0.4671 -0.0010 0.8842
vn -0.4683 0.0002 0.8836
vn -0.4677 0.0020 0.8839
vn -0.4693 -0.0012 0.8830
vn -0.4660 0.0059 0.8848
vn -0.4645 0.0020 0.8856
vn -0.4687 -0.0007 0.8834
vn -0.4677 -0.0139 0.8838
vt 0.365211 0.863740
vt 0.365851 0.863351
vt 0.365851 0.863740
vt 0.893919 0.840035
vt 0.893289 0.837192
vt 0.895641 0.835446
vt 0.961133 0.840573
vt 0.958123 0.835866
vt 0.962082 0.836497
vt 0.751664 0.857374
vt 0.774256 0.857032
vt 0.774259 0.857421
vt 0.366453 0.863351
vt 0.366453 0.863740
vt 0.366958 0.863740
vt 0.750048 0.857383
vt 0.750534 0.856991
vt 0.750537 0.857381
vt 0.751091 0.856988
vt 0.751094 0.857377
vt 0.365211 0.863351
vt 0.364571 0.863740
vt 0.364571 0.863351
vt 0.363957 0.863740
vt 0.363957 0.863351
vt 0.363427 0.863740
vt 0.363427 0.863351
vt 0.750045 0.856990
vt 0.749606 0.857377
vt 0.749608 0.856988
vt 0.749078 0.856984
vt 0.722000 0.857008
vt 0.720285 0.857388
vt 0.720287 0.856998
vt 0.957703 0.840547
vt 0.953512 0.835797
vt 0.897980 0.840547
vt 0.902172 0.835797
vt 0.902592 0.840478
vt 0.341841 0.863740
vt 0.342466 0.863351
vt 0.342466 0.863741
vt 0.726427 0.857423
vt 0.721997 0.857398
vt 0.341053 0.863351
vt 0.341841 0.863351
vt 0.341053 0.863741
vt 0.340284 0.863351
vt 0.340284 0.863741
vt 0.339609 0.863351
vt 0.781954 0.856985
vt 0.781329 0.857378
vt 0.781326 0.856988
vt 0.780572 0.856993
vt 0.719478 0.857383
vt 0.719480 0.856993
vt 0.718702 0.856988
vt 0.718700 0.857378
vt 0.718029 0.856984
vt 0.343793 0.863351
vt 0.343195 0.863740
vt 0.343195 0.863351
vt 0.778675 0.857004
vt 0.780574 0.857383
vt 0.778678 0.857394
vt 0.726429 0.857034
vt 0.749075 0.857374
vt 0.928951 0.840020
vt 0.927842 0.838080
vt 0.928810 0.835815
vt 0.926330 0.835536
vt 0.927784 0.837437
vt 0.927224 0.839725
vt 0.371513 0.863740
vt 0.370938 0.863351
vt 0.371513 0.863351
vt 0.071638 0.862561
vt 0.069286 0.860815
vt 0.069916 0.857972
vt 0.068853 0.861510
vt 0.064894 0.862141
vt 0.067904 0.857434
vt 0.909355 0.857374
vt 0.930203 0.857035
vt 0.930206 0.857424
vt 0.370938 0.863740
vt 0.370427 0.863351
vt 0.931867 0.857411
vt 0.932323 0.857019
vt 0.932326 0.857408
vt 0.931325 0.857415
vt 0.931864 0.857022
vt 0.930750 0.857030
vt 0.931322 0.857026
vt 0.930753 0.857420
vt 0.372118 0.863351
vt 0.372758 0.863740
vt 0.372118 0.863740
vt 0.372758 0.863351
vt 0.373371 0.863740
vt 0.373371 0.863351
vt 0.373896 0.863740
vt 0.843999 0.857044
vt 0.843532 0.857430
vt 0.843535 0.857041
vt 0.870292 0.857023
vt 0.868818 0.857403
vt 0.868820 0.857013
vt 0.060283 0.862210
vt 0.064475 0.857460
vt 0.073977 0.857460
vt 0.078169 0.862210
vt 0.073557 0.862141
vt 0.331808 0.863741
vt 0.332365 0.863351
vt 0.332365 0.863741
vt 0.864760 0.856985
vt 0.333111 0.863741
vt 0.333111 0.863351
vt 0.333921 0.863741
vt 0.334719 0.863351
vt 0.333922 0.863351
vt 0.335424 0.863351
vt 0.334719 0.863741
vt 0.902761 0.857034
vt 0.903436 0.857419
vt 0.902764 0.857424
vt 0.871058 0.857029
vt 0.870289 0.857413
vt 0.871845 0.857424
vt 0.871055 0.857418
vt 0.871848 0.857034
vt 0.872582 0.857429
vt 0.873196 0.857044
vt 0.872585 0.857039
vt 0.331201 0.863351
vt 0.331201 0.863741
vt 0.905274 0.857015
vt 0.905277 0.857405
vt 0.864757 0.857374
vt 0.035582 0.862192
vt 0.034613 0.859927
vt 0.035722 0.857988
vt 0.103220 0.858282
vt 0.103781 0.860570
vt 0.102327 0.862471
vt 0.909352 0.856985
vt 0.374492 0.863881
vt 0.374672 0.864391
vt 0.374557 0.864411
vt 0.378065 0.863881
vt 0.378001 0.864411
vt 0.377886 0.864391
vt 0.318615 0.864093
vt 0.320706 0.863985
vt 0.320706 0.864093
vt 0.374440 0.864411
vt 0.378118 0.864411
vt 0.318615 0.863870
vt 0.320706 0.863870
vt 0.374325 0.864391
vt 0.378233 0.864391
vt 0.320706 0.863753
vt 0.374216 0.864351
vt 0.378342 0.864351
vt 0.318615 0.863638
vt 0.320706 0.863638
vt 0.374118 0.864293
vt 0.378440 0.864292
vt 0.320706 0.863530
vt 0.374034 0.864219
vt 0.378524 0.864219
vt 0.318615 0.863530
vt 0.320706 0.863433
vt 0.373968 0.864132
vt 0.378590 0.864132
vt 0.318615 0.863350
vt 0.320706 0.863350
vt 0.373922 0.864036
vt 0.378636 0.864035
vt 0.351534 0.864027
vt 0.353625 0.863939
vt 0.353625 0.864027
vt 0.373897 0.863933
vt 0.378660 0.863933
vt 0.351534 0.863939
vt 0.353625 0.863842
vt 0.373896 0.863829
vt 0.378661 0.863828
vt 0.351534 0.863842
vt 0.353625 0.863739
vt 0.373917 0.863726
vt 0.378640 0.863726
vt 0.351534 0.863634
vt 0.353625 0.863634
vt 0.373961 0.863630
vt 0.378596 0.863629
vt 0.353625 0.863532
vt 0.374025 0.863543
vt 0.378532 0.863542
vt 0.351534 0.863532
vt 0.353625 0.863436
vt 0.374107 0.863469
vt 0.378450 0.863469
vt 0.351534 0.863436
vt 0.353625 0.863351
vt 0.374204 0.863411
vt 0.378353 0.863411
vt 0.326977 0.863351
vt 0.324887 0.863432
vt 0.324887 0.863351
vt 0.374311 0.863371
vt 0.378245 0.863371
vt 0.326977 0.863528
vt 0.324887 0.863528
vt 0.374426 0.863351
vt 0.378130 0.863351
vt 0.326977 0.863635
vt 0.324887 0.863635
vt 0.374543 0.863351
vt 0.378013 0.863351
vt 0.326977 0.863749
vt 0.324887 0.863749
vt 0.374659 0.863371
vt 0.377898 0.863371
vt 0.326977 0.863866
vt 0.324887 0.863866
vt 0.374767 0.863411
vt 0.377789 0.863411
vt 0.326977 0.863981
vt 0.324887 0.863981
vt 0.374865 0.863469
vt 0.377691 0.863469
vt 0.324887 0.864090
vt 0.374949 0.863543
vt 0.377607 0.863543
vt 0.326977 0.864188
vt 0.324887 0.864188
vt 0.375016 0.863630
vt 0.377541 0.863630
vt 0.326977 0.864272
vt 0.324887 0.864272
vt 0.375062 0.863726
vt 0.377495 0.863727
vt 0.357806 0.863351
vt 0.355715 0.863439
vt 0.355715 0.863351
vt 0.375086 0.863829
vt 0.377471 0.863829
vt 0.357806 0.863537
vt 0.355715 0.863537
vt 0.375087 0.863933
vt 0.377470 0.863933
vt 0.357806 0.863640
vt 0.355715 0.863640
vt 0.375066 0.864035
vt 0.377491 0.864036
vt 0.357806 0.863745
vt 0.355715 0.863745
vt 0.375022 0.864132
vt 0.377535 0.864132
vt 0.355715 0.863847
vt 0.374958 0.864219
vt 0.377599 0.864219
vt 0.357806 0.863942
vt 0.355715 0.863942
vt 0.374876 0.864293
vt 0.377681 0.864293
vt 0.355715 0.864027
vt 0.374780 0.864351
vt 0.377778 0.864351
vt 0.318615 0.864273
vt 0.320706 0.864190
vt 0.320706 0.864273
vt 0.361680 0.863351
vt 0.362320 0.863740
vt 0.361680 0.863740
vt 0.032200 0.856985
vt 0.034552 0.858731
vt 0.033923 0.861573
vt 0.962827 0.836497
vt 0.966786 0.835866
vt 0.963777 0.840573
vt 0.783576 0.857031
vt 0.806168 0.857374
vt 0.783573 0.857421
vt 0.362320 0.863351
vt 0.362922 0.863740
vt 0.362922 0.863351
vt 0.782448 0.857025
vt 0.781957 0.857411
vt 0.781959 0.857022
vt 0.783003 0.857417
vt 0.782446 0.857414
vt 0.783005 0.857028
vt 0.361041 0.863351
vt 0.361040 0.863740
vt 0.360426 0.863351
vt 0.360426 0.863740
vt 0.359896 0.863351
vt 0.717590 0.857421
vt 0.718025 0.857029
vt 0.718027 0.857418
vt 0.717060 0.857424
vt 0.717587 0.857031
vt 0.688267 0.857021
vt 0.689981 0.857400
vt 0.688269 0.857411
vt 0.971398 0.835797
vt 0.967206 0.840547
vt 0.029861 0.862085
vt 0.025670 0.857336
vt 0.030281 0.857405
vt 0.338281 0.863351
vt 0.337656 0.863741
vt 0.337656 0.863351
vt 0.694409 0.856985
vt 0.689979 0.857011
vt 0.336869 0.863741
vt 0.336100 0.863351
vt 0.336869 0.863351
vt 0.336100 0.863741
vt 0.813237 0.857417
vt 0.813868 0.857031
vt 0.813866 0.857421
vt 0.812486 0.857022
vt 0.813240 0.857027
vt 0.687462 0.857415
vt 0.686682 0.857030
vt 0.687460 0.857025
vt 0.686684 0.857420
vt 0.686009 0.857034
vt 0.339010 0.863741
vt 0.339609 0.863741
vt 0.339010 0.863351
vt 0.810587 0.857401
vt 0.810589 0.857011
vt 0.717057 0.857035
vt 0.694411 0.857374
vt 0.996099 0.835815
vt 0.997068 0.838080
vt 0.995958 0.840019
vt 0.000618 0.861264
vt 0.000058 0.858976
vt 0.001511 0.857075
vt 0.806170 0.856984
vt 0.368044 0.863351
vt 0.367469 0.863740
vt 0.367469 0.863351
vt 0.892539 0.836434
vt 0.893168 0.839276
vt 0.890816 0.841023
vt 0.825325 0.835895
vt 0.828334 0.840603
vt 0.824376 0.839971
vt 0.900639 0.857374
vt 0.879790 0.857035
vt 0.900642 0.856985
vt 0.366958 0.863351
vt 0.902761 0.857001
vt 0.902300 0.857387
vt 0.902303 0.856997
vt 0.901757 0.857382
vt 0.901760 0.856993
vt 0.901185 0.857378
vt 0.901188 0.856989
vt 0.368044 0.863740
vt 0.368649 0.863351
vt 0.368649 0.863740
vt 0.369289 0.863351
vt 0.369289 0.863740
vt 0.369902 0.863351
vt 0.369902 0.863740
vt 0.370427 0.863740
vt 0.813868 0.856988
vt 0.814335 0.857374
vt 0.813871 0.857377
vt 0.840627 0.857395
vt 0.839154 0.857016
vt 0.840625 0.857005
vt 0.828754 0.835922
vt 0.832946 0.840672
vt 0.888477 0.835922
vt 0.884286 0.840671
vt 0.883866 0.835991
vt 0.328142 0.863741
vt 0.327585 0.863351
vt 0.328142 0.863351
vt 0.839156 0.857406
vt 0.835093 0.857045
vt 0.328887 0.863351
vt 0.328887 0.863741
vt 0.329698 0.863741
vt 0.330496 0.863351
vt 0.330496 0.863741
vt 0.873197 0.857374
vt 0.873871 0.856990
vt 0.873868 0.857380
vt 0.841394 0.857390
vt 0.842181 0.856994
vt 0.842184 0.857384
vt 0.842921 0.857379
vt 0.842918 0.856989
vt 0.843532 0.857374
vt 0.326978 0.863741
vt 0.327585 0.863741
vt 0.875710 0.857394
vt 0.875712 0.857004
vt 0.814333 0.856985
vt 0.857506 0.836449
vt 0.858616 0.838389
vt 0.857647 0.840653
vt 0.860127 0.840933
vt 0.858674 0.839032
vt 0.859234 0.836744
vt 0.879788 0.857424
vt 0.375683 0.863881
vt 0.375618 0.864411
vt 0.375503 0.864391
vt 0.376874 0.863881
vt 0.377054 0.864391
vt 0.376939 0.864411
vt 0.322796 0.864093
vt 0.375735 0.864411
vt 0.376822 0.864411
vt 0.322796 0.863870
vt 0.322797 0.863985
vt 0.375850 0.864391
vt 0.376707 0.864391
vt 0.322796 0.863753
vt 0.375959 0.864351
vt 0.376598 0.864351
vt 0.376057 0.864293
vt 0.376500 0.864293
vt 0.322796 0.863530
vt 0.322797 0.863638
vt 0.376141 0.864219
vt 0.376416 0.864219
vt 0.322796 0.863433
vt 0.376207 0.864132
vt 0.376350 0.864132
vt 0.322796 0.863351
vt 0.376253 0.864035
vt 0.376304 0.864035
vt 0.376277 0.863933
vt 0.376280 0.863933
vt 0.353625 0.863841
vt 0.355715 0.863939
vt 0.376279 0.863828
vt 0.376279 0.863829
vt 0.355715 0.863739
vt 0.355715 0.863842
vt 0.376257 0.863726
vt 0.376300 0.863726
vt 0.376213 0.863629
vt 0.376344 0.863630
vt 0.355715 0.863634
vt 0.376149 0.863542
vt 0.376408 0.863543
vt 0.355715 0.863532
vt 0.376067 0.863469
vt 0.376490 0.863469
vt 0.355715 0.863436
vt 0.375970 0.863411
vt 0.376587 0.863411
vt 0.322797 0.863432
vt 0.322797 0.863351
vt 0.375863 0.863371
vt 0.376694 0.863371
vt 0.375748 0.863351
vt 0.376809 0.863351
vt 0.322797 0.863635
vt 0.322796 0.863528
vt 0.375631 0.863351
vt 0.376926 0.863351
vt 0.322797 0.863749
vt 0.375515 0.863371
vt 0.377042 0.863371
vt 0.375407 0.863411
vt 0.377150 0.863411
vt 0.322797 0.863981
vt 0.322796 0.863866
vt 0.375308 0.863469
vt 0.377248 0.863469
vt 0.375225 0.863543
vt 0.377332 0.863543
vt 0.322797 0.864090
vt 0.375158 0.863630
vt 0.377399 0.863630
vt 0.322797 0.864188
vt 0.375112 0.863727
vt 0.377445 0.863726
vt 0.359896 0.863439
vt 0.375088 0.863829
vt 0.377469 0.863829
vt 0.357806 0.863439
vt 0.375087 0.863934
vt 0.359896 0.863640
vt 0.359896 0.863537
vt 0.375109 0.864036
vt 0.377448 0.864036
vt 0.375152 0.864132
vt 0.377405 0.864132
vt 0.359896 0.863847
vt 0.359896 0.863745
vt 0.375216 0.864219
vt 0.377341 0.864219
vt 0.359896 0.863942
vt 0.357806 0.863846
vt 0.375299 0.864293
vt 0.377259 0.864293
vt 0.357806 0.864027
vt 0.375395 0.864351
vt 0.377162 0.864351
vt 0.322796 0.864273
vt 0.322796 0.864190
vt 0.354514 0.813082
vt 0.709028 0.792699
vt 0.709028 0.813082
vt 0.354514 0.764777
vt 0.000000 0.738889
vt 0.354514 0.738889
vt 0.000000 0.814061
vt 0.354514 0.834386
vt 0.000000 0.834386
vt 0.354514 0.711175
vt 0.709028 0.737260
vt 0.354514 0.737261
vt 0.598314 0.835446
vt 0.625021 0.856984
vt 0.597296 0.856984
vt 0.653765 0.835446
vt 0.627058 0.856984
vt 0.626040 0.835446
vt 0.438295 0.543653
vt 0.998982 0.522114
vt 1.000000 0.543653
vt 0.437277 0.522114
vt 0.961766 0.494181
vt 0.961766 0.522114
vt 0.001018 0.618835
vt 0.561705 0.640373
vt -0.000000 0.640373
vt 0.437277 0.438315
vt 0.965766 0.466248
vt 0.437277 0.466248
vt 0.824003 0.835446
vt 0.796070 0.855830
vt 0.796070 0.835446
vt 0.561705 0.597296
vt 0.562724 0.618835
vt 0.437276 0.466247
vt 0.961766 0.466248
vt 0.998982 0.565191
vt 0.437277 0.565191
vt 0.437277 0.410381
vt 0.965766 0.438314
vt 0.768136 0.855830
vt 0.768136 0.835446
vt 0.298648 0.855830
vt 0.000000 0.835446
vt 0.298648 0.835446
vt 0.298648 0.792501
vt 0.597296 0.766613
vt 0.597296 0.792501
vt 0.597296 0.835446
vt 0.298648 0.855772
vt 0.298648 0.766613
vt 0.000000 0.792699
vt 0.000000 0.766613
vt 0.354514 0.814061
vt 0.597296 0.787998
vt 0.951810 0.766613
vt 0.951810 0.787998
vt 0.917238 0.683450
vt 0.562724 0.711174
vt 0.562724 0.683450
vt 0.682508 0.856984
vt 0.655801 0.835446
vt 0.683526 0.835446
vt 0.684545 0.856984
vt 0.711252 0.835446
vt 0.712270 0.856984
vt 0.001018 0.661911
vt 0.998753 0.382448
vt 0.437276 0.410381
vt 0.437276 0.382448
vt 0.561705 0.704989
vt 0.001018 0.683450
vt 0.998963 0.354514
vt 0.437277 0.326582
vt 0.998963 0.326582
vt 0.768136 0.856808
vt 0.740203 0.835446
vt 0.561705 0.661912
vt 0.000000 0.661912
vt 0.998753 0.354515
vt 0.437277 0.382448
vt 0.437277 0.354515
vt 0.998982 0.586730
vt 0.438295 0.565191
vt 1.000000 0.565191
vt 0.998963 0.298648
vt 0.998963 0.326581
vt 0.712270 0.856808
vt 0.740203 0.856808
vt 0.653162 0.814061
vt 0.951810 0.835423
vt 0.653162 0.835423
vt 0.653162 0.766602
vt 0.951810 0.738889
vt 0.951810 0.766602
vt 0.354514 0.835446
vt 0.653162 0.835446
vt 0.653162 0.766613
vt 0.354514 0.766613
vt 0.932326 0.856985
vt 0.956463 0.857375
vt 0.932326 0.857375
vt 0.241387 0.863351
vt 0.247787 0.863740
vt 0.241369 0.863740
vt 0.072411 0.863351
vt 0.096547 0.863740
vt 0.072411 0.863740
vt 0.247824 0.863741
vt 0.254225 0.863351
vt 0.254243 0.863741
vt 0.127976 0.863351
vt 0.152112 0.856985
vt 0.152112 0.863351
vt 0.176249 0.863344
vt 0.200386 0.856985
vt 0.200386 0.863344
vt 0.144821 0.863717
vt 0.120684 0.863351
vt 0.144821 0.863351
vt 0.299285 0.863351
vt 0.292885 0.863740
vt 0.292866 0.863351
vt 0.241369 0.863715
vt 0.217232 0.863351
vt 0.241369 0.863351
vt 0.286448 0.863351
vt 0.292848 0.863740
vt 0.286429 0.863740
vt 0.393481 0.856984
vt 0.369344 0.863035
vt 0.369344 0.856984
vt 0.248660 0.856984
vt 0.272797 0.863053
vt 0.248660 0.863052
vt 0.442236 0.857427
vt 0.466613 0.857302
vt 0.466613 0.857427
vt 0.442236 0.857184
vt 0.466613 0.857184
vt 0.466613 0.857076
vt 0.442236 0.857076
vt 0.466613 0.856984
vt 0.612877 0.857717
vt 0.588499 0.857623
vt 0.612877 0.857623
vt 0.588500 0.857519
vt 0.612877 0.857519
vt 0.612877 0.857408
vt 0.588499 0.857408
vt 0.612877 0.857295
vt 0.588499 0.857184
vt 0.612877 0.857184
vt 0.612877 0.857079
vt 0.588499 0.856984
vt 0.612877 0.856984
vt 0.539745 0.856985
vt 0.515368 0.857070
vt 0.515368 0.856985
vt 0.539745 0.857070
vt 0.515368 0.857171
vt 0.539745 0.857286
vt 0.515368 0.857286
vt 0.539745 0.857409
vt 0.515368 0.857409
vt 0.515368 0.857535
vt 0.539745 0.857660
vt 0.515368 0.857660
vt 0.539745 0.857779
vt 0.515368 0.857779
vt 0.539745 0.857888
vt 0.515368 0.857888
vt 0.539745 0.857982
vt 0.515368 0.857982
vt 0.612877 0.856985
vt 0.637254 0.857079
vt 0.612877 0.857183
vt 0.637254 0.857294
vt 0.612877 0.857294
vt 0.637254 0.857407
vt 0.612877 0.857407
vt 0.637254 0.857518
vt 0.637254 0.857623
vt 0.466613 0.857983
vt 0.442236 0.857896
vt 0.466613 0.857896
vt 0.466613 0.857793
vt 0.401856 0.863351
vt 0.442236 0.857677
vt 0.466613 0.857677
vt 0.442236 0.857554
vt 0.466613 0.857554
vt 0.348069 0.864339
vt 0.348132 0.864477
vt 0.348014 0.864434
vt 0.344678 0.864339
vt 0.344615 0.864477
vt 0.344582 0.864374
vt 0.347982 0.864288
vt 0.347907 0.864371
vt 0.344765 0.864288
vt 0.344733 0.864434
vt 0.347908 0.864223
vt 0.347816 0.864291
vt 0.344840 0.864223
vt 0.344840 0.864371
vt 0.347849 0.864146
vt 0.347744 0.864197
vt 0.344899 0.864147
vt 0.344931 0.864291
vt 0.347808 0.864061
vt 0.347693 0.864092
vt 0.344940 0.864062
vt 0.345004 0.864197
vt 0.347786 0.863971
vt 0.347666 0.863981
vt 0.344962 0.863971
vt 0.345054 0.864093
vt 0.347784 0.863879
vt 0.347664 0.863868
vt 0.344964 0.863879
vt 0.345081 0.863982
vt 0.347686 0.863757
vt 0.347802 0.863788
vt 0.345061 0.863758
vt 0.345084 0.863869
vt 0.347733 0.863653
vt 0.347840 0.863704
vt 0.344945 0.863789
vt 0.345015 0.863653
vt 0.347802 0.863559
vt 0.347896 0.863627
vt 0.344907 0.863704
vt 0.344946 0.863559
vt 0.347890 0.863479
vt 0.347968 0.863562
vt 0.344852 0.863627
vt 0.344858 0.863479
vt 0.347994 0.863416
vt 0.348053 0.863511
vt 0.344780 0.863562
vt 0.344754 0.863416
vt 0.348110 0.863373
vt 0.348147 0.863475
vt 0.344695 0.863511
vt 0.344638 0.863373
vt 0.348234 0.863351
vt 0.348248 0.863458
vt 0.344600 0.863476
vt 0.344514 0.863351
vt 0.348361 0.863351
vt 0.348351 0.863457
vt 0.344500 0.863458
vt 0.344387 0.863351
vt 0.348453 0.863476
vt 0.348486 0.863373
vt 0.344295 0.863476
vt 0.344396 0.863458
vt 0.348549 0.863511
vt 0.348604 0.863416
vt 0.344199 0.863511
vt 0.344262 0.863373
vt 0.348636 0.863562
vt 0.348711 0.863479
vt 0.344112 0.863562
vt 0.344144 0.863416
vt 0.348710 0.863627
vt 0.348802 0.863559
vt 0.344037 0.863627
vt 0.344037 0.863479
vt 0.348769 0.863704
vt 0.348874 0.863653
vt 0.343979 0.863704
vt 0.343946 0.863559
vt 0.348810 0.863789
vt 0.348925 0.863757
vt 0.343937 0.863788
vt 0.343873 0.863653
vt 0.348832 0.863879
vt 0.348952 0.863868
vt 0.343915 0.863879
vt 0.343823 0.863757
vt 0.348834 0.863971
vt 0.348954 0.863982
vt 0.343914 0.863971
vt 0.343796 0.863868
vt 0.348932 0.864092
vt 0.348816 0.864061
vt 0.343816 0.864092
vt 0.343793 0.863981
vt 0.348885 0.864197
vt 0.348778 0.864146
vt 0.343932 0.864061
vt 0.343862 0.864197
vt 0.348816 0.864291
vt 0.348722 0.864223
vt 0.343970 0.864146
vt 0.343931 0.864291
vt 0.348728 0.864371
vt 0.348650 0.864288
vt 0.344026 0.864223
vt 0.344019 0.864371
vt 0.348624 0.864434
vt 0.348565 0.864339
vt 0.344097 0.864288
vt 0.344123 0.864434
vt 0.348508 0.864477
vt 0.348471 0.864374
vt 0.344182 0.864339
vt 0.344240 0.864477
vt 0.348384 0.864499
vt 0.348370 0.864392
vt 0.344276 0.864374
vt 0.344364 0.864499
vt 0.348257 0.864499
vt 0.348267 0.864392
vt 0.344378 0.864392
vt 0.344490 0.864499
vt 0.348165 0.864374
vt 0.344481 0.864392
vt 0.391609 0.863351
vt 0.391702 0.863539
vt 0.391609 0.863539
vt 0.395221 0.863351
vt 0.395298 0.863539
vt 0.395221 0.863539
vt 0.380380 0.863369
vt 0.380743 0.863955
vt 0.380092 0.864267
vt 0.382096 0.863404
vt 0.382805 0.863597
vt 0.382576 0.864232
vt 0.389576 0.863351
vt 0.389474 0.863539
vt 0.389474 0.863351
vt 0.399991 0.863539
vt 0.400067 0.863351
vt 0.400067 0.863539
vt 0.394135 0.863539
vt 0.394042 0.863351
vt 0.394135 0.863351
vt 0.388662 0.863539
vt 0.388763 0.863351
vt 0.388764 0.863539
vt 0.389093 0.863351
vt 0.389022 0.863539
vt 0.389022 0.863351
vt 0.391802 0.863351
vt 0.391702 0.863351
vt 0.389672 0.863539
vt 0.389576 0.863539
vt 0.388281 0.863539
vt 0.388210 0.863351
vt 0.388281 0.863351
vt 0.394235 0.863351
vt 0.394235 0.863539
vt 0.388860 0.863539
vt 0.388860 0.863351
vt 0.389177 0.863539
vt 0.389093 0.863539
vt 0.391905 0.863539
vt 0.391802 0.863539
vt 0.389760 0.863351
vt 0.389672 0.863351
vt 0.388364 0.863539
vt 0.388364 0.863351
vt 0.394338 0.863539
vt 0.394338 0.863351
vt 0.388947 0.863539
vt 0.388947 0.863351
vt 0.389177 0.863351
vt 0.389271 0.863539
vt 0.391905 0.863351
vt 0.392006 0.863539
vt 0.389835 0.863351
vt 0.389760 0.863539
vt 0.388458 0.863351
vt 0.388458 0.863539
vt 0.394440 0.863351
vt 0.394440 0.863539
vt 0.389271 0.863351
vt 0.389371 0.863539
vt 0.392103 0.863351
vt 0.392006 0.863351
vt 0.395970 0.863351
vt 0.395894 0.863539
vt 0.395894 0.863351
vt 0.388559 0.863539
vt 0.388559 0.863351
vt 0.394537 0.863351
vt 0.394537 0.863539
vt 0.395297 0.863539
vt 0.395374 0.863351
vt 0.395374 0.863539
vt 0.389371 0.863351
vt 0.392192 0.863351
vt 0.392103 0.863539
vt 0.396055 0.863351
vt 0.395970 0.863539
vt 0.388662 0.863351
vt 0.394625 0.863351
vt 0.394625 0.863539
vt 0.395458 0.863539
vt 0.395458 0.863351
vt 0.392268 0.863539
vt 0.392192 0.863539
vt 0.396145 0.863539
vt 0.396055 0.863539
vt 0.394701 0.863351
vt 0.394701 0.863539
vt 0.395549 0.863351
vt 0.395549 0.863539
vt 0.394778 0.863351
vt 0.396145 0.863351
vt 0.396237 0.863539
vt 0.399548 0.863539
vt 0.399471 0.863351
vt 0.399548 0.863351
vt 0.395641 0.863351
vt 0.395641 0.863539
vt 0.394863 0.863539
vt 0.394778 0.863539
vt 0.396328 0.863351
vt 0.396237 0.863351
vt 0.399633 0.863539
vt 0.399633 0.863351
vt 0.395731 0.863539
vt 0.395731 0.863351
vt 0.394953 0.863351
vt 0.394863 0.863351
vt 0.396413 0.863539
vt 0.396328 0.863539
vt 0.399723 0.863351
vt 0.399723 0.863539
vt 0.395817 0.863539
vt 0.395817 0.863351
vt 0.395046 0.863539
vt 0.394953 0.863539
vt 0.396413 0.863351
vt 0.396490 0.863539
vt 0.399815 0.863351
vt 0.399815 0.863539
vt 0.395136 0.863351
vt 0.395046 0.863351
vt 0.391526 0.863351
vt 0.391457 0.863539
vt 0.391457 0.863351
vt 0.399906 0.863351
vt 0.399906 0.863539
vt 0.393890 0.863539
vt 0.393959 0.863351
vt 0.393959 0.863539
vt 0.395136 0.863539
vt 0.391526 0.863539
vt 0.399991 0.863351
vt 0.394042 0.863539
vt 0.000000 0.863741
vt 0.024137 0.863351
vt 0.024137 0.863741
vt 0.267136 0.863351
vt 0.273537 0.863740
vt 0.267118 0.863740
vt 0.048274 0.863351
vt 0.048274 0.863741
vt 0.299322 0.863740
vt 0.305722 0.863351
vt 0.305741 0.863740
vt 0.152112 0.856984
vt 0.176249 0.863351
vt 0.224523 0.856985
vt 0.248660 0.863344
vt 0.224523 0.863344
vt 0.144821 0.863718
vt 0.168958 0.863351
vt 0.168958 0.863717
vt 0.286411 0.863351
vt 0.280011 0.863740
vt 0.279992 0.863351
vt 0.193095 0.863715
vt 0.193095 0.863351
vt 0.273573 0.863351
vt 0.279974 0.863740
vt 0.273555 0.863740
vt 0.345207 0.856984
vt 0.345207 0.863035
vt 0.321070 0.856985
vt 0.296933 0.863052
vt 0.296933 0.856985
vt 0.417858 0.857428
vt 0.393481 0.857303
vt 0.417858 0.857303
vt 0.417858 0.857184
vt 0.393481 0.857077
vt 0.417858 0.857077
vt 0.393481 0.856985
vt 0.417858 0.856985
vt 0.539745 0.857717
vt 0.564122 0.857624
vt 0.564122 0.857717
vt 0.539745 0.857519
vt 0.564122 0.857519
vt 0.539745 0.857408
vt 0.564122 0.857408
vt 0.539745 0.857295
vt 0.564122 0.857295
vt 0.564122 0.857184
vt 0.539745 0.857079
vt 0.564122 0.857079
vt 0.539745 0.856984
vt 0.564122 0.856984
vt 0.515367 0.856985
vt 0.490990 0.857069
vt 0.490990 0.856985
vt 0.515367 0.857069
vt 0.490990 0.857171
vt 0.515367 0.857286
vt 0.490990 0.857286
vt 0.490990 0.857408
vt 0.515367 0.857535
vt 0.490990 0.857535
vt 0.490990 0.857660
vt 0.515367 0.857660
vt 0.490990 0.857779
vt 0.515367 0.857888
vt 0.490990 0.857888
vt 0.515367 0.857981
vt 0.490990 0.857981
vt 0.661632 0.856985
vt 0.686009 0.857079
vt 0.661631 0.857079
vt 0.686009 0.857184
vt 0.661632 0.857183
vt 0.686009 0.857294
vt 0.661632 0.857294
vt 0.686009 0.857408
vt 0.661631 0.857408
vt 0.661632 0.857519
vt 0.686009 0.857519
vt 0.661632 0.857623
vt 0.686009 0.857623
vt 0.661632 0.857717
vt 0.417858 0.857983
vt 0.393481 0.857896
vt 0.417858 0.857896
vt 0.417858 0.857793
vt 0.393481 0.857793
vt 0.417858 0.857677
vt 0.393481 0.857554
vt 0.417858 0.857554
vt 0.349359 0.864339
vt 0.349422 0.864477
vt 0.349304 0.864434
vt 0.345969 0.864339
vt 0.345907 0.864477
vt 0.345873 0.864374
vt 0.349272 0.864288
vt 0.349197 0.864371
vt 0.346056 0.864288
vt 0.346025 0.864434
vt 0.349198 0.864223
vt 0.349106 0.864291
vt 0.346130 0.864222
vt 0.346131 0.864371
vt 0.349139 0.864146
vt 0.349034 0.864197
vt 0.346189 0.864146
vt 0.346222 0.864290
vt 0.349098 0.864061
vt 0.348983 0.864092
vt 0.346230 0.864061
vt 0.346294 0.864196
vt 0.349076 0.863971
vt 0.348956 0.863981
vt 0.346252 0.863970
vt 0.346345 0.864092
vt 0.349074 0.863879
vt 0.348954 0.863868
vt 0.346254 0.863878
vt 0.346372 0.863981
vt 0.348977 0.863757
vt 0.349093 0.863789
vt 0.346351 0.863757
vt 0.346374 0.863868
vt 0.349023 0.863653
vt 0.349130 0.863703
vt 0.346235 0.863788
vt 0.346304 0.863652
vt 0.349092 0.863559
vt 0.349186 0.863627
vt 0.346197 0.863703
vt 0.346236 0.863558
vt 0.349180 0.863479
vt 0.349258 0.863562
vt 0.346141 0.863627
vt 0.346147 0.863478
vt 0.349284 0.863416
vt 0.349343 0.863511
vt 0.346069 0.863562
vt 0.346043 0.863416
vt 0.349400 0.863373
vt 0.349437 0.863476
vt 0.345985 0.863511
vt 0.345927 0.863373
vt 0.349524 0.863351
vt 0.349538 0.863458
vt 0.345890 0.863475
vt 0.345803 0.863351
vt 0.349651 0.863351
vt 0.349642 0.863458
vt 0.345789 0.863458
vt 0.345676 0.863351
vt 0.349743 0.863476
vt 0.349776 0.863373
vt 0.345584 0.863476
vt 0.345686 0.863458
vt 0.349839 0.863511
vt 0.349894 0.863416
vt 0.345488 0.863512
vt 0.345551 0.863373
vt 0.349926 0.863562
vt 0.350001 0.863479
vt 0.345401 0.863563
vt 0.345433 0.863417
vt 0.350000 0.863627
vt 0.350092 0.863559
vt 0.345327 0.863628
vt 0.345326 0.863480
vt 0.350059 0.863704
vt 0.350165 0.863653
vt 0.345268 0.863705
vt 0.345235 0.863560
vt 0.350100 0.863789
vt 0.350215 0.863757
vt 0.345227 0.863790
vt 0.345163 0.863654
vt 0.350122 0.863879
vt 0.350242 0.863868
vt 0.345206 0.863880
vt 0.345112 0.863759
vt 0.350124 0.863971
vt 0.350244 0.863982
vt 0.345204 0.863972
vt 0.345086 0.863870
vt 0.350222 0.864092
vt 0.350106 0.864061
vt 0.345106 0.864094
vt 0.345084 0.863983
vt 0.350175 0.864197
vt 0.350068 0.864146
vt 0.345222 0.864062
vt 0.345153 0.864198
vt 0.350107 0.864291
vt 0.350012 0.864223
vt 0.345260 0.864147
vt 0.345222 0.864292
vt 0.350018 0.864371
vt 0.349940 0.864288
vt 0.345316 0.864224
vt 0.345310 0.864372
vt 0.349914 0.864434
vt 0.349856 0.864339
vt 0.345388 0.864289
vt 0.345414 0.864435
vt 0.349798 0.864477
vt 0.349761 0.864374
vt 0.345473 0.864340
vt 0.345531 0.864478
vt 0.349674 0.864499
vt 0.349660 0.864392
vt 0.345568 0.864375
vt 0.345655 0.864499
vt 0.349547 0.864499
vt 0.349557 0.864392
vt 0.345669 0.864393
vt 0.345782 0.864499
vt 0.349455 0.864374
vt 0.345772 0.864392
vt 0.390798 0.863351
vt 0.390891 0.863539
vt 0.390798 0.863539
vt 0.400663 0.863351
vt 0.400587 0.863539
vt 0.400587 0.863351
vt 0.379330 0.863369
vt 0.379693 0.863955
vt 0.379042 0.864267
vt 0.381046 0.863404
vt 0.381755 0.863596
vt 0.381526 0.864232
vt 0.387849 0.863351
vt 0.387951 0.863539
vt 0.387850 0.863539
vt 0.401183 0.863539
vt 0.401260 0.863351
vt 0.401260 0.863539
vt 0.392420 0.863539
vt 0.392513 0.863351
vt 0.392513 0.863539
vt 0.387037 0.863539
vt 0.387139 0.863351
vt 0.387139 0.863539
vt 0.387398 0.863351
vt 0.387468 0.863539
vt 0.387398 0.863539
vt 0.390991 0.863351
vt 0.390891 0.863351
vt 0.387951 0.863351
vt 0.388048 0.863539
vt 0.386656 0.863539
vt 0.386585 0.863351
vt 0.386656 0.863351
vt 0.392613 0.863539
vt 0.392613 0.863351
vt 0.387235 0.863539
vt 0.387235 0.863351
vt 0.387552 0.863351
vt 0.387468 0.863351
vt 0.391094 0.863539
vt 0.390991 0.863539
vt 0.388048 0.863351
vt 0.388135 0.863539
vt 0.386740 0.863539
vt 0.386740 0.863351
vt 0.392716 0.863539
vt 0.392716 0.863351
vt 0.387323 0.863539
vt 0.387323 0.863351
vt 0.387646 0.863351
vt 0.387552 0.863539
vt 0.391195 0.863351
vt 0.391094 0.863351
vt 0.388135 0.863351
vt 0.386834 0.863351
vt 0.386834 0.863539
vt 0.392818 0.863351
vt 0.392818 0.863539
vt 0.387747 0.863539
vt 0.387646 0.863539
vt 0.391292 0.863539
vt 0.391195 0.863539
vt 0.396490 0.863351
vt 0.396566 0.863539
vt 0.386934 0.863539
vt 0.386934 0.863351
vt 0.392915 0.863351
vt 0.392915 0.863539
vt 0.401336 0.863539
vt 0.401336 0.863351
vt 0.387747 0.863351
vt 0.391292 0.863351
vt 0.391381 0.863539
vt 0.396566 0.863351
vt 0.396651 0.863539
vt 0.387037 0.863351
vt 0.393003 0.863539
vt 0.393003 0.863351
vt 0.401421 0.863351
vt 0.401421 0.863539
vt 0.391381 0.863351
vt 0.396741 0.863351
vt 0.396651 0.863351
vt 0.393079 0.863351
vt 0.393079 0.863539
vt 0.401511 0.863539
vt 0.401511 0.863351
vt 0.400144 0.863351
vt 0.396833 0.863539
vt 0.396741 0.863539
vt 0.400664 0.863539
vt 0.400740 0.863351
vt 0.400740 0.863539
vt 0.401603 0.863539
vt 0.401603 0.863351
vt 0.400229 0.863539
vt 0.400144 0.863539
vt 0.396834 0.863351
vt 0.396924 0.863539
vt 0.400825 0.863351
vt 0.400825 0.863539
vt 0.401694 0.863351
vt 0.401694 0.863539
vt 0.400320 0.863351
vt 0.400229 0.863351
vt 0.396924 0.863351
vt 0.397009 0.863539
vt 0.400916 0.863351
vt 0.400916 0.863539
vt 0.401779 0.863539
vt 0.401779 0.863351
vt 0.400412 0.863539
vt 0.400320 0.863539
vt 0.397086 0.863351
vt 0.397009 0.863351
vt 0.401008 0.863351
vt 0.401008 0.863539
vt 0.401856 0.863539
vt 0.400412 0.863351
vt 0.400502 0.863539
vt 0.390646 0.863351
vt 0.390715 0.863539
vt 0.390646 0.863539
vt 0.401098 0.863351
vt 0.401098 0.863539
vt 0.392337 0.863351
vt 0.392337 0.863539
vt 0.400502 0.863351
vt 0.390715 0.863351
vt 0.401183 0.863351
vt 0.392420 0.863351
vt 0.980600 0.856984
vt 0.980600 0.857375
vt 0.305759 0.863351
vt 0.312160 0.863740
vt 0.072411 0.863741
vt 0.312197 0.863740
vt 0.318597 0.863351
vt 0.318615 0.863740
vt 0.103839 0.856985
vt 0.103839 0.863351
vt 0.120684 0.863718
vt 0.096547 0.863351
vt 0.260662 0.863351
vt 0.254262 0.863740
vt 0.254243 0.863351
vt 0.217231 0.863715
vt 0.260699 0.863351
vt 0.267100 0.863740
vt 0.260681 0.863740
vt 0.345207 0.856985
vt 0.321070 0.863035
vt 0.272797 0.856985
vt 0.417858 0.857427
vt 0.442235 0.857302
vt 0.442235 0.857427
vt 0.442235 0.857184
vt 0.442235 0.857077
vt 0.442235 0.856984
vt 0.588499 0.857717
vt 0.588499 0.857624
vt 0.588499 0.857519
vt 0.564122 0.857409
vt 0.588499 0.857409
vt 0.588499 0.857295
vt 0.588499 0.857079
vt 0.588499 0.856985
vt 0.466613 0.856985
vt 0.490990 0.857070
vt 0.466613 0.857070
vt 0.466613 0.857171
vt 0.466613 0.857286
vt 0.466613 0.857409
vt 0.466613 0.857535
vt 0.466613 0.857660
vt 0.466613 0.857779
vt 0.466613 0.857888
vt 0.466613 0.857981
vt 0.637254 0.856984
vt 0.661631 0.857183
vt 0.637254 0.857183
vt 0.661631 0.857294
vt 0.637254 0.857408
vt 0.637254 0.857519
vt 0.661631 0.857519
vt 0.661631 0.857717
vt 0.637254 0.857717
vt 0.442235 0.857896
vt 0.442235 0.857983
vt 0.442235 0.857793
vt 0.442235 0.857677
vt 0.442235 0.857554
vt 0.346778 0.864339
vt 0.346841 0.864477
vt 0.346723 0.864434
vt 0.351129 0.864339
vt 0.351066 0.864477
vt 0.351033 0.864374
vt 0.346691 0.864288
vt 0.346617 0.864370
vt 0.351216 0.864288
vt 0.351184 0.864434
vt 0.346617 0.864222
vt 0.346525 0.864291
vt 0.351291 0.864223
vt 0.351291 0.864371
vt 0.346558 0.864146
vt 0.346453 0.864196
vt 0.351349 0.864146
vt 0.351382 0.864291
vt 0.346517 0.864061
vt 0.346403 0.864092
vt 0.351390 0.864061
vt 0.351455 0.864197
vt 0.346496 0.863970
vt 0.346376 0.863981
vt 0.351412 0.863971
vt 0.351505 0.864092
vt 0.346494 0.863878
vt 0.351414 0.863879
vt 0.351532 0.863981
vt 0.346396 0.863757
vt 0.346512 0.863788
vt 0.351512 0.863757
vt 0.351534 0.863868
vt 0.346443 0.863652
vt 0.346550 0.863703
vt 0.351396 0.863788
vt 0.351465 0.863653
vt 0.346512 0.863558
vt 0.346606 0.863627
vt 0.351358 0.863704
vt 0.351397 0.863559
vt 0.346600 0.863479
vt 0.346678 0.863562
vt 0.351302 0.863627
vt 0.351308 0.863479
vt 0.346704 0.863416
vt 0.346763 0.863510
vt 0.351230 0.863562
vt 0.351204 0.863416
vt 0.346821 0.863373
vt 0.346857 0.863475
vt 0.351146 0.863511
vt 0.351088 0.863373
vt 0.346945 0.863351
vt 0.346958 0.863458
vt 0.351051 0.863476
vt 0.350964 0.863351
vt 0.347071 0.863351
vt 0.347062 0.863458
vt 0.350950 0.863458
vt 0.350837 0.863351
vt 0.347163 0.863476
vt 0.347196 0.863373
vt 0.350745 0.863476
vt 0.350847 0.863458
vt 0.347259 0.863511
vt 0.347314 0.863416
vt 0.350649 0.863511
vt 0.350712 0.863373
vt 0.347346 0.863562
vt 0.347421 0.863479
vt 0.350562 0.863562
vt 0.350594 0.863416
vt 0.347420 0.863628
vt 0.347512 0.863559
vt 0.350488 0.863627
vt 0.350488 0.863479
vt 0.347479 0.863704
vt 0.347584 0.863653
vt 0.350429 0.863704
vt 0.350396 0.863559
vt 0.347520 0.863789
vt 0.347635 0.863758
vt 0.350388 0.863789
vt 0.350324 0.863653
vt 0.347542 0.863880
vt 0.347662 0.863869
vt 0.350366 0.863879
vt 0.350273 0.863758
vt 0.347544 0.863971
vt 0.347664 0.863982
vt 0.350364 0.863971
vt 0.350246 0.863869
vt 0.347641 0.864093
vt 0.347525 0.864062
vt 0.350267 0.864093
vt 0.347594 0.864198
vt 0.347487 0.864147
vt 0.350383 0.864061
vt 0.350313 0.864197
vt 0.347526 0.864291
vt 0.347431 0.864223
vt 0.350421 0.864146
vt 0.350382 0.864291
vt 0.347438 0.864371
vt 0.347360 0.864288
vt 0.350476 0.864223
vt 0.350470 0.864371
vt 0.347333 0.864434
vt 0.347275 0.864339
vt 0.350548 0.864288
vt 0.350574 0.864434
vt 0.347217 0.864477
vt 0.347180 0.864375
vt 0.350633 0.864339
vt 0.350691 0.864477
vt 0.347093 0.864499
vt 0.347079 0.864392
vt 0.350728 0.864374
vt 0.350815 0.864499
vt 0.346966 0.864499
vt 0.346976 0.864392
vt 0.350828 0.864392
vt 0.350941 0.864499
vt 0.346874 0.864374
vt 0.350932 0.864392
vt 0.393231 0.863351
vt 0.393324 0.863539
vt 0.393231 0.863539
vt 0.399395 0.863539
vt 0.399395 0.863351
vt 0.383530 0.863369
vt 0.383892 0.863955
vt 0.383242 0.864267
vt 0.384195 0.863404
vt 0.384904 0.863596
vt 0.384676 0.864232
vt 0.385514 0.863351
vt 0.385412 0.863539
vt 0.385412 0.863351
vt 0.398202 0.863539
vt 0.398279 0.863351
vt 0.398279 0.863539
vt 0.390080 0.863539
vt 0.389987 0.863351
vt 0.390080 0.863351
vt 0.386225 0.863539
vt 0.386326 0.863351
vt 0.386326 0.863539
vt 0.384960 0.863351
vt 0.385031 0.863539
vt 0.384960 0.863539
vt 0.393424 0.863351
vt 0.393324 0.863351
vt 0.385610 0.863539
vt 0.385514 0.863539
vt 0.385773 0.863539
vt 0.385844 0.863351
vt 0.385844 0.863539
vt 0.390180 0.863351
vt 0.390180 0.863539
vt 0.386423 0.863539
vt 0.386423 0.863351
vt 0.385115 0.863351
vt 0.385031 0.863351
vt 0.393527 0.863351
vt 0.393424 0.863539
vt 0.385698 0.863351
vt 0.385610 0.863351
vt 0.385927 0.863539
vt 0.385927 0.863351
vt 0.390283 0.863539
vt 0.390283 0.863351
vt 0.386510 0.863539
vt 0.386510 0.863351
vt 0.385209 0.863539
vt 0.385115 0.863539
vt 0.393629 0.863351
vt 0.393527 0.863539
vt 0.385698 0.863539
vt 0.386021 0.863351
vt 0.386021 0.863539
vt 0.390384 0.863351
vt 0.390384 0.863539
vt 0.386585 0.863539
vt 0.385309 0.863351
vt 0.385209 0.863351
vt 0.393726 0.863351
vt 0.393629 0.863539
vt 0.397087 0.863351
vt 0.397163 0.863539
vt 0.397086 0.863539
vt 0.386122 0.863539
vt 0.386122 0.863351
vt 0.390481 0.863351
vt 0.390481 0.863539
vt 0.398355 0.863351
vt 0.398355 0.863539
vt 0.385309 0.863539
vt 0.393814 0.863539
vt 0.393726 0.863539
vt 0.397163 0.863351
vt 0.397248 0.863539
vt 0.386225 0.863351
vt 0.390570 0.863351
vt 0.390570 0.863539
vt 0.398440 0.863539
vt 0.398440 0.863351
vt 0.393890 0.863351
vt 0.393814 0.863351
vt 0.397338 0.863351
vt 0.397248 0.863351
vt 0.398530 0.863351
vt 0.398530 0.863539
vt 0.398952 0.863351
vt 0.398875 0.863539
vt 0.398875 0.863351
vt 0.397430 0.863351
vt 0.397338 0.863539
vt 0.397759 0.863539
vt 0.397683 0.863351
vt 0.397759 0.863351
vt 0.398622 0.863351
vt 0.398622 0.863539
vt 0.399037 0.863539
vt 0.398952 0.863539
vt 0.397520 0.863539
vt 0.397430 0.863539
vt 0.397845 0.863351
vt 0.397845 0.863539
vt 0.398713 0.863539
vt 0.398713 0.863351
vt 0.399127 0.863351
vt 0.399037 0.863351
vt 0.397606 0.863351
vt 0.397520 0.863351
vt 0.397935 0.863539
vt 0.397935 0.863351
vt 0.398798 0.863351
vt 0.398798 0.863539
vt 0.399219 0.863539
vt 0.399127 0.863539
vt 0.397606 0.863539
vt 0.398027 0.863351
vt 0.398027 0.863539
vt 0.399219 0.863351
vt 0.399310 0.863539
vt 0.393148 0.863351
vt 0.398117 0.863351
vt 0.398117 0.863539
vt 0.389835 0.863539
vt 0.389904 0.863351
vt 0.389904 0.863539
vt 0.399310 0.863351
vt 0.393148 0.863539
vt 0.398202 0.863351
vt 0.389987 0.863539
vt 0.896142 0.841023
vt 0.895317 0.840914
vt 0.894551 0.840573
vt 0.893483 0.839351
vt 0.893285 0.838589
vt 0.893229 0.837959
vt 0.893602 0.836497
vt 0.894135 0.835942
vt 0.894838 0.835579
vt 0.897560 0.835866
vt 0.962455 0.837959
vt 0.962398 0.838588
vt 0.962201 0.839351
vt 0.961765 0.840035
vt 0.960367 0.840914
vt 0.959542 0.841023
vt 0.960042 0.835446
vt 0.960845 0.835579
vt 0.961548 0.835941
vt 0.962394 0.837192
vt 0.751662 0.856985
vt 0.750045 0.856994
vt 0.750043 0.857379
vt 0.953092 0.840478
vt 0.781957 0.857374
vt 0.718027 0.857374
vt 0.343793 0.863741
vt 0.929935 0.835446
vt 0.929515 0.840127
vt 0.928460 0.839725
vt 0.928090 0.839272
vt 0.927876 0.838706
vt 0.927899 0.837437
vt 0.928046 0.836815
vt 0.928360 0.836256
vt 0.929353 0.835536
vt 0.926168 0.840127
vt 0.925748 0.835446
vt 0.926873 0.835815
vt 0.927323 0.836256
vt 0.927637 0.836815
vt 0.927807 0.838706
vt 0.927594 0.839272
vt 0.926732 0.840019
vt 0.071313 0.857093
vt 0.072138 0.856984
vt 0.070835 0.862428
vt 0.070132 0.862066
vt 0.069598 0.861510
vt 0.069226 0.860049
vt 0.069282 0.859419
vt 0.069480 0.858656
vt 0.070548 0.857434
vt 0.068972 0.858656
vt 0.069169 0.859419
vt 0.069165 0.860815
vt 0.068320 0.862066
vt 0.067617 0.862428
vt 0.066813 0.862561
vt 0.066313 0.856985
vt 0.067138 0.857093
vt 0.068536 0.857972
vt 0.373896 0.863351
vt 0.843997 0.857434
vt 0.059863 0.857529
vt 0.078589 0.857529
vt 0.331808 0.863351
vt 0.335424 0.863741
vt 0.903433 0.857029
vt 0.873194 0.857434
vt 0.036707 0.862561
vt 0.036125 0.862471
vt 0.035131 0.861751
vt 0.034818 0.861192
vt 0.034671 0.860570
vt 0.034648 0.859302
vt 0.034861 0.858735
vt 0.035231 0.858282
vt 0.036287 0.857880
vt 0.102165 0.857880
vt 0.102729 0.857988
vt 0.103591 0.858735
vt 0.103804 0.859302
vt 0.103839 0.859927
vt 0.103634 0.861192
vt 0.103320 0.861751
vt 0.102870 0.862192
vt 0.101745 0.862561
vt 0.318615 0.863985
vt 0.318615 0.863753
vt 0.318615 0.863433
vt 0.351534 0.863739
vt 0.351534 0.863351
vt 0.326977 0.863432
vt 0.326977 0.864090
vt 0.357806 0.863440
vt 0.357806 0.863847
vt 0.318615 0.864190
vt 0.032525 0.862452
vt 0.031700 0.862561
vt 0.033004 0.857118
vt 0.033706 0.857480
vt 0.034240 0.858036
vt 0.034613 0.859497
vt 0.034556 0.860127
vt 0.034359 0.860890
vt 0.033291 0.862112
vt 0.962709 0.839351
vt 0.962511 0.838588
vt 0.962515 0.837192
vt 0.963361 0.835941
vt 0.964064 0.835579
vt 0.964867 0.835446
vt 0.965367 0.841023
vt 0.964543 0.840914
vt 0.963145 0.840035
vt 0.359896 0.863740
vt 0.971818 0.840478
vt 0.025250 0.862017
vt 0.338281 0.863741
vt 0.812483 0.857412
vt 0.686011 0.857424
vt 0.994974 0.835446
vt 0.995556 0.835536
vt 0.996549 0.836256
vt 0.996863 0.836815
vt 0.997010 0.837437
vt 0.997033 0.838706
vt 0.996820 0.839272
vt 0.996449 0.839725
vt 0.995394 0.840127
vt 0.001674 0.861665
vt 0.001109 0.861558
vt 0.000248 0.860811
vt 0.000035 0.860244
vt -0.000000 0.859619
vt 0.000204 0.858353
vt 0.000518 0.857794
vt 0.000969 0.857354
vt 0.002094 0.856985
vt 0.890316 0.835446
vt 0.891141 0.835555
vt 0.891907 0.835895
vt 0.892975 0.837118
vt 0.893172 0.837880
vt 0.893229 0.838510
vt 0.892856 0.839971
vt 0.892322 0.840527
vt 0.891620 0.840890
vt 0.888897 0.840603
vt 0.824003 0.838510
vt 0.824059 0.837880
vt 0.824257 0.837118
vt 0.824693 0.836434
vt 0.826091 0.835555
vt 0.826916 0.835446
vt 0.826415 0.841023
vt 0.825612 0.840890
vt 0.824909 0.840527
vt 0.824063 0.839276
vt 0.902759 0.857390
vt 0.833366 0.835991
vt 0.835096 0.857434
vt 0.329698 0.863351
vt 0.873200 0.856985
vt 0.841391 0.857000
vt 0.843530 0.856985
vt 0.856522 0.841023
vt 0.856942 0.836342
vt 0.857998 0.836744
vt 0.858368 0.837196
vt 0.858581 0.837763
vt 0.858558 0.839032
vt 0.858411 0.839654
vt 0.858097 0.840213
vt 0.857104 0.840933
vt 0.860290 0.836342
vt 0.860709 0.841023
vt 0.859585 0.840653
vt 0.859134 0.840213
vt 0.858820 0.839654
vt 0.858651 0.837763
vt 0.858864 0.837197
vt 0.859725 0.836449
vt 0.320706 0.863351
vt 0.322797 0.864272
vt 0.359896 0.864027
vt 0.354514 0.792699
vt 0.000000 0.764777
vt 0.709028 0.711175
vt 0.654783 0.856984
vt 0.437277 0.494181
vt 0.562723 0.618835
vt 0.824003 0.855830
vt 0.000000 0.597296
vt 0.437276 0.494181
vt 0.965766 0.410381
vt 0.000000 0.855830
vt 0.597296 0.855772
vt 0.298648 0.792699
vt 0.000000 0.711175
vt 0.917238 0.711174
vt 0.654783 0.856985
vt 0.562723 0.661912
vt 0.998753 0.410381
vt 0.000000 0.704989
vt 0.562723 0.683450
vt 0.437277 0.586730
vt 0.437277 0.298648
vt 0.712270 0.835446
vt 0.951810 0.814061
vt 0.653162 0.738889
vt 0.956463 0.856985
vt 0.247806 0.863351
vt 0.127976 0.856985
vt 0.176249 0.856985
vt 0.299304 0.863740
vt 0.217232 0.863715
vt 0.393481 0.863035
vt 0.272797 0.856984
vt 0.442236 0.856984
vt 0.539745 0.857171
vt 0.539745 0.857535
vt 0.637254 0.856985
vt 0.442236 0.857793
vt 0.395298 0.863351
vt 0.379996 0.864232
vt 0.379909 0.864181
vt 0.379835 0.864116
vt 0.379776 0.864039
vt 0.379735 0.863954
vt 0.379713 0.863864
vt 0.379711 0.863772
vt 0.379730 0.863682
vt 0.379767 0.863596
vt 0.379823 0.863520
vt 0.379895 0.863455
vt 0.379980 0.863404
vt 0.380075 0.863368
vt 0.380175 0.863351
vt 0.380279 0.863351
vt 0.380476 0.863404
vt 0.380563 0.863455
vt 0.380637 0.863520
vt 0.380696 0.863597
vt 0.380737 0.863682
vt 0.380759 0.863772
vt 0.380761 0.863864
vt 0.380705 0.864040
vt 0.380649 0.864116
vt 0.380577 0.864181
vt 0.380492 0.864232
vt 0.380398 0.864267
vt 0.380297 0.864285
vt 0.380193 0.864285
vt 0.382480 0.864267
vt 0.382378 0.864285
vt 0.382275 0.864285
vt 0.382174 0.864267
vt 0.382079 0.864232
vt 0.381995 0.864181
vt 0.381923 0.864116
vt 0.381867 0.864039
vt 0.381829 0.863954
vt 0.381811 0.863864
vt 0.381813 0.863772
vt 0.381835 0.863682
vt 0.381876 0.863597
vt 0.381935 0.863520
vt 0.382009 0.863455
vt 0.382192 0.863369
vt 0.382294 0.863351
vt 0.382397 0.863351
vt 0.382498 0.863369
vt 0.382592 0.863404
vt 0.382677 0.863455
vt 0.382749 0.863520
vt 0.382842 0.863682
vt 0.382861 0.863772
vt 0.382859 0.863864
vt 0.382837 0.863954
vt 0.382796 0.864039
vt 0.382737 0.864116
vt 0.382663 0.864181
vt 0.388210 0.863539
vt 0.395297 0.863351
vt 0.392268 0.863351
vt 0.399471 0.863539
vt 0.000000 0.863351
vt 0.273555 0.863351
vt 0.299304 0.863351
vt 0.176249 0.856984
vt 0.168958 0.863715
vt 0.321070 0.863052
vt 0.393481 0.857428
vt 0.393481 0.857184
vt 0.539745 0.857624
vt 0.539745 0.857184
vt 0.515367 0.857171
vt 0.515367 0.857408
vt 0.515367 0.857779
vt 0.686009 0.856985
vt 0.686009 0.857717
vt 0.393481 0.857983
vt 0.393481 0.857677
vt 0.378946 0.864232
vt 0.378859 0.864181
vt 0.378785 0.864116
vt 0.378726 0.864039
vt 0.378685 0.863954
vt 0.378663 0.863864
vt 0.378661 0.863772
vt 0.378680 0.863681
vt 0.378717 0.863596
vt 0.378773 0.863520
vt 0.378845 0.863455
vt 0.378930 0.863404
vt 0.379025 0.863369
vt 0.379126 0.863351
vt 0.379229 0.863351
vt 0.379426 0.863404
vt 0.379513 0.863455
vt 0.379588 0.863520
vt 0.379646 0.863597
vt 0.379687 0.863682
vt 0.379709 0.863772
vt 0.379711 0.863864
vt 0.379655 0.864040
vt 0.379599 0.864116
vt 0.379527 0.864181
vt 0.379442 0.864232
vt 0.379348 0.864267
vt 0.379247 0.864285
vt 0.379143 0.864285
vt 0.381430 0.864267
vt 0.381329 0.864285
vt 0.381226 0.864285
vt 0.381125 0.864268
vt 0.381030 0.864232
vt 0.380945 0.864181
vt 0.380873 0.864116
vt 0.380817 0.864040
vt 0.380780 0.863955
vt 0.380763 0.863772
vt 0.380785 0.863682
vt 0.380826 0.863597
vt 0.380885 0.863520
vt 0.380959 0.863455
vt 0.381142 0.863369
vt 0.381244 0.863351
vt 0.381347 0.863351
vt 0.381448 0.863369
vt 0.381542 0.863404
vt 0.381627 0.863455
vt 0.381699 0.863520
vt 0.381793 0.863682
vt 0.381811 0.863772
vt 0.381809 0.863864
vt 0.381787 0.863954
vt 0.381746 0.864039
vt 0.381688 0.864116
vt 0.381613 0.864181
vt 0.400664 0.863351
vt 0.956463 0.856984
vt 0.312178 0.863351
vt 0.224523 0.856984
vt 0.096547 0.863718
vt 0.267118 0.863351
vt 0.296933 0.863053
vt 0.417858 0.857302
vt 0.417858 0.856984
vt 0.564122 0.856985
vt 0.490990 0.857409
vt 0.661631 0.856984
vt 0.661631 0.857623
vt 0.383145 0.864232
vt 0.383059 0.864181
vt 0.382984 0.864116
vt 0.382925 0.864039
vt 0.382884 0.863954
vt 0.382863 0.863864
vt 0.382879 0.863681
vt 0.382917 0.863596
vt 0.382973 0.863520
vt 0.383045 0.863455
vt 0.383130 0.863404
vt 0.383224 0.863369
vt 0.383325 0.863351
vt 0.383428 0.863351
vt 0.383626 0.863404
vt 0.383713 0.863455
vt 0.383787 0.863520
vt 0.383846 0.863597
vt 0.383887 0.863682
vt 0.383909 0.863772
vt 0.383911 0.863864
vt 0.383854 0.864040
vt 0.383799 0.864116
vt 0.383727 0.864181
vt 0.383642 0.864232
vt 0.383547 0.864268
vt 0.383446 0.864285
vt 0.383343 0.864285
vt 0.384580 0.864267
vt 0.384478 0.864285
vt 0.384375 0.864285
vt 0.384274 0.864268
vt 0.384180 0.864232
vt 0.384095 0.864181
vt 0.384023 0.864116
vt 0.383967 0.864040
vt 0.383929 0.863955
vt 0.383912 0.863772
vt 0.383934 0.863682
vt 0.383976 0.863597
vt 0.384034 0.863520
vt 0.384109 0.863455
vt 0.384291 0.863369
vt 0.384393 0.863351
vt 0.384496 0.863351
vt 0.384597 0.863369
vt 0.384692 0.863404
vt 0.384777 0.863455
vt 0.384848 0.863520
vt 0.384942 0.863681
vt 0.384961 0.863772
vt 0.384959 0.863864
vt 0.384937 0.863954
vt 0.384896 0.864039
vt 0.384837 0.864116
vt 0.384763 0.864181
vt 0.385773 0.863351
vt 0.397683 0.863539
vt -0.040017 1.256908
vt 0.489930 -0.381886
vt 0.440933 1.260495
vt 0.391755 2.902875
vt 0.440753 1.260494
vt 0.489933 -0.381886
vt 0.893458 1.263870
vt 0.440933 1.260496
vt 1.040545 1.912574
vt -0.032036 0.989374
vt 0.960575 0.996777
vt 0.008980 -0.385473
vt -0.089015 2.899290
vt 0.942458 -0.378511
vt 0.047933 1.905171
s 1
usemtl madera
f 14/1/1 8/2/2 1/3/3
f 33/4/4 43/5/4 42/6/4
f 39/7/5 27/8/6 51/9/7
f 2/10/8 54/11/9 56/12/9
f 1/3/3 12/13/10 3/14/11
f 12/13/10 4/15/12 3/14/11
f 4/16/12 10/17/13 5/18/14
f 5/18/14 9/19/15 6/20/15
f 9/19/15 2/10/8 6/20/15
f 19/21/16 18/22/17 21/23/18
f 21/23/18 17/24/19 22/25/20
f 22/25/20 16/26/21 23/27/21
f 23/28/21 15/29/22 24/30/22
f 15/29/22 20/31/23 24/30/22
f 27/32/24 42/33/25 47/34/25
f 25/35/6 53/36/26 27/8/6
f 28/37/4 55/38/27 56/39/28
f 30/40/29 48/41/30 41/42/31
f 27/32/24 55/43/32 26/44/33
f 30/40/29 37/45/34 35/46/35
f 34/47/34 38/48/36 37/45/34
f 33/49/37 39/50/38 38/48/36
f 39/51/38 31/52/39 40/53/40
f 31/52/39 36/54/41 40/53/40
f 47/34/25 46/55/42 49/56/43
f 46/55/42 50/57/44 49/56/43
f 45/58/45 51/59/46 50/57/44
f 51/60/46 43/61/47 52/62/47
f 52/62/47 41/42/31 48/41/30
f 25/63/48 29/64/41 28/65/48
f 53/66/32 13/67/49 55/43/32
f 9/68/50 8/69/51 23/70/5
f 15/71/52 14/72/53 5/73/4
f 56/12/9 25/63/48 28/65/48
f 70/74/54 64/75/55 75/76/56
f 98/77/4 99/78/4 89/79/4
f 107/80/5 83/81/5 95/82/5
f 112/83/57 63/84/58 58/85/59
f 57/86/60 68/87/61 64/75/55
f 60/88/62 68/89/61 59/90/61
f 61/91/63 67/92/64 60/88/62
f 61/91/63 65/93/65 66/94/66
f 58/85/59 65/93/65 62/95/67
f 77/96/68 70/74/54 75/76/56
f 77/96/68 73/97/69 74/98/70
f 78/99/71 72/100/72 73/97/69
f 79/101/73 71/102/74 72/100/72
f 76/103/75 71/104/74 80/105/76
f 103/106/77 82/107/78 83/108/79
f 109/109/80 81/110/5 83/81/5
f 84/111/4 111/112/81 82/113/4
f 97/114/82 91/115/83 86/116/84
f 82/107/78 109/117/85 83/108/79
f 91/115/83 90/118/86 86/116/84
f 93/119/87 89/120/88 90/118/86
f 95/121/89 89/120/88 94/122/90
f 96/123/91 88/124/89 95/121/89
f 96/125/91 85/126/92 87/127/91
f 105/128/93 98/129/77 103/106/77
f 105/128/93 101/130/94 102/131/95
f 106/132/96 100/133/97 101/130/94
f 108/134/98 100/133/97 107/135/99
f 108/136/98 97/114/82 99/137/98
f 85/126/92 81/138/100 84/139/101
f 111/140/85 76/103/75 109/117/85
f 79/141/102 64/142/5 65/143/103
f 61/144/104 70/145/4 71/146/105
f 84/139/101 110/147/57 112/83/57
f 113/148/4 115/149/106 117/150/107
f 114/151/7 118/152/108 116/153/109
f 116/154/110 117/155/111 115/156/112
f 113/148/4 117/150/107 119/157/107
f 114/151/7 120/158/113 118/152/108
f 117/155/111 120/159/114 119/160/115
f 113/148/4 119/157/107 121/161/116
f 114/151/7 122/162/117 120/158/113
f 120/159/114 121/163/118 119/160/115
f 113/148/4 121/161/116 123/164/119
f 114/151/7 124/165/120 122/162/117
f 121/163/118 124/166/121 123/167/122
f 113/148/4 123/164/119 125/168/123
f 114/151/7 126/169/124 124/165/120
f 124/166/121 125/170/125 123/167/122
f 113/148/4 125/168/123 127/171/126
f 114/151/7 128/172/127 126/169/124
f 126/173/128 127/174/129 125/170/125
f 113/148/4 127/171/126 129/175/130
f 114/151/7 130/176/131 128/172/127
f 127/174/129 130/177/132 129/178/133
f 113/148/4 129/175/130 131/179/134
f 114/151/7 132/180/135 130/176/131
f 130/181/132 131/182/136 129/183/133
f 113/148/4 131/179/134 133/184/137
f 114/151/7 134/185/138 132/180/135
f 132/186/139 133/187/140 131/182/136
f 113/148/4 133/184/137 135/188/141
f 114/151/7 136/189/127 134/185/138
f 134/190/142 135/191/143 133/187/140
f 113/148/4 135/188/141 137/192/134
f 114/151/7 138/193/144 136/189/127
f 135/191/143 138/194/145 137/195/146
f 113/148/4 137/192/134 139/196/147
f 114/151/7 140/197/148 138/193/144
f 138/194/145 139/198/149 137/195/146
f 113/148/4 139/196/147 141/199/150
f 114/151/7 142/200/6 140/197/148
f 140/201/151 141/202/152 139/198/149
f 113/148/4 141/199/150 143/203/153
f 114/151/7 144/204/154 142/200/6
f 142/205/155 143/206/156 141/202/152
f 113/148/4 143/203/153 145/207/116
f 114/151/7 146/208/157 144/204/154
f 144/209/158 145/210/159 143/211/156
f 113/148/4 145/207/116 147/212/160
f 114/151/7 148/213/161 146/208/157
f 145/210/159 148/214/162 147/215/163
f 113/148/4 147/212/160 149/216/107
f 114/151/7 150/217/51 148/213/161
f 147/215/163 150/218/164 149/219/165
f 113/148/4 149/216/107 151/220/166
f 114/151/7 152/221/167 150/217/51
f 149/219/165 152/222/168 151/223/169
f 113/148/4 151/220/166 153/224/170
f 114/151/7 154/225/171 152/221/167
f 151/223/169 154/226/172 153/227/173
f 113/148/4 153/224/170 155/228/174
f 114/151/7 156/229/175 154/225/171
f 153/227/173 156/230/176 155/231/177
f 113/148/4 155/228/174 157/232/178
f 114/151/7 158/233/6 156/229/175
f 156/230/176 157/234/179 155/231/177
f 113/148/4 157/232/178 159/235/107
f 114/151/7 160/236/180 158/233/6
f 157/234/179 160/237/181 159/238/182
f 113/148/4 159/235/107 161/239/53
f 114/151/7 162/240/183 160/236/180
f 159/238/182 162/241/184 161/242/185
f 113/148/4 161/239/53 163/243/186
f 114/151/7 164/244/5 162/240/183
f 162/245/184 163/246/187 161/247/185
f 113/148/4 163/243/186 165/248/188
f 114/151/7 166/249/138 164/244/5
f 163/246/187 166/250/189 165/251/190
f 113/148/4 165/248/188 167/252/191
f 114/151/7 168/253/192 166/249/138
f 165/251/190 168/254/193 167/255/194
f 113/148/4 167/252/191 169/256/195
f 114/151/7 170/257/196 168/253/192
f 167/255/194 170/258/197 169/259/198
f 113/148/4 169/256/195 171/260/199
f 114/151/7 172/261/183 170/257/196
f 170/258/197 171/262/200 169/259/198
f 113/148/4 171/260/199 173/263/201
f 114/151/7 174/264/5 172/261/183
f 171/262/200 174/265/202 173/266/203
f 113/148/4 173/263/201 175/267/141
f 114/151/7 176/268/6 174/264/5
f 174/265/202 175/269/204 173/266/203
f 113/148/4 175/267/141 177/270/205
f 114/151/7 178/271/183 176/268/6
f 176/272/206 177/273/207 175/274/204
f 113/148/4 177/270/205 115/149/106
f 114/151/7 116/153/109 178/271/183
f 177/273/207 116/154/110 115/156/112
f 192/275/208 186/276/209 197/277/208
f 220/278/144 221/279/51 211/280/5
f 229/281/4 205/282/210 217/283/147
f 180/284/211 232/285/212 185/286/213
f 179/287/214 190/288/215 186/276/209
f 181/289/216 189/26/217 190/288/215
f 183/290/218 189/291/217 182/292/12
f 183/290/218 187/293/219 188/294/220
f 184/295/221 185/286/213 187/293/219
f 197/277/208 196/296/222 192/275/208
f 199/297/222 195/298/223 196/296/222
f 200/299/224 194/300/225 195/298/223
f 202/301/226 194/302/225 201/303/227
f 198/304/228 193/305/226 202/301/226
f 220/306/229 205/307/230 225/308/231
f 231/309/232 203/310/4 205/282/210
f 206/311/5 233/312/233 204/313/5
f 219/314/234 213/315/235 208/316/236
f 233/317/237 205/307/230 204/318/33
f 215/319/238 208/316/236 213/315/235
f 215/319/238 211/320/36 212/321/239
f 216/322/240 210/123/241 211/320/36
f 218/323/242 210/324/241 217/325/241
f 218/323/242 207/326/41 209/327/243
f 227/328/244 220/306/229 225/308/231
f 227/328/244 223/329/245 224/330/244
f 228/331/246 222/332/247 223/329/245
f 230/333/248 222/50/247 229/334/247
f 230/333/248 219/314/234 221/335/248
f 207/326/41 203/336/249 206/337/250
f 191/338/251 231/339/237 233/317/237
f 201/340/252 186/341/253 187/342/254
f 183/343/255 192/344/256 193/345/257
f 206/337/250 232/285/212 234/346/212
f 248/347/258 242/348/259 235/349/260
f 267/350/5 277/351/183 276/352/183
f 273/353/210 261/354/53 285/355/4
f 241/356/261 290/357/262 236/358/263
f 235/349/260 246/15/264 237/359/265
f 237/360/265 245/361/266 238/362/267
f 238/362/267 244/363/268 239/364/269
f 239/364/269 243/365/270 240/366/271
f 240/366/271 241/356/261 236/358/263
f 253/367/258 252/368/70 255/369/272
f 255/369/272 251/370/273 256/371/274
f 256/371/274 250/372/275 257/373/276
f 250/372/275 258/374/277 257/373/276
f 249/375/278 254/376/279 258/377/277
f 281/378/77 260/379/280 276/380/77
f 259/381/53 287/382/281 261/354/53
f 262/383/5 289/384/282 290/385/283
f 269/386/284 275/387/285 264/388/284
f 261/389/286 289/390/287 260/379/280
f 269/386/284 268/391/288 271/392/289
f 268/391/288 272/393/290 271/392/289
f 272/393/290 266/394/89 273/395/291
f 266/394/89 274/137/292 273/395/291
f 274/396/292 263/397/92 270/398/92
f 276/380/77 283/399/293 281/378/77
f 283/399/293 279/400/294 284/401/295
f 279/400/294 285/402/296 284/401/295
f 278/403/297 286/404/298 285/402/296
f 286/405/298 275/387/285 282/406/299
f 259/407/300 263/397/92 262/408/100
f 289/390/287 254/376/279 247/409/301
f 243/410/302 242/411/195 257/412/205
f 249/413/303 248/414/7 239/415/304
f 288/416/262 262/408/100 290/357/262
f 291/417/5 295/418/305 293/419/148
f 292/420/4 294/421/306 296/422/307
f 295/155/308 294/423/309 293/156/310
f 291/417/5 297/424/311 295/418/305
f 292/420/4 296/422/307 298/425/107
f 295/155/308 298/426/312 296/427/313
f 291/417/5 299/428/171 297/424/311
f 292/420/4 298/425/107 300/429/314
f 297/160/315 300/430/316 298/426/312
f 291/417/5 301/431/317 299/428/171
f 292/420/4 300/429/314 302/432/116
f 301/167/318 300/430/316 299/163/319
f 291/417/5 303/433/320 301/431/317
f 292/420/4 302/432/116 304/434/321
f 301/167/318 304/435/322 302/436/323
f 291/417/5 305/437/120 303/433/320
f 292/420/4 304/434/321 306/438/324
f 303/170/325 306/439/326 304/435/322
f 291/417/5 307/440/327 305/437/120
f 292/420/4 306/438/324 308/441/328
f 305/174/329 308/442/330 306/439/326
f 291/417/5 309/443/144 307/440/327
f 292/420/4 308/441/328 310/444/331
f 309/182/332 308/269/330 307/183/333
f 291/417/5 311/445/334 309/443/144
f 292/420/4 310/444/331 312/446/210
f 311/447/335 310/448/336 309/182/332
f 291/417/5 313/449/337 311/445/334
f 292/420/4 312/446/210 314/450/210
f 311/447/335 314/451/338 312/452/339
f 291/417/5 315/453/320 313/449/337
f 292/420/4 314/450/210 316/454/340
f 315/195/341 314/451/338 313/191/342
f 291/417/5 317/455/343 315/453/320
f 292/420/4 316/454/340 318/456/344
f 317/198/345 316/457/346 315/195/341
f 291/417/5 319/458/347 317/455/343
f 292/420/4 318/456/344 320/459/191
f 319/202/348 318/460/349 317/198/345
f 291/417/5 321/461/6 319/458/347
f 292/420/4 320/459/191 322/462/186
f 319/202/348 322/247/350 320/463/351
f 291/417/5 323/464/352 321/461/6
f 292/420/4 322/462/186 324/465/353
f 321/211/354 324/466/355 322/467/350
f 291/417/5 325/468/356 323/464/352
f 292/420/4 324/465/353 326/469/191
f 325/215/357 324/466/355 323/210/358
f 291/417/5 327/470/359 325/468/356
f 292/420/4 326/469/191 328/471/360
f 325/215/357 328/472/361 326/473/362
f 291/417/5 329/474/120 327/470/359
f 292/420/4 328/471/360 330/475/363
f 327/219/364 330/476/365 328/472/361
f 291/417/5 331/477/175 329/474/120
f 292/420/4 330/475/363 332/478/366
f 331/227/367 330/476/365 329/223/368
f 291/417/5 333/479/369 331/477/175
f 292/420/4 332/478/366 334/480/153
f 331/227/367 334/481/370 332/482/371
f 291/417/5 335/483/372 333/479/369
f 292/420/4 334/480/153 336/484/210
f 335/234/373 334/481/370 333/231/374
f 291/417/5 337/485/375 335/483/372
f 292/420/4 336/484/210 338/486/107
f 337/238/376 336/487/377 335/234/373
f 291/417/5 339/488/378 337/485/375
f 292/420/4 338/486/107 340/489/379
f 339/242/380 338/490/381 337/238/376
f 291/417/5 341/491/148 339/488/378
f 292/420/4 340/489/379 342/492/134
f 341/493/382 340/245/383 339/300/380
f 291/417/5 343/494/144 341/491/148
f 292/420/4 342/492/134 344/495/384
f 341/493/382 344/250/190 342/496/385
f 291/417/5 345/497/386 343/494/144
f 292/420/4 344/495/384 346/253/387
f 345/498/388 344/250/190 343/499/389
f 291/417/5 347/500/51 345/497/386
f 292/420/4 346/253/387 348/501/390
f 345/498/388 348/258/391 346/254/392
f 291/417/5 349/502/393 347/500/51
f 292/420/4 348/501/390 350/503/394
f 349/504/395 348/258/391 347/505/396
f 291/417/5 351/506/320 349/502/393
f 292/420/4 350/503/394 352/507/210
f 351/508/397 350/509/398 349/504/395
f 291/417/5 353/510/399 351/506/320
f 292/420/4 352/507/210 354/511/400
f 351/508/397 354/512/401 352/265/402
f 291/417/5 355/513/124 353/510/399
f 292/420/4 354/511/400 356/514/366
f 355/273/403 354/515/401 353/274/404
f 291/417/5 293/419/148 355/513/124
f 292/420/4 356/514/366 294/421/306
f 355/273/403 294/423/309 356/516/405
f 374/517/406 375/518/406 373/519/406
f 375/520/407 380/521/407 379/522/407
f 379/523/408 378/524/408 377/525/408
f 377/526/409 374/527/409 373/528/409
f 375/529/5 377/530/5 373/531/5
f 376/532/4 378/533/4 380/534/4
f 382/535/4 383/536/4 381/537/4
f 384/538/407 387/539/407 383/540/407
f 387/541/5 386/542/5 385/543/5
f 385/544/409 382/545/409 381/546/409
f 387/547/406 381/548/406 383/549/406
f 390/541/4 391/550/4 389/551/4
f 391/539/407 396/552/407 395/553/407
f 395/535/5 394/554/5 393/555/5
f 393/556/409 390/557/409 389/544/409
f 395/549/406 389/558/406 391/559/406
f 397/560/406 400/561/406 399/562/406
f 400/563/407 403/564/407 399/565/407
f 404/566/408 401/567/408 403/562/408
f 402/568/409 397/569/409 401/570/409
f 405/569/410 408/571/410 407/523/410
f 408/521/411 411/526/411 407/522/411
f 412/572/412 409/573/412 411/574/412
f 410/575/413 405/576/413 409/577/413
f 407/578/4 409/579/4 405/580/4
f 408/581/5 410/582/5 412/583/5
f 414/542/5 415/584/5 413/543/5
f 416/585/411 419/586/411 415/587/411
f 419/588/4 418/589/4 417/577/4
f 417/590/413 414/591/413 413/592/413
f 415/593/410 417/594/410 413/559/410
f 422/595/5 423/589/5 421/596/5
f 424/597/411 427/598/411 423/599/411
f 427/600/4 426/601/4 425/602/4
f 426/591/413 421/603/413 425/604/413
f 427/605/410 421/594/410 423/606/410
f 429/607/410 432/608/410 431/609/410
f 432/610/411 435/611/411 431/612/411
f 436/613/412 433/607/412 435/614/412
f 433/522/413 430/615/413 429/616/413
f 438/617/414 439/618/415 437/619/414
f 440/620/144 443/621/416 439/622/417
f 444/623/418 441/624/419 443/625/418
f 441/626/141 438/627/126 437/628/126
f 444/629/412 438/630/412 442/631/412
f 441/632/420 439/633/420 443/634/420
f 445/635/421 448/636/422 446/637/423
f 451/638/167 448/639/320 447/640/5
f 451/641/424 450/642/425 452/643/426
f 449/644/166 446/645/427 450/646/166
f 450/647/408 448/648/408 452/649/408
f 449/650/406 447/651/406 445/652/406
f 520/653/428 518/654/429 517/655/430
f 518/654/429 522/656/431 521/657/432
f 522/656/431 523/658/433 521/657/432
f 524/659/434 525/660/435 523/658/433
f 525/661/435 528/662/436 527/663/437
f 527/663/437 530/664/438 529/665/439
f 530/664/438 531/666/440 529/665/439
f 532/667/441 533/668/442 531/666/440
f 533/668/442 536/669/443 535/670/444
f 536/669/443 537/671/445 535/670/444
f 537/671/445 540/672/446 539/673/447
f 540/674/446 541/675/448 539/676/447
f 542/677/449 543/678/450 541/675/448
f 543/678/450 546/679/451 545/680/452
f 545/680/452 548/681/453 547/682/454
f 548/681/453 549/683/455 547/682/454
f 549/683/455 552/684/456 551/685/457
f 551/685/457 554/686/458 553/687/459
f 553/687/459 556/688/460 555/689/461
f 555/689/461 558/690/462 557/691/463
f 557/692/463 560/693/464 559/671/465
f 560/693/464 561/694/466 559/671/465
f 561/694/466 564/695/467 563/696/468
f 563/696/468 566/697/469 565/698/470
f 565/698/470 568/699/471 567/665/472
f 567/665/472 570/700/473 569/663/474
f 570/700/473 571/661/475 569/663/474
f 571/701/475 574/702/476 573/703/477
f 574/702/476 575/704/478 573/703/477
s 0
f 492/705/479 618/705/480 620/705/481
f 454/705/479 644/705/482 584/705/483
s 1
f 575/704/478 578/706/484 577/707/485
f 577/707/485 580/708/486 579/709/487
f 580/708/486 517/655/430 579/709/487
f 455/710/324 517/711/488 518/712/489
f 456/713/490 520/714/491 454/715/492
f 457/716/394 518/712/489 521/717/141
f 458/718/493 519/719/494 456/713/490
f 459/720/195 521/717/141 523/721/495
f 460/722/496 522/723/157 458/718/493
f 461/724/497 523/721/495 525/725/498
f 462/726/499 524/727/256 460/722/496
f 463/728/186 525/725/498 527/729/126
f 464/730/500 526/731/501 462/726/499
f 465/732/502 527/729/126 529/733/503
f 466/734/504 528/735/505 464/730/500
f 467/736/106 529/733/503 531/737/506
f 468/738/507 530/739/508 466/734/504
f 467/736/106 533/740/509 469/741/427
f 468/738/507 534/742/510 532/743/511
f 469/741/427 535/744/512 471/745/513
f 470/746/514 536/747/515 534/742/510
f 471/745/513 537/748/516 473/749/517
f 472/750/148 538/751/416 536/747/515
f 473/749/517 539/752/518 475/753/519
f 474/754/520 540/755/521 538/751/416
f 475/753/519 541/756/141 477/757/522
f 476/758/523 542/759/524 540/755/521
f 477/757/522 543/760/106 479/761/525
f 478/762/526 544/763/527 542/759/524
f 479/761/525 545/764/519 481/765/528
f 480/766/127 546/767/529 544/763/527
f 481/765/528 547/768/53 483/769/530
f 482/770/127 548/771/138 546/767/529
f 485/772/531 547/768/53 549/773/532
f 486/774/144 548/771/138 484/775/6
f 487/776/533 549/773/532 551/777/321
f 488/778/183 550/779/534 486/774/144
f 489/780/126 551/777/321 553/781/535
f 490/782/183 552/783/496 488/778/183
f 491/784/536 553/781/535 555/785/400
f 492/786/520 554/787/537 490/782/183
f 493/788/538 555/785/400 557/789/363
f 494/790/539 556/791/131 492/786/520
f 495/792/540 557/789/363 559/793/324
f 496/794/524 558/795/541 494/790/539
f 497/796/530 559/793/324 561/797/147
f 498/798/542 560/799/543 496/794/524
f 499/800/178 561/797/147 563/801/544
f 500/802/320 562/803/161 498/798/542
f 499/800/178 565/804/545 501/805/394
f 500/802/320 566/806/546 564/807/547
f 501/805/394 567/808/210 503/809/548
f 502/810/549 568/811/550 566/806/546
f 503/809/548 569/812/551 505/813/134
f 504/814/552 570/815/356 568/811/550
f 505/813/134 571/816/533 507/817/553
f 506/818/120 572/819/554 570/815/356
f 507/817/553 573/820/555 509/821/556
f 508/822/557 574/823/51 572/819/554
f 509/821/556 575/824/160 511/825/558
f 510/826/559 576/827/560 574/823/51
f 511/825/558 577/828/561 513/829/562
f 512/830/157 578/831/563 576/827/560
f 513/829/562 579/832/199 515/833/564
f 514/834/565 580/835/144 578/831/563
f 453/836/566 579/832/199 517/711/488
f 454/715/492 580/835/144 516/837/534
f 607/838/567 673/839/568 671/840/569
f 633/841/570 699/842/571 697/843/572
s 0
f 466/705/573 592/705/574 594/705/483
f 491/705/575 621/705/576 619/705/483
f 465/705/577 595/705/578 593/705/481
f 494/705/579 620/705/580 622/705/483
f 468/705/479 594/705/581 596/705/481
f 493/705/479 623/705/582 621/705/481
f 467/705/583 597/705/584 595/705/483
f 496/705/479 622/705/585 624/705/481
f 470/705/586 596/705/587 598/705/483
f 495/705/586 625/705/588 623/705/481
f 469/705/583 599/705/589 597/705/481
f 498/705/583 624/705/590 626/705/481
f 472/705/579 598/705/591 600/705/481
f 497/705/579 627/705/592 625/705/483
f 471/705/479 601/705/593 599/705/481
f 500/705/594 626/705/595 628/705/481
f 474/705/579 600/705/596 602/705/481
f 499/705/479 629/705/597 627/705/483
f 473/705/598 603/705/599 601/705/483
f 502/705/600 628/705/601 630/705/483
f 476/705/573 602/705/602 604/705/483
f 501/705/479 631/705/603 629/705/483
f 475/705/573 605/705/604 603/705/481
f 504/705/479 630/705/605 632/705/483
f 478/705/573 604/705/606 606/705/481
f 503/705/573 633/705/607 631/705/483
f 477/705/575 607/705/608 605/705/483
f 506/705/479 632/705/609 634/705/481
f 480/705/579 606/705/610 608/705/481
f 505/705/573 635/705/611 633/705/481
f 479/705/612 609/705/613 607/705/481
f 453/705/614 582/705/615 581/705/481
f 508/705/586 634/705/616 636/705/481
f 482/705/579 608/705/617 610/705/481
f 456/705/573 584/705/618 583/705/481
f 507/705/479 637/705/619 635/705/481
f 481/705/479 611/705/620 609/705/481
f 455/705/583 585/705/621 582/705/481
f 510/705/573 636/705/622 638/705/481
f 484/705/479 610/705/623 612/705/481
f 458/705/614 583/705/624 586/705/483
f 509/705/579 639/705/625 637/705/483
f 483/705/479 613/705/626 611/705/481
f 457/705/479 587/705/627 585/705/483
f 512/705/577 638/705/628 640/705/481
f 486/705/583 612/705/629 614/705/481
f 460/705/579 586/705/630 588/705/481
f 511/705/579 641/705/631 639/705/483
f 485/705/573 615/705/632 613/705/481
f 459/705/479 589/705/633 587/705/483
f 514/705/583 640/705/634 642/705/483
f 488/705/635 614/705/636 616/705/483
f 462/705/479 588/705/637 590/705/483
f 513/705/575 643/705/638 641/705/483
f 487/705/573 617/705/639 615/705/483
f 461/705/583 591/705/640 589/705/483
f 516/705/479 642/705/641 644/705/483
f 490/705/583 616/705/642 618/705/481
f 464/705/573 590/705/643 592/705/483
f 515/705/479 581/705/644 643/705/483
f 489/705/579 619/705/645 617/705/481
f 463/705/583 593/705/646 591/705/481
s 1
f 677/844/116 693/845/647 645/846/53
f 680/847/514 664/848/305 647/849/183
f 582/850/648 645/851/649 581/852/650
f 634/853/651 700/854/652 636/855/653
f 610/856/654 672/857/655 674/858/656
f 584/859/657 647/860/658 583/861/659
f 637/862/660 699/863/571 635/864/661
f 611/865/662 673/839/568 609/866/663
f 582/850/648 649/867/664 646/868/665
f 638/869/666 700/870/652 702/871/667
f 610/856/654 676/872/668 612/873/669
f 586/874/670 647/860/658 650/875/671
f 637/862/660 703/876/672 701/877/476
f 611/865/662 677/878/673 675/879/669
f 587/880/674 649/867/664 585/881/675
f 640/882/676 702/871/667 704/883/677
f 614/884/678 676/872/668 678/885/679
f 588/886/680 650/875/671 652/887/681
f 639/888/682 705/889/683 703/876/672
f 613/890/415 679/891/684 677/878/673
f 589/892/685 651/893/686 587/880/674
f 640/882/676 706/894/687 642/895/688
f 614/884/678 680/896/689 616/897/690
f 588/886/680 654/864/691 590/863/692
f 641/898/693 707/899/487 705/889/683
f 617/900/694 679/891/684 615/901/695
f 591/902/696 653/903/697 589/904/685
f 644/905/698 706/894/687 708/906/699
f 616/897/690 682/907/700 618/908/701
f 590/909/692 656/910/702 592/911/703
f 581/852/650 707/899/487 643/912/704
f 619/913/705 681/914/706 617/900/694
f 593/915/707 655/916/708 591/902/696
f 644/905/698 648/917/709 584/859/657
f 618/908/701 684/918/710 620/919/711
f 594/920/712 656/910/702 658/921/713
f 619/913/705 685/922/714 683/923/715
f 593/915/707 659/924/716 657/925/717
f 620/919/711 686/926/718 622/927/719
f 594/920/712 660/928/720 596/929/721
f 623/930/722 685/927/714 621/926/723
f 595/931/720 661/932/724 659/924/716
f 624/933/725 686/934/718 688/935/726
f 596/929/721 662/936/727 598/937/728
f 623/930/722 689/938/729 687/939/730
f 599/940/731 661/932/724 597/941/732
f 626/942/733 688/935/726 690/943/734
f 600/944/735 662/936/727 664/945/736
f 627/946/737 689/938/729 625/947/738
f 599/940/731 665/948/739 663/949/740
f 626/942/733 692/950/741 628/951/742
f 602/952/743 664/945/736 666/953/744
f 627/946/737 693/954/745 691/955/746
f 601/956/747 667/957/748 665/948/739
f 628/951/742 694/958/749 630/959/750
f 602/952/743 668/904/751 604/903/752
f 631/960/753 693/954/745 629/961/470
f 605/962/754 667/963/748 603/964/755
f 630/959/750 696/965/756 632/966/757
f 604/967/752 670/968/758 606/969/759
f 633/841/570 695/970/760 631/960/753
f 605/962/754 671/840/569 669/971/761
f 634/853/651 696/965/756 698/972/762
f 606/969/759 672/857/655 608/973/763
f 709/974/414 712/975/764 711/976/764
f 712/977/154 715/978/7 711/979/154
f 715/976/765 714/980/766 713/981/767
f 713/982/768 710/983/195 709/984/195
f 712/985/412 714/986/412 716/631/412
f 709/987/410 715/988/410 713/989/410
f 719/990/769 718/991/770 717/992/770
f 723/993/505 720/994/171 719/995/171
f 723/996/771 722/991/772 724/997/771
f 721/998/321 718/999/773 722/1000/166
f 724/1001/408 718/648/408 720/1002/408
f 723/1003/406 717/1004/406 721/1005/406
f 789/1006/774 791/1007/775 790/1008/776
f 791/1007/775 793/1009/777 790/1008/776
f 793/1009/777 796/1010/778 795/1011/779
f 795/1011/779 798/1012/780 797/1013/781
f 798/1014/780 799/1015/702 797/1016/781
f 799/1015/702 802/1017/782 801/1018/783
f 801/1018/783 804/1019/784 803/1020/785
f 803/1020/785 806/1021/786 805/1022/787
f 806/1021/786 807/1023/736 805/1022/787
f 807/1023/736 810/1024/788 809/1025/789
f 809/1025/789 812/1026/790 811/1027/791
f 812/1028/790 813/1029/792 811/1030/791
f 814/1031/793 815/1032/794 813/1029/792
f 815/1032/794 818/1033/795 817/1034/796
f 818/1033/795 819/1035/797 817/1034/796
f 819/1035/797 822/1036/798 821/1037/799
f 822/1036/798 823/1038/800 821/1037/799
f 824/1039/801 825/1040/802 823/1038/800
f 825/1040/802 828/1041/803 827/1042/711
f 827/1042/711 830/1043/804 829/1044/805
f 829/1045/805 832/1046/806 831/1047/807
f 831/1047/807 834/1048/808 833/1049/729
f 833/1049/729 836/1050/809 835/1051/810
f 835/1051/810 838/1052/811 837/1053/812
f 838/1052/811 839/1054/813 837/1053/812
f 840/1055/814 841/1056/815 839/1054/813
f 842/1057/816 843/1058/817 841/1056/815
f 843/1059/817 846/1060/818 845/1061/819
f 846/1060/818 847/1062/820 845/1061/819
s 0
f 764/705/600 890/705/821 892/705/483
f 726/705/479 916/705/822 856/705/481
s 1
f 848/1063/676 849/1064/823 847/1062/820
f 849/1064/823 852/1065/824 851/1066/825
f 852/1065/824 789/1006/774 851/1066/825
f 727/1067/126 789/1068/826 790/1069/506
f 728/1070/311 792/1071/304 726/1072/547
f 729/1073/533 790/1069/506 793/1074/427
f 730/1075/827 791/1076/828 728/1070/311
f 731/1077/829 793/1074/427 795/1078/427
f 732/1079/830 794/1080/831 730/1075/827
f 733/1081/497 795/1078/427 797/1082/390
f 734/1083/352 796/1084/830 732/1079/830
f 735/1085/562 797/1082/390 799/1086/489
f 736/1087/832 798/1088/833 734/1083/352
f 737/1089/324 799/1086/489 801/1090/829
f 738/1091/171 800/1092/834 736/1087/832
f 739/1093/134 801/1090/829 803/1094/314
f 740/1095/835 802/1096/836 738/1091/171
f 739/1093/134 805/1097/340 741/1098/186
f 740/1095/835 806/1099/830 804/1100/837
f 741/1098/186 807/1101/307 743/1102/838
f 742/1103/369 808/1104/835 806/1099/830
f 743/1102/838 809/1105/838 745/1106/839
f 744/1107/840 810/1108/51 808/1104/835
f 745/1106/839 811/1109/186 747/1110/841
f 746/1111/372 812/1112/842 810/1108/51
f 747/1110/841 813/1113/843 749/1114/768
f 748/1115/844 814/1116/845 812/1112/842
f 749/1114/768 815/1117/846 751/1118/847
f 750/1119/5 816/1120/352 814/1116/845
f 751/1118/847 817/1121/366 753/1122/498
f 752/1123/848 818/1124/375 816/1120/352
f 753/1122/498 819/1125/849 755/1126/205
f 754/1127/850 820/1128/171 818/1124/375
f 757/1129/324 819/1125/849 821/1130/191
f 758/1131/851 820/1128/171 756/1132/852
f 759/1133/141 821/1130/191 823/1134/853
f 760/1135/161 822/1136/559 758/1131/851
f 761/1137/544 823/1134/853 825/1138/306
f 762/1139/854 824/1140/855 760/1135/161
f 763/1141/150 825/1138/306 827/1142/53
f 764/1143/524 826/1144/317 762/1139/854
f 765/1145/856 827/1142/53 829/1146/195
f 766/1147/857 828/1148/858 764/1143/524
f 767/1149/859 829/1146/195 831/1150/860
f 768/1151/124 830/1152/144 766/1147/857
f 769/1153/861 831/1150/860 833/1154/862
f 770/1155/863 832/1156/311 768/1151/124
f 771/1157/210 833/1154/862 835/1158/864
f 772/1159/120 834/1160/304 770/1155/863
f 771/1157/210 837/1161/340 773/1162/865
f 772/1159/120 838/1163/866 836/1164/161
f 773/1162/865 839/1165/497 775/1166/205
f 774/1167/827 840/1168/867 838/1163/866
f 775/1166/205 841/1169/868 777/1170/869
f 776/1171/352 842/1172/870 840/1168/867
f 777/1170/869 843/1173/107 779/1174/871
f 778/1175/872 844/1176/873 842/1172/870
f 779/1174/871 845/1177/538 781/1178/130
f 780/1179/874 846/1180/875 844/1176/873
f 781/1178/130 847/1181/876 783/1182/518
f 782/1183/877 848/1184/144 846/1180/875
f 783/1182/518 849/1185/878 785/1186/201
f 784/1187/120 850/1188/879 848/1184/144
f 785/1186/201 851/1189/191 787/1190/141
f 786/1191/880 852/1192/881 850/1188/879
f 725/1193/882 851/1189/191 789/1068/826
f 726/1072/547 852/1192/881 788/1194/883
f 879/1195/884 945/1196/885 943/1197/886
f 907/1198/887 969/1199/572 905/1200/888
s 0
f 738/705/573 864/705/889 866/705/483
f 763/705/575 893/705/890 891/705/483
f 737/705/891 867/705/595 865/705/481
f 766/705/479 892/705/892 894/705/483
f 740/705/479 866/705/893 868/705/481
f 765/705/479 895/705/894 893/705/483
f 739/705/598 869/705/895 867/705/483
f 768/705/600 894/705/896 896/705/483
f 742/705/573 868/705/897 870/705/481
f 767/705/479 897/705/898 895/705/481
f 741/705/479 871/705/605 869/705/483
f 770/705/479 896/705/899 898/705/481
f 744/705/479 870/705/900 872/705/483
f 769/705/479 899/705/901 897/705/481
f 743/705/479 873/705/902 871/705/481
f 772/705/594 898/705/595 900/705/481
f 746/705/479 872/705/903 874/705/481
f 771/705/479 901/705/904 899/705/483
f 745/705/479 875/705/905 873/705/481
f 774/705/479 900/705/906 902/705/483
f 748/705/479 874/705/907 876/705/481
f 773/705/479 903/705/908 901/705/483
f 747/705/909 877/705/910 875/705/481
f 776/705/600 902/705/911 904/705/483
f 750/705/479 876/705/912 878/705/483
f 775/705/573 905/705/913 903/705/481
f 749/705/583 879/705/914 877/705/481
f 778/705/479 904/705/915 906/705/481
f 752/705/579 878/705/916 880/705/481
f 777/705/479 907/705/917 905/705/481
f 751/705/479 881/705/918 879/705/483
f 725/705/919 854/705/920 853/705/483
f 780/705/479 906/705/921 908/705/483
f 754/705/479 880/705/922 882/705/481
f 728/705/573 856/705/923 855/705/481
f 779/705/479 909/705/924 907/705/481
f 753/705/479 883/705/925 881/705/483
f 727/705/583 857/705/926 854/705/481
f 782/705/479 908/705/927 910/705/481
f 756/705/579 882/705/928 884/705/481
f 730/705/479 855/705/929 858/705/483
f 781/705/579 911/705/930 909/705/483
f 755/705/479 885/705/931 883/705/483
f 729/705/479 859/705/627 857/705/483
f 784/705/479 910/705/932 912/705/481
f 758/705/479 884/705/933 886/705/483
f 732/705/479 858/705/934 860/705/481
f 783/705/479 913/705/935 911/705/483
f 757/705/573 887/705/923 885/705/481
f 731/705/479 861/705/892 859/705/483
f 786/705/479 912/705/936 914/705/483
f 760/705/614 886/705/937 888/705/483
f 734/705/575 860/705/890 862/705/483
f 785/705/573 915/705/938 913/705/481
f 759/705/573 889/705/639 887/705/483
f 733/705/600 863/705/896 861/705/483
f 788/705/579 914/705/939 916/705/483
f 762/705/479 888/705/940 890/705/481
f 736/705/479 862/705/941 864/705/483
f 787/705/479 853/705/942 915/705/483
f 761/705/579 891/705/943 889/705/483
f 735/705/583 865/705/590 863/705/481
s 1
f 949/1201/53 965/1202/134 917/1203/513
f 952/1204/944 936/1205/131 919/1206/883
f 853/1207/411 918/1208/945 917/1209/418
f 906/1210/946 972/1211/947 908/1212/948
f 880/1213/949 946/1214/950 882/1215/951
f 856/1216/952 919/1217/953 855/1218/954
f 907/1219/887 973/1220/955 971/1221/956
f 883/1222/957 945/1196/885 881/1223/958
f 854/1224/959 921/1225/960 918/1208/945
f 910/1226/961 972/1227/947 974/1228/962
f 884/1229/963 946/1214/950 948/1230/964
f 858/1231/965 919/1217/953 922/1232/966
f 911/1233/967 973/1220/955 909/1234/968
f 883/1222/957 949/1235/969 947/1236/970
f 857/1237/971 923/1238/972 921/1225/960
f 912/1239/973 974/1228/962 976/1240/974
f 886/1241/969 948/1230/964 950/1242/975
f 860/1243/976 922/1232/966 924/1244/977
f 913/1245/978 975/1246/979 911/1233/967
f 887/1247/980 949/1235/969 885/1248/981
f 861/870/982 923/1238/972 859/1249/983
f 912/1239/973 978/1250/984 914/1251/985
f 886/1241/969 952/1252/986 888/1253/690
f 862/1221/987 924/1244/977 926/1219/988
f 913/1245/978 979/1254/989 977/1255/990
f 887/1247/980 953/1256/991 951/1257/695
f 861/1258/982 927/1259/992 925/957/993
f 916/1260/994 978/1250/984 980/1261/995
f 888/1253/690 954/1262/996 890/1263/997
f 864/1264/998 926/1211/988 928/1265/999
f 853/1207/411 979/1254/989 915/1266/1000
f 889/1267/1001 955/1268/711 953/1256/991
f 863/1269/696 929/1270/1002 927/1259/992
f 856/1216/952 980/1261/995 920/1271/1003
f 892/1272/1004 954/1262/996 956/1273/1005
f 864/1264/998 930/1274/1006 866/1275/1007
f 891/1276/1008 957/963/1009 955/1268/711
f 867/1277/1010 929/1270/1002 865/1278/1011
f 892/1272/1004 958/1279/1009 894/1280/1012
f 868/1281/1013 930/1274/1006 932/1282/1014
f 895/1283/1015 957/855/1009 893/854/1016
f 867/1277/1010 933/1284/1017 931/1285/1018
f 894/1286/1012 960/1287/1019 896/1288/1020
f 870/1289/786 932/1282/1014 934/1290/1021
f 895/1283/1015 961/1291/1022 959/1292/1023
f 869/1293/442 935/1294/1024 933/1284/1017
f 896/1288/1020 962/1295/1025 898/1296/1026
f 870/1289/786 936/1297/1027 872/1298/1028
f 899/1299/1029 961/1291/1022 897/1300/1030
f 871/1301/1031 937/1302/1032 935/1294/1024
f 898/1296/1026 964/1303/1033 900/1304/1034
f 874/1305/739 936/1297/1027 938/1306/1035
f 899/1299/1029 965/1307/1036 963/1308/1037
f 875/1309/1038 937/1302/1032 873/1310/1039
f 900/1304/1034 966/1311/1040 902/1312/1041
f 876/1313/1042 938/1306/1035 940/705/1043
f 901/1314/1044 967/1315/1045 965/1307/1036
f 875/1316/1038 941/1317/1046 939/1318/1047
f 902/1312/1041 968/1319/1048 904/1320/1049
f 876/922/1042 942/1321/1050 878/1322/1051
f 903/1323/1052 969/1199/572 967/1315/1045
f 879/1195/884 941/1317/1046 877/1324/1053
f 906/1210/946 968/1319/1048 970/1325/1054
f 880/1213/949 942/1321/1050 944/1326/1055
f 981/618/1056 984/1327/799 983/1328/799
f 984/1329/1057 987/1330/183 983/984/1058
f 987/981/1059 986/623/1060 985/1331/1060
f 985/1332/130 982/1333/119 981/1334/119
f 984/1335/412 986/629/412 988/1336/412
f 981/633/410 987/989/410 985/634/410
f 989/1337/1061 992/1338/422 990/636/1061
f 995/1339/343 992/1340/183 991/1341/183
f 993/996/1062 996/642/1063 995/1342/1063
f 993/1343/201 990/1344/1064 994/1345/201
f 994/1346/408 992/1347/408 996/1003/408
f 995/1005/406 989/651/406 993/1348/406
f 1064/1349/428 1062/1350/1065 1061/1351/1066
f 1062/1350/1065 1066/1009/1067 1065/1352/966
f 1066/1009/1067 1067/1353/1068 1065/1352/966
f 1068/1011/1069 1069/1354/1070 1067/1353/1068
f 1069/1355/1070 1072/1015/1071 1071/1356/1072
f 1072/1015/1071 1073/1357/1073 1071/1356/1072
f 1073/1357/1073 1076/1358/1074 1075/1359/440
f 1076/1358/1074 1077/1360/1075 1075/1359/440
f 1078/1022/1076 1079/669/1077 1077/1360/1075
f 1079/669/1077 1082/1025/1078 1081/1361/1079
f 1082/1025/1078 1083/1362/1080 1081/1361/1079
f 1083/1363/1080 1086/1364/1081 1085/1365/1082
f 1086/1364/1081 1087/1366/1083 1085/1365/1082
f 1087/1366/1083 1090/1034/1084 1089/1367/1085
f 1090/1034/1084 1091/1368/1086 1089/1367/1085
f 1091/1368/1086 1094/1037/1087 1093/1369/1088
f 1094/1037/1087 1095/1370/695 1093/1369/1088
f 1095/1370/695 1098/1040/701 1097/1371/1089
f 1098/1040/701 1099/1372/1090 1097/1371/1089
f 1100/1042/1091 1101/1373/1092 1099/1372/1090
f 1101/1374/1092 1104/1047/1093 1103/693/1094
f 1103/693/1094 1106/1375/1095 1105/1376/1096
f 1105/1376/1096 1108/1377/1097 1107/695/1098
f 1107/695/1098 1110/1053/1099 1109/1378/1100
f 1110/1053/1099 1111/1379/813 1109/1378/1100
f 1112/1380/1101 1113/700/1102 1111/1379/813
f 1113/700/1102 1116/1381/1103 1115/1382/661
f 1116/1059/1103 1117/1383/1104 1115/1384/661
f 1117/1383/1104 1120/1062/1105 1119/1385/1106
s 0
f 1036/705/479 1162/705/1107 1164/705/483
f 998/705/479 1188/705/1108 1128/705/481
s 1
f 1119/1385/1106 1122/1064/1109 1121/1386/1110
f 1121/1386/1110 1124/1066/1111 1123/1387/1112
f 1123/1387/1112 1064/1349/428 1061/1351/1066
f 999/1388/1113 1061/1389/1114 1062/1390/1115
f 1000/1391/1116 1064/1392/1117 998/1393/1118
f 1001/1394/1119 1062/1390/1115 1065/1395/150
f 1002/1396/1120 1063/1397/559 1000/1391/1116
f 1003/1398/427 1065/1395/150 1067/1399/1121
f 1004/1400/167 1066/1401/352 1002/1396/1120
f 1005/1402/868 1067/1399/1121 1069/1403/394
f 1006/1404/1122 1068/1405/827 1004/1400/167
f 1007/1406/1123 1069/1403/394 1071/1407/530
f 1008/1408/171 1070/1409/1124 1006/1404/1122
f 1009/1410/353 1071/1407/530 1073/1411/1125
f 1010/1412/524 1072/1413/144 1008/1408/171
f 1011/1414/186 1073/1411/1125 1075/1100/150
f 1012/1415/1126 1074/1416/1127 1010/1412/524
f 1011/1414/186 1077/1417/205 1013/1418/186
f 1012/1415/1126 1078/1419/1128 1076/1420/1129
f 1013/1418/186 1079/1421/400 1015/1422/1130
f 1014/1423/1131 1080/1424/311 1078/1419/1128
f 1015/1422/1130 1081/1425/865 1017/1426/1132
f 1016/1427/161 1082/1428/311 1080/1424/311
f 1017/1426/1132 1083/1429/134 1019/1430/876
f 1018/1431/1133 1084/1432/157 1082/1428/311
f 1019/1430/876 1085/1433/306 1021/1434/141
f 1020/1435/850 1086/1436/836 1084/1432/157
f 1021/1434/141 1087/1437/321 1023/1438/1134
f 1022/1439/1131 1088/1440/120 1086/1436/836
f 1023/1438/1134 1089/1441/141 1025/1442/861
f 1024/1443/120 1090/1444/1135 1088/1440/120
f 1025/1442/861 1091/1445/4 1027/1446/1136
f 1026/1447/305 1092/1448/866 1090/1444/1135
f 1029/1449/1137 1091/1445/4 1093/1450/1138
f 1030/1451/1139 1092/1448/866 1028/1452/1140
f 1031/1453/1141 1093/1450/1138 1095/1454/532
f 1032/1455/1133 1094/1456/858 1030/1451/1139
f 1033/1457/1142 1095/1454/532 1097/1458/518
f 1034/1459/1143 1096/1460/1144 1032/1455/1133
f 1035/1461/1145 1097/1458/518 1099/1462/147
f 1036/1463/877 1098/1464/175 1034/1459/1143
f 1037/1465/530 1099/1462/147 1101/1466/201
f 1038/1467/359 1100/1468/1146 1036/1463/877
f 1039/1469/489 1101/1466/201 1103/1470/1147
f 1040/1471/148 1102/1472/510 1038/1467/359
f 1041/1473/1148 1103/1470/1147 1105/1474/516
f 1042/1475/873 1104/1476/1149 1040/1471/148
f 1043/1477/1150 1105/1474/516 1107/1478/862
f 1044/1479/507 1106/1480/1127 1042/1475/873
f 1043/1477/1150 1109/1481/1151 1045/1482/1152
f 1044/1479/507 1110/1483/117 1108/1158/490
f 1045/1482/1152 1111/1484/1134 1047/1485/1153
f 1046/1486/135 1112/1487/356 1110/1483/117
f 1047/1485/1153 1113/1488/538 1049/1489/1154
f 1048/1490/527 1114/1491/1155 1112/1487/356
f 1049/1489/1154 1115/1492/540 1051/1493/838
f 1050/1494/1156 1116/1495/196 1114/1491/1155
f 1051/1493/838 1117/1496/1157 1053/1497/1158
f 1052/1498/1159 1118/1499/867 1116/1495/196
f 1053/1497/1158 1119/1500/530 1055/1501/1160
f 1054/1502/527 1120/1503/883 1118/1499/867
f 1055/1501/1160 1121/1504/509 1057/1505/1161
f 1056/1506/1162 1122/1507/833 1120/1503/883
f 1057/1505/1161 1123/1508/178 1059/1509/1163
f 1058/1510/393 1124/1511/1164 1122/1507/833
f 997/1512/1165 1123/1508/178 1061/1389/1114
f 998/1393/1118 1124/1511/1164 1060/1513/1133
f 1151/1514/1166 1217/1515/1084 1215/1516/1167
f 1179/934/1168 1241/1517/1169 1177/1518/1170
s 0
f 1010/705/573 1136/705/1171 1138/705/483
f 1035/705/579 1165/705/1172 1163/705/481
f 1009/705/577 1139/705/578 1137/705/481
f 1038/705/1173 1164/705/1174 1166/705/483
f 1012/705/579 1138/705/1175 1140/705/481
f 1037/705/479 1167/705/582 1165/705/481
f 1011/705/479 1141/705/1176 1139/705/481
f 1040/705/479 1166/705/1177 1168/705/481
f 1014/705/573 1140/705/1178 1142/705/481
f 1039/705/586 1169/705/1179 1167/705/481
f 1013/705/479 1143/705/1180 1141/705/483
f 1042/705/479 1168/705/1181 1170/705/481
f 1016/705/579 1142/705/1182 1144/705/483
f 1041/705/579 1171/705/1183 1169/705/481
f 1015/705/479 1145/705/1184 1143/705/483
f 1044/705/479 1170/705/1185 1172/705/483
f 1018/705/573 1144/705/1186 1146/705/481
f 1043/705/573 1173/705/1187 1171/705/481
f 1017/705/598 1147/705/1188 1145/705/483
f 1046/705/598 1172/705/895 1174/705/483
f 1020/705/573 1146/705/1189 1148/705/483
f 1045/705/479 1175/705/1190 1173/705/481
f 1019/705/479 1149/705/1191 1147/705/483
f 1048/705/600 1174/705/1192 1176/705/483
f 1022/705/579 1148/705/1193 1150/705/481
f 1047/705/479 1177/705/1194 1175/705/483
f 1021/705/577 1151/705/628 1149/705/481
f 1050/705/583 1176/705/1195 1178/705/481
f 1024/705/579 1150/705/1196 1152/705/481
f 1049/705/573 1179/705/1197 1177/705/481
f 1023/705/479 1153/705/936 1151/705/483
f 997/705/614 1126/705/920 1125/705/483
f 1052/705/598 1178/705/1188 1180/705/483
f 1026/705/479 1152/705/1198 1154/705/483
f 1000/705/573 1128/705/618 1127/705/481
f 1051/705/479 1181/705/1199 1179/705/483
f 1025/705/579 1155/705/939 1153/705/483
f 999/705/600 1129/705/1200 1126/705/481
f 1054/705/583 1180/705/1201 1182/705/481
f 1028/705/573 1154/705/1202 1156/705/483
f 1002/705/573 1127/705/1203 1130/705/483
f 1053/705/579 1183/705/1204 1181/705/483
f 1027/705/479 1157/705/1205 1155/705/483
f 1001/705/600 1131/705/821 1129/705/483
f 1056/705/479 1182/705/1206 1184/705/481
f 1030/705/479 1156/705/1207 1158/705/483
f 1004/705/579 1130/705/1208 1132/705/481
f 1055/705/579 1185/705/1209 1183/705/483
f 1029/705/573 1159/705/923 1157/705/481
f 1003/705/1210 1133/705/1211 1131/705/483
f 1058/705/575 1184/705/634 1186/705/483
f 1032/705/614 1158/705/920 1160/705/483
f 1006/705/479 1132/705/1212 1134/705/481
f 1057/705/575 1187/705/1213 1185/705/483
f 1031/705/573 1161/705/1214 1159/705/481
f 1005/705/583 1135/705/1215 1133/705/481
f 1060/705/479 1186/705/1216 1188/705/481
f 1034/705/583 1160/705/642 1162/705/481
f 1008/705/479 1134/705/1217 1136/705/483
f 1059/705/479 1125/705/1218 1187/705/483
f 1033/705/579 1163/705/1219 1161/705/481
f 1007/705/583 1137/705/646 1135/705/481
s 1
f 1221/1519/1125 1237/1520/1220 1189/1521/1221
f 1224/1522/1222 1208/1523/120 1191/1524/304
f 1126/1525/1223 1189/1526/418 1125/1527/1224
f 1178/1528/1225 1244/1529/1226 1180/1530/1227
f 1154/1531/1228 1216/1532/1229 1218/1533/1230
f 1128/1534/1231 1191/1535/1232 1127/1536/1233
f 1179/1537/1168 1245/1538/1234 1243/1539/1235
f 1155/1540/1236 1217/1515/1084 1153/1541/1237
f 1126/1525/1223 1193/1542/664 1190/1543/1238
f 1180/1544/1227 1246/1545/1239 1182/1546/1239
f 1154/1531/1228 1220/1547/1240 1156/1548/453
f 1130/1549/1241 1191/1535/1232 1194/1550/1242
f 1183/1551/1243 1245/1538/1234 1181/1552/1244
f 1157/1553/678 1219/1554/1245 1155/1540/1236
f 1131/1555/983 1193/1542/664 1129/1556/1246
f 1184/1557/1247 1246/1545/1239 1248/1558/1248
f 1158/1559/1249 1220/1547/1240 1222/1560/1250
f 1132/1561/1251 1194/1550/1242 1196/1562/1252
f 1183/1551/1243 1249/1563/984 1247/1564/1247
f 1159/1565/1253 1221/1566/1254 1157/1553/678
f 1131/1555/983 1197/1544/1255 1195/1567/1256
f 1184/1557/1247 1250/1568/1257 1186/1569/1258
f 1158/1559/1249 1224/1570/1253 1160/1571/1259
f 1134/1572/1260 1196/1562/1252 1198/1227/1261
f 1187/1573/1262 1249/1563/984 1185/1574/1263
f 1161/1575/1264 1223/1576/1265 1159/1565/1253
f 1133/1577/1266 1199/1578/1267 1197/1579/1255
f 1188/1580/1268 1250/1568/1257 1252/1581/1269
f 1160/1571/1259 1226/1582/1270 1162/1583/1271
f 1134/1530/1260 1200/1584/702 1136/1585/1272
f 1187/1573/1262 1189/1526/418 1251/1586/1273
f 1161/1575/1264 1227/1587/460 1225/1588/1274
f 1135/1589/1275 1201/1590/1011 1199/1578/1267
f 1188/1580/1268 1192/1591/1276 1128/1534/1231
f 1162/1583/1271 1228/1592/1277 1164/1593/1278
f 1138/1594/1279 1200/1584/702 1202/1595/1280
f 1165/1596/1281 1227/1587/460 1163/1597/1282
f 1139/1598/1283 1201/1590/1011 1137/1599/1284
f 1164/1593/1278 1230/1316/1285 1166/1318/1286
f 1138/1594/1279 1204/1600/1287 1140/1601/1288
f 1167/1602/1289 1229/1603/1290 1165/1604/1281
f 1141/1605/1291 1203/1606/1292 1139/1598/1283
f 1168/1607/1094 1230/1608/1285 1232/1609/725
f 1140/1601/1288 1206/1610/786 1142/1611/1293
f 1167/1602/1289 1233/1612/1096 1231/1613/725
f 1141/1605/1291 1207/1614/1027 1205/1615/1294
f 1168/1607/1094 1234/1616/1295 1170/1617/1296
f 1144/1618/1297 1206/1610/786 1208/1619/1298
f 1171/1620/1299 1233/1612/1096 1169/1621/1300
f 1145/1622/1301 1207/1614/1027 1143/1623/731
f 1172/1624/1302 1234/1616/1295 1236/1625/1303
f 1144/1618/1297 1210/1626/1304 1146/1627/1305
f 1171/1620/1299 1237/1628/1306 1235/1629/1307
f 1147/1608/1308 1209/1630/1309 1145/1622/1301
f 1172/1624/1302 1238/1631/1310 1174/1632/1311
f 1148/1603/1312 1210/1626/1304 1212/1604/1313
f 1173/1633/1314 1239/1634/472 1237/1628/1306
f 1149/1635/1315 1211/1280/1316 1147/1279/1308
f 1174/1632/1311 1240/1636/1317 1176/1637/1318
f 1148/1638/1312 1214/1639/1319 1150/1640/792
f 1177/1518/1170 1239/1634/472 1175/1641/1320
f 1151/1514/1166 1213/1642/792 1149/1635/1315
f 1178/1528/1225 1240/1636/1317 1242/1643/1321
f 1150/1640/792 1216/1532/1229 1152/1644/1322
f 14/1/1 19/21/16 8/2/2
f 28/37/4 29/1645/1323 31/1646/201
f 31/1646/201 32/1647/387 33/4/4
f 33/4/4 34/1648/4 30/1649/4
f 30/1649/4 41/1650/1324 43/5/4
f 43/5/4 44/1651/1325 45/1652/150
f 45/1652/150 46/1653/205 42/6/4
f 42/6/4 26/1654/4 28/37/4
f 28/37/4 31/1646/201 33/4/4
f 33/4/4 30/1649/4 43/5/4
f 43/5/4 45/1652/150 42/6/4
f 42/6/4 28/37/4 33/4/4
f 48/1655/6 35/1656/1326 37/1657/320
f 37/1657/320 38/1658/138 39/7/5
f 39/7/5 40/1659/1222 36/1660/5
f 36/1660/5 25/35/6 27/8/6
f 27/8/6 47/1661/117 49/1662/5
f 49/1662/5 50/1663/490 51/9/7
f 51/9/7 52/1664/844 48/1655/6
f 48/1655/6 37/1657/320 39/7/5
f 39/7/5 36/1660/5 27/8/6
f 27/8/6 49/1662/5 51/9/7
f 51/9/7 48/1655/6 39/7/5
f 2/10/8 7/1665/1327 54/11/9
f 1/3/3 8/2/2 12/13/10
f 12/13/10 11/359/12 4/15/12
f 4/16/12 11/1666/12 10/17/13
f 5/18/14 10/17/13 9/19/15
f 9/19/15 7/1665/1327 2/10/8
f 19/21/16 14/1/1 18/22/17
f 21/23/18 18/22/17 17/24/19
f 22/25/20 17/24/19 16/26/21
f 23/28/21 16/1667/21 15/29/22
f 15/29/22 13/67/49 20/31/23
f 27/32/24 26/44/33 42/33/25
f 25/35/6 54/1668/1328 53/36/26
f 28/37/4 26/1654/4 55/38/27
f 30/40/29 35/46/35 48/41/30
f 27/32/24 53/66/32 55/43/32
f 30/40/29 34/47/34 37/45/34
f 34/47/34 33/49/37 38/48/36
f 33/49/37 32/334/1329 39/50/38
f 39/51/38 32/1669/1329 31/52/39
f 31/52/39 29/64/41 36/54/41
f 47/34/25 42/33/25 46/55/42
f 46/55/42 45/58/45 50/57/44
f 45/58/45 44/1670/1330 51/59/46
f 51/60/46 44/1671/1330 43/61/47
f 52/62/47 43/61/47 41/42/31
f 25/63/48 36/54/41 29/64/41
f 53/66/32 20/31/23 13/67/49
f 20/1672/1331 53/36/26 54/1668/1328
f 54/1668/1328 7/1673/1332 9/68/50
f 9/68/50 10/1674/883 11/1675/6
f 11/1675/6 12/1676/183 8/69/51
f 8/69/51 19/1677/1333 21/1678/1334
f 21/1678/1334 22/1679/1335 23/70/5
f 23/70/5 24/1680/372 20/1672/1331
f 20/1672/1331 54/1668/1328 9/68/50
f 9/68/50 11/1675/6 8/69/51
f 8/69/51 21/1678/1334 23/70/5
f 23/70/5 20/1672/1331 9/68/50
f 2/1681/1336 56/39/28 55/38/27
f 55/38/27 13/1682/1337 15/71/52
f 15/71/52 16/1683/1338 17/1684/331
f 17/1684/331 18/1685/1339 14/72/53
f 14/72/53 1/69/1340 3/1686/53
f 3/1686/53 4/1687/862 5/73/4
f 5/73/4 6/1688/153 2/1681/1336
f 2/1681/1336 55/38/27 15/71/52
f 15/71/52 17/1684/331 14/72/53
f 14/72/53 3/1686/53 5/73/4
f 5/73/4 2/1681/1336 15/71/52
f 56/12/9 54/11/9 25/63/48
f 70/74/54 57/86/60 64/75/55
f 87/1689/4 85/1690/4 84/111/4
f 84/111/4 82/113/4 98/77/4
f 98/77/4 102/1691/1341 101/1692/195
f 101/1692/195 100/1693/166 99/78/4
f 99/78/4 97/1694/533 86/1695/53
f 86/1695/53 90/1696/205 89/79/4
f 89/79/4 88/1697/205 87/1689/4
f 87/1689/4 84/111/4 98/77/4
f 98/77/4 101/1692/195 99/78/4
f 99/78/4 86/1695/53 89/79/4
f 89/79/4 87/1689/4 98/77/4
f 93/1698/5 91/1699/1342 104/1694/1343
f 104/1694/1343 108/1700/842 107/80/5
f 107/80/5 106/1701/1129 105/1702/5
f 105/1702/5 103/1703/877 83/81/5
f 83/81/5 81/110/5 92/1704/7
f 92/1704/7 96/1705/883 95/82/5
f 95/82/5 94/1706/148 93/1698/5
f 93/1698/5 104/1694/1343 107/80/5
f 107/80/5 105/1702/5 83/81/5
f 83/81/5 92/1704/7 95/82/5
f 95/82/5 93/1698/5 107/80/5
f 112/83/57 110/147/57 63/84/58
f 57/86/60 59/374/61 68/87/61
f 60/88/62 67/92/64 68/89/61
f 61/91/63 66/94/66 67/92/64
f 61/91/63 62/95/67 65/93/65
f 58/85/59 63/84/58 65/93/65
f 77/96/68 74/98/70 70/74/54
f 77/96/68 78/99/71 73/97/69
f 78/99/71 79/101/73 72/100/72
f 79/101/73 80/1707/76 71/102/74
f 76/103/75 69/1708/1344 71/104/74
f 103/106/77 98/129/77 82/107/78
f 109/109/80 110/1709/1345 81/110/5
f 84/111/4 112/1710/1346 111/112/81
f 97/114/82 104/1711/1347 91/115/83
f 82/107/78 111/140/85 109/117/85
f 91/115/83 93/119/87 90/118/86
f 93/119/87 94/122/90 89/120/88
f 95/121/89 88/124/89 89/120/88
f 96/123/91 87/1712/91 88/124/89
f 96/125/91 92/1713/1348 85/126/92
f 105/128/93 102/131/95 98/129/77
f 105/128/93 106/132/96 101/130/94
f 106/132/96 107/135/99 100/133/97
f 108/134/98 99/1714/98 100/133/97
f 108/136/98 104/1711/1347 97/114/82
f 85/126/92 92/1713/1348 81/138/100
f 111/140/85 69/1708/1344 76/103/75
f 110/1709/1345 109/109/80 76/1715/1349
f 76/1715/1349 80/1716/534 79/141/102
f 79/141/102 78/1717/836 77/1718/1334
f 77/1718/1334 75/1719/1350 64/142/5
f 64/142/5 68/1720/1351 67/1721/120
f 67/1721/120 66/1722/1352 65/143/103
f 65/143/103 63/1723/1353 110/1709/1345
f 110/1709/1345 76/1715/1349 79/141/102
f 79/141/102 77/1718/1334 64/142/5
f 64/142/5 67/1721/120 65/143/103
f 65/143/103 110/1709/1345 79/141/102
f 111/112/81 112/1710/1346 58/1724/1354
f 58/1724/1354 62/1725/1355 61/144/104
f 61/144/104 60/1726/540 59/1727/324
f 59/1727/324 57/1728/1356 70/145/4
f 70/145/4 74/1729/1357 73/1730/210
f 73/1730/210 72/1731/1358 71/146/105
f 71/146/105 69/1732/1359 111/112/81
f 111/112/81 58/1724/1354 61/144/104
f 61/144/104 59/1727/324 70/145/4
f 70/145/4 73/1730/210 71/146/105
f 71/146/105 111/112/81 61/144/104
f 84/139/101 81/138/100 110/147/57
f 116/154/110 118/1733/1360 117/155/111
f 117/155/111 118/1733/1360 120/159/114
f 120/159/114 122/1734/1361 121/163/118
f 121/163/118 122/1734/1361 124/166/121
f 124/166/121 126/173/128 125/170/125
f 126/173/128 128/1735/1362 127/174/129
f 127/174/129 128/1735/1362 130/177/132
f 130/181/132 132/186/139 131/182/136
f 132/186/139 134/190/142 133/187/140
f 134/190/142 136/1736/1363 135/191/143
f 135/191/143 136/1736/1363 138/194/145
f 138/194/145 140/201/151 139/198/149
f 140/201/151 142/205/155 141/202/152
f 142/205/155 144/1737/158 143/206/156
f 144/209/158 146/1738/1364 145/210/159
f 145/210/159 146/1738/1364 148/214/162
f 147/215/163 148/214/162 150/218/164
f 149/219/165 150/218/164 152/222/168
f 151/223/169 152/222/168 154/226/172
f 153/227/173 154/226/172 156/230/176
f 156/230/176 158/1739/1365 157/234/179
f 157/234/179 158/1739/1365 160/237/181
f 159/238/182 160/237/181 162/241/184
f 162/245/184 164/1740/1366 163/246/187
f 163/246/187 164/1740/1366 166/250/189
f 165/251/190 166/250/189 168/254/193
f 167/255/194 168/254/193 170/258/197
f 170/258/197 172/1741/1367 171/262/200
f 171/262/200 172/1741/1367 174/265/202
f 174/265/202 176/512/206 175/269/204
f 176/272/206 178/1742/1368 177/273/207
f 177/273/207 178/1742/1368 116/154/110
f 192/275/208 179/287/214 186/276/209
f 209/1743/144 207/1744/317 206/311/5
f 206/311/5 204/313/5 220/278/144
f 220/278/144 224/1745/124 223/1746/171
f 223/1746/171 222/1747/514 221/279/51
f 221/279/51 219/1748/852 208/1749/507
f 208/1749/507 212/1750/304 211/280/5
f 211/280/5 210/1751/541 209/1743/144
f 209/1743/144 206/311/5 220/278/144
f 220/278/144 223/1746/171 221/279/51
f 221/279/51 208/1749/507 211/280/5
f 211/280/5 209/1743/144 220/278/144
f 215/1752/4 213/1753/1369 226/1655/53
f 226/1655/53 230/1754/178 229/281/4
f 229/281/4 228/1755/178 227/1756/324
f 227/1756/324 225/1757/306 205/282/210
f 205/282/210 203/310/4 214/1758/53
f 214/1758/53 218/1759/1370 217/283/147
f 217/283/147 216/1760/1371 215/1752/4
f 215/1752/4 226/1655/53 229/281/4
f 229/281/4 227/1756/324 205/282/210
f 205/282/210 214/1758/53 217/283/147
f 217/283/147 215/1752/4 229/281/4
f 180/284/211 234/346/212 232/285/212
f 179/287/214 181/289/216 190/288/215
f 181/289/216 182/27/12 189/26/217
f 183/290/218 188/294/220 189/291/217
f 183/290/218 184/295/221 187/293/219
f 184/295/221 180/284/211 185/286/213
f 197/277/208 199/297/222 196/296/222
f 199/297/222 200/299/224 195/298/223
f 200/299/224 201/1761/227 194/300/225
f 202/301/226 193/305/226 194/302/225
f 198/304/228 191/338/251 193/305/226
f 220/306/229 204/318/33 205/307/230
f 231/309/232 232/1762/1372 203/310/4
f 206/311/5 234/1763/1373 233/312/233
f 219/314/234 226/1764/1374 213/315/235
f 233/317/237 231/339/237 205/307/230
f 215/319/238 212/321/239 208/316/236
f 215/319/238 216/322/240 211/320/36
f 216/322/240 217/1712/241 210/123/241
f 218/323/242 209/327/243 210/324/241
f 218/323/242 214/1765/1375 207/326/41
f 227/328/244 224/330/244 220/306/229
f 227/328/244 228/331/246 223/329/245
f 228/331/246 229/1766/247 222/332/247
f 230/333/248 221/335/248 222/50/247
f 230/333/248 226/1764/1374 219/314/234
f 207/326/41 214/1765/1375 203/336/249
f 191/338/251 198/304/228 231/339/237
f 232/1762/1372 231/309/232 198/1767/1376
f 198/1767/1376 202/1768/551 201/340/252
f 201/340/252 200/1769/147 199/1770/4
f 199/1770/4 197/1771/1377 186/341/253
f 186/341/253 190/1772/210 189/1773/141
f 189/1773/141 188/1774/1378 187/342/254
f 187/342/254 185/1775/1379 232/1762/1372
f 232/1762/1372 198/1767/1376 201/340/252
f 201/340/252 199/1770/4 186/341/253
f 186/341/253 189/1773/141 187/342/254
f 187/342/254 232/1762/1372 201/340/252
f 233/312/233 234/1763/1373 180/1776/1380
f 180/1776/1380 184/1777/511 183/343/255
f 183/343/255 182/1778/305 181/1779/320
f 181/1779/320 179/1780/1128 192/344/256
f 192/344/256 196/1781/850 195/1782/320
f 195/1782/320 194/1783/1381 193/345/257
f 193/345/257 191/1784/1382 233/312/233
f 233/312/233 180/1776/1380 183/343/255
f 183/343/255 181/1779/320 192/344/256
f 192/344/256 195/1782/320 193/345/257
f 193/345/257 233/312/233 183/343/255
f 206/337/250 203/336/249 232/285/212
f 248/347/258 253/367/258 242/348/259
f 262/383/5 263/1785/171 265/1786/7
f 265/1786/7 266/1787/144 267/350/5
f 267/350/5 268/1788/148 264/1789/356
f 264/1789/356 275/1790/1383 277/351/183
f 277/351/183 278/1791/510 279/1792/120
f 279/1792/120 280/1793/120 276/352/183
f 276/352/183 260/1794/144 262/383/5
f 262/383/5 265/1786/7 267/350/5
f 267/350/5 264/1789/356 277/351/183
f 277/351/183 279/1792/120 276/352/183
f 276/352/183 262/383/5 267/350/5
f 282/1795/4 269/1796/1384 271/1797/865
f 271/1797/865 272/1798/1385 273/353/210
f 273/353/210 274/1799/384 270/1800/4
f 270/1800/4 259/381/53 261/354/53
f 261/354/53 281/1801/150 283/1802/53
f 283/1802/53 284/1803/201 285/355/4
f 285/355/4 286/1804/1386 282/1795/4
f 282/1795/4 271/1797/865 273/353/210
f 273/353/210 270/1800/4 261/354/53
f 261/354/53 283/1802/53 285/355/4
f 285/355/4 282/1795/4 273/353/210
f 241/356/261 288/416/262 290/357/262
f 235/349/260 242/348/259 246/15/264
f 237/360/265 246/1805/264 245/361/266
f 238/362/267 245/361/266 244/363/268
f 239/364/269 244/363/268 243/365/270
f 240/366/271 243/365/270 241/356/261
f 253/367/258 248/347/258 252/368/70
f 255/369/272 252/368/70 251/370/273
f 256/371/274 251/370/273 250/372/275
f 250/372/275 249/87/278 258/374/277
f 249/375/278 247/409/301 254/376/279
f 281/378/77 261/389/286 260/379/280
f 259/381/53 288/1806/1387 287/382/281
f 262/383/5 260/1794/144 289/384/282
f 269/386/284 282/406/299 275/387/285
f 261/389/286 287/1807/287 289/390/287
f 269/386/284 264/388/284 268/391/288
f 268/391/288 267/1808/290 272/393/290
f 272/393/290 267/1808/290 266/394/89
f 266/394/89 265/136/292 274/137/292
f 274/396/292 265/1809/292 263/397/92
f 276/380/77 280/1810/1388 283/399/293
f 283/399/293 280/1810/1388 279/400/294
f 279/400/294 278/403/297 285/402/296
f 278/403/297 277/1811/98 286/404/298
f 286/405/298 277/209/98 275/387/285
f 259/407/300 270/398/92 263/397/92
f 289/390/287 287/1807/287 254/376/279
f 254/1812/1389 287/382/281 288/1806/1387
f 288/1806/1387 241/1813/1390 243/410/302
f 243/410/302 244/1814/489 245/1815/1161
f 245/1815/1161 246/1816/540 242/411/195
f 242/411/195 253/1817/1391 255/1818/1392
f 255/1818/1392 256/1819/186 257/412/205
f 257/412/205 258/1820/1393 254/1812/1389
f 254/1812/1389 288/1806/1387 243/410/302
f 243/410/302 245/1815/1161 242/411/195
f 242/411/195 255/1818/1392 257/412/205
f 257/412/205 254/1812/1389 243/410/302
f 236/1821/1394 290/385/283 289/384/282
f 289/384/282 247/1822/1395 249/413/303
f 249/413/303 250/1823/1396 251/1824/148
f 251/1824/148 252/1825/5 248/414/7
f 248/414/7 235/411/1397 237/1826/304
f 237/1826/304 238/1827/372 239/415/304
f 239/415/304 240/1828/1398 236/1821/1394
f 236/1821/1394 289/384/282 249/413/303
f 249/413/303 251/1824/148 248/414/7
f 248/414/7 237/1826/304 239/415/304
f 239/415/304 236/1821/1394 249/413/303
f 288/416/262 259/407/300 262/408/100
f 295/155/308 296/427/313 294/423/309
f 295/155/308 297/160/315 298/426/312
f 297/160/315 299/163/319 300/430/316
f 301/167/318 302/436/323 300/430/316
f 301/167/318 303/170/325 304/435/322
f 303/170/325 305/174/329 306/439/326
f 305/174/329 307/1829/333 308/442/330
f 309/182/332 310/448/336 308/269/330
f 311/447/335 312/452/339 310/448/336
f 311/447/335 313/191/342 314/451/338
f 315/195/341 316/457/346 314/451/338
f 317/198/345 318/460/349 316/457/346
f 319/202/348 320/463/351 318/460/349
f 319/202/348 321/206/354 322/247/350
f 321/211/354 323/210/358 324/466/355
f 325/215/357 326/473/362 324/466/355
f 325/215/357 327/219/364 328/472/361
f 327/219/364 329/223/368 330/476/365
f 331/227/367 332/482/371 330/476/365
f 331/227/367 333/231/374 334/481/370
f 335/234/373 336/487/377 334/481/370
f 337/238/376 338/490/381 336/487/377
f 339/242/380 340/1830/383 338/490/381
f 341/493/382 342/496/385 340/245/383
f 341/493/382 343/499/389 344/250/190
f 345/498/388 346/254/392 344/250/190
f 345/498/388 347/505/396 348/258/391
f 349/504/395 350/509/398 348/258/391
f 351/508/397 352/265/402 350/509/398
f 351/508/397 353/1831/404 354/512/401
f 355/273/403 356/516/405 354/515/401
f 355/273/403 293/156/310 294/423/309
f 374/517/406 376/1832/406 375/518/406
f 375/520/407 376/1833/407 380/521/407
f 379/523/408 380/571/408 378/524/408
f 377/526/409 378/1834/409 374/527/409
f 375/529/5 379/534/5 377/530/5
f 376/532/4 374/1835/4 378/533/4
f 382/535/4 384/538/4 383/536/4
f 384/538/407 388/1836/407 387/539/407
f 387/541/5 388/1837/5 386/542/5
f 385/544/409 386/557/409 382/545/409
f 387/547/406 385/1838/406 381/548/406
f 390/541/4 392/1839/4 391/550/4
f 391/539/407 392/1840/407 396/552/407
f 395/535/5 396/537/5 394/554/5
f 393/556/409 394/1841/409 390/557/409
f 395/549/406 393/548/406 389/558/406
f 397/560/406 398/1842/406 400/561/406
f 400/563/407 404/568/407 403/564/407
f 404/566/408 402/1843/408 401/567/408
f 402/568/409 398/1844/409 397/569/409
f 405/569/410 406/1832/410 408/571/410
f 408/521/411 412/1845/411 411/526/411
f 412/572/412 410/564/412 409/573/412
f 410/575/413 406/1846/413 405/576/413
f 407/578/4 411/1847/4 409/579/4
f 408/581/5 406/580/5 410/582/5
f 414/542/5 416/1848/5 415/584/5
f 416/585/411 420/1849/411 419/586/411
f 419/588/4 420/1850/4 418/589/4
f 417/590/413 418/599/413 414/591/413
f 415/593/410 419/606/410 417/594/410
f 422/595/5 424/1851/5 423/589/5
f 424/597/411 428/585/411 427/598/411
f 427/600/4 428/1852/4 426/601/4
f 426/591/413 422/1853/413 421/603/413
f 427/605/410 425/1854/410 421/594/410
f 429/607/410 430/1855/410 432/608/410
f 432/610/411 436/1856/411 435/611/411
f 436/613/412 434/571/412 433/607/412
f 433/522/413 434/1856/413 430/615/413
f 438/617/414 440/1857/415 439/618/415
f 440/620/144 444/1858/416 443/621/416
f 444/623/418 442/1338/419 441/624/419
f 441/626/141 442/1858/141 438/627/126
f 444/629/412 440/1859/412 438/630/412
f 441/632/420 437/1860/420 439/633/420
f 445/635/421 447/1337/422 448/636/422
f 451/638/167 452/1861/171 448/639/320
f 451/641/424 449/1862/1399 450/642/425
f 449/644/166 445/640/427 446/645/427
f 450/647/408 446/1863/408 448/648/408
f 449/650/406 451/1864/406 447/651/406
f 520/653/428 519/1350/1400 518/654/429
f 518/654/429 519/1350/1400 522/656/431
f 522/656/431 524/659/434 523/658/433
f 524/659/434 526/1865/685 525/660/435
f 525/661/435 526/1355/685 528/662/436
f 527/663/437 528/662/436 530/664/438
f 530/664/438 532/667/441 531/666/440
f 532/667/441 534/1360/1401 533/668/442
f 533/668/442 534/1360/1401 536/669/443
f 536/669/443 538/1361/1402 537/671/445
f 537/671/445 538/1361/1402 540/672/446
f 540/674/446 542/677/449 541/675/448
f 542/677/449 544/1866/1403 543/678/450
f 543/678/450 544/1866/1403 546/679/451
f 545/680/452 546/679/451 548/681/453
f 548/681/453 550/1867/1404 549/683/455
f 549/683/455 550/1867/1404 552/684/456
f 551/685/457 552/684/456 554/686/458
f 553/687/459 554/686/458 556/688/460
f 555/689/461 556/688/460 558/690/462
f 557/692/463 558/1868/462 560/693/464
f 560/693/464 562/1376/1025 561/694/466
f 561/694/466 562/1376/1025 564/695/467
f 563/696/468 564/695/467 566/697/469
f 565/698/470 566/697/469 568/699/471
f 567/665/472 568/699/471 570/700/473
f 570/700/473 572/1382/1405 571/661/475
f 571/701/475 572/1384/1405 574/702/476
f 574/702/476 576/1869/1406 575/704/478
s 0
f 492/705/1407 490/705/481 618/705/579
f 454/705/1408 516/705/483 644/705/479
s 1
f 575/704/478 576/1869/1406 578/706/484
f 577/707/485 578/706/484 580/708/486
f 580/708/486 520/653/428 517/655/430
f 455/710/324 453/836/566 517/711/488
f 456/713/490 519/719/494 520/714/491
f 457/716/394 455/710/324 518/712/489
f 458/718/493 522/723/157 519/719/494
f 459/720/195 457/716/394 521/717/141
f 460/722/496 524/727/256 522/723/157
f 461/724/497 459/720/195 523/721/495
f 462/726/499 526/731/501 524/727/256
f 463/728/186 461/724/497 525/725/498
f 464/730/500 528/735/505 526/731/501
f 465/732/502 463/728/186 527/729/126
f 466/734/504 530/739/508 528/735/505
f 467/736/106 465/732/502 529/733/503
f 468/738/507 532/743/511 530/739/508
f 467/736/106 531/737/506 533/740/509
f 468/738/507 470/746/514 534/742/510
f 469/741/427 533/740/509 535/744/512
f 470/746/514 472/750/148 536/747/515
f 471/745/513 535/744/512 537/748/516
f 472/750/148 474/754/520 538/751/416
f 473/749/517 537/748/516 539/752/518
f 474/754/520 476/758/523 540/755/521
f 475/753/519 539/752/518 541/756/141
f 476/758/523 478/762/526 542/759/524
f 477/757/522 541/756/141 543/760/106
f 478/762/526 480/766/127 544/763/527
f 479/761/525 543/760/106 545/764/519
f 480/766/127 482/770/127 546/767/529
f 481/765/528 545/764/519 547/768/53
f 482/770/127 484/775/6 548/771/138
f 485/772/531 483/769/530 547/768/53
f 486/774/144 550/779/534 548/771/138
f 487/776/533 485/772/531 549/773/532
f 488/778/183 552/783/496 550/779/534
f 489/780/126 487/776/533 551/777/321
f 490/782/183 554/787/537 552/783/496
f 491/784/536 489/780/126 553/781/535
f 492/786/520 556/791/131 554/787/537
f 493/788/538 491/784/536 555/785/400
f 494/790/539 558/795/541 556/791/131
f 495/792/540 493/788/538 557/789/363
f 496/794/524 560/799/543 558/795/541
f 497/796/530 495/792/540 559/793/324
f 498/798/542 562/803/161 560/799/543
f 499/800/178 497/796/530 561/797/147
f 500/802/320 564/807/547 562/803/161
f 499/800/178 563/801/544 565/804/545
f 500/802/320 502/810/549 566/806/546
f 501/805/394 565/804/545 567/808/210
f 502/810/549 504/814/552 568/811/550
f 503/809/548 567/808/210 569/812/551
f 504/814/552 506/818/120 570/815/356
f 505/813/134 569/812/551 571/816/533
f 506/818/120 508/822/557 572/819/554
f 507/817/553 571/816/533 573/820/555
f 508/822/557 510/826/559 574/823/51
f 509/821/556 573/820/555 575/824/160
f 510/826/559 512/830/157 576/827/560
f 511/825/558 575/824/160 577/828/561
f 512/830/157 514/834/565 578/831/563
f 513/829/562 577/828/561 579/832/199
f 514/834/565 516/837/534 580/835/144
f 453/836/566 515/833/564 579/832/199
f 454/715/492 520/714/491 580/835/144
f 607/838/567 609/866/663 673/839/568
f 633/841/570 635/1870/661 699/842/571
s 0
f 466/705/1409 464/705/481 592/705/583
f 491/705/1410 493/705/483 621/705/579
f 465/705/1411 467/705/481 595/705/579
f 494/705/1412 492/705/483 620/705/575
f 468/705/1413 466/705/483 594/705/579
f 493/705/1414 495/705/483 623/705/479
f 467/705/1415 469/705/483 597/705/573
f 496/705/1416 494/705/481 622/705/479
f 470/705/1417 468/705/483 596/705/909
f 495/705/1418 497/705/481 625/705/1419
f 469/705/1420 471/705/481 599/705/579
f 498/705/1421 496/705/481 624/705/573
f 472/705/1422 470/705/483 598/705/583
f 497/705/1423 499/705/483 627/705/1424
f 471/705/1425 473/705/483 601/705/479
f 500/705/1426 498/705/483 626/705/479
f 474/705/1427 472/705/483 600/705/600
f 499/705/895 501/705/483 629/705/598
f 473/705/1428 475/705/483 603/705/573
f 502/705/1187 500/705/481 628/705/573
f 476/705/1429 474/705/481 602/705/573
f 501/705/1430 503/705/481 631/705/1431
f 475/705/1432 477/705/483 605/705/573
f 504/705/1433 502/705/481 630/705/479
f 478/705/1434 476/705/481 604/705/583
f 503/705/1435 505/705/481 633/705/583
f 477/705/1436 479/705/483 607/705/579
f 506/705/1437 504/705/481 632/705/573
f 480/705/1438 478/705/483 606/705/600
f 505/705/1439 507/705/481 635/705/573
f 479/705/1440 481/705/483 609/705/579
f 453/705/1441 455/705/481 582/705/573
f 508/705/1442 506/705/481 634/705/573
f 482/705/1443 480/705/481 608/705/594
f 456/705/1444 454/705/483 584/705/919
f 507/705/910 509/705/481 637/705/909
f 481/705/1445 483/705/483 611/705/479
f 455/705/624 457/705/483 585/705/614
f 510/705/1446 508/705/483 636/705/479
f 484/705/1447 482/705/481 610/705/479
f 458/705/621 456/705/481 583/705/583
f 509/705/1448 511/705/483 639/705/579
f 483/705/1449 485/705/481 613/705/583
f 457/705/1450 459/705/483 587/705/579
f 512/705/1451 510/705/481 638/705/579
f 486/705/1452 484/705/481 612/705/479
f 460/705/1453 458/705/481 586/705/583
f 511/705/1454 513/705/483 641/705/583
f 485/705/1455 487/705/483 615/705/635
f 459/705/637 461/705/483 589/705/479
f 514/705/1456 512/705/481 640/705/579
f 488/705/1457 486/705/483 614/705/573
f 462/705/633 460/705/483 588/705/479
f 513/705/1458 515/705/483 643/705/479
f 487/705/642 489/705/481 617/705/583
f 461/705/1459 463/705/483 591/705/479
f 516/705/1460 514/705/481 642/705/575
f 490/705/639 488/705/483 616/705/573
f 464/705/1177 462/705/481 590/705/479
f 515/705/1461 453/705/481 581/705/479
f 489/705/1462 491/705/481 619/705/583
f 463/705/1171 465/705/483 593/705/573
s 1
f 645/846/53 646/1871/1463 649/1872/1464
f 649/1872/1464 651/1873/1465 653/1874/153
f 653/1874/153 655/1875/1466 657/1876/1467
f 657/1876/1467 659/1877/1468 661/1878/1469
f 661/1878/1469 663/1879/1470 665/1880/1471
f 665/1880/1471 667/1881/1472 669/1882/826
f 669/1882/826 671/1883/1473 673/1884/1474
f 673/1884/1474 675/1885/1475 677/844/116
f 677/844/116 679/1886/1476 681/1887/1477
f 681/1887/1477 683/1888/1478 685/1889/839
f 685/1889/839 687/1890/1479 689/1891/1480
f 689/1891/1480 691/1892/1481 693/845/647
f 693/845/647 695/1893/1482 697/1894/1483
f 697/1894/1483 699/1895/1484 701/1896/1485
f 701/1896/1485 703/1897/1486 705/1898/1487
f 705/1898/1487 707/1899/1488 645/846/53
f 645/846/53 649/1872/1464 653/1874/153
f 653/1874/153 657/1876/1467 661/1878/1469
f 661/1878/1469 665/1880/1471 669/1882/826
f 669/1882/826 673/1884/1474 677/844/116
f 677/844/116 681/1887/1477 685/1889/839
f 685/1889/839 689/1891/1480 693/845/647
f 693/845/647 697/1894/1483 701/1896/1485
f 701/1896/1485 705/1898/1487 645/846/53
f 645/846/53 653/1874/153 661/1878/1469
f 661/1878/1469 669/1882/826 677/844/116
f 677/844/116 685/1889/839 693/845/647
f 693/845/647 701/1896/1485 645/846/53
f 645/846/53 661/1878/1469 677/844/116
f 647/849/183 648/1900/1489 708/1901/1490
f 708/1901/1490 706/1902/1491 704/1903/154
f 704/1903/154 702/1904/1492 700/1905/1127
f 700/1905/1127 698/1906/1493 696/1907/1494
f 696/1907/1494 694/1908/1495 692/1909/1496
f 692/1909/1496 690/1910/1497 688/1911/337
f 688/1911/337 686/1912/1498 684/1913/1499
f 684/1913/1499 682/1914/1500 680/847/514
f 680/847/514 678/1915/1501 676/1916/1502
f 676/1916/1502 674/1917/1503 672/1918/1504
f 672/1918/1504 670/1919/1505 668/1920/1506
f 668/1920/1506 666/1921/1507 664/848/305
f 664/848/305 662/1922/1508 660/1923/1509
f 660/1923/1509 658/1924/1510 656/1925/1511
f 656/1925/1511 654/1926/1512 652/1927/1513
f 652/1927/1513 650/1928/1514 647/849/183
f 647/849/183 708/1901/1490 704/1903/154
f 704/1903/154 700/1905/1127 696/1907/1494
f 696/1907/1494 692/1909/1496 688/1911/337
f 688/1911/337 684/1913/1499 680/847/514
f 680/847/514 676/1916/1502 672/1918/1504
f 672/1918/1504 668/1920/1506 664/848/305
f 664/848/305 660/1923/1509 656/1925/1511
f 656/1925/1511 652/1927/1513 647/849/183
f 647/849/183 704/1903/154 696/1907/1494
f 696/1907/1494 688/1911/337 680/847/514
f 680/847/514 672/1918/1504 664/848/305
f 664/848/305 656/1925/1511 647/849/183
f 647/849/183 696/1907/1494 680/847/514
f 582/850/648 646/868/665 645/851/649
f 634/853/651 698/972/762 700/854/652
f 610/856/654 608/973/763 672/857/655
f 584/859/657 648/917/709 647/860/658
f 637/862/660 701/877/476 699/863/571
f 611/865/662 675/879/669 673/839/568
f 582/850/648 585/881/675 649/867/664
f 638/869/666 636/1929/653 700/870/652
f 610/856/654 674/858/656 676/872/668
f 586/874/670 583/861/659 647/860/658
f 637/862/660 639/888/682 703/876/672
f 611/865/662 613/890/415 677/878/673
f 587/880/674 651/893/686 649/867/664
f 640/882/676 638/869/666 702/871/667
f 614/884/678 612/873/669 676/872/668
f 588/886/680 586/874/670 650/875/671
f 639/888/682 641/898/693 705/889/683
f 613/890/415 615/901/695 679/891/684
f 589/892/685 653/1638/697 651/893/686
f 640/882/676 704/883/677 706/894/687
f 614/884/678 678/885/679 680/896/689
f 588/886/680 652/887/681 654/864/691
f 641/898/693 643/912/704 707/899/487
f 617/900/694 681/914/706 679/891/684
f 591/902/696 655/916/708 653/903/697
f 644/905/698 642/895/688 706/894/687
f 616/897/690 680/896/689 682/907/700
f 590/909/692 654/1930/691 656/910/702
f 581/852/650 645/851/649 707/899/487
f 619/913/705 683/923/715 681/914/706
f 593/915/707 657/925/717 655/916/708
f 644/905/698 708/906/699 648/917/709
f 618/908/701 682/907/700 684/918/710
f 594/920/712 592/911/703 656/910/702
f 619/913/705 621/1931/723 685/922/714
f 593/915/707 595/931/720 659/924/716
f 620/919/711 684/918/710 686/926/718
f 594/920/712 658/921/713 660/928/720
f 623/930/722 687/939/730 685/927/714
f 595/931/720 597/941/732 661/932/724
f 624/933/725 622/1932/719 686/934/718
f 596/929/721 660/928/720 662/936/727
f 623/930/722 625/947/738 689/938/729
f 599/940/731 663/949/740 661/932/724
f 626/942/733 624/933/725 688/935/726
f 600/944/735 598/937/728 662/936/727
f 627/946/737 691/955/746 689/938/729
f 599/940/731 601/956/747 665/948/739
f 626/942/733 690/943/734 692/950/741
f 602/952/743 600/944/735 664/945/736
f 627/946/737 629/961/470 693/954/745
f 601/956/747 603/1258/755 667/957/748
f 628/951/742 692/950/741 694/958/749
f 602/952/743 666/953/744 668/904/751
f 631/960/753 695/970/760 693/954/745
f 605/962/754 669/971/761 667/963/748
f 630/959/750 694/958/749 696/965/756
f 604/967/752 668/1596/751 670/968/758
f 633/841/570 697/843/572 695/970/760
f 605/962/754 607/838/567 671/840/569
f 634/853/651 632/966/757 696/965/756
f 606/969/759 670/968/758 672/857/655
f 709/974/414 710/1933/414 712/975/764
f 712/977/154 716/1934/7 715/978/7
f 715/976/765 716/975/765 714/980/766
f 713/982/768 714/1935/201 710/983/195
f 712/985/412 710/1936/412 714/986/412
f 709/987/410 711/650/410 715/988/410
f 719/990/769 720/637/769 718/991/770
f 723/993/505 724/646/1515 720/994/171
f 723/996/771 721/1937/772 722/991/772
f 721/998/321 717/995/773 718/999/773
f 724/1001/408 722/649/408 718/648/408
f 723/1003/406 719/1938/406 717/1004/406
f 789/1006/774 792/1939/1516 791/1007/775
f 791/1007/775 794/1940/1517 793/1009/777
f 793/1009/777 794/1940/1517 796/1010/778
f 795/1011/779 796/1010/778 798/1012/780
f 798/1014/780 800/1941/1267 799/1015/702
f 799/1015/702 800/1941/1267 802/1017/782
f 801/1018/783 802/1017/782 804/1019/784
f 803/1020/785 804/1019/784 806/1021/786
f 806/1021/786 808/1942/1027 807/1023/736
f 807/1023/736 808/1942/1027 810/1024/788
f 809/1025/789 810/1024/788 812/1026/790
f 812/1028/790 814/1031/793 813/1029/792
f 814/1031/793 816/1943/1518 815/1032/794
f 815/1032/794 816/1943/1518 818/1033/795
f 818/1033/795 820/1944/1519 819/1035/797
f 819/1035/797 820/1944/1519 822/1036/798
f 822/1036/798 824/1039/801 823/1038/800
f 824/1039/801 826/1945/1520 825/1040/802
f 825/1040/802 826/1945/1520 828/1041/803
f 827/1042/711 828/1041/803 830/1043/804
f 829/1045/805 830/1946/804 832/1046/806
f 831/1047/807 832/1046/806 834/1048/808
f 833/1049/729 834/1048/808 836/1050/809
f 835/1051/810 836/1050/809 838/1052/811
f 838/1052/811 840/1055/814 839/1054/813
f 840/1055/814 842/1057/816 841/1056/815
f 842/1057/816 844/1947/1521 843/1058/817
f 843/1059/817 844/1948/1521 846/1060/818
f 846/1060/818 848/1063/676 847/1062/820
s 0
f 764/705/1522 762/705/481 890/705/479
f 726/705/1218 788/705/483 916/705/479
s 1
f 848/1063/676 850/1949/1523 849/1064/823
f 849/1064/823 850/1949/1523 852/1065/824
f 852/1065/824 792/1939/1516 789/1006/774
f 727/1067/126 725/1193/882 789/1068/826
f 728/1070/311 791/1076/828 792/1071/304
f 729/1073/533 727/1067/126 790/1069/506
f 730/1075/827 794/1080/831 791/1076/828
f 731/1077/829 729/1073/533 793/1074/427
f 732/1079/830 796/1084/830 794/1080/831
f 733/1081/497 731/1077/829 795/1078/427
f 734/1083/352 798/1088/833 796/1084/830
f 735/1085/562 733/1081/497 797/1082/390
f 736/1087/832 800/1092/834 798/1088/833
f 737/1089/324 735/1085/562 799/1086/489
f 738/1091/171 802/1096/836 800/1092/834
f 739/1093/134 737/1089/324 801/1090/829
f 740/1095/835 804/1100/837 802/1096/836
f 739/1093/134 803/1094/314 805/1097/340
f 740/1095/835 742/1103/369 806/1099/830
f 741/1098/186 805/1097/340 807/1101/307
f 742/1103/369 744/1107/840 808/1104/835
f 743/1102/838 807/1101/307 809/1105/838
f 744/1107/840 746/1111/372 810/1108/51
f 745/1106/839 809/1105/838 811/1109/186
f 746/1111/372 748/1115/844 812/1112/842
f 747/1110/841 811/1109/186 813/1113/843
f 748/1115/844 750/1119/5 814/1116/845
f 749/1114/768 813/1113/843 815/1117/846
f 750/1119/5 752/1123/848 816/1120/352
f 751/1118/847 815/1117/846 817/1121/366
f 752/1123/848 754/1127/850 818/1124/375
f 753/1122/498 817/1121/366 819/1125/849
f 754/1127/850 756/1132/852 820/1128/171
f 757/1129/324 755/1126/205 819/1125/849
f 758/1131/851 822/1136/559 820/1128/171
f 759/1133/141 757/1129/324 821/1130/191
f 760/1135/161 824/1140/855 822/1136/559
f 761/1137/544 759/1133/141 823/1134/853
f 762/1139/854 826/1144/317 824/1140/855
f 763/1141/150 761/1137/544 825/1138/306
f 764/1143/524 828/1148/858 826/1144/317
f 765/1145/856 763/1141/150 827/1142/53
f 766/1147/857 830/1152/144 828/1148/858
f 767/1149/859 765/1145/856 829/1146/195
f 768/1151/124 832/1156/311 830/1152/144
f 769/1153/861 767/1149/859 831/1150/860
f 770/1155/863 834/1160/304 832/1156/311
f 771/1157/210 769/1153/861 833/1154/862
f 772/1159/120 836/1164/161 834/1160/304
f 771/1157/210 835/1158/864 837/1161/340
f 772/1159/120 774/1167/827 838/1163/866
f 773/1162/865 837/1161/340 839/1165/497
f 774/1167/827 776/1171/352 840/1168/867
f 775/1166/205 839/1165/497 841/1169/868
f 776/1171/352 778/1175/872 842/1172/870
f 777/1170/869 841/1169/868 843/1173/107
f 778/1175/872 780/1179/874 844/1176/873
f 779/1174/871 843/1173/107 845/1177/538
f 780/1179/874 782/1183/877 846/1180/875
f 781/1178/130 845/1177/538 847/1181/876
f 782/1183/877 784/1187/120 848/1184/144
f 783/1182/518 847/1181/876 849/1185/878
f 784/1187/120 786/1191/880 850/1188/879
f 785/1186/201 849/1185/878 851/1189/191
f 786/1191/880 788/1194/883 852/1192/881
f 725/1193/882 787/1190/141 851/1189/191
f 726/1072/547 792/1071/304 852/1192/881
f 879/1195/884 881/1223/958 945/1196/885
f 907/1198/887 971/1286/956 969/1199/572
s 0
f 738/705/1524 736/705/481 864/705/1525
f 763/705/892 765/705/483 893/705/479
f 737/705/1426 739/705/483 867/705/479
f 766/705/890 764/705/483 892/705/575
f 740/705/1526 738/705/483 866/705/1527
f 765/705/1528 767/705/483 895/705/600
f 739/705/597 741/705/483 869/705/479
f 768/705/1529 766/705/481 894/705/479
f 742/705/1530 740/705/481 868/705/479
f 767/705/1531 769/705/481 897/705/479
f 741/705/1433 743/705/481 871/705/479
f 770/705/1532 768/705/483 896/705/479
f 744/705/1533 742/705/481 870/705/579
f 769/705/1526 771/705/483 899/705/1424
f 743/705/1534 745/705/481 873/705/573
f 772/705/1426 770/705/483 898/705/479
f 746/705/1535 744/705/481 872/705/479
f 771/705/1536 773/705/483 901/705/1537
f 745/705/1538 747/705/481 875/705/479
f 774/705/1539 772/705/483 900/705/479
f 748/705/1540 746/705/483 874/705/573
f 773/705/1192 775/705/483 903/705/1537
f 747/705/1541 749/705/481 877/705/479
f 776/705/1542 774/705/481 902/705/479
f 750/705/1543 748/705/481 876/705/479
f 775/705/1544 777/705/483 905/705/600
f 749/705/1545 751/705/481 879/705/575
f 778/705/1546 776/705/483 904/705/573
f 752/705/1547 750/705/481 878/705/583
f 777/705/1548 779/705/483 907/705/586
f 751/705/935 753/705/483 881/705/479
f 725/705/923 727/705/481 854/705/573
f 780/705/1549 778/705/483 906/705/479
f 754/705/1550 752/705/483 880/705/479
f 728/705/920 726/705/483 856/705/614
f 779/705/1551 781/705/483 909/705/1173
f 753/705/938 755/705/481 883/705/573
f 727/705/1552 729/705/483 857/705/479
f 782/705/1553 780/705/483 908/705/479
f 756/705/1554 754/705/483 882/705/479
f 730/705/1555 728/705/481 855/705/583
f 781/705/1556 783/705/481 911/705/479
f 755/705/1557 757/705/483 885/705/479
f 729/705/1450 731/705/483 859/705/579
f 784/705/1558 782/705/481 910/705/579
f 758/705/1559 756/705/483 884/705/479
f 732/705/1560 730/705/481 858/705/479
f 783/705/918 785/705/483 913/705/479
f 757/705/920 759/705/483 887/705/919
f 731/705/890 733/705/483 861/705/575
f 786/705/1561 784/705/483 912/705/479
f 760/705/1562 758/705/483 886/705/573
f 734/705/892 732/705/483 860/705/479
f 785/705/925 787/705/483 915/705/479
f 759/705/642 761/705/481 889/705/583
f 733/705/1529 735/705/481 863/705/479
f 788/705/1445 786/705/481 914/705/479
f 762/705/1563 760/705/483 888/705/479
f 736/705/1528 734/705/483 862/705/479
f 787/705/1108 725/705/481 853/705/479
f 761/705/1564 763/705/483 891/705/479
f 735/705/1421 737/705/481 865/705/573
s 1
f 917/1203/513 918/1950/1482 921/1951/390
f 921/1951/390 923/1952/1565 925/1953/1566
f 925/1953/1566 927/1954/1567 929/1955/1568
f 929/1955/1568 931/1956/1569 933/1957/1570
f 933/1957/1570 935/1958/1571 937/1959/1572
f 937/1959/1572 939/1960/1573 941/1961/1574
f 941/1961/1574 943/1962/1575 945/1963/1576
f 945/1963/1576 947/1964/1577 949/1201/53
f 949/1201/53 951/1965/1578 953/1966/566
f 953/1966/566 955/1967/1579 957/1968/1153
f 957/1968/1153 959/1969/1580 961/1970/1581
f 961/1970/1581 963/1971/1582 965/1202/134
f 965/1202/134 967/1972/1583 969/1973/1584
f 969/1973/1584 971/1974/1585 973/1975/1163
f 973/1975/1163 975/1976/1586 977/1977/1587
f 977/1977/1587 979/1978/1588 917/1203/513
f 917/1203/513 921/1951/390 925/1953/1566
f 925/1953/1566 929/1955/1568 933/1957/1570
f 933/1957/1570 937/1959/1572 941/1961/1574
f 941/1961/1574 945/1963/1576 949/1201/53
f 949/1201/53 953/1966/566 957/1968/1153
f 957/1968/1153 961/1970/1581 965/1202/134
f 965/1202/134 969/1973/1584 973/1975/1163
f 973/1975/1163 977/1977/1587 917/1203/513
f 917/1203/513 925/1953/1566 933/1957/1570
f 933/1957/1570 941/1961/1574 949/1201/53
f 949/1201/53 957/1968/1153 965/1202/134
f 965/1202/134 973/1975/1163 917/1203/513
f 917/1203/513 933/1957/1570 949/1201/53
f 919/1206/883 920/1979/1589 980/1980/1590
f 980/1980/1590 978/1981/1591 976/1982/1592
f 976/1982/1592 974/1983/1593 972/1984/1594
f 972/1984/1594 970/1985/1595 968/1986/1058
f 968/1986/1058 966/1987/1596 964/1892/1597
f 964/1892/1597 962/1988/1598 960/1989/161
f 960/1989/161 958/1990/1599 956/1991/835
f 956/1991/835 954/1992/1600 952/1204/944
f 952/1204/944 950/1993/1601 948/1994/1602
f 948/1994/1602 946/1995/1603 944/1996/1604
f 944/1996/1604 942/1997/1605 940/1998/1606
f 940/1998/1606 938/1999/1607 936/1205/131
f 936/1205/131 934/2000/1497 932/2001/1608
f 932/2001/1608 930/2002/1609 928/2003/1604
f 928/2003/1604 926/2004/1593 924/2005/1610
f 924/2005/1610 922/2006/1611 919/1206/883
f 919/1206/883 980/1980/1590 976/1982/1592
f 976/1982/1592 972/1984/1594 968/1986/1058
f 968/1986/1058 964/1892/1597 960/1989/161
f 960/1989/161 956/1991/835 952/1204/944
f 952/1204/944 948/1994/1602 944/1996/1604
f 944/1996/1604 940/1998/1606 936/1205/131
f 936/1205/131 932/2001/1608 928/2003/1604
f 928/2003/1604 924/2005/1610 919/1206/883
f 919/1206/883 976/1982/1592 968/1986/1058
f 968/1986/1058 960/1989/161 952/1204/944
f 952/1204/944 944/1996/1604 936/1205/131
f 936/1205/131 928/2003/1604 919/1206/883
f 919/1206/883 968/1986/1058 952/1204/944
f 853/1207/411 854/1224/959 918/1208/945
f 906/1210/946 970/1325/1054 972/1211/947
f 880/1213/949 944/1326/1055 946/1214/950
f 856/1216/952 920/1271/1003 919/1217/953
f 907/1219/887 909/1234/968 973/1220/955
f 883/1222/957 947/1236/970 945/1196/885
f 854/1224/959 857/1237/971 921/1225/960
f 910/1226/961 908/1572/948 972/1227/947
f 884/1229/963 882/1215/951 946/1214/950
f 858/1231/965 855/1218/954 919/1217/953
f 911/1233/967 975/1246/979 973/1220/955
f 883/1222/957 885/1248/981 949/1235/969
f 857/1237/971 859/1249/983 923/1238/972
f 912/1239/973 910/1226/961 974/1228/962
f 886/1241/969 884/1229/963 948/1230/964
f 860/1243/976 858/1231/965 922/1232/966
f 913/1245/978 977/1255/990 975/1246/979
f 887/1247/980 951/1257/695 949/1235/969
f 861/870/982 925/1929/993 923/1238/972
f 912/1239/973 976/1240/974 978/1250/984
f 886/1241/969 950/1242/975 952/1252/986
f 862/1221/987 860/1243/976 924/1244/977
f 913/1245/978 915/1266/1000 979/1254/989
f 887/1247/980 889/1267/1001 953/1256/991
f 861/1258/982 863/1269/696 927/1259/992
f 916/1260/994 914/1251/985 978/1250/984
f 888/1253/690 952/1252/986 954/1262/996
f 864/1264/998 862/1212/987 926/1211/988
f 853/1207/411 917/1209/418 979/1254/989
f 889/1267/1001 891/1276/1008 955/1268/711
f 863/1269/696 865/1278/1011 929/1270/1002
f 856/1216/952 916/1260/994 980/1261/995
f 892/1272/1004 890/1263/997 954/1262/996
f 864/1264/998 928/1265/999 930/1274/1006
f 891/1276/1008 893/964/1016 957/963/1009
f 867/1277/1010 931/1285/1018 929/1270/1002
f 892/1272/1004 956/1273/1005 958/1279/1009
f 868/1281/1013 866/1275/1007 930/1274/1006
f 895/1283/1015 959/1292/1023 957/855/1009
f 867/1277/1010 869/1293/442 933/1284/1017
f 894/1286/1012 958/2007/1009 960/1287/1019
f 870/1289/786 868/1281/1013 932/1282/1014
f 895/1283/1015 897/1300/1030 961/1291/1022
f 869/1293/442 871/1301/1031 935/1294/1024
f 896/1288/1020 960/1287/1019 962/1295/1025
f 870/1289/786 934/1290/1021 936/1297/1027
f 899/1299/1029 963/1308/1037 961/1291/1022
f 871/1301/1031 873/1310/1039 937/1302/1032
f 898/1296/1026 962/1295/1025 964/1303/1033
f 874/1305/739 872/1298/1028 936/1297/1027
f 899/1299/1029 901/1314/1044 965/1307/1036
f 875/1309/1038 939/1579/1047 937/1302/1032
f 900/1304/1034 964/1303/1033 966/1311/1040
f 876/1313/1042 874/1305/739 938/1306/1035
f 901/1314/1044 903/1323/1052 967/1315/1045
f 875/1316/1038 877/1324/1053 941/1317/1046
f 902/1312/1041 966/1311/1040 968/1319/1048
f 876/922/1042 940/1931/1043 942/1321/1050
f 903/1323/1052 905/1200/888 969/1199/572
f 879/1195/884 943/1197/886 941/1317/1046
f 906/1210/946 904/1320/1049 968/1319/1048
f 880/1213/949 878/1322/1051 942/1321/1050
f 981/618/1056 982/2008/1056 984/1327/799
f 984/1329/1057 988/2009/161 987/1330/183
f 987/981/1059 988/980/428 986/623/1060
f 985/1332/130 986/2009/130 982/1333/119
f 984/1335/412 982/1859/412 986/629/412
f 981/633/410 983/2010/410 987/989/410
f 989/1337/1061 991/2011/422 992/1338/422
f 995/1339/343 996/1345/378 992/1340/183
f 993/996/1062 994/997/1062 996/642/1063
f 993/1343/201 989/2012/535 990/1344/1064
f 994/1346/408 990/1002/408 992/1347/408
f 995/1005/406 991/2013/406 989/651/406
f 1064/1349/428 1063/2014/1612 1062/1350/1065
f 1062/1350/1065 1063/2014/1612 1066/1009/1067
f 1066/1009/1067 1068/1011/1069 1067/1353/1068
f 1068/1011/1069 1070/2015/1266 1069/1354/1070
f 1069/1355/1070 1070/1016/1266 1072/1015/1071
f 1072/1015/1071 1074/1018/1613 1073/1357/1073
f 1073/1357/1073 1074/1018/1613 1076/1358/1074
f 1076/1358/1074 1078/1022/1076 1077/1360/1075
f 1078/1022/1076 1080/1023/1614 1079/669/1077
f 1079/669/1077 1080/1023/1614 1082/1025/1078
f 1082/1025/1078 1084/2016/748 1083/1362/1080
f 1083/1363/1080 1084/1030/748 1086/1364/1081
f 1086/1364/1081 1088/1032/1615 1087/1366/1083
f 1087/1366/1083 1088/1032/1615 1090/1034/1084
f 1090/1034/1084 1092/2017/1616 1091/1368/1086
f 1091/1368/1086 1092/2017/1616 1094/1037/1087
f 1094/1037/1087 1096/1038/1617 1095/1370/695
f 1095/1370/695 1096/1038/1617 1098/1040/701
f 1098/1040/701 1100/1042/1091 1099/1372/1090
f 1100/1042/1091 1102/1044/719 1101/1373/1092
f 1101/1374/1092 1102/2018/719 1104/1047/1093
f 1103/693/1094 1104/1047/1093 1106/1375/1095
f 1105/1376/1096 1106/1375/1095 1108/1377/1097
f 1107/695/1098 1108/1377/1097 1110/1053/1099
f 1110/1053/1099 1112/1380/1101 1111/1379/813
f 1112/1380/1101 1114/2019/570 1113/700/1102
f 1113/700/1102 1114/2019/570 1116/1381/1103
f 1116/1059/1103 1118/1061/1618 1117/1383/1104
f 1117/1383/1104 1118/1061/1618 1120/1062/1105
s 0
f 1036/705/943 1034/705/483 1162/705/579
f 998/705/942 1060/705/483 1188/705/479
s 1
f 1119/1385/1106 1120/1062/1105 1122/1064/1109
f 1121/1386/1110 1122/1064/1109 1124/1066/1111
f 1123/1387/1112 1124/1066/1111 1064/1349/428
f 999/1388/1113 997/1512/1165 1061/1389/1114
f 1000/1391/1116 1063/1397/559 1064/1392/1117
f 1001/1394/1119 999/1388/1113 1062/1390/1115
f 1002/1396/1120 1066/1401/352 1063/1397/559
f 1003/1398/427 1001/1394/1119 1065/1395/150
f 1004/1400/167 1068/1405/827 1066/1401/352
f 1005/1402/868 1003/1398/427 1067/1399/1121
f 1006/1404/1122 1070/1409/1124 1068/1405/827
f 1007/1406/1123 1005/1402/868 1069/1403/394
f 1008/1408/171 1072/1413/144 1070/1409/1124
f 1009/1410/353 1007/1406/1123 1071/1407/530
f 1010/1412/524 1074/1416/1127 1072/1413/144
f 1011/1414/186 1009/1410/353 1073/1411/1125
f 1012/1415/1126 1076/1420/1129 1074/1416/1127
f 1011/1414/186 1075/1100/150 1077/1417/205
f 1012/1415/1126 1014/1423/1131 1078/1419/1128
f 1013/1418/186 1077/1417/205 1079/1421/400
f 1014/1423/1131 1016/1427/161 1080/1424/311
f 1015/1422/1130 1079/1421/400 1081/1425/865
f 1016/1427/161 1018/1431/1133 1082/1428/311
f 1017/1426/1132 1081/1425/865 1083/1429/134
f 1018/1431/1133 1020/1435/850 1084/1432/157
f 1019/1430/876 1083/1429/134 1085/1433/306
f 1020/1435/850 1022/1439/1131 1086/1436/836
f 1021/1434/141 1085/1433/306 1087/1437/321
f 1022/1439/1131 1024/1443/120 1088/1440/120
f 1023/1438/1134 1087/1437/321 1089/1441/141
f 1024/1443/120 1026/1447/305 1090/1444/1135
f 1025/1442/861 1089/1441/141 1091/1445/4
f 1026/1447/305 1028/1452/1140 1092/1448/866
f 1029/1449/1137 1027/1446/1136 1091/1445/4
f 1030/1451/1139 1094/1456/858 1092/1448/866
f 1031/1453/1141 1029/1449/1137 1093/1450/1138
f 1032/1455/1133 1096/1460/1144 1094/1456/858
f 1033/1457/1142 1031/1453/1141 1095/1454/532
f 1034/1459/1143 1098/1464/175 1096/1460/1144
f 1035/1461/1145 1033/1457/1142 1097/1458/518
f 1036/1463/877 1100/1468/1146 1098/1464/175
f 1037/1465/530 1035/1461/1145 1099/1462/147
f 1038/1467/359 1102/1472/510 1100/1468/1146
f 1039/1469/489 1037/1465/530 1101/1466/201
f 1040/1471/148 1104/1476/1149 1102/1472/510
f 1041/1473/1148 1039/1469/489 1103/1470/1147
f 1042/1475/873 1106/1480/1127 1104/1476/1149
f 1043/1477/1150 1041/1473/1148 1105/1474/516
f 1044/1479/507 1108/1158/490 1106/1480/1127
f 1043/1477/1150 1107/1478/862 1109/1481/1151
f 1044/1479/507 1046/1486/135 1110/1483/117
f 1045/1482/1152 1109/1481/1151 1111/1484/1134
f 1046/1486/135 1048/1490/527 1112/1487/356
f 1047/1485/1153 1111/1484/1134 1113/1488/538
f 1048/1490/527 1050/1494/1156 1114/1491/1155
f 1049/1489/1154 1113/1488/538 1115/1492/540
f 1050/1494/1156 1052/1498/1159 1116/1495/196
f 1051/1493/838 1115/1492/540 1117/1496/1157
f 1052/1498/1159 1054/1502/527 1118/1499/867
f 1053/1497/1158 1117/1496/1157 1119/1500/530
f 1054/1502/527 1056/1506/1162 1120/1503/883
f 1055/1501/1160 1119/1500/530 1121/1504/509
f 1056/1506/1162 1058/1510/393 1122/1507/833
f 1057/1505/1161 1121/1504/509 1123/1508/178
f 1058/1510/393 1060/1513/1133 1124/1511/1164
f 997/1512/1165 1059/1509/1163 1123/1508/178
f 998/1393/1118 1064/1392/1117 1124/1511/1164
f 1151/1514/1166 1153/1541/1237 1217/1515/1084
f 1179/934/1168 1243/1932/1235 1241/1517/1169
s 0
f 1010/705/646 1008/705/481 1136/705/583
f 1035/705/1619 1037/705/483 1165/705/575
f 1009/705/1411 1011/705/481 1139/705/579
f 1038/705/1620 1036/705/481 1164/705/1210
f 1012/705/1621 1010/705/481 1138/705/579
f 1037/705/1414 1039/705/483 1167/705/479
f 1011/705/1622 1013/705/483 1141/705/573
f 1040/705/1623 1038/705/483 1166/705/573
f 1014/705/1624 1012/705/483 1140/705/909
f 1039/705/1625 1041/705/483 1169/705/586
f 1013/705/1626 1015/705/481 1143/705/579
f 1042/705/1627 1040/705/483 1168/705/573
f 1016/705/1628 1014/705/483 1142/705/600
f 1041/705/1629 1043/705/481 1171/705/583
f 1015/705/1630 1017/705/483 1145/705/479
f 1044/705/1631 1042/705/481 1170/705/479
f 1018/705/1632 1016/705/481 1144/705/479
f 1043/705/601 1045/705/483 1173/705/600
f 1017/705/1189 1019/705/481 1147/705/573
f 1046/705/597 1044/705/483 1172/705/479
f 1020/705/1188 1018/705/483 1146/705/573
f 1045/705/1633 1047/705/483 1175/705/1173
f 1019/705/1634 1021/705/481 1149/705/579
f 1048/705/908 1046/705/483 1174/705/479
f 1022/705/1191 1020/705/483 1148/705/479
f 1047/705/1635 1049/705/481 1177/705/909
f 1021/705/1451 1023/705/481 1151/705/579
f 1050/705/1636 1048/705/483 1176/705/479
f 1024/705/1637 1022/705/481 1150/705/1173
f 1049/705/1638 1051/705/481 1179/705/909
f 1023/705/1561 1025/705/483 1153/705/479
f 997/705/923 999/705/481 1126/705/573
f 1052/705/1639 1050/705/483 1178/705/573
f 1026/705/1640 1024/705/483 1152/705/479
f 1000/705/1444 998/705/483 1128/705/919
f 1051/705/1641 1053/705/481 1181/705/479
f 1025/705/1445 1027/705/481 1155/705/479
f 999/705/1203 1001/705/483 1129/705/573
f 1054/705/1642 1052/705/481 1180/705/479
f 1028/705/1643 1026/705/483 1154/705/479
f 1002/705/1200 1000/705/481 1127/705/600
f 1053/705/1644 1055/705/481 1183/705/479
f 1027/705/1645 1029/705/483 1157/705/479
f 1001/705/1522 1003/705/481 1131/705/479
f 1056/705/1646 1054/705/483 1182/705/579
f 1030/705/1647 1028/705/483 1156/705/479
f 1004/705/1648 1002/705/481 1130/705/479
f 1055/705/1649 1057/705/483 1185/705/612
f 1029/705/920 1031/705/483 1159/705/614
f 1003/705/1650 1005/705/481 1133/705/479
f 1058/705/1651 1056/705/483 1184/705/579
f 1032/705/923 1030/705/481 1158/705/573
f 1006/705/1211 1004/705/483 1132/705/1210
f 1057/705/1652 1059/705/481 1187/705/479
f 1031/705/1653 1033/705/483 1161/705/479
f 1005/705/1654 1007/705/481 1135/705/479
f 1060/705/1655 1058/705/483 1186/705/573
f 1034/705/639 1032/705/483 1160/705/573
f 1008/705/1656 1006/705/481 1134/705/583
f 1059/705/822 997/705/481 1125/705/479
f 1033/705/1657 1035/705/483 1163/705/600
f 1007/705/1171 1009/705/483 1137/705/573
s 1
f 1189/1521/1221 1190/2020/1658 1193/2021/1659
f 1193/2021/1659 1195/2022/1660 1197/2023/564
f 1197/2023/564 1199/2024/1661 1201/2025/1662
f 1201/2025/1662 1203/1923/1663 1205/2026/119
f 1205/2026/119 1207/2027/1664 1209/2028/1665
f 1209/2028/1665 1211/2029/1666 1213/2030/1667
f 1213/2030/1667 1215/2031/1668 1217/2032/1669
f 1217/2032/1669 1219/2033/1465 1221/1519/1125
f 1221/1519/1125 1223/2034/1670 1225/2035/1220
f 1225/2035/1220 1227/2036/1671 1229/2037/1672
f 1229/2037/1672 1231/2038/1673 1233/2039/1674
f 1233/2039/1674 1235/2040/1675 1237/1520/1220
f 1237/1520/1220 1239/2041/1676 1241/2042/353
f 1241/2042/353 1243/2043/1677 1245/2044/1674
f 1245/2044/1674 1247/2045/1678 1249/2046/1487
f 1249/2046/1487 1251/2047/1679 1189/1521/1221
f 1189/1521/1221 1193/2021/1659 1197/2023/564
f 1197/2023/564 1201/2025/1662 1205/2026/119
f 1205/2026/119 1209/2028/1665 1213/2030/1667
f 1213/2030/1667 1217/2032/1669 1221/1519/1125
f 1221/1519/1125 1225/2035/1220 1229/2037/1672
f 1229/2037/1672 1233/2039/1674 1237/1520/1220
f 1237/1520/1220 1241/2042/353 1245/2044/1674
f 1245/2044/1674 1249/2046/1487 1189/1521/1221
f 1189/1521/1221 1197/2023/564 1205/2026/119
f 1205/2026/119 1213/2030/1667 1221/1519/1125
f 1221/1519/1125 1229/2037/1672 1237/1520/1220
f 1237/1520/1220 1245/2044/1674 1189/1521/1221
f 1189/1521/1221 1205/2026/119 1221/1519/1125
f 1191/1524/304 1192/2048/1680 1252/2049/6
f 1252/2049/6 1250/2050/1681 1248/2051/1591
f 1248/2051/1591 1246/2052/1682 1244/2053/1683
f 1244/2053/1683 1242/2054/1684 1240/2055/1685
f 1240/2055/1685 1238/2056/1686 1236/2040/1687
f 1236/2040/1687 1234/2057/1688 1232/2058/1689
f 1232/2058/1689 1230/2059/1593 1228/2060/1690
f 1228/2060/1690 1226/2061/1691 1224/1522/1222
f 1224/1522/1222 1222/2062/1692 1220/2063/1693
f 1220/2063/1693 1218/2064/1694 1216/2065/1695
f 1216/2065/1695 1214/2066/1696 1212/2067/1697
f 1212/2067/1697 1210/2068/1698 1208/1523/120
f 1208/1523/120 1206/2069/1699 1204/2070/1700
f 1204/2070/1700 1202/2071/1701 1200/2072/857
f 1200/2072/857 1198/2073/1598 1196/2074/547
f 1196/2074/547 1194/2075/1611 1191/1524/304
f 1191/1524/304 1252/2049/6 1248/2051/1591
f 1248/2051/1591 1244/2053/1683 1240/2055/1685
f 1240/2055/1685 1236/2040/1687 1232/2058/1689
f 1232/2058/1689 1228/2060/1690 1224/1522/1222
f 1224/1522/1222 1220/2063/1693 1216/2065/1695
f 1216/2065/1695 1212/2067/1697 1208/1523/120
f 1208/1523/120 1204/2070/1700 1200/2072/857
f 1200/2072/857 1196/2074/547 1191/1524/304
f 1191/1524/304 1248/2051/1591 1240/2055/1685
f 1240/2055/1685 1232/2058/1689 1224/1522/1222
f 1224/1522/1222 1216/2065/1695 1208/1523/120
f 1208/1523/120 1200/2072/857 1191/1524/304
f 1191/1524/304 1240/2055/1685 1224/1522/1222
f 1126/1525/1223 1190/1543/1238 1189/1526/418
f 1178/1528/1225 1242/1643/1321 1244/1529/1226
f 1154/1531/1228 1152/1644/1322 1216/1532/1229
f 1128/1534/1231 1192/1591/1276 1191/1535/1232
f 1179/1537/1168 1181/1552/1244 1245/1538/1234
f 1155/1540/1236 1219/1554/1245 1217/1515/1084
f 1126/1525/1223 1129/1556/1246 1193/1542/664
f 1180/1544/1227 1244/2076/1226 1246/1545/1239
f 1154/1531/1228 1218/1533/1230 1220/1547/1240
f 1130/1549/1241 1127/1536/1233 1191/1535/1232
f 1183/1551/1243 1247/1564/1247 1245/1538/1234
f 1157/1553/678 1221/1566/1254 1219/1554/1245
f 1131/1555/983 1195/1567/1256 1193/1542/664
f 1184/1557/1247 1182/1546/1239 1246/1545/1239
f 1158/1559/1249 1156/1548/453 1220/1547/1240
f 1132/1561/1251 1130/1549/1241 1194/1550/1242
f 1183/1551/1243 1185/1574/1263 1249/1563/984
f 1159/1565/1253 1223/1576/1265 1221/1566/1254
f 1131/1555/983 1133/2076/1266 1197/1544/1255
f 1184/1557/1247 1248/1558/1248 1250/1568/1257
f 1158/1559/1249 1222/1560/1250 1224/1570/1253
f 1134/1572/1260 1132/1561/1251 1196/1562/1252
f 1187/1573/1262 1251/1586/1273 1249/1563/984
f 1161/1575/1264 1225/1588/1274 1223/1576/1265
f 1133/1577/1266 1135/1589/1275 1199/1578/1267
f 1188/1580/1268 1186/1569/1258 1250/1568/1257
f 1160/1571/1259 1224/1570/1253 1226/1582/1270
f 1134/1530/1260 1198/1529/1261 1200/1584/702
f 1187/1573/1262 1125/1527/1224 1189/1526/418
f 1161/1575/1264 1163/1597/1282 1227/1587/460
f 1135/1589/1275 1137/1599/1284 1201/1590/1011
f 1188/1580/1268 1252/1581/1269 1192/1591/1276
f 1162/1583/1271 1226/1582/1270 1228/1592/1277
f 1138/1594/1279 1136/1585/1272 1200/1584/702
f 1165/1596/1281 1229/967/1290 1227/1587/460
f 1139/1598/1283 1203/1606/1292 1201/1590/1011
f 1164/1593/1278 1228/1592/1277 1230/1316/1285
f 1138/1594/1279 1202/1595/1280 1204/1600/1287
f 1167/1602/1289 1231/1613/725 1229/1603/1290
f 1141/1605/1291 1205/1615/1294 1203/1606/1292
f 1168/1607/1094 1166/2077/1286 1230/1608/1285
f 1140/1601/1288 1204/1600/1287 1206/1610/786
f 1167/1602/1289 1169/1621/1300 1233/1612/1096
f 1141/1605/1291 1143/1623/731 1207/1614/1027
f 1168/1607/1094 1232/1609/725 1234/1616/1295
f 1144/1618/1297 1142/1611/1293 1206/1610/786
f 1171/1620/1299 1235/1629/1307 1233/1612/1096
f 1145/1622/1301 1209/1630/1309 1207/1614/1027
f 1172/1624/1302 1170/1617/1296 1234/1616/1295
f 1144/1618/1297 1208/1619/1298 1210/1626/1304
f 1171/1620/1299 1173/1633/1314 1237/1628/1306
f 1147/1608/1308 1211/2077/1316 1209/1630/1309
f 1172/1624/1302 1236/1625/1303 1238/1631/1310
f 1148/1603/1312 1146/1627/1305 1210/1626/1304
f 1173/1633/1314 1175/1641/1320 1239/1634/472
f 1149/1635/1315 1213/1642/792 1211/1280/1316
f 1174/1632/1311 1238/1631/1310 1240/1636/1317
f 1148/1638/1312 1212/892/1313 1214/1639/1319
f 1177/1518/1170 1241/1517/1169 1239/1634/472
f 1151/1514/1166 1215/1516/1167 1213/1642/792
f 1178/1528/1225 1176/1637/1318 1240/1636/1317
f 1150/1640/792 1214/1639/1319 1216/1532/1229
usemtl pantalla.001
f 363/2078/413 360/2079/413 359/2080/413
f 361/2081/411 358/2078/411 362/2082/411
f 368/2083/409 371/2084/409 367/2085/409
f 369/2086/407 366/2087/407 365/2088/407
f 363/2078/413 364/2089/413 360/2079/413
f 361/2081/411 357/2090/411 358/2078/411
f 368/2083/409 372/2091/409 371/2084/409
f 369/2086/407 370/2092/407 366/2087/407
