# Blender 5.0.1
# www.blender.org
mtllib Aro.mtl
o Ring.001
v -7.039402 2.152321 -11.731857
v -7.039402 2.152321 -11.731857
v -7.039402 2.152321 -11.731857
v -7.039402 2.152321 -11.731857
v -7.039402 2.152321 -11.731857
v -7.039402 2.152321 -11.731857
v -6.910260 2.152321 -11.670015
v -6.910260 2.152321 -11.670015
v -6.910260 2.152321 -11.670015
v -6.910260 2.152321 -11.670015
v -6.910260 2.152321 -11.670015
v -6.910260 2.152321 -11.670015
v -6.842131 2.152321 -11.544075
v -6.842131 2.152321 -11.544075
v -6.842131 2.152321 -11.544075
v -6.842131 2.152321 -11.544075
v -6.842131 2.152321 -11.544075
v -6.842131 2.152321 -11.544075
v -6.861038 2.152321 -11.402143
v -6.861038 2.152321 -11.402143
v -6.861038 2.152321 -11.402143
v -6.861038 2.152321 -11.402143
v -6.861038 2.152321 -11.402143
v -6.861038 2.152321 -11.402143
v -6.959761 2.152321 -11.298431
v -6.959761 2.152321 -11.298431
v -6.959761 2.152321 -11.298431
v -6.959761 2.152321 -11.298431
v -6.959761 2.152321 -11.298431
v -6.959761 2.152321 -11.298431
v -7.100589 2.152321 -11.272554
v -7.100589 2.152321 -11.272554
v -7.100589 2.152321 -11.272554
v -7.100589 2.152321 -11.272554
v -7.100589 2.152321 -11.272554
v -7.100589 2.152321 -11.272554
v -7.229732 2.152321 -11.334396
v -7.229732 2.152321 -11.334396
v -7.229732 2.152321 -11.334396
v -7.229732 2.152321 -11.334396
v -7.229732 2.152321 -11.334396
v -7.229732 2.152321 -11.334396
v -7.297861 2.152321 -11.460336
v -7.297861 2.152321 -11.460336
v -7.297861 2.152321 -11.460336
v -7.297861 2.152321 -11.460336
v -7.297861 2.152321 -11.460336
v -7.297861 2.152321 -11.460336
v -7.278953 2.152321 -11.602268
v -7.278953 2.152321 -11.602268
v -7.278953 2.152321 -11.602268
v -7.278953 2.152321 -11.602268
v -7.278953 2.152321 -11.602268
v -7.278953 2.152321 -11.602268
v -7.180232 2.152321 -11.705980
v -7.180232 2.152321 -11.705980
v -7.180232 2.152321 -11.705980
v -7.180232 2.152321 -11.705980
v -7.180232 2.152321 -11.705980
v -7.180232 2.152321 -11.705980
v -7.048854 1.706216 -11.689775
v -7.048854 1.706216 -11.689775
v -7.048854 1.706216 -11.689775
v -7.048854 1.706216 -11.689775
v -6.947481 1.706216 -11.639738
v -6.947481 1.706216 -11.639738
v -6.947481 1.706216 -11.639738
v -6.947481 1.706216 -11.639738
v -6.894001 1.706216 -11.537834
v -6.894001 1.706216 -11.537834
v -6.894001 1.706216 -11.537834
v -6.894001 1.706216 -11.537834
v -6.908843 1.706216 -11.422992
v -6.908843 1.706216 -11.422992
v -6.908843 1.706216 -11.422992
v -6.908843 1.706216 -11.422992
v -6.986338 1.706216 -11.339074
v -6.986338 1.706216 -11.339074
v -6.986338 1.706216 -11.339074
v -6.986338 1.706216 -11.339074
v -7.096883 1.706216 -11.318136
v -7.096883 1.706216 -11.318136
v -7.096883 1.706216 -11.318136
v -7.096883 1.706216 -11.318136
v -7.198256 1.706216 -11.368175
v -7.198256 1.706216 -11.368175
v -7.198256 1.706216 -11.368175
v -7.198256 1.706216 -11.368175
v -7.251736 1.706216 -11.470077
v -7.251736 1.706216 -11.470077
v -7.251736 1.706216 -11.470077
v -7.251736 1.706216 -11.470077
v -7.236894 1.706216 -11.584920
v -7.236894 1.706216 -11.584920
v -7.236894 1.706216 -11.584920
v -7.236894 1.706216 -11.584920
v -7.159400 1.706216 -11.668838
v -7.159400 1.706216 -11.668838
v -7.159400 1.706216 -11.668838
v -7.159400 1.706216 -11.668838
v -7.243061 1.817740 -11.409061
v -7.243061 1.817740 -11.409061
v -7.243061 1.817740 -11.409061
v -7.243061 1.817740 -11.409061
v -7.243061 1.817740 -11.409061
v -7.243061 1.817740 -11.409061
v -7.243061 1.817740 -11.409061
v -7.243061 1.817740 -11.409061
v -7.263533 2.040794 -11.397667
v -7.263533 2.040794 -11.397667
v -7.263533 2.040794 -11.397667
v -7.263533 2.040794 -11.397667
v -7.263533 2.040794 -11.397667
v -7.263533 2.040794 -11.397667
v -7.263533 2.040794 -11.397667
v -7.263533 2.040794 -11.397667
v -7.213994 1.929267 -11.351285
v -7.213994 1.929267 -11.351285
v -7.213994 1.929267 -11.351285
v -7.213994 1.929267 -11.351285
v -7.213994 1.929267 -11.351285
v -7.213994 1.929267 -11.351285
v -7.213994 1.929267 -11.351285
v -7.213994 1.929267 -11.351285
v -6.884941 1.929267 -11.412567
v -6.884941 1.929267 -11.412567
v -6.884941 1.929267 -11.412567
v -6.884941 1.929267 -11.412567
v -6.884941 1.929267 -11.412567
v -6.884941 1.929267 -11.412567
v -6.884941 1.929267 -11.412567
v -6.884941 1.929267 -11.412567
v -6.853408 2.040794 -11.473511
v -6.853408 2.040794 -11.473511
v -6.853408 2.040794 -11.473511
v -6.853408 2.040794 -11.473511
v -6.853408 2.040794 -11.473511
v -6.853408 2.040794 -11.473511
v -6.853408 2.040794 -11.473511
v -6.853408 2.040794 -11.473511
v -6.879536 1.817740 -11.477304
v -6.879536 1.817740 -11.477304
v -6.879536 1.817740 -11.477304
v -6.879536 1.817740 -11.477304
v -6.879536 1.817740 -11.477304
v -6.879536 1.817740 -11.477304
v -6.879536 1.817740 -11.477304
v -6.879536 1.817740 -11.477304
v -7.274798 1.929267 -11.465206
v -7.274798 1.929267 -11.465206
v -7.274798 1.929267 -11.465206
v -7.274798 1.929267 -11.465206
v -7.274798 1.929267 -11.465206
v -7.274798 1.929267 -11.465206
v -7.274798 1.929267 -11.465206
v -7.274798 1.929267 -11.465206
v -6.931404 1.817740 -11.366648
v -6.931404 1.817740 -11.366648
v -6.931404 1.817740 -11.366648
v -6.931404 1.817740 -11.366648
v -6.931404 1.817740 -11.366648
v -6.931404 1.817740 -11.366648
v -6.931404 1.817740 -11.366648
v -6.931404 1.817740 -11.366648
v -6.911925 2.040794 -11.350529
v -6.911925 2.040794 -11.350529
v -6.911925 2.040794 -11.350529
v -6.911925 2.040794 -11.350529
v -6.911925 2.040794 -11.350529
v -6.911925 2.040794 -11.350529
v -6.911925 2.040794 -11.350529
v -6.911925 2.040794 -11.350529
v -7.107268 1.817740 -11.698766
v -7.107268 1.817740 -11.698766
v -7.107268 1.817740 -11.698766
v -7.107268 1.817740 -11.698766
v -7.107268 1.817740 -11.698766
v -7.107268 1.817740 -11.698766
v -7.107268 1.817740 -11.698766
v -7.107268 1.817740 -11.698766
v -7.110333 2.040794 -11.719635
v -7.110333 2.040794 -11.719635
v -7.110333 2.040794 -11.719635
v -7.110333 2.040794 -11.719635
v -7.110333 2.040794 -11.719635
v -7.110333 2.040794 -11.719635
v -7.110333 2.040794 -11.719635
v -7.110333 2.040794 -11.719635
v -7.044128 1.929267 -11.710815
v -7.044128 1.929267 -11.710815
v -7.044128 1.929267 -11.710815
v -7.044128 1.929267 -11.710815
v -7.044128 1.929267 -11.710815
v -7.044128 1.929267 -11.710815
v -7.044128 1.929267 -11.710815
v -7.044128 1.929267 -11.710815
v -7.264765 1.817740 -11.529732
v -7.264765 1.817740 -11.529732
v -7.264765 1.817740 -11.529732
v -7.264765 1.817740 -11.529732
v -7.264765 1.817740 -11.529732
v -7.264765 1.817740 -11.529732
v -7.264765 1.817740 -11.529732
v -7.264765 1.817740 -11.529732
v -7.288020 2.040794 -11.531776
v -7.288020 2.040794 -11.531776
v -7.288020 2.040794 -11.531776
v -7.288020 2.040794 -11.531776
v -7.288020 2.040794 -11.531776
v -7.288020 2.040794 -11.531776
v -7.288020 2.040794 -11.531776
v -7.288020 2.040794 -11.531776
v -6.973049 1.929267 -11.318752
v -6.973049 1.929267 -11.318752
v -6.973049 1.929267 -11.318752
v -6.973049 1.929267 -11.318752
v -6.973049 1.929267 -11.318752
v -6.973049 1.929267 -11.318752
v -6.973049 1.929267 -11.318752
v -6.973049 1.929267 -11.318752
v -6.988226 1.817740 -11.682565
v -6.988226 1.817740 -11.682565
v -6.988226 1.817740 -11.682565
v -6.988226 1.817740 -11.682565
v -6.988226 1.817740 -11.682565
v -6.988226 1.817740 -11.682565
v -6.988226 1.817740 -11.682565
v -6.988226 1.817740 -11.682565
v -6.976031 2.040794 -11.701630
v -6.976031 2.040794 -11.701630
v -6.976031 2.040794 -11.701630
v -6.976031 2.040794 -11.701630
v -6.976031 2.040794 -11.701630
v -6.976031 2.040794 -11.701630
v -6.976031 2.040794 -11.701630
v -6.976031 2.040794 -11.701630
v -7.257924 1.929267 -11.593594
v -7.257924 1.929267 -11.593594
v -7.257924 1.929267 -11.593594
v -7.257924 1.929267 -11.593594
v -7.257924 1.929267 -11.593594
v -7.257924 1.929267 -11.593594
v -7.257924 1.929267 -11.593594
v -7.257924 1.929267 -11.593594
v -7.037032 1.817740 -11.308271
v -7.037032 1.817740 -11.308271
v -7.037032 1.817740 -11.308271
v -7.037032 1.817740 -11.308271
v -7.037032 1.817740 -11.308271
v -7.037032 1.817740 -11.308271
v -7.037032 1.817740 -11.308271
v -7.037032 1.817740 -11.308271
v -7.031095 2.040794 -11.285650
v -7.031095 2.040794 -11.285650
v -7.031095 2.040794 -11.285650
v -7.031095 2.040794 -11.285650
v -7.031095 2.040794 -11.285650
v -7.031095 2.040794 -11.285650
v -7.031095 2.040794 -11.285650
v -7.031095 2.040794 -11.285650
v -6.928870 1.929267 -11.654877
v -6.928870 1.929267 -11.654877
v -6.928870 1.929267 -11.654877
v -6.928870 1.929267 -11.654877
v -6.928870 1.929267 -11.654877
v -6.928870 1.929267 -11.654877
v -6.928870 1.929267 -11.654877
v -6.928870 1.929267 -11.654877
v -7.212897 1.817740 -11.640388
v -7.212897 1.817740 -11.640388
v -7.212897 1.817740 -11.640388
v -7.212897 1.817740 -11.640388
v -7.212897 1.817740 -11.640388
v -7.212897 1.817740 -11.640388
v -7.212897 1.817740 -11.640388
v -7.212897 1.817740 -11.640388
v -7.229503 2.040794 -11.654757
v -7.229503 2.040794 -11.654757
v -7.229503 2.040794 -11.654757
v -7.229503 2.040794 -11.654757
v -7.229503 2.040794 -11.654757
v -7.229503 2.040794 -11.654757
v -7.229503 2.040794 -11.654757
v -7.229503 2.040794 -11.654757
v -7.098736 1.929267 -11.295345
v -7.098736 1.929267 -11.295345
v -7.098736 1.929267 -11.295345
v -7.098736 1.929267 -11.295345
v -7.098736 1.929267 -11.295345
v -7.098736 1.929267 -11.295345
v -7.098736 1.929267 -11.295345
v -7.098736 1.929267 -11.295345
v -6.901239 1.817740 -11.597974
v -6.901239 1.817740 -11.597974
v -6.901239 1.817740 -11.597974
v -6.901239 1.817740 -11.597974
v -6.901239 1.817740 -11.597974
v -6.901239 1.817740 -11.597974
v -6.901239 1.817740 -11.597974
v -6.901239 1.817740 -11.597974
v -6.877894 2.040794 -11.607618
v -6.877894 2.040794 -11.607618
v -6.877894 2.040794 -11.607618
v -6.877894 2.040794 -11.607618
v -6.877894 2.040794 -11.607618
v -6.877894 2.040794 -11.607618
v -6.877894 2.040794 -11.607618
v -6.877894 2.040794 -11.607618
v -7.169816 1.929267 -11.687408
v -7.169816 1.929267 -11.687408
v -7.169816 1.929267 -11.687408
v -7.169816 1.929267 -11.687408
v -7.169816 1.929267 -11.687408
v -7.169816 1.929267 -11.687408
v -7.169816 1.929267 -11.687408
v -7.169816 1.929267 -11.687408
v -7.156075 1.817740 -11.324472
v -7.156075 1.817740 -11.324472
v -7.156075 1.817740 -11.324472
v -7.156075 1.817740 -11.324472
v -7.156075 1.817740 -11.324472
v -7.156075 1.817740 -11.324472
v -7.156075 1.817740 -11.324472
v -7.156075 1.817740 -11.324472
v -7.165397 2.040794 -11.303656
v -7.165397 2.040794 -11.303656
v -7.165397 2.040794 -11.303656
v -7.165397 2.040794 -11.303656
v -7.165397 2.040794 -11.303656
v -7.165397 2.040794 -11.303656
v -7.165397 2.040794 -11.303656
v -7.165397 2.040794 -11.303656
v -6.868066 1.929267 -11.540956
v -6.868066 1.929267 -11.540956
v -6.868066 1.929267 -11.540956
v -6.868066 1.929267 -11.540956
v -6.868066 1.929267 -11.540956
v -6.868066 1.929267 -11.540956
v -6.868066 1.929267 -11.540956
v -6.868066 1.929267 -11.540956
v -7.273135 1.913198 -11.465547
v -7.273135 1.913198 -11.465547
v -7.244620 1.817855 -11.417664
v -7.244620 1.817855 -11.417664
v -7.253368 1.721963 -11.469756
v -7.253368 1.721963 -11.469756
v -7.263222 1.817792 -11.521121
v -7.263222 1.817792 -11.521121
v -6.886653 1.913158 -11.413349
v -6.886653 1.913158 -11.413349
v -6.883231 1.817862 -11.469388
v -6.883231 1.817862 -11.469388
v -6.907156 1.721968 -11.422254
v -6.907156 1.721968 -11.422254
v -6.927696 1.817801 -11.374542
v -6.927696 1.817801 -11.374542
v -6.973964 1.913023 -11.320262
v -6.973964 1.913023 -11.320262
v -6.939014 1.817905 -11.362421
v -6.939014 1.817905 -11.362421
v -6.985412 1.722118 -11.337612
v -6.985412 1.722118 -11.337612
v -7.029428 1.817746 -11.312473
v -7.029428 1.817746 -11.312473
v -7.256423 1.913165 -11.592930
v -7.256423 1.913165 -11.592930
v -7.261065 1.817868 -11.537655
v -7.261065 1.817868 -11.537655
v -7.238379 1.722006 -11.585543
v -7.238379 1.722006 -11.585543
v -7.216605 1.817773 -11.632486
v -7.216605 1.817773 -11.632486
v -6.930158 1.913083 -11.653717
v -6.930158 1.913083 -11.653717
v -6.981989 1.817701 -11.676495
v -6.981989 1.817701 -11.676495
v -6.946191 1.722068 -11.640845
v -6.946191 1.722068 -11.640845
v -6.907477 1.817947 -11.604071
v -6.907477 1.817947 -11.604071
v -7.098576 1.912975 -11.297007
v -7.098576 1.912975 -11.297007
v -7.045639 1.817877 -11.309428
v -7.045639 1.817877 -11.309428
v -7.097050 1.722181 -11.316509
v -7.097050 1.722181 -11.316509
v -7.147465 1.817767 -11.323298
v -7.147465 1.817767 -11.323298
v -7.162323 1.817844 -11.330534
v -7.162323 1.817844 -11.330534
v -7.199398 1.722075 -11.366995
v -7.199398 1.722075 -11.366995
v -7.236810 1.817801 -11.402975
v -7.236810 1.817801 -11.402975
v -7.212858 1.913086 -11.352516
v -7.212858 1.913086 -11.352516
v -6.869927 1.913194 -11.540688
v -6.869927 1.913194 -11.540688
v -6.899691 1.817765 -11.589377
v -6.899691 1.817765 -11.589377
v -6.892179 1.721935 -11.538083
v -6.892179 1.721935 -11.538083
v -6.881065 1.817898 -11.485910
v -6.881065 1.817898 -11.485910
v -7.169075 1.913032 -11.686047
v -7.169075 1.913032 -11.686047
v -7.205276 1.817822 -11.644609
v -7.205276 1.817822 -11.644609
v -7.160156 1.722150 -11.670158
v -7.160156 1.722150 -11.670158
v -7.114882 1.817811 -11.694566
v -7.114882 1.817811 -11.694566
v -6.883374 1.943960 -11.411865
v -6.883374 1.943960 -11.411865
v -6.908019 2.040867 -11.358719
v -6.908019 2.040867 -11.358719
v -6.862638 2.137282 -11.402870
v -6.862638 2.137282 -11.402870
v -6.857294 2.040938 -11.465303
v -6.857294 2.040938 -11.465303
v -6.877758 1.832906 -11.477058
v -6.877758 1.832906 -11.477058
v -6.883767 1.929384 -11.421394
v -6.883767 1.929384 -11.421394
v -6.855227 2.025276 -11.473768
v -6.855227 2.025276 -11.473768
v -6.869217 1.929353 -11.532122
v -6.869217 1.929353 -11.532122
v -6.996836 1.817900 -11.683752
v -6.996836 1.817900 -11.683752
v -7.048553 1.722196 -11.691288
v -7.048553 1.722196 -11.691288
v -7.098660 1.817736 -11.697594
v -7.098660 1.817736 -11.697594
v -7.044424 1.912979 -11.709272
v -7.044424 1.912979 -11.709272
v -7.052857 1.929385 -11.709202
v -7.052857 1.929385 -11.709202
v -7.107502 1.833085 -11.700197
v -7.107502 1.833085 -11.700197
v -7.161085 1.929316 -11.689038
v -7.161085 1.929316 -11.689038
v -7.110103 2.025157 -11.718176
v -7.110103 2.025157 -11.718176
v -6.866365 1.943952 -11.541199
v -6.866365 1.943952 -11.541199
v -6.855020 2.040970 -11.482447
v -6.855020 2.040970 -11.482447
v -6.843871 2.137292 -11.543823
v -6.843871 2.137292 -11.543823
v -6.876259 2.040836 -11.598688
v -6.876259 2.040836 -11.598688
v -6.924683 1.929256 -11.647028
v -6.924683 1.929256 -11.647028
v -6.899672 1.832947 -11.598676
v -6.899672 1.832947 -11.598676
v -6.872239 1.929471 -11.548822
v -6.872239 1.929471 -11.548822
v -6.879487 2.025249 -11.606882
v -6.879487 2.025249 -11.606882
v -7.251837 1.929392 -11.600094
v -7.251837 1.929392 -11.600094
v -7.214027 1.833013 -11.641379
v -7.214027 1.833013 -11.641379
v -7.175906 1.929313 -11.680930
v -7.175906 1.929313 -11.680930
v -7.228367 2.025224 -11.653728
v -7.228367 2.025224 -11.653728
v -7.098890 1.944041 -11.293840
v -7.098890 1.944041 -11.293840
v -7.156408 2.040840 -11.302446
v -7.156408 2.040840 -11.302446
v -7.100434 2.137239 -11.274092
v -7.100434 2.137239 -11.274092
v -7.040083 2.040942 -11.286840
v -7.040083 2.040942 -11.286840
v -6.981771 1.929431 -11.317111
v -6.981771 1.929431 -11.317111
v -7.036661 1.833061 -11.306710
v -7.036661 1.833061 -11.306710
v -7.090015 1.929285 -11.296967
v -7.090015 1.929285 -11.296967
v -7.031464 2.025150 -11.287246
v -7.031464 2.025150 -11.287246
v -7.170504 1.944046 -11.688640
v -7.170504 1.944046 -11.688640
v -7.118307 2.040873 -11.715303
v -7.118307 2.040873 -11.715303
v -7.179538 2.137256 -11.704720
v -7.179538 2.137256 -11.704720
v -7.221533 2.040895 -11.659107
v -7.221533 2.040895 -11.659107
v -6.927691 1.944005 -11.655924
v -6.927691 1.944005 -11.655924
v -6.884433 2.041020 -11.613915
v -6.884433 2.041020 -11.613915
v -6.911456 2.137265 -11.668936
v -6.911456 2.137265 -11.668936
v -6.969483 2.040769 -11.695353
v -6.969483 2.040769 -11.695353
v -7.036144 1.929240 -11.706938
v -7.036144 1.929240 -11.706938
v -6.987438 1.833051 -11.683897
v -6.987438 1.833051 -11.683897
v -6.936856 1.929470 -11.658774
v -6.936856 1.929470 -11.658774
v -6.976817 2.025174 -11.700262
v -6.976817 2.025174 -11.700262
v -7.215044 1.944013 -11.350178
v -7.215044 1.944013 -11.350178
v -7.256982 2.040878 -11.391379
v -7.256982 2.040878 -11.391379
v -7.228667 2.137268 -11.335533
v -7.228667 2.137268 -11.335533
v -7.171957 2.040905 -11.309925
v -7.171957 2.040905 -11.309925
v -7.259301 1.943998 -11.594191
v -7.259301 1.943998 -11.594191
v -7.233409 2.040839 -11.646557
v -7.233409 2.040839 -11.646557
v -7.277551 2.137289 -11.601650
v -7.277551 2.137289 -11.601650
v -7.284128 2.040942 -11.539989
v -7.284128 2.040942 -11.539989
v -7.273650 1.929400 -11.474047
v -7.273650 1.929400 -11.474047
v -7.266347 1.832939 -11.529892
v -7.266347 1.832939 -11.529892
v -7.259090 1.929315 -11.584757
v -7.259090 1.929315 -11.584757
v -7.286406 2.025282 -11.531605
v -7.286406 2.025282 -11.531605
v -6.972210 1.944015 -11.317389
v -6.972210 1.944015 -11.317389
v -7.023131 2.040813 -11.289984
v -7.023131 2.040813 -11.289984
v -6.960609 2.137249 -11.299831
v -6.960609 2.137249 -11.299831
v -6.919883 2.040978 -11.346174
v -6.919883 2.040978 -11.346174
v -6.891017 1.929432 -11.406071
v -6.891017 1.929432 -11.406071
v -6.930092 1.832976 -11.365528
v -6.930092 1.832976 -11.365528
v -6.966966 1.929296 -11.325226
v -6.966966 1.929296 -11.325226
v -6.913250 2.025215 -11.351692
v -6.913250 2.025215 -11.351692
v -7.276323 1.943979 -11.464903
v -7.276323 1.943979 -11.464903
v -7.286395 2.040867 -11.522834
v -7.286395 2.040867 -11.522834
v -7.296305 2.137296 -11.460649
v -7.296305 2.137296 -11.460649
v -7.265178 2.040921 -11.406603
v -7.265178 2.040921 -11.406603
v -7.218194 1.929376 -11.359131
v -7.218194 1.929376 -11.359131
v -7.244468 1.832964 -11.408302
v -7.244468 1.832964 -11.408302
v -7.270609 1.929340 -11.457341
v -7.270609 1.929340 -11.457341
v -7.262107 2.025253 -11.398460
v -7.262107 2.025253 -11.398460
v -7.106726 1.929386 -11.299210
v -7.106726 1.929386 -11.299210
v -7.156739 1.833047 -11.323055
v -7.156739 1.833047 -11.323055
v -7.206002 1.929326 -11.347400
v -7.206002 1.929326 -11.347400
v -7.164736 2.025174 -11.305110
v -7.164736 2.025174 -11.305110
v -7.043861 1.944057 -11.712217
v -7.043861 1.944057 -11.712217
v -7.101343 2.040806 -11.718431
v -7.101343 2.040806 -11.718431
v -7.039672 2.137242 -11.730428
v -7.039672 2.137242 -11.730428
v -6.985021 2.040965 -11.702852
v -6.985021 2.040965 -11.702852
v -7.025773 2.142982 -11.725340
v -7.025773 2.142982 -11.725340
v -6.975943 2.055287 -11.701572
v -6.975943 2.055287 -11.701572
v -6.924225 2.142982 -11.676713
v -6.924225 2.142982 -11.676713
v -6.903157 2.142983 -11.656672
v -6.903157 2.142983 -11.656672
v -6.877707 2.055286 -11.607607
v -6.877707 2.055286 -11.607607
v -6.849586 2.142983 -11.557642
v -6.849586 2.142983 -11.557642
v -6.859170 2.142984 -11.417347
v -6.859170 2.142984 -11.417347
v -6.844302 2.142984 -11.528956
v -6.844302 2.142984 -11.528956
v -6.853170 2.055285 -11.473467
v -6.853170 2.055285 -11.473467
v -6.871746 2.142983 -11.391050
v -6.871746 2.142983 -11.391050
v -6.911760 2.055286 -11.350463
v -6.911760 2.055286 -11.350463
v -6.949374 2.142983 -11.309498
v -6.949374 2.142983 -11.309498
v -6.974930 2.142982 -11.295671
v -6.974930 2.142982 -11.295671
v -7.031022 2.055286 -11.285622
v -7.031022 2.055286 -11.285622
v -7.085666 2.142982 -11.275324
v -7.085666 2.142982 -11.275324
v -7.114420 2.142982 -11.279184
v -7.114420 2.142982 -11.279184
v -7.165380 2.055286 -11.303638
v -7.165380 2.055286 -11.303638
v -7.215968 2.142982 -11.327811
v -7.215968 2.142982 -11.327811
v -7.236992 2.142982 -11.347883
v -7.236992 2.142982 -11.347883
v -7.263571 2.055286 -11.397635
v -7.263571 2.055286 -11.397635
v -7.290564 2.142982 -11.446913
v -7.290564 2.142982 -11.446913
v -7.295805 2.142982 -11.475567
v -7.295805 2.142982 -11.475567
v -7.288066 2.055286 -11.531742
v -7.288066 2.055286 -11.531742
v -7.280937 2.142982 -11.587172
v -7.280937 2.142982 -11.587172
v -7.268379 2.142982 -11.613421
v -7.268379 2.142982 -11.613421
v -7.229495 2.055286 -11.654696
v -7.229495 2.055286 -11.654696
v -7.190751 2.142982 -11.694973
v -7.190751 2.142982 -11.694973
v -7.054512 2.142982 -11.729149
v -7.054512 2.142982 -11.729149
v -7.110287 2.055286 -11.719539
v -7.110287 2.055286 -11.719539
v -7.165249 2.142982 -11.708800
v -7.165249 2.142982 -11.708800
v -7.036278 1.715297 -11.685418
v -6.958355 1.715297 -11.646955
v -6.989675 1.801023 -11.679874
v -6.989675 1.801023 -11.679874
v -6.939754 1.715267 -11.628775
v -6.898524 1.715267 -11.550215
v -6.904105 1.801247 -11.596578
v -6.904105 1.801247 -11.596578
v -6.882759 1.801326 -11.477750
v -6.882759 1.801326 -11.477750
v -6.893923 1.715253 -11.524466
v -6.905378 1.715253 -11.435833
v -6.916422 1.715264 -11.412195
v -6.976107 1.715264 -11.347563
v -6.933798 1.801162 -11.368799
v -6.933798 1.801162 -11.368799
v -6.998740 1.715285 -11.335001
v -7.083674 1.715285 -11.318913
v -7.037690 1.800973 -11.311334
v -7.037690 1.800973 -11.311334
v -7.109272 1.715292 -11.322390
v -7.187201 1.715292 -11.360855
v -7.154774 1.801025 -11.327260
v -7.154774 1.801025 -11.327260
v -7.205849 1.715289 -11.379022
v -7.247062 1.715289 -11.457551
v -7.240376 1.801235 -11.410532
v -7.240376 1.801235 -11.410532
v -7.251705 1.715291 -11.483377
v -7.240258 1.715291 -11.571947
v -7.261754 1.801305 -11.529385
v -7.261754 1.801305 -11.529385
v -7.229172 1.715305 -11.595684
v -7.169531 1.715305 -11.660270
v -7.210704 1.801140 -11.638374
v -7.210704 1.801140 -11.638374
v -7.106772 1.800959 -11.695841
v -7.106772 1.800959 -11.695841
v -7.146807 1.715312 -11.672859
v -7.061913 1.715312 -11.688938
v -7.036692 2.179269 -11.752207
v -6.961068 2.179269 -11.729679
v -6.962255 2.165794 -11.727198
v -7.037055 2.165794 -11.749479
v -7.037055 2.165794 -11.749479
v -6.962255 2.165794 -11.727198
v -6.965500 2.155931 -11.720421
v -7.038047 2.155931 -11.742031
v -7.038047 2.155931 -11.742031
v -6.965500 2.155931 -11.720421
v -6.969934 2.152320 -11.711164
v -7.039402 2.152320 -11.731857
v -7.039402 2.152320 -11.731857
v -6.969934 2.152320 -11.711164
v -6.974367 2.155931 -11.701906
v -7.040758 2.155931 -11.721683
v -7.040758 2.155931 -11.721683
v -6.974367 2.155931 -11.701906
v -6.977612 2.165794 -11.695129
v -7.041750 2.165794 -11.714233
v -7.041750 2.165794 -11.714233
v -6.977612 2.165794 -11.695129
v -6.978800 2.179269 -11.692648
v -7.042114 2.179269 -11.711508
v -7.042114 2.179269 -11.711508
v -6.978800 2.179269 -11.692648
v -6.977612 2.192741 -11.695129
v -7.041750 2.192741 -11.714233
v -7.041750 2.192741 -11.714233
v -6.977612 2.192741 -11.695129
v -6.974367 2.202604 -11.701906
v -7.040758 2.202604 -11.721683
v -7.040758 2.202604 -11.721683
v -6.974367 2.202604 -11.701906
v -6.969934 2.206215 -11.711164
v -7.039402 2.206215 -11.731857
v -7.039402 2.206215 -11.731857
v -6.969934 2.206215 -11.711164
v -6.965500 2.202604 -11.720421
v -7.038047 2.202604 -11.742031
v -7.038047 2.202604 -11.742031
v -6.965500 2.202604 -11.720421
v -6.962255 2.192741 -11.727198
v -7.037055 2.192741 -11.749479
v -7.037055 2.192741 -11.749479
v -6.962255 2.192741 -11.727198
v -6.961068 2.179269 -11.729679
v -7.036692 2.179269 -11.752207
v -6.961068 2.179269 -11.729679
v -6.896106 2.179269 -11.684885
v -6.898002 2.165794 -11.682894
v -6.962255 2.165794 -11.727198
v -6.962255 2.165794 -11.727198
v -6.898002 2.165794 -11.682894
v -6.903183 2.155931 -11.677450
v -6.965500 2.155931 -11.720421
v -6.965500 2.155931 -11.720421
v -6.903183 2.155931 -11.677450
v -6.910259 2.152320 -11.670015
v -6.969934 2.152320 -11.711164
v -6.969934 2.152320 -11.711164
v -6.910259 2.152320 -11.670015
v -6.917337 2.155931 -11.662580
v -6.974367 2.155931 -11.701906
v -6.974367 2.155931 -11.701906
v -6.917337 2.155931 -11.662580
v -6.922517 2.165794 -11.657139
v -6.977612 2.165794 -11.695129
v -6.977612 2.165794 -11.695129
v -6.922517 2.165794 -11.657139
v -6.924413 2.179269 -11.655146
v -6.978800 2.179269 -11.692648
v -6.978800 2.179269 -11.692648
v -6.924413 2.179269 -11.655146
v -6.922517 2.192741 -11.657139
v -6.977612 2.192741 -11.695129
v -6.977612 2.192741 -11.695129
v -6.922517 2.192741 -11.657139
v -6.917337 2.202604 -11.662580
v -6.974367 2.202604 -11.701906
v -6.974367 2.202604 -11.701906
v -6.917337 2.202604 -11.662580
v -6.910259 2.206215 -11.670015
v -6.969934 2.206215 -11.711164
v -6.969934 2.206215 -11.711164
v -6.910259 2.206215 -11.670015
v -6.903183 2.202604 -11.677450
v -6.965500 2.202604 -11.720421
v -6.965500 2.202604 -11.720421
v -6.903183 2.202604 -11.677450
v -6.898002 2.192741 -11.682894
v -6.962255 2.192741 -11.727198
v -6.962255 2.192741 -11.727198
v -6.898002 2.192741 -11.682894
v -6.896106 2.179269 -11.684885
v -6.961068 2.179269 -11.729679
v -6.896106 2.179269 -11.684885
v -6.848166 2.179269 -11.622209
v -6.850585 2.165794 -11.620900
v -6.898002 2.165794 -11.682894
v -6.898002 2.165794 -11.682894
v -6.850585 2.165794 -11.620900
v -6.857194 2.155931 -11.617325
v -6.903183 2.155931 -11.677450
v -6.903183 2.155931 -11.677450
v -6.857194 2.155931 -11.617325
v -6.866221 2.152320 -11.612441
v -6.910259 2.152320 -11.670015
v -6.910259 2.152320 -11.670015
v -6.866221 2.152320 -11.612441
v -6.875250 2.155931 -11.607557
v -6.917337 2.155931 -11.662580
v -6.917337 2.155931 -11.662580
v -6.875250 2.155931 -11.607557
v -6.881859 2.165794 -11.603981
v -6.922517 2.165794 -11.657139
v -6.922517 2.165794 -11.657139
v -6.881859 2.165794 -11.603981
v -6.884278 2.179269 -11.602673
v -6.924413 2.179269 -11.655146
v -6.924413 2.179269 -11.655146
v -6.884278 2.179269 -11.602673
v -6.881859 2.192741 -11.603981
v -6.922517 2.192741 -11.657139
v -6.922517 2.192741 -11.657139
v -6.881859 2.192741 -11.603981
v -6.875250 2.202604 -11.607557
v -6.917337 2.202604 -11.662580
v -6.917337 2.202604 -11.662580
v -6.875250 2.202604 -11.607557
v -6.866221 2.206215 -11.612441
v -6.910259 2.206215 -11.670015
v -6.910259 2.206215 -11.670015
v -6.866221 2.206215 -11.612441
v -6.857194 2.202604 -11.617325
v -6.903183 2.202604 -11.677450
v -6.903183 2.202604 -11.677450
v -6.857194 2.202604 -11.617325
v -6.850585 2.192741 -11.620900
v -6.898002 2.192741 -11.682894
v -6.898002 2.192741 -11.682894
v -6.850585 2.192741 -11.620900
v -6.848166 2.179269 -11.622209
v -6.896106 2.179269 -11.684885
v -6.848166 2.179269 -11.622209
v -6.821940 2.179269 -11.547787
v -6.824645 2.165794 -11.547289
v -6.850585 2.165794 -11.620900
v -6.850585 2.165794 -11.620900
v -6.824645 2.165794 -11.547289
v -6.832036 2.155931 -11.545931
v -6.857194 2.155931 -11.617325
v -6.857194 2.155931 -11.617325
v -6.832036 2.155931 -11.545931
v -6.842131 2.152320 -11.544075
v -6.866221 2.152320 -11.612441
v -6.866221 2.152320 -11.612441
v -6.842131 2.152320 -11.544075
v -6.852226 2.155931 -11.542221
v -6.875250 2.155931 -11.607557
v -6.875250 2.155931 -11.607557
v -6.852226 2.155931 -11.542221
v -6.859616 2.165794 -11.540863
v -6.881859 2.165794 -11.603981
v -6.881859 2.165794 -11.603981
v -6.859616 2.165794 -11.540863
v -6.862321 2.179269 -11.540366
v -6.884278 2.179269 -11.602673
v -6.884278 2.179269 -11.602673
v -6.862321 2.179269 -11.540366
v -6.859616 2.192741 -11.540863
v -6.881859 2.192741 -11.603981
v -6.881859 2.192741 -11.603981
v -6.859616 2.192741 -11.540863
v -6.852226 2.202604 -11.542221
v -6.875250 2.202604 -11.607557
v -6.875250 2.202604 -11.607557
v -6.852226 2.202604 -11.542221
v -6.842131 2.206215 -11.544075
v -6.866221 2.206215 -11.612441
v -6.866221 2.206215 -11.612441
v -6.842131 2.206215 -11.544075
v -6.832036 2.202604 -11.545931
v -6.857194 2.202604 -11.617325
v -6.857194 2.202604 -11.617325
v -6.832036 2.202604 -11.545931
v -6.824645 2.192741 -11.547289
v -6.850585 2.192741 -11.620900
v -6.850585 2.192741 -11.620900
v -6.824645 2.192741 -11.547289
v -6.821940 2.179269 -11.547787
v -6.848166 2.179269 -11.622209
v -6.821940 2.179269 -11.547787
v -6.819995 2.179269 -11.468902
v -6.822722 2.165794 -11.469265
v -6.824645 2.165794 -11.547289
v -6.824645 2.165794 -11.547289
v -6.822722 2.165794 -11.469265
v -6.830170 2.155931 -11.470257
v -6.832036 2.155931 -11.545931
v -6.832036 2.155931 -11.545931
v -6.830170 2.155931 -11.470257
v -6.840344 2.152320 -11.471613
v -6.842131 2.152320 -11.544075
v -6.842131 2.152320 -11.544075
v -6.840344 2.152320 -11.471613
v -6.850519 2.155931 -11.472969
v -6.852226 2.155931 -11.542221
v -6.852226 2.155931 -11.542221
v -6.850519 2.155931 -11.472969
v -6.857967 2.165794 -11.473961
v -6.859616 2.165794 -11.540863
v -6.859616 2.165794 -11.540863
v -6.857967 2.165794 -11.473961
v -6.860693 2.179269 -11.474323
v -6.862321 2.179269 -11.540366
v -6.862321 2.179269 -11.540366
v -6.860693 2.179269 -11.474323
v -6.857967 2.192741 -11.473961
v -6.859616 2.192741 -11.540863
v -6.859616 2.192741 -11.540863
v -6.857967 2.192741 -11.473961
v -6.850519 2.202604 -11.472969
v -6.852226 2.202604 -11.542221
v -6.852226 2.202604 -11.542221
v -6.850519 2.202604 -11.472969
v -6.840344 2.206215 -11.471613
v -6.842131 2.206215 -11.544075
v -6.842131 2.206215 -11.544075
v -6.840344 2.206215 -11.471613
v -6.830170 2.202604 -11.470257
v -6.832036 2.202604 -11.545931
v -6.832036 2.202604 -11.545931
v -6.830170 2.202604 -11.470257
v -6.822722 2.192741 -11.469265
v -6.824645 2.192741 -11.547289
v -6.824645 2.192741 -11.547289
v -6.822722 2.192741 -11.469265
v -6.819995 2.179269 -11.468902
v -6.821940 2.179269 -11.547787
v -6.819995 2.179269 -11.468902
v -6.842523 2.179269 -11.393278
v -6.845004 2.165794 -11.394465
v -6.822722 2.165794 -11.469265
v -6.822722 2.165794 -11.469265
v -6.845004 2.165794 -11.394465
v -6.851780 2.155931 -11.397711
v -6.830170 2.155931 -11.470257
v -6.830170 2.155931 -11.470257
v -6.851780 2.155931 -11.397711
v -6.861038 2.152320 -11.402143
v -6.840344 2.152320 -11.471613
v -6.840344 2.152320 -11.471613
v -6.861038 2.152320 -11.402143
v -6.870296 2.155931 -11.406577
v -6.850519 2.155931 -11.472969
v -6.850519 2.155931 -11.472969
v -6.870296 2.155931 -11.406577
v -6.877073 2.165794 -11.409822
v -6.857967 2.165794 -11.473961
v -6.857967 2.165794 -11.473961
v -6.877073 2.165794 -11.409822
v -6.879554 2.179269 -11.411011
v -6.860693 2.179269 -11.474323
v -6.860693 2.179269 -11.474323
v -6.879554 2.179269 -11.411011
v -6.877073 2.192741 -11.409822
v -6.857967 2.192741 -11.473961
v -6.857967 2.192741 -11.473961
v -6.877073 2.192741 -11.409822
v -6.870296 2.202604 -11.406577
v -6.850519 2.202604 -11.472969
v -6.850519 2.202604 -11.472969
v -6.870296 2.202604 -11.406577
v -6.861038 2.206215 -11.402143
v -6.840344 2.206215 -11.471613
v -6.840344 2.206215 -11.471613
v -6.861038 2.206215 -11.402143
v -6.851780 2.202604 -11.397711
v -6.830170 2.202604 -11.470257
v -6.830170 2.202604 -11.470257
v -6.851780 2.202604 -11.397711
v -6.845004 2.192741 -11.394465
v -6.822722 2.192741 -11.469265
v -6.822722 2.192741 -11.469265
v -6.845004 2.192741 -11.394465
v -6.842523 2.179269 -11.393278
v -6.819995 2.179269 -11.468902
v -6.842523 2.179269 -11.393278
v -6.887317 2.179269 -11.328316
v -6.889309 2.165794 -11.330213
v -6.845004 2.165794 -11.394465
v -6.845004 2.165794 -11.394465
v -6.889309 2.165794 -11.330213
v -6.894752 2.155931 -11.335393
v -6.851780 2.155931 -11.397711
v -6.851780 2.155931 -11.397711
v -6.894752 2.155931 -11.335393
v -6.902186 2.152320 -11.342470
v -6.861038 2.152320 -11.402143
v -6.861038 2.152320 -11.402143
v -6.902186 2.152320 -11.342470
v -6.909621 2.155931 -11.349546
v -6.870296 2.155931 -11.406577
v -6.870296 2.155931 -11.406577
v -6.909621 2.155931 -11.349546
v -6.915063 2.165794 -11.354728
v -6.877073 2.165794 -11.409822
v -6.877073 2.165794 -11.409822
v -6.915063 2.165794 -11.354728
v -6.917055 2.179269 -11.356624
v -6.879554 2.179269 -11.411011
v -6.879554 2.179269 -11.411011
v -6.917055 2.179269 -11.356624
v -6.915063 2.192741 -11.354728
v -6.877073 2.192741 -11.409822
v -6.877073 2.192741 -11.409822
v -6.915063 2.192741 -11.354728
v -6.909621 2.202604 -11.349546
v -6.870296 2.202604 -11.406577
v -6.870296 2.202604 -11.406577
v -6.909621 2.202604 -11.349546
v -6.902186 2.206215 -11.342470
v -6.861038 2.206215 -11.402143
v -6.861038 2.206215 -11.402143
v -6.902186 2.206215 -11.342470
v -6.894752 2.202604 -11.335393
v -6.851780 2.202604 -11.397711
v -6.851780 2.202604 -11.397711
v -6.894752 2.202604 -11.335393
v -6.889309 2.192741 -11.330213
v -6.845004 2.192741 -11.394465
v -6.845004 2.192741 -11.394465
v -6.889309 2.192741 -11.330213
v -6.887317 2.179269 -11.328316
v -6.842523 2.179269 -11.393278
v -6.887317 2.179269 -11.328316
v -6.949993 2.179269 -11.280376
v -6.951301 2.165794 -11.282795
v -6.889309 2.165794 -11.330213
v -6.889309 2.165794 -11.330213
v -6.951301 2.165794 -11.282795
v -6.954876 2.155931 -11.289404
v -6.894752 2.155931 -11.335393
v -6.894752 2.155931 -11.335393
v -6.954876 2.155931 -11.289404
v -6.959760 2.152320 -11.298431
v -6.902186 2.152320 -11.342470
v -6.902186 2.152320 -11.342470
v -6.959760 2.152320 -11.298431
v -6.964644 2.155931 -11.307460
v -6.909621 2.155931 -11.349546
v -6.909621 2.155931 -11.349546
v -6.964644 2.155931 -11.307460
v -6.968220 2.165794 -11.314069
v -6.915063 2.165794 -11.354728
v -6.915063 2.165794 -11.354728
v -6.968220 2.165794 -11.314069
v -6.969528 2.179269 -11.316487
v -6.917055 2.179269 -11.356624
v -6.917055 2.179269 -11.356624
v -6.969528 2.179269 -11.316487
v -6.968220 2.192741 -11.314069
v -6.915063 2.192741 -11.354728
v -6.915063 2.192741 -11.354728
v -6.968220 2.192741 -11.314069
v -6.964644 2.202604 -11.307460
v -6.909621 2.202604 -11.349546
v -6.909621 2.202604 -11.349546
v -6.964644 2.202604 -11.307460
v -6.959760 2.206215 -11.298431
v -6.902186 2.206215 -11.342470
v -6.902186 2.206215 -11.342470
v -6.959760 2.206215 -11.298431
v -6.954876 2.202604 -11.289404
v -6.894752 2.202604 -11.335393
v -6.894752 2.202604 -11.335393
v -6.954876 2.202604 -11.289404
v -6.951301 2.192741 -11.282795
v -6.889309 2.192741 -11.330213
v -6.889309 2.192741 -11.330213
v -6.951301 2.192741 -11.282795
v -6.949993 2.179269 -11.280376
v -6.887317 2.179269 -11.328316
v -6.949993 2.179269 -11.280376
v -7.024415 2.179269 -11.254150
v -7.024912 2.165794 -11.256855
v -6.951301 2.165794 -11.282795
v -6.951301 2.165794 -11.282795
v -7.024912 2.165794 -11.256855
v -7.026270 2.155931 -11.264245
v -6.954876 2.155931 -11.289404
v -6.954876 2.155931 -11.289404
v -7.026270 2.155931 -11.264245
v -7.028125 2.152320 -11.274341
v -6.959760 2.152320 -11.298431
v -6.959760 2.152320 -11.298431
v -7.028125 2.152320 -11.274341
v -7.029980 2.155931 -11.284435
v -6.964644 2.155931 -11.307460
v -6.964644 2.155931 -11.307460
v -7.029980 2.155931 -11.284435
v -7.031338 2.165794 -11.291826
v -6.968220 2.165794 -11.314069
v -6.968220 2.165794 -11.314069
v -7.031338 2.165794 -11.291826
v -7.031835 2.179269 -11.294531
v -6.969528 2.179269 -11.316487
v -6.969528 2.179269 -11.316487
v -7.031835 2.179269 -11.294531
v -7.031338 2.192741 -11.291826
v -6.968220 2.192741 -11.314069
v -6.968220 2.192741 -11.314069
v -7.031338 2.192741 -11.291826
v -7.029980 2.202604 -11.284435
v -6.964644 2.202604 -11.307460
v -6.964644 2.202604 -11.307460
v -7.029980 2.202604 -11.284435
v -7.028125 2.206215 -11.274341
v -6.959760 2.206215 -11.298431
v -6.959760 2.206215 -11.298431
v -7.028125 2.206215 -11.274341
v -7.026270 2.202604 -11.264245
v -6.954876 2.202604 -11.289404
v -6.954876 2.202604 -11.289404
v -7.026270 2.202604 -11.264245
v -7.024912 2.192741 -11.256855
v -6.951301 2.192741 -11.282795
v -6.951301 2.192741 -11.282795
v -7.024912 2.192741 -11.256855
v -7.024415 2.179269 -11.254150
v -6.949993 2.179269 -11.280376
v -7.024415 2.179269 -11.254150
v -7.103300 2.179269 -11.252206
v -7.102936 2.165794 -11.254932
v -7.024912 2.165794 -11.256855
v -7.024912 2.165794 -11.256855
v -7.102936 2.165794 -11.254932
v -7.101944 2.155931 -11.262381
v -7.026270 2.155931 -11.264245
v -7.026270 2.155931 -11.264245
v -7.101944 2.155931 -11.262381
v -7.100588 2.152320 -11.272554
v -7.028125 2.152320 -11.274341
v -7.028125 2.152320 -11.274341
v -7.100588 2.152320 -11.272554
v -7.099233 2.155931 -11.282728
v -7.029980 2.155931 -11.284435
v -7.029980 2.155931 -11.284435
v -7.099233 2.155931 -11.282728
v -7.098241 2.165794 -11.290177
v -7.031338 2.165794 -11.291826
v -7.031338 2.165794 -11.291826
v -7.098241 2.165794 -11.290177
v -7.097878 2.179269 -11.292904
v -7.031835 2.179269 -11.294531
v -7.031835 2.179269 -11.294531
v -7.097878 2.179269 -11.292904
v -7.098241 2.192741 -11.290177
v -7.031338 2.192741 -11.291826
v -7.031338 2.192741 -11.291826
v -7.098241 2.192741 -11.290177
v -7.099233 2.202604 -11.282728
v -7.029980 2.202604 -11.284435
v -7.029980 2.202604 -11.284435
v -7.099233 2.202604 -11.282728
v -7.100588 2.206215 -11.272554
v -7.028125 2.206215 -11.274341
v -7.028125 2.206215 -11.274341
v -7.100588 2.206215 -11.272554
v -7.101944 2.202604 -11.262381
v -7.026270 2.202604 -11.264245
v -7.026270 2.202604 -11.264245
v -7.101944 2.202604 -11.262381
v -7.102936 2.192741 -11.254932
v -7.024912 2.192741 -11.256855
v -7.024912 2.192741 -11.256855
v -7.102936 2.192741 -11.254932
v -7.103300 2.179269 -11.252206
v -7.024415 2.179269 -11.254150
v -7.103300 2.179269 -11.252206
v -7.178923 2.179269 -11.274733
v -7.177735 2.165794 -11.277214
v -7.102936 2.165794 -11.254932
v -7.102936 2.165794 -11.254932
v -7.177735 2.165794 -11.277214
v -7.174490 2.155931 -11.283991
v -7.101944 2.155931 -11.262381
v -7.101944 2.155931 -11.262381
v -7.174490 2.155931 -11.283991
v -7.170057 2.152321 -11.293249
v -7.100588 2.152320 -11.272554
v -7.100588 2.152320 -11.272554
v -7.170057 2.152321 -11.293249
v -7.165624 2.155931 -11.302505
v -7.099233 2.155931 -11.282728
v -7.099233 2.155931 -11.282728
v -7.165624 2.155931 -11.302505
v -7.162379 2.165794 -11.309283
v -7.098241 2.165794 -11.290177
v -7.098241 2.165794 -11.290177
v -7.162379 2.165794 -11.309283
v -7.161191 2.179269 -11.311764
v -7.097878 2.179269 -11.292904
v -7.097878 2.179269 -11.292904
v -7.161191 2.179269 -11.311764
v -7.162379 2.192741 -11.309283
v -7.098241 2.192741 -11.290177
v -7.098241 2.192741 -11.290177
v -7.162379 2.192741 -11.309283
v -7.165624 2.202604 -11.302505
v -7.099233 2.202604 -11.282728
v -7.099233 2.202604 -11.282728
v -7.165624 2.202604 -11.302505
v -7.170057 2.206215 -11.293249
v -7.100588 2.206215 -11.272554
v -7.100588 2.206215 -11.272554
v -7.170057 2.206215 -11.293249
v -7.174490 2.202604 -11.283991
v -7.101944 2.202604 -11.262381
v -7.101944 2.202604 -11.262381
v -7.174490 2.202604 -11.283991
v -7.177735 2.192741 -11.277214
v -7.102936 2.192741 -11.254932
v -7.102936 2.192741 -11.254932
v -7.177735 2.192741 -11.277214
v -7.178923 2.179269 -11.274733
v -7.103300 2.179269 -11.252206
v -7.178923 2.179269 -11.274733
v -7.243886 2.179269 -11.319527
v -7.241989 2.165794 -11.321519
v -7.177735 2.165794 -11.277214
v -7.177735 2.165794 -11.277214
v -7.241989 2.165794 -11.321519
v -7.236808 2.155931 -11.326962
v -7.174490 2.155931 -11.283991
v -7.174490 2.155931 -11.283991
v -7.236808 2.155931 -11.326962
v -7.229732 2.152321 -11.334396
v -7.170057 2.152321 -11.293249
v -7.170057 2.152321 -11.293249
v -7.229732 2.152321 -11.334396
v -7.222654 2.155931 -11.341831
v -7.165624 2.155931 -11.302505
v -7.165624 2.155931 -11.302505
v -7.222654 2.155931 -11.341831
v -7.217474 2.165794 -11.347274
v -7.162379 2.165794 -11.309283
v -7.162379 2.165794 -11.309283
v -7.217474 2.165794 -11.347274
v -7.215578 2.179269 -11.349266
v -7.161191 2.179269 -11.311764
v -7.161191 2.179269 -11.311764
v -7.215578 2.179269 -11.349266
v -7.217474 2.192741 -11.347274
v -7.162379 2.192741 -11.309283
v -7.162379 2.192741 -11.309283
v -7.217474 2.192741 -11.347274
v -7.222654 2.202604 -11.341831
v -7.165624 2.202604 -11.302505
v -7.165624 2.202604 -11.302505
v -7.222654 2.202604 -11.341831
v -7.229732 2.206215 -11.334396
v -7.170057 2.206215 -11.293249
v -7.170057 2.206215 -11.293249
v -7.229732 2.206215 -11.334396
v -7.236808 2.202604 -11.326962
v -7.174490 2.202604 -11.283991
v -7.174490 2.202604 -11.283991
v -7.236808 2.202604 -11.326962
v -7.241989 2.192741 -11.321519
v -7.177735 2.192741 -11.277214
v -7.177735 2.192741 -11.277214
v -7.241989 2.192741 -11.321519
v -7.243886 2.179269 -11.319527
v -7.178923 2.179269 -11.274733
v -7.243886 2.179269 -11.319527
v -7.291825 2.179269 -11.382202
v -7.289406 2.165794 -11.383512
v -7.241989 2.165794 -11.321519
v -7.241989 2.165794 -11.321519
v -7.289406 2.165794 -11.383512
v -7.282798 2.155931 -11.387087
v -7.236808 2.155931 -11.326962
v -7.236808 2.155931 -11.326962
v -7.282798 2.155931 -11.387087
v -7.273769 2.152321 -11.391970
v -7.229732 2.152321 -11.334396
v -7.229732 2.152321 -11.334396
v -7.273769 2.152321 -11.391970
v -7.264741 2.155931 -11.396854
v -7.222654 2.155931 -11.341831
v -7.222654 2.155931 -11.341831
v -7.264741 2.155931 -11.396854
v -7.258133 2.165794 -11.400430
v -7.217474 2.165794 -11.347274
v -7.217474 2.165794 -11.347274
v -7.258133 2.165794 -11.400430
v -7.255713 2.179269 -11.401738
v -7.215578 2.179269 -11.349266
v -7.215578 2.179269 -11.349266
v -7.255713 2.179269 -11.401738
v -7.258133 2.192741 -11.400430
v -7.217474 2.192741 -11.347274
v -7.217474 2.192741 -11.347274
v -7.258133 2.192741 -11.400430
v -7.264741 2.202604 -11.396854
v -7.222654 2.202604 -11.341831
v -7.222654 2.202604 -11.341831
v -7.264741 2.202604 -11.396854
v -7.273769 2.206215 -11.391970
v -7.229732 2.206215 -11.334396
v -7.229732 2.206215 -11.334396
v -7.273769 2.206215 -11.391970
v -7.282798 2.202605 -11.387087
v -7.236808 2.202604 -11.326962
v -7.236808 2.202604 -11.326962
v -7.282798 2.202605 -11.387087
v -7.289406 2.192741 -11.383512
v -7.241989 2.192741 -11.321519
v -7.241989 2.192741 -11.321519
v -7.289406 2.192741 -11.383512
v -7.291825 2.179269 -11.382202
v -7.243886 2.179269 -11.319527
v -7.291825 2.179269 -11.382202
v -7.317955 2.179459 -11.456742
v -7.315346 2.165794 -11.457123
v -7.289406 2.165794 -11.383512
v -7.289406 2.165794 -11.383512
v -7.307956 2.155931 -11.458481
v -7.282798 2.155931 -11.387087
v -7.282798 2.155931 -11.387087
v -7.307956 2.155931 -11.458481
v -7.297861 2.152321 -11.460336
v -7.273769 2.152321 -11.391970
v -7.273769 2.152321 -11.391970
v -7.297861 2.152321 -11.460336
v -7.287765 2.155931 -11.462191
v -7.264741 2.155931 -11.396854
v -7.264741 2.155931 -11.396854
v -7.287765 2.155931 -11.462191
v -7.280375 2.165794 -11.463549
v -7.258133 2.165794 -11.400430
v -7.258133 2.165794 -11.400430
v -7.280375 2.165794 -11.463549
v -7.277670 2.179269 -11.464045
v -7.255713 2.179269 -11.401738
v -7.255713 2.179269 -11.401738
v -7.277670 2.179269 -11.464045
v -7.280375 2.192741 -11.463549
v -7.258133 2.192741 -11.400430
v -7.258133 2.192741 -11.400430
v -7.280375 2.192741 -11.463549
v -7.287765 2.202605 -11.462191
v -7.264741 2.202604 -11.396854
v -7.264741 2.202604 -11.396854
v -7.287765 2.202605 -11.462191
v -7.297861 2.206215 -11.460336
v -7.273769 2.206215 -11.391970
v -7.273769 2.206215 -11.391970
v -7.297861 2.206215 -11.460336
v -7.307956 2.202605 -11.458481
v -7.282798 2.202605 -11.387087
v -7.282798 2.202605 -11.387087
v -7.307956 2.202605 -11.458481
v -7.315346 2.192741 -11.457123
v -7.289406 2.192741 -11.383512
v -7.289406 2.192741 -11.383512
v -7.291825 2.179269 -11.382202
v -7.317269 2.165794 -11.535147
v -7.309821 2.155931 -11.534155
v -7.307956 2.155931 -11.458481
v -7.307956 2.155931 -11.458481
v -7.309821 2.155931 -11.534155
v -7.299647 2.152321 -11.532799
v -7.297861 2.152321 -11.460336
v -7.297861 2.152321 -11.460336
v -7.299647 2.152321 -11.532799
v -7.289472 2.155931 -11.531444
v -7.287765 2.155931 -11.462191
v -7.287765 2.155931 -11.462191
v -7.289472 2.155931 -11.531444
v -7.282024 2.165794 -11.530451
v -7.280375 2.165794 -11.463549
v -7.280375 2.165794 -11.463549
v -7.282024 2.165794 -11.530451
v -7.279298 2.179269 -11.530088
v -7.277670 2.179269 -11.464045
v -7.277670 2.179269 -11.464045
v -7.279298 2.179269 -11.530088
v -7.282024 2.192741 -11.530451
v -7.280375 2.192741 -11.463549
v -7.280375 2.192741 -11.463549
v -7.282024 2.192741 -11.530451
v -7.289472 2.202605 -11.531444
v -7.287765 2.202605 -11.462191
v -7.287765 2.202605 -11.462191
v -7.289472 2.202605 -11.531444
v -7.299647 2.206215 -11.532799
v -7.297861 2.206215 -11.460336
v -7.297861 2.206215 -11.460336
v -7.299647 2.206215 -11.532799
v -7.309821 2.202605 -11.534155
v -7.307956 2.202605 -11.458481
v -7.307956 2.202605 -11.458481
v -7.309821 2.202605 -11.534155
v -7.317269 2.192741 -11.535147
v -7.319995 2.179269 -11.535509
v -7.297469 2.179269 -11.611134
v -7.294988 2.165794 -11.609945
v -7.294988 2.165794 -11.609945
v -7.288211 2.155931 -11.606701
v -7.309821 2.155931 -11.534155
v -7.309821 2.155931 -11.534155
v -7.288211 2.155931 -11.606701
v -7.278953 2.152321 -11.602268
v -7.299647 2.152321 -11.532799
v -7.299647 2.152321 -11.532799
v -7.278953 2.152321 -11.602268
v -7.269695 2.155931 -11.597836
v -7.289472 2.155931 -11.531444
v -7.289472 2.155931 -11.531444
v -7.269695 2.155931 -11.597836
v -7.262918 2.165794 -11.594589
v -7.282024 2.165794 -11.530451
v -7.282024 2.165794 -11.530451
v -7.262918 2.165794 -11.594589
v -7.260438 2.179269 -11.593402
v -7.279298 2.179269 -11.530088
v -7.279298 2.179269 -11.530088
v -7.260438 2.179269 -11.593402
v -7.262918 2.192741 -11.594589
v -7.282024 2.192741 -11.530451
v -7.282024 2.192741 -11.530451
v -7.262918 2.192741 -11.594589
v -7.269695 2.202604 -11.597836
v -7.289472 2.202605 -11.531444
v -7.289472 2.202605 -11.531444
v -7.269695 2.202604 -11.597836
v -7.278953 2.206215 -11.602268
v -7.299647 2.206215 -11.532799
v -7.299647 2.206215 -11.532799
v -7.278953 2.206215 -11.602268
v -7.288211 2.202605 -11.606701
v -7.309821 2.202605 -11.534155
v -7.309821 2.202605 -11.534155
v -7.288211 2.202605 -11.606701
v -7.294988 2.192741 -11.609947
v -7.294988 2.192741 -11.609947
v -7.297469 2.179269 -11.611134
v -7.297469 2.179269 -11.611134
v -7.252675 2.179269 -11.676096
v -7.250682 2.165794 -11.674200
v -7.294988 2.165794 -11.609945
v -7.294988 2.165794 -11.609945
v -7.250682 2.165794 -11.674200
v -7.245240 2.155931 -11.669018
v -7.288211 2.155931 -11.606701
v -7.288211 2.155931 -11.606701
v -7.245240 2.155931 -11.669018
v -7.237805 2.152321 -11.661942
v -7.278953 2.152321 -11.602268
v -7.278953 2.152321 -11.602268
v -7.237805 2.152321 -11.661942
v -7.230371 2.155931 -11.654864
v -7.269695 2.155931 -11.597836
v -7.269695 2.155931 -11.597836
v -7.230371 2.155931 -11.654864
v -7.224928 2.165794 -11.649684
v -7.262918 2.165794 -11.594589
v -7.262918 2.165794 -11.594589
v -7.224928 2.165794 -11.649684
v -7.222936 2.179269 -11.647787
v -7.260438 2.179269 -11.593402
v -7.260438 2.179269 -11.593402
v -7.222936 2.179269 -11.647787
v -7.224928 2.192741 -11.649684
v -7.262918 2.192741 -11.594589
v -7.262918 2.192741 -11.594589
v -7.224928 2.192741 -11.649684
v -7.230371 2.202604 -11.654864
v -7.269695 2.202604 -11.597836
v -7.269695 2.202604 -11.597836
v -7.230371 2.202604 -11.654864
v -7.237805 2.206215 -11.661942
v -7.278953 2.206215 -11.602268
v -7.278953 2.206215 -11.602268
v -7.237805 2.206215 -11.661942
v -7.245240 2.202604 -11.669018
v -7.288211 2.202605 -11.606701
v -7.288211 2.202605 -11.606701
v -7.245240 2.202604 -11.669018
v -7.250682 2.192741 -11.674200
v -7.294988 2.192741 -11.609947
v -7.294988 2.192741 -11.609947
v -7.250682 2.192741 -11.674200
v -7.252675 2.179269 -11.676096
v -7.297469 2.179269 -11.611134
v -7.252675 2.179269 -11.676096
v -7.189999 2.179269 -11.724035
v -7.188690 2.165794 -11.721617
v -7.250682 2.165794 -11.674200
v -7.250682 2.165794 -11.674200
v -7.188690 2.165794 -11.721617
v -7.185115 2.155931 -11.715008
v -7.245240 2.155931 -11.669018
v -7.245240 2.155931 -11.669018
v -7.185115 2.155931 -11.715008
v -7.180231 2.152321 -11.705980
v -7.237805 2.152321 -11.661942
v -7.237805 2.152321 -11.661942
v -7.180231 2.152321 -11.705980
v -7.175347 2.155931 -11.696951
v -7.230371 2.155931 -11.654864
v -7.230371 2.155931 -11.654864
v -7.175347 2.155931 -11.696951
v -7.171772 2.165794 -11.690342
v -7.224928 2.165794 -11.649684
v -7.224928 2.165794 -11.649684
v -7.171772 2.165794 -11.690342
v -7.170464 2.179269 -11.687923
v -7.222936 2.179269 -11.647787
v -7.222936 2.179269 -11.647787
v -7.170464 2.179269 -11.687923
v -7.171772 2.192741 -11.690342
v -7.224928 2.192741 -11.649684
v -7.224928 2.192741 -11.649684
v -7.171772 2.192741 -11.690342
v -7.175347 2.202604 -11.696951
v -7.230371 2.202604 -11.654864
v -7.230371 2.202604 -11.654864
v -7.175347 2.202604 -11.696951
v -7.180231 2.206215 -11.705980
v -7.237805 2.206215 -11.661942
v -7.237805 2.206215 -11.661942
v -7.180231 2.206215 -11.705980
v -7.185115 2.202604 -11.715008
v -7.245240 2.202604 -11.669018
v -7.245240 2.202604 -11.669018
v -7.185115 2.202604 -11.715008
v -7.188690 2.192741 -11.721617
v -7.250682 2.192741 -11.674200
v -7.250682 2.192741 -11.674200
v -7.188690 2.192741 -11.721617
v -7.189999 2.179269 -11.724035
v -7.252675 2.179269 -11.676096
v -7.189999 2.179269 -11.724035
v -7.115576 2.179269 -11.750261
v -7.115079 2.165794 -11.747557
v -7.188690 2.165794 -11.721617
v -7.188690 2.165794 -11.721617
v -7.115079 2.165794 -11.747557
v -7.113721 2.155931 -11.740166
v -7.185115 2.155931 -11.715008
v -7.185115 2.155931 -11.715008
v -7.113721 2.155931 -11.740166
v -7.111866 2.152320 -11.730071
v -7.180231 2.152321 -11.705980
v -7.180231 2.152321 -11.705980
v -7.111866 2.152320 -11.730071
v -7.110011 2.155931 -11.719975
v -7.175347 2.155931 -11.696951
v -7.175347 2.155931 -11.696951
v -7.110011 2.155931 -11.719975
v -7.108653 2.165794 -11.712585
v -7.171772 2.165794 -11.690342
v -7.171772 2.165794 -11.690342
v -7.108653 2.165794 -11.712585
v -7.108156 2.179269 -11.709881
v -7.170464 2.179269 -11.687923
v -7.170464 2.179269 -11.687923
v -7.108156 2.179269 -11.709881
v -7.108653 2.192741 -11.712585
v -7.171772 2.192741 -11.690342
v -7.171772 2.192741 -11.690342
v -7.108653 2.192741 -11.712585
v -7.110011 2.202604 -11.719975
v -7.175347 2.202604 -11.696951
v -7.175347 2.202604 -11.696951
v -7.110011 2.202604 -11.719975
v -7.111866 2.206215 -11.730071
v -7.180231 2.206215 -11.705980
v -7.180231 2.206215 -11.705980
v -7.111866 2.206215 -11.730071
v -7.113721 2.202604 -11.740166
v -7.185115 2.202604 -11.715008
v -7.185115 2.202604 -11.715008
v -7.113721 2.202604 -11.740166
v -7.115079 2.192741 -11.747557
v -7.188690 2.192741 -11.721617
v -7.188690 2.192741 -11.721617
v -7.115079 2.192741 -11.747557
v -7.115576 2.179269 -11.750261
v -7.189999 2.179269 -11.724035
v -7.115576 2.179269 -11.750261
v -7.036692 2.179269 -11.752207
v -7.037055 2.165794 -11.749479
v -7.115079 2.165794 -11.747557
v -7.115079 2.165794 -11.747557
v -7.037055 2.165794 -11.749479
v -7.038047 2.155931 -11.742031
v -7.113721 2.155931 -11.740166
v -7.113721 2.155931 -11.740166
v -7.038047 2.155931 -11.742031
v -7.039402 2.152320 -11.731857
v -7.111866 2.152320 -11.730071
v -7.111866 2.152320 -11.730071
v -7.039402 2.152320 -11.731857
v -7.040758 2.155931 -11.721683
v -7.110011 2.155931 -11.719975
v -7.110011 2.155931 -11.719975
v -7.040758 2.155931 -11.721683
v -7.041750 2.165794 -11.714233
v -7.108653 2.165794 -11.712585
v -7.108653 2.165794 -11.712585
v -7.041750 2.165794 -11.714233
v -7.042114 2.179269 -11.711508
v -7.108156 2.179269 -11.709881
v -7.108156 2.179269 -11.709881
v -7.042114 2.179269 -11.711508
v -7.041750 2.192741 -11.714233
v -7.108653 2.192741 -11.712585
v -7.108653 2.192741 -11.712585
v -7.041750 2.192741 -11.714233
v -7.040758 2.202604 -11.721683
v -7.110011 2.202604 -11.719975
v -7.110011 2.202604 -11.719975
v -7.040758 2.202604 -11.721683
v -7.039402 2.206215 -11.731857
v -7.111866 2.206215 -11.730071
v -7.111866 2.206215 -11.730071
v -7.039402 2.206215 -11.731857
v -7.038047 2.202604 -11.742031
v -7.113721 2.202604 -11.740166
v -7.113721 2.202604 -11.740166
v -7.038047 2.202604 -11.742031
v -7.037055 2.192741 -11.749479
v -7.115079 2.192741 -11.747557
v -7.115079 2.192741 -11.747557
v -7.037055 2.192741 -11.749479
v -7.036692 2.179269 -11.752207
v -7.115576 2.179269 -11.750261
vn 0.9674 0.2012 -0.1538
vn 0.9466 -0.0518 -0.3181
vn 0.9284 -0.0082 -0.3715
vn 0.9686 0.1959 -0.1531
vn 0.9535 0.1255 -0.2741
vn 0.9598 0.0210 -0.2800
vn 0.9433 0.0219 -0.3312
vn 0.9372 0.1403 -0.3192
vn 0.8146 -0.1551 -0.5590
vn 0.9451 0.3098 0.1035
vn 0.9577 0.2520 0.1388
vn 0.6842 -0.1795 -0.7069
vn 0.9710 0.2378 0.0260
vn 0.8931 0.2857 -0.3474
vn 0.8998 0.2690 -0.3434
vn 0.9892 0.1440 0.0257
vn -0.9375 0.1461 -0.3157
vn -0.9044 0.1907 -0.3816
vn -0.9022 0.1891 -0.3876
vn -0.9397 0.1730 -0.2951
vn -0.9217 0.1272 -0.3663
vn -0.9061 0.0332 -0.4218
vn -0.9051 0.0374 -0.4236
vn -0.9326 0.1283 -0.3374
vn -0.8414 0.0622 -0.5368
vn -0.8862 0.0849 -0.4554
vn -0.8797 0.0730 -0.4700
vn -0.8046 0.0611 -0.5906
vn -0.8763 0.0968 -0.4719
vn -0.8623 0.1644 -0.4790
vn -0.8633 0.1655 -0.4767
vn -0.8605 0.0979 -0.5000
vn -0.5936 0.1505 -0.7906
vn -0.4889 0.1639 -0.8568
vn -0.4992 0.1673 -0.8502
vn -0.6374 0.1479 -0.7562
vn -0.5058 0.0556 -0.8609
vn -0.5776 0.0766 -0.8127
vn -0.5788 0.0698 -0.8125
vn -0.5130 0.0559 -0.8565
vn -0.3552 0.0629 -0.9327
vn -0.4697 0.0558 -0.8811
vn -0.4573 0.0522 -0.8878
vn -0.3038 0.0663 -0.9504
vn -0.4550 0.1561 -0.8767
vn -0.3727 0.1344 -0.9182
vn -0.3713 0.1413 -0.9177
vn -0.4467 0.1562 -0.8809
vn 0.9375 0.1364 0.3201
vn 0.9079 0.1712 0.3826
vn 0.9059 0.1726 0.3867
vn 0.9416 0.1657 0.2933
vn 0.9233 0.1077 0.3686
vn 0.9087 0.0182 0.4171
vn 0.9083 0.0204 0.4178
vn 0.9337 0.1095 0.3408
vn 0.8434 0.0445 0.5355
vn 0.8865 0.0742 0.4568
vn 0.8792 0.0619 0.4724
vn 0.8052 0.0425 0.5914
vn 0.8777 0.0845 0.4717
vn 0.8631 0.1502 0.4821
vn 0.8635 0.1528 0.4805
vn 0.8620 0.0850 0.4997
vn -0.6084 0.1443 0.7804
vn -0.6737 0.1325 0.7271
vn -0.6583 0.1390 0.7398
vn -0.5923 0.1385 0.7937
vn -0.6774 0.0517 0.7338
vn -0.5900 0.0629 0.8049
vn -0.5655 0.0619 0.8224
vn -0.6700 0.0541 0.7404
vn -0.7603 0.0609 0.6467
vn -0.7127 0.0736 0.6976
vn -0.7255 0.0672 0.6849
vn -0.7714 0.0651 0.6330
vn -0.7027 0.1704 0.6908
vn -0.7790 0.1503 0.6087
vn -0.7985 0.1496 0.5831
vn -0.7076 0.1673 0.6865
vn 0.0014 0.1388 -0.9903
vn 0.1201 0.1532 -0.9809
vn 0.1059 0.1563 -0.9820
vn -0.0352 0.1392 -0.9896
vn 0.1119 0.0409 -0.9929
vn 0.0020 0.0706 -0.9975
vn -0.0189 0.0596 -0.9980
vn 0.1063 0.0410 -0.9935
vn 0.2633 0.0620 -0.9627
vn 0.1487 0.0486 -0.9877
vn 0.1625 0.0456 -0.9857
vn 0.2982 0.0603 -0.9526
vn 0.1545 0.1626 -0.9745
vn 0.2631 0.1313 -0.9558
vn 0.2827 0.1418 -0.9487
vn 0.1598 0.1625 -0.9737
vn 0.6768 0.0505 -0.7344
vn 0.5920 0.0611 -0.8036
vn 0.5671 0.0592 -0.8215
vn 0.6692 0.0528 -0.7412
vn 0.7619 0.0559 -0.6453
vn 0.7123 0.0681 -0.6986
vn 0.7249 0.0615 -0.6861
vn 0.7741 0.0589 -0.6303
vn 0.7042 0.1647 -0.6906
vn 0.7779 0.1462 -0.6111
vn 0.7979 0.1468 -0.5847
vn 0.7094 0.1616 -0.6860
vn 0.6071 0.1428 -0.7817
vn 0.6743 0.1308 -0.7268
vn 0.6592 0.1376 -0.7393
vn 0.5896 0.1381 -0.7958
vn -0.9658 0.2111 0.1508
vn -0.9482 -0.0409 0.3151
vn -0.9295 0.0016 0.3688
vn -0.9678 0.2037 0.1476
vn -0.9545 0.1237 0.2713
vn -0.9580 0.0366 0.2843
vn -0.9432 0.0392 0.3300
vn -0.9395 0.1396 0.3130
vn -0.8337 -0.1349 0.5355
vn -0.9359 0.3384 -0.0978
vn -0.9503 0.2772 -0.1419
vn -0.7205 -0.1543 0.6761
vn -0.9664 0.2559 -0.0261
vn -0.8962 0.2858 0.3392
vn -0.9024 0.2679 0.3375
vn -0.9866 0.1610 -0.0274
vn 0.5929 0.1374 0.7935
vn 0.4905 0.1498 0.8585
vn 0.5012 0.1532 0.8517
vn 0.6364 0.1362 0.7593
vn 0.5055 0.0410 0.8618
vn 0.5798 0.0623 0.8124
vn 0.5823 0.0541 0.8112
vn 0.5126 0.0414 0.8576
vn 0.3573 0.0510 0.9326
vn 0.4694 0.0441 0.8819
vn 0.4568 0.0404 0.8887
vn 0.3065 0.0533 0.9504
vn 0.4563 0.1449 0.8780
vn 0.3717 0.1230 0.9202
vn 0.3687 0.1313 0.9202
vn 0.4482 0.1448 0.8821
vn -0.8383 0.0521 -0.5427
vn -0.8828 0.0853 -0.4620
vn -0.8748 0.0739 -0.4787
vn -0.7985 0.0540 -0.5996
vn -0.8730 0.0983 -0.4777
vn -0.8602 0.1712 -0.4803
vn -0.8617 0.1718 -0.4775
vn -0.8568 0.0990 -0.5060
vn -0.9343 0.1547 -0.3210
vn -0.9013 0.1940 -0.3873
vn -0.8994 0.1954 -0.3909
vn -0.9401 0.1835 -0.2873
vn -0.9202 0.1237 -0.3714
vn -0.9022 0.0221 -0.4308
vn -0.9006 0.0277 -0.4337
vn -0.9311 0.1258 -0.3423
vn -0.9747 0.0475 -0.2184
vn -0.9436 0.1311 -0.3041
vn -0.9502 0.1004 -0.2950
vn -0.9637 0.0120 -0.2667
vn -0.9461 -0.0760 -0.3150
vn -0.9700 0.2344 -0.0649
vn -0.9727 0.2245 -0.0594
vn -0.9237 -0.0492 -0.3798
vn -0.8668 0.3071 -0.3928
vn -0.9407 0.2909 0.1745
vn -0.9762 0.1484 0.1579
vn -0.7854 0.3179 -0.5311
vn -0.8450 0.4548 0.2813
vn -0.8158 -0.2185 -0.5354
vn -0.8171 -0.1717 -0.5503
vn -0.8234 0.4311 0.3691
vn 0.1725 -0.0272 -0.9846
vn 0.2736 -0.0558 -0.9602
vn 0.2566 -0.0637 -0.9644
vn 0.1625 -0.0372 -0.9860
vn -0.0286 -0.0440 -0.9986
vn 0.1084 -0.0316 -0.9936
vn 0.1096 -0.0395 -0.9932
vn -0.0253 -0.0636 -0.9977
vn 0.0959 -0.1631 -0.9819
vn -0.0092 -0.1327 -0.9911
vn 0.0085 -0.1253 -0.9921
vn 0.1061 -0.1530 -0.9825
vn 0.2928 -0.1451 -0.9451
vn 0.1577 -0.1598 -0.9745
vn 0.1568 -0.1522 -0.9758
vn 0.2895 -0.1257 -0.9489
vn -0.1455 -0.0217 -0.9891
vn -0.0253 -0.0508 -0.9984
vn -0.0556 -0.0586 -0.9967
vn -0.1555 -0.0315 -0.9873
vn -0.3226 -0.0406 -0.9457
vn -0.2117 -0.0285 -0.9769
vn -0.2095 -0.0369 -0.9771
vn -0.3273 -0.0603 -0.9430
vn -0.2154 -0.1665 -0.9622
vn -0.3337 -0.1357 -0.9328
vn -0.3051 -0.1282 -0.9437
vn -0.2063 -0.1571 -0.9658
vn -0.0363 -0.1438 -0.9889
vn -0.1523 -0.1577 -0.9757
vn -0.1548 -0.1493 -0.9766
vn -0.0312 -0.1243 -0.9917
vn -0.8199 -0.1688 0.5470
vn -0.9357 0.3398 -0.0952
vn -0.9492 0.2830 -0.1373
vn -0.7096 -0.1836 0.6802
vn -0.9654 0.2602 -0.0162
vn -0.8948 0.2993 0.3313
vn -0.9013 0.2802 0.3304
vn -0.9859 0.1668 -0.0141
vn -0.9634 0.2236 0.1480
vn -0.9476 -0.0425 0.3167
vn -0.9288 -0.0030 0.3705
vn -0.9661 0.2142 0.1440
vn -0.9510 0.1367 0.2774
vn -0.9575 0.0231 0.2874
vn -0.9392 0.0270 0.3422
vn -0.9334 0.1539 0.3243
vn -0.8622 0.0715 0.5015
vn -0.8104 0.0539 0.5834
vn -0.7865 0.0568 0.6149
vn -0.8520 0.0776 0.5178
vn -0.8933 0.0347 0.4481
vn -0.8979 0.1148 0.4250
vn -0.9099 0.1007 0.4024
vn -0.8921 0.0380 0.4503
vn -0.8803 0.1841 0.4373
vn -0.9206 0.1701 0.3516
vn -0.9339 0.1635 0.3179
vn -0.8843 0.1764 0.4323
vn -0.8315 0.1660 0.5301
vn -0.8565 0.0989 0.5067
vn -0.8397 0.1120 0.5314
vn -0.8247 0.1587 0.5429
vn 0.7499 0.0570 0.6591
vn 0.7850 0.0521 0.6173
vn 0.7852 0.0473 0.6174
vn 0.7591 0.0582 0.6484
vn 0.6282 0.0454 0.7767
vn 0.7133 0.0522 0.6989
vn 0.7022 0.0466 0.7105
vn 0.5807 0.0494 0.8126
vn 0.6996 0.1311 0.7024
vn 0.6483 0.1331 0.7497
vn 0.6480 0.1386 0.7489
vn 0.6883 0.1308 0.7135
vn 0.8033 0.1473 0.5770
vn 0.7327 0.1560 0.6624
vn 0.7395 0.1609 0.6536
vn 0.8377 0.1486 0.5256
vn 0.2577 0.0576 -0.9645
vn 0.1473 0.0433 -0.9881
vn 0.1617 0.0405 -0.9860
vn 0.2914 0.0560 -0.9550
vn 0.1530 0.1676 -0.9739
vn 0.2576 0.1357 -0.9567
vn 0.2798 0.1464 -0.9488
vn 0.1586 0.1678 -0.9730
vn 0.0033 0.1429 -0.9897
vn 0.1176 0.1585 -0.9803
vn 0.1032 0.1613 -0.9815
vn -0.0318 0.1434 -0.9892
vn 0.1092 0.0360 -0.9934
vn 0.0039 0.0663 -0.9978
vn -0.0194 0.0550 -0.9983
vn 0.1032 0.0358 -0.9940
vn -0.2066 0.0425 -0.9775
vn -0.3020 0.0727 -0.9505
vn -0.3094 0.0621 -0.9489
vn -0.2127 0.0423 -0.9762
vn -0.0471 0.0598 -0.9971
vn -0.1691 0.0469 -0.9845
vn -0.1553 0.0441 -0.9869
vn 0.0030 0.0595 -0.9982
vn -0.1577 0.1633 -0.9739
vn -0.0577 0.1323 -0.9895
vn -0.0499 0.1425 -0.9885
vn -0.1513 0.1635 -0.9749
vn -0.3121 0.1460 -0.9388
vn -0.1930 0.1613 -0.9678
vn -0.2060 0.1642 -0.9647
vn -0.3597 0.1455 -0.9216
vn 0.3534 0.0458 0.9344
vn 0.4632 0.0392 0.8854
vn 0.4500 0.0359 0.8923
vn 0.3025 0.0487 0.9519
vn 0.4497 0.1494 0.8806
vn 0.3692 0.1271 0.9206
vn 0.3660 0.1354 0.9207
vn 0.4413 0.1496 0.8848
vn 0.5859 0.1431 0.7976
vn 0.4853 0.1551 0.8605
vn 0.4965 0.1582 0.8535
vn 0.6301 0.1409 0.7636
vn 0.5009 0.0359 0.8648
vn 0.5717 0.0575 0.8184
vn 0.5746 0.0490 0.8170
vn 0.5082 0.0361 0.8605
vn -0.7539 0.0544 0.6548
vn -0.7080 0.0683 0.7029
vn -0.7213 0.0624 0.6898
vn -0.7640 0.0594 0.6425
vn -0.6976 0.1752 0.6948
vn -0.7732 0.1567 0.6144
vn -0.7955 0.1558 0.5856
vn -0.7029 0.1724 0.6901
vn -0.6045 0.1492 0.7825
vn -0.6675 0.1367 0.7320
vn -0.6517 0.1428 0.7449
vn -0.5900 0.1429 0.7946
vn -0.6710 0.0479 0.7399
vn -0.5851 0.0571 0.8089
vn -0.5572 0.0563 0.8285
vn -0.6629 0.0501 0.7470
vn -0.4153 0.0373 0.9089
vn -0.3082 0.0606 0.9494
vn -0.2816 0.0555 0.9579
vn -0.4090 0.0378 0.9118
vn -0.5369 0.0595 0.8415
vn -0.4521 0.0513 0.8905
vn -0.4659 0.0477 0.8835
vn -0.5566 0.0622 0.8285
vn -0.4493 0.1665 0.8777
vn -0.5498 0.1396 0.8236
vn -0.5739 0.1440 0.8062
vn -0.4543 0.1656 0.8753
vn -0.3210 0.1368 0.9372
vn -0.4164 0.1453 0.8975
vn -0.4013 0.1491 0.9037
vn -0.2980 0.1330 0.9453
vn 0.7553 0.0497 -0.6535
vn 0.7077 0.0630 -0.7037
vn 0.7207 0.0570 -0.6909
vn 0.7665 0.0533 -0.6400
vn 0.6992 0.1695 -0.6945
vn 0.7721 0.1526 -0.6169
vn 0.7947 0.1529 -0.5875
vn 0.7048 0.1668 -0.6895
vn 0.6032 0.1478 -0.7838
vn 0.6681 0.1351 -0.7318
vn 0.6524 0.1414 -0.7446
vn 0.5875 0.1426 -0.7966
vn 0.6704 0.0467 -0.7405
vn 0.5872 0.0552 -0.8075
vn 0.5592 0.0535 -0.8273
vn 0.6622 0.0488 -0.7477
vn 0.8402 0.0344 0.5411
vn 0.8831 0.0747 0.4633
vn 0.8744 0.0627 0.4811
vn 0.7992 0.0352 0.6001
vn 0.8743 0.0857 0.4777
vn 0.8610 0.1575 0.4835
vn 0.8617 0.1596 0.4816
vn 0.8584 0.0858 0.5057
vn 0.9341 0.1464 0.3257
vn 0.9048 0.1748 0.3883
vn 0.9035 0.1783 0.3897
vn 0.9421 0.1766 0.2849
vn 0.9218 0.1041 0.3734
vn 0.9046 0.0071 0.4262
vn 0.9038 0.0105 0.4279
vn 0.9323 0.1069 0.3455
vn 0.8541 0.4288 -0.2944
vn 0.7832 -0.2605 0.5646
vn 0.7863 -0.2136 0.5797
vn 0.8314 0.4130 -0.3717
vn 0.9767 0.0244 0.2131
vn 0.9403 0.1411 0.3096
vn 0.9456 0.1028 0.3086
vn 0.9617 -0.0138 0.2736
vn 0.9440 -0.0939 0.3163
vn 0.9722 0.2238 0.0683
vn 0.9743 0.2160 0.0642
vn 0.9212 -0.0683 0.3832
vn 0.8521 0.3075 0.4235
vn 0.9418 0.2797 -0.1863
vn 0.9770 0.1325 -0.1671
vn 0.7576 0.3212 0.5683
vn -0.3511 0.0577 -0.9345
vn -0.4634 0.0509 -0.8847
vn -0.4504 0.0476 -0.8916
vn -0.2995 0.0620 -0.9521
vn -0.4485 0.1606 -0.8792
vn -0.3703 0.1384 -0.9186
vn -0.3687 0.1454 -0.9181
vn -0.4399 0.1608 -0.8835
vn -0.5868 0.1563 -0.7945
vn -0.4833 0.1691 -0.8590
vn -0.4942 0.1723 -0.8521
vn -0.6315 0.1525 -0.7602
vn -0.5012 0.0505 -0.8639
vn -0.5695 0.0717 -0.8188
vn -0.5709 0.0647 -0.8184
vn -0.5087 0.0505 -0.8594
vn -0.7495 0.0736 -0.6579
vn -0.7827 0.0674 -0.6187
vn -0.7822 0.0642 -0.6197
vn -0.7589 0.0747 -0.6469
vn -0.6262 0.0603 -0.7774
vn -0.7131 0.0650 -0.6980
vn -0.7024 0.0595 -0.7093
vn -0.5789 0.0655 -0.8128
vn -0.6980 0.1440 -0.7015
vn -0.6484 0.1465 -0.7471
vn -0.6489 0.1507 -0.7458
vn -0.6866 0.1439 -0.7127
vn -0.8033 0.1598 -0.5738
vn -0.7301 0.1724 -0.6612
vn -0.7365 0.1772 -0.6529
vn -0.8370 0.1598 -0.5233
vn 0.7991 -0.1906 -0.5702
vn 0.9455 0.3099 0.1003
vn 0.9573 0.2565 0.1336
vn 0.6725 -0.2104 -0.7095
vn 0.9700 0.2426 0.0158
vn 0.8918 0.2997 -0.3390
vn 0.8989 0.2818 -0.3356
vn 0.9886 0.1499 0.0123
vn 0.9651 0.2142 -0.1509
vn 0.9460 -0.0543 -0.3197
vn 0.9275 -0.0136 -0.3736
vn 0.9669 0.2069 -0.1492
vn 0.9498 0.1389 -0.2803
vn 0.9591 0.0072 -0.2829
vn 0.9392 0.0091 -0.3434
vn 0.9312 0.1549 -0.3300
vn 0.8618 0.0674 -0.5027
vn 0.8124 0.0465 -0.5813
vn 0.7877 0.0482 -0.6142
vn 0.8515 0.0733 -0.5193
vn 0.8947 0.0267 -0.4458
vn 0.8988 0.1028 -0.4261
vn 0.9103 0.0888 -0.4044
vn 0.8945 0.0282 -0.4462
vn 0.8830 0.1727 -0.4364
vn 0.9202 0.1647 -0.3550
vn 0.9345 0.1597 -0.3182
vn 0.8874 0.1651 -0.4304
vn 0.8313 0.1599 -0.5324
vn 0.8569 0.0935 -0.5069
vn 0.8404 0.1070 -0.5313
vn 0.8233 0.1539 -0.5463
vn 0.4144 0.0403 -0.9092
vn 0.3105 0.0638 -0.9484
vn 0.2843 0.0577 -0.9570
vn 0.4080 0.0408 -0.9121
vn 0.5384 0.0588 -0.8406
vn 0.4513 0.0512 -0.8909
vn 0.4650 0.0474 -0.8841
vn 0.5598 0.0603 -0.8264
vn 0.4503 0.1661 -0.8773
vn 0.5477 0.1392 -0.8250
vn 0.5714 0.1449 -0.8078
vn 0.4555 0.1652 -0.8748
vn 0.3193 0.1401 -0.9372
vn 0.4170 0.1481 -0.8968
vn 0.4020 0.1521 -0.9029
vn 0.2943 0.1375 -0.9458
vn -0.0289 -0.0398 -0.9988
vn 0.1042 -0.0261 -0.9942
vn 0.1065 -0.0343 -0.9937
vn -0.0209 -0.0593 -0.9980
vn 0.0920 -0.1680 -0.9815
vn -0.0081 -0.1370 -0.9905
vn 0.0107 -0.1298 -0.9915
vn 0.1031 -0.1581 -0.9820
vn 0.2892 -0.1494 -0.9455
vn 0.1573 -0.1654 -0.9736
vn 0.1557 -0.1575 -0.9752
vn 0.2814 -0.1302 -0.9507
vn 0.1725 -0.0221 -0.9848
vn 0.2690 -0.0513 -0.9618
vn 0.2509 -0.0592 -0.9662
vn 0.1617 -0.0318 -0.9863
vn -0.4319 -0.0009 0.9019
vn -0.4320 -0.0011 0.9019
vn -0.4318 -0.0010 0.9019
vn -0.4318 -0.0009 0.9019
vn -0.4319 -0.0010 0.9019
vn -0.8795 0.0109 0.4757
vn -0.8795 0.0109 0.4758
vn -0.8795 0.0110 0.4758
vn -0.9911 0.0167 -0.1320
vn -0.9911 0.0167 -0.1321
vn -0.7243 0.0114 -0.6894
vn -0.7243 0.0113 -0.6894
vn -0.7243 0.0115 -0.6894
vn -0.1807 0.0028 -0.9835
vn -0.1808 0.0030 -0.9835
vn -0.1807 0.0029 -0.9835
vn -0.1806 0.0029 -0.9835
vn 0.4319 0.0005 -0.9019
vn 0.4319 0.0006 -0.9019
vn 0.8795 0.0034 -0.4758
vn 0.8795 0.0034 -0.4759
vn 0.8796 0.0034 -0.4757
vn 0.8795 0.0033 -0.4758
vn 0.9912 0.0029 0.1320
vn 0.9912 0.0029 0.1321
vn 0.7243 -0.0034 0.6895
vn 0.7243 -0.0033 0.6894
vn 0.7243 -0.0033 0.6895
vn 0.7243 -0.0032 0.6895
vn 0.7244 -0.0033 0.6894
vn -0.1807 0.0072 -0.9835
vn -0.1807 0.0071 -0.9835
vn -0.1808 0.0072 -0.9835
vn -0.1808 0.0071 -0.9835
vn -0.1807 0.0070 -0.9835
vn -0.1807 0.0073 -0.9835
vn -0.4353 0.1797 0.8822
vn -0.4354 0.1797 0.8821
vn -0.4355 0.1797 0.8821
vn -0.4355 0.1798 0.8821
vn -0.8694 0.1896 0.4562
vn -0.8694 0.1896 0.4563
vn -0.8694 0.1897 0.4562
vn -0.9728 0.1944 -0.1258
vn -0.9728 0.1944 -0.1257
vn -0.9728 0.1945 -0.1257
vn -0.7212 0.1906 -0.6660
vn -0.7212 0.1905 -0.6660
vn -0.1829 0.1836 -0.9658
vn -0.1829 0.1836 -0.9659
vn -0.1830 0.1836 -0.9658
vn -0.1829 0.1835 -0.9658
vn 0.4354 0.1810 -0.8818
vn 0.4352 0.1809 -0.8820
vn 0.4355 0.1810 -0.8818
vn 0.4354 0.1810 -0.8819
vn 0.4353 0.1810 -0.8819
vn 0.8707 0.1822 -0.4568
vn 0.8706 0.1823 -0.4570
vn 0.8706 0.1824 -0.4569
vn 0.8706 0.1822 -0.4569
vn 0.8707 0.1824 -0.4568
vn 0.9753 0.1814 0.1260
vn 0.9753 0.1814 0.1261
vn 0.7231 0.1765 0.6678
vn 0.1832 0.1741 0.9675
vn 0.1833 0.1740 0.9675
vn 0.1832 0.1741 0.9676
vn 0.1833 0.1740 0.9676
vn 0.1832 0.1739 0.9676
vn 0.2799 -0.1977 -0.9395
vn 0.2798 -0.1976 -0.9395
vn 0.2282 -0.6012 -0.7658
vn 0.2281 -0.6012 -0.7658
vn 0.0958 -0.9420 -0.3216
vn 0.0958 -0.9420 -0.3215
vn 0.0957 -0.9420 -0.3216
vn -0.0958 -0.9420 0.3216
vn -0.0958 -0.9420 0.3215
vn -0.2281 -0.6012 0.7658
vn -0.2798 -0.1976 0.9395
vn -0.2799 -0.1976 0.9395
vn -0.2798 0.1976 0.9395
vn -0.2799 0.1976 0.9395
vn -0.2798 0.1977 0.9395
vn -0.2281 0.6013 0.7658
vn -0.0957 0.9421 0.3215
vn -0.0958 0.9420 0.3215
vn 0.0958 0.9420 -0.3216
vn 0.0958 0.9420 -0.3215
vn 0.2281 0.6013 -0.7658
vn 0.2799 0.1977 -0.9395
vn 0.2798 0.1976 -0.9395
vn 0.2799 0.1977 -0.9394
vn 0.5565 -0.1976 -0.8070
vn 0.4537 -0.6012 -0.6579
vn 0.4536 -0.6012 -0.6579
vn 0.1904 -0.9420 -0.2762
vn 0.1905 -0.9420 -0.2762
vn -0.1904 -0.9421 0.2762
vn -0.4536 -0.6012 0.6579
vn -0.4537 -0.6012 0.6579
vn -0.4536 -0.6013 0.6579
vn -0.5564 -0.1976 0.8071
vn -0.5565 -0.1976 0.8070
vn -0.5564 -0.1977 0.8071
vn -0.5565 0.1977 0.8070
vn -0.5565 0.1976 0.8070
vn -0.4536 0.6012 0.6578
vn -0.4537 0.6012 0.6578
vn -0.1904 0.9420 0.2762
vn -0.1904 0.9421 0.2762
vn 0.1904 0.9421 -0.2762
vn 0.1905 0.9420 -0.2762
vn 0.4536 0.6012 -0.6579
vn 0.4536 0.6013 -0.6578
vn 0.5565 0.1976 -0.8070
vn 0.7787 -0.1976 -0.5955
vn 0.7786 -0.1976 -0.5956
vn 0.6347 -0.6012 -0.4855
vn 0.6347 -0.6013 -0.4855
vn 0.2665 -0.9420 -0.2038
vn 0.2664 -0.9420 -0.2038
vn -0.2665 -0.9420 0.2038
vn -0.2664 -0.9420 0.2038
vn -0.6346 -0.6013 0.4855
vn -0.6348 -0.6012 0.4854
vn -0.7786 -0.1976 0.5956
vn -0.7787 -0.1976 0.5955
vn -0.7786 -0.1976 0.5955
vn -0.7786 0.1977 0.5956
vn -0.7786 0.1977 0.5955
vn -0.6347 0.6013 0.4854
vn -0.6347 0.6012 0.4854
vn -0.2665 0.9420 0.2038
vn -0.2664 0.9421 0.2038
vn 0.2665 0.9420 -0.2038
vn 0.2666 0.9420 -0.2038
vn 0.6347 0.6013 -0.4854
vn 0.6346 0.6013 -0.4855
vn 0.7786 0.1976 -0.5955
vn 0.7786 0.1976 -0.5956
vn 0.9246 -0.1976 -0.3258
vn 0.9245 -0.1977 -0.3258
vn 0.9245 -0.1976 -0.3258
vn 0.7537 -0.6012 -0.2656
vn 0.7536 -0.6012 -0.2656
vn 0.3165 -0.9420 -0.1115
vn -0.3163 -0.9421 0.1115
vn -0.3165 -0.9420 0.1115
vn -0.7537 -0.6012 0.2656
vn -0.9246 -0.1976 0.3258
vn -0.9245 -0.1976 0.3258
vn -0.9245 0.1977 0.3258
vn -0.9246 0.1976 0.3258
vn -0.9245 0.1977 0.3259
vn -0.7536 0.6012 0.2656
vn -0.7536 0.6013 0.2656
vn -0.7537 0.6012 0.2656
vn -0.3164 0.9421 0.1115
vn -0.3165 0.9420 0.1115
vn 0.3165 0.9420 -0.1115
vn 0.3164 0.9421 -0.1115
vn 0.7536 0.6013 -0.2656
vn 0.9246 0.1976 -0.3258
vn 0.9245 0.1977 -0.3258
vn 0.9800 -0.1976 -0.0242
vn 0.9800 -0.1977 -0.0242
vn 0.7989 -0.6011 -0.0197
vn 0.7988 -0.6013 -0.0197
vn 0.3353 -0.9421 -0.0083
vn 0.3354 -0.9420 -0.0083
vn -0.3355 -0.9420 0.0083
vn -0.3354 -0.9420 0.0083
vn -0.7988 -0.6013 0.0197
vn -0.7989 -0.6012 0.0197
vn -0.9800 -0.1976 0.0242
vn -0.9800 0.1976 0.0242
vn -0.7988 0.6013 0.0197
vn -0.3354 0.9420 0.0083
vn -0.3355 0.9420 0.0083
vn 0.3354 0.9420 -0.0083
vn 0.3355 0.9420 -0.0083
vn 0.7988 0.6013 -0.0197
vn 0.9800 0.1976 -0.0242
vn 0.9800 0.1977 -0.0242
vn 0.9395 -0.1977 0.2799
vn 0.9395 -0.1976 0.2799
vn 0.9395 -0.1977 0.2798
vn 0.7659 -0.6012 0.2281
vn 0.7658 -0.6012 0.2281
vn 0.3216 -0.9420 0.0958
vn 0.3215 -0.9421 0.0958
vn 0.3217 -0.9420 0.0958
vn -0.3215 -0.9420 -0.0958
vn -0.3216 -0.9420 -0.0958
vn -0.7658 -0.6013 -0.2282
vn -0.7658 -0.6012 -0.2281
vn -0.9395 -0.1976 -0.2799
vn -0.9395 -0.1976 -0.2798
vn -0.9395 0.1977 -0.2799
vn -0.9395 0.1977 -0.2798
vn -0.7658 0.6012 -0.2281
vn -0.3215 0.9420 -0.0958
vn 0.3215 0.9421 0.0958
vn 0.3215 0.9420 0.0958
vn 0.7658 0.6012 0.2281
vn 0.7658 0.6013 0.2281
vn 0.9395 0.1977 0.2798
vn 0.9395 0.1976 0.2798
vn 0.8070 -0.1976 0.5565
vn 0.8070 -0.1977 0.5565
vn 0.6579 -0.6012 0.4536
vn 0.6578 -0.6012 0.4536
vn 0.6579 -0.6011 0.4536
vn 0.2761 -0.9421 0.1904
vn 0.2763 -0.9420 0.1905
vn -0.2763 -0.9420 -0.1904
vn -0.2762 -0.9420 -0.1905
vn -0.6578 -0.6012 -0.4537
vn -0.6579 -0.6012 -0.4536
vn -0.8070 -0.1976 -0.5565
vn -0.8070 -0.1976 -0.5564
vn -0.8070 0.1977 -0.5565
vn -0.8071 0.1976 -0.5564
vn -0.8070 0.1976 -0.5564
vn -0.6579 0.6012 -0.4536
vn -0.6578 0.6013 -0.4536
vn -0.6578 0.6012 -0.4536
vn -0.2761 0.9421 -0.1905
vn -0.2762 0.9421 -0.1905
vn 0.2763 0.9420 0.1905
vn 0.2762 0.9420 0.1905
vn 0.6578 0.6012 0.4536
vn 0.6578 0.6013 0.4536
vn 0.8070 0.1976 0.5565
vn 0.8070 0.1977 0.5565
vn 0.5956 -0.1976 0.7786
vn 0.5955 -0.1977 0.7786
vn 0.4855 -0.6012 0.6347
vn 0.4854 -0.6013 0.6347
vn 0.2038 -0.9421 0.2665
vn 0.2038 -0.9420 0.2665
vn -0.2038 -0.9420 -0.2665
vn -0.4854 -0.6013 -0.6347
vn -0.4855 -0.6012 -0.6347
vn -0.5956 -0.1976 -0.7786
vn -0.5956 -0.1975 -0.7786
vn -0.5955 -0.1976 -0.7786
vn -0.5956 0.1976 -0.7786
vn -0.4854 0.6013 -0.6347
vn -0.2038 0.9420 -0.2665
vn -0.2039 0.9420 -0.2665
vn 0.2038 0.9420 0.2665
vn 0.4854 0.6013 0.6347
vn 0.4855 0.6013 0.6347
vn 0.5956 0.1977 0.7786
vn 0.5955 0.1976 0.7786
vn 0.3258 -0.1976 0.9246
vn 0.3258 -0.1977 0.9246
vn 0.2656 -0.6012 0.7537
vn 0.1115 -0.9420 0.3164
vn -0.1115 -0.9420 -0.3165
vn -0.1115 -0.9420 -0.3164
vn -0.2656 -0.6012 -0.7536
vn -0.2656 -0.6013 -0.7536
vn -0.3258 -0.1975 -0.9246
vn -0.3258 -0.1976 -0.9245
vn -0.3258 0.1976 -0.9246
vn -0.3258 0.1976 -0.9245
vn -0.2655 0.6013 -0.7536
vn -0.2656 0.6013 -0.7536
vn -0.1115 0.9420 -0.3164
vn -0.1116 0.9420 -0.3164
vn 0.1115 0.9420 0.3164
vn 0.2656 0.6013 0.7536
vn 0.2656 0.6012 0.7537
vn 0.3258 0.1976 0.9245
vn 0.3258 0.1977 0.9245
vn 0.3259 0.1976 0.9245
vn 0.0242 -0.1977 0.9800
vn 0.0241 -0.1975 0.9800
vn 0.0242 -0.1976 0.9800
vn 0.0197 -0.6012 0.7989
vn 0.0197 -0.6012 0.7988
vn 0.0083 -0.9420 0.3354
vn -0.0083 -0.9420 -0.3354
vn -0.0197 -0.6013 -0.7988
vn -0.0197 -0.6012 -0.7989
vn -0.0197 -0.6012 -0.7988
vn -0.0241 -0.1976 -0.9800
vn -0.0242 -0.1977 -0.9800
vn -0.0241 0.1977 -0.9800
vn -0.0242 0.1977 -0.9800
vn -0.0241 0.1976 -0.9800
vn -0.0197 0.6013 -0.7988
vn -0.0197 0.6012 -0.7988
vn -0.0083 0.9420 -0.3354
vn 0.0083 0.9420 0.3354
vn 0.0197 0.6012 0.7989
vn 0.0197 0.6013 0.7988
vn 0.0242 0.1976 0.9800
vn 0.0242 0.1977 0.9800
vn 0.0242 0.1975 0.9800
vn -0.2799 -0.1977 0.9395
vn -0.2798 -0.1977 0.9395
vn -0.2282 -0.6012 0.7658
vn -0.0957 -0.9421 0.3215
vn 0.0958 -0.9421 -0.3215
vn 0.2281 -0.6013 -0.7658
vn 0.2799 -0.1976 -0.9395
vn 0.2799 0.1976 -0.9395
vn 0.2281 0.6012 -0.7658
vn 0.0957 0.9420 -0.3215
vn -0.2281 0.6012 0.7658
vn -0.2799 0.1977 0.9395
vn -0.2799 0.1977 0.9394
vn -0.5565 -0.1977 0.8070
vn -0.5564 -0.1976 0.8070
vn -0.4537 -0.6012 0.6578
vn -0.1905 -0.9420 0.2761
vn -0.1903 -0.9421 0.2761
vn -0.1904 -0.9421 0.2761
vn 0.1903 -0.9421 -0.2762
vn 0.1905 -0.9421 -0.2761
vn 0.4535 -0.6013 -0.6578
vn 0.4536 -0.6012 -0.6578
vn 0.5564 -0.1975 -0.8071
vn 0.5564 0.1976 -0.8070
vn 0.5566 0.1975 -0.8070
vn 0.5565 0.1975 -0.8070
vn 0.5564 0.1977 -0.8070
vn 0.1904 0.9420 -0.2762
vn -0.1905 0.9420 0.2762
vn -0.4536 0.6012 0.6579
vn -0.5564 0.1977 0.8070
vn -0.7786 -0.1977 0.5955
vn -0.6347 -0.6012 0.4855
vn -0.2664 -0.9421 0.2038
vn 0.2664 -0.9421 -0.2038
vn 0.6347 -0.6012 -0.4854
vn 0.7786 0.1977 -0.5956
vn 0.7787 0.1976 -0.5955
vn 0.6347 0.6013 -0.4855
vn -0.2663 0.9421 0.2038
vn -0.6347 0.6012 0.4855
vn -0.7786 0.1976 0.5955
vn -0.9274 -0.1861 0.3246
vn -0.9246 -0.1976 0.3257
vn -0.7536 -0.6013 0.2656
vn -0.7537 -0.6011 0.2656
vn 0.3163 -0.9421 -0.1115
vn 0.3164 -0.9420 -0.1115
vn 0.7537 0.6012 -0.2656
vn 0.3163 0.9421 -0.1115
vn -0.7537 0.6011 0.2656
vn -0.9258 0.1916 0.3260
vn -0.9258 0.1911 0.3262
vn -0.9249 0.1973 0.3249
vn -0.9249 0.1976 0.3248
vn -0.3353 -0.9421 0.0083
vn 0.3352 -0.9421 -0.0083
vn 0.7989 -0.6012 -0.0197
vn 0.9800 -0.1976 -0.0241
vn 0.9800 0.1977 -0.0241
vn 0.7989 0.6012 -0.0197
vn 0.3352 0.9421 -0.0083
vn -0.3353 0.9421 0.0083
vn -0.7988 0.6012 0.0197
vn -0.9395 -0.1977 -0.2799
vn -0.7659 -0.6012 -0.2281
vn -0.7658 -0.6013 -0.2281
vn -0.7659 -0.6011 -0.2281
vn -0.3214 -0.9421 -0.0958
vn 0.3214 -0.9421 0.0958
vn 0.3215 -0.9420 0.0958
vn 0.7658 -0.6013 0.2281
vn 0.9395 -0.1976 0.2798
vn 0.9395 0.1977 0.2799
vn 0.7659 0.6012 0.2281
vn 0.3214 0.9421 0.0958
vn -0.3213 0.9421 -0.0958
vn -0.3216 0.9420 -0.0958
vn -0.3212 0.9421 -0.0958
vn -0.7658 0.6013 -0.2281
vn -0.7659 0.6012 -0.2281
vn -0.9395 0.1976 -0.2799
vn -0.8070 -0.1977 -0.5565
vn -0.8070 -0.1977 -0.5564
vn -0.6578 -0.6013 -0.4536
vn -0.6579 -0.6011 -0.4536
vn -0.2761 -0.9421 -0.1904
vn 0.2760 -0.9421 0.1904
vn 0.2762 -0.9421 0.1904
vn 0.8070 -0.1977 0.5566
vn 0.8069 -0.1977 0.5566
vn 0.2762 0.9421 0.1905
vn 0.2761 0.9421 0.1905
vn -0.2761 0.9421 -0.1904
vn -0.2762 0.9420 -0.1905
vn -0.8070 0.1976 -0.5565
vn -0.5955 -0.1976 -0.7787
vn -0.4856 -0.6011 -0.6347
vn -0.2038 -0.9421 -0.2664
vn -0.2037 -0.9421 -0.2664
vn 0.2037 -0.9421 0.2664
vn 0.2038 -0.9421 0.2664
vn 0.5956 0.1976 0.7786
vn 0.4855 0.6012 0.6347
vn 0.2039 0.9420 0.2665
vn -0.4855 0.6012 -0.6347
vn -0.4855 0.6013 -0.6347
vn -0.3258 -0.1976 -0.9246
vn -0.3259 -0.1976 -0.9245
vn -0.2655 -0.6012 -0.7537
vn -0.2656 -0.6012 -0.7537
vn -0.1115 -0.9421 -0.3164
vn 0.1115 -0.9421 0.3163
vn 0.1114 -0.9421 0.3163
vn 0.2656 -0.6012 0.7536
vn 0.3258 -0.1976 0.9245
vn 0.3258 0.1976 0.9246
vn 0.3258 0.1977 0.9246
vn 0.2656 0.6012 0.7536
vn -0.1115 0.9420 -0.3165
vn -0.2656 0.6012 -0.7537
vn -0.3259 0.1976 -0.9245
vn -0.0242 -0.1976 -0.9800
vn -0.0242 -0.1975 -0.9800
vn 0.0197 -0.6013 0.7988
vn 0.0242 -0.1975 0.9800
vn 0.0197 0.6012 0.7988
vn -0.0242 0.1975 -0.9800
vn -0.0242 0.1976 -0.9800
vn 0.9808 -0.1933 -0.0249
vn 0.9808 -0.1937 -0.0248
vn 0.9800 -0.1974 -0.0243
vn 0.9819 0.1881 -0.0242
vn 0.9817 0.1886 -0.0246
vn 0.9801 0.1970 -0.0255
vn 0.9800 0.1975 -0.0259
vt 0.721612 0.398927
vt 0.721612 0.593965
vt 0.712049 0.588970
vt 0.710823 0.421447
vt 0.723368 -0.000000
vt 0.723368 0.190478
vt 0.712503 0.168549
vt 0.713538 0.004446
vt 0.806562 0.379212
vt 0.806562 0.193337
vt 0.816590 0.197321
vt 0.513484 0.984233
vt 0.513484 0.802147
vt 0.521644 0.961152
vt 0.486216 0.895830
vt 0.486216 0.707448
vt 0.495376 0.730687
vt 0.935759 0.162631
vt 0.935759 -0.000000
vt 0.945639 0.158292
vt 0.305426 0.440294
vt 0.305426 0.632981
vt 0.293935 0.627385
vt 0.294432 0.462804
vt 0.622315 0.398930
vt 0.622315 0.592458
vt 0.611566 0.570443
vt 0.610847 0.404572
vt 0.575741 0.398929
vt 0.575741 0.204076
vt 0.587076 0.209945
vt 0.587545 0.377461
vt 0.458464 0.403697
vt 0.458464 0.204077
vt 0.470291 0.226161
vt 0.469574 0.397412
vt 0.493856 0.000000
vt 0.493856 0.198290
vt 0.482661 0.191935
vt 0.481991 0.022281
vt 0.540537 0.204074
vt 0.540537 0.399940
vt 0.528667 0.378265
vt 0.529096 0.209972
vt 0.622230 0.393086
vt 0.622230 0.200907
vt 0.633747 0.206592
vt 0.633072 0.370879
vt 0.599481 0.193515
vt 0.599481 -0.000001
vt 0.610594 0.022664
vt 0.611048 0.187935
vt 0.622230 0.200907
vt 0.622230 0.393819
vt 0.610686 0.388093
vt 0.611157 0.223329
vt 0.069890 0.421707
vt 0.069890 0.615426
vt 0.059010 0.593449
vt 0.058342 0.427425
vt 0.552221 0.399117
vt 0.552221 0.204078
vt 0.563606 0.210067
vt 0.564057 0.377640
vt 0.446560 0.199351
vt 0.446560 0.000000
vt 0.458435 0.022008
vt 0.457772 0.193044
vt 0.446621 0.204076
vt 0.446621 0.403793
vt 0.434775 0.397413
vt 0.434762 0.226253
vt 0.587592 0.398926
vt 0.587592 0.592804
vt 0.575810 0.571173
vt 0.575741 0.405296
vt 0.505712 0.196537
vt 0.505712 -0.000001
vt 0.517614 0.006342
vt 0.517597 0.174963
vt 0.493857 0.198101
vt 0.493857 0.000001
vt 0.505713 0.022180
vt 0.505645 0.191549
vt 0.783809 0.593761
vt 0.783809 0.779305
vt 0.773536 0.775327
vt 0.417310 0.798526
vt 0.417310 0.982404
vt 0.409188 0.822507
vt 0.688409 0.597017
vt 0.688409 0.783469
vt 0.679376 0.760365
vt 0.678156 0.601045
vt 0.701486 0.190244
vt 0.701486 0.000003
vt 0.711482 0.004654
vt 0.712504 0.168019
vt 0.699821 0.594528
vt 0.699821 0.398925
vt 0.710823 0.421722
vt 0.709627 0.589486
vt 0.110944 0.330686
vt 0.110944 0.526974
vt 0.099128 0.505368
vt 0.099056 0.336989
vt 0.021504 0.527788
vt 0.021504 0.331738
vt 0.033400 0.338087
vt 0.033230 0.506132
vt 0.482225 0.401794
vt 0.482225 0.204076
vt 0.494118 0.226207
vt 0.494048 0.395310
vt 0.481991 -0.000001
vt 0.481991 0.197630
vt 0.470220 0.191111
vt 0.470050 0.022105
vt 0.689231 0.193336
vt 0.689231 0.387277
vt 0.679143 0.382540
vt 0.678055 0.215688
vt 0.033399 0.527788
vt 0.033399 0.721242
vt 0.022524 0.699356
vt 0.023541 0.532986
vt 0.742411 0.779841
vt 0.742411 0.596879
vt 0.752918 0.600653
vt 0.980595 0.290992
vt 0.980595 0.108676
vt 0.988624 0.267878
vt 0.722035 0.781486
vt 0.722035 0.590441
vt 0.731146 0.613712
vt 0.732215 0.776900
vt 0.183181 0.301025
vt 0.183181 0.499399
vt 0.172019 0.493154
vt 0.171328 0.323268
vt 0.552925 0.000000
vt 0.552925 0.195162
vt 0.541091 0.173440
vt 0.541582 0.005910
vt 0.622332 0.192130
vt 0.622332 -0.000001
vt 0.633818 0.005565
vt 0.633120 0.169870
vt 0.622315 0.591355
vt 0.622315 0.398928
vt 0.633298 0.421614
vt 0.633813 0.585816
vt 0.422640 0.200115
vt 0.422640 0.000001
vt 0.434149 0.006677
vt 0.434606 0.180647
vt 0.350657 0.205383
vt 0.350657 -0.000000
vt 0.362644 0.020081
vt 0.361907 0.198280
vt 0.576319 -0.000000
vt 0.576319 0.197110
vt 0.564636 0.190733
vt 0.565120 0.020532
vt 0.552221 0.204077
vt 0.552221 0.402164
vt 0.541278 0.382104
vt 0.540537 0.210454
vt 0.679176 0.192687
vt 0.679176 -0.000000
vt 0.689165 0.004807
vt 0.690180 0.171808
vt 0.678156 0.597016
vt 0.678156 0.398928
vt 0.689089 0.420462
vt 0.687852 0.591643
vt 0.721102 0.593966
vt 0.721102 0.781539
vt 0.710823 0.777399
vt 0.236724 0.240977
vt 0.236724 0.423996
vt 0.228088 0.263476
vt 0.182402 0.694127
vt 0.182402 0.885172
vt 0.173285 0.863456
vt 0.938065 0.346278
vt 0.938065 0.512423
vt 0.928092 0.351111
vt 0.722168 0.193337
vt 0.722168 0.378799
vt 0.710912 0.356946
vt 0.711834 0.197260
vt 0.732214 0.788133
vt 0.732214 0.597349
vt 0.742142 0.602139
vt 0.552814 0.980618
vt 0.552814 0.806963
vt 0.561087 0.957401
vt 0.799448 0.576616
vt 0.799448 0.398928
vt 0.808985 0.422097
vt 0.809983 0.573373
vt 0.710913 0.193337
vt 0.710913 0.390405
vt 0.701516 0.384585
vt 0.700214 0.215993
vt 0.032046 0.721244
vt 0.032046 0.898931
vt 0.022524 0.877259
vt 0.935759 0.000001
vt 0.935759 0.171982
vt 0.926031 0.005496
vt 0.690180 0.186185
vt 0.690180 0.000000
vt 0.700548 0.004248
vt 0.701485 0.165481
vt 0.689089 0.599608
vt 0.689089 0.398929
vt 0.699822 0.420441
vt 0.698497 0.593522
vt 0.469172 0.598736
vt 0.469172 0.776159
vt 0.458570 0.772629
vt 0.170999 0.485695
vt 0.170999 0.676355
vt 0.163020 0.508459
vt 0.742799 0.379006
vt 0.742799 0.193338
vt 0.753572 0.197687
vt 0.163020 0.485698
vt 0.163020 0.301026
vt 0.171328 0.464404
vt 0.722169 0.387826
vt 0.722169 0.193336
vt 0.731473 0.214770
vt 0.732574 0.382659
vt 0.517322 0.407733
vt 0.517322 0.606414
vt 0.507063 0.600993
vt 0.505944 0.428142
vt 0.666860 0.193336
vt 0.666860 0.391360
vt 0.655794 0.371387
vt 0.656838 0.199183
vt 0.162681 0.301100
vt 0.162681 0.499200
vt 0.150823 0.478745
vt 0.151314 0.307755
vt 0.494052 0.597763
vt 0.494052 0.403822
vt 0.505837 0.409754
vt 0.505251 0.576939
vt 0.587546 0.398929
vt 0.587546 0.200906
vt 0.598595 0.222403
vt 0.599104 0.392567
vt 0.350659 0.203987
vt 0.350659 0.406143
vt 0.339200 0.399646
vt 0.338620 0.224947
vt 0.305926 0.240943
vt 0.305926 0.440294
vt 0.294041 0.419781
vt 0.293936 0.247713
vt 0.215659 0.439775
vt 0.215659 0.241400
vt 0.227626 0.248165
vt 0.227494 0.419233
vt 0.398789 0.404735
vt 0.398789 0.204076
vt 0.410778 0.225065
vt 0.410680 0.397837
vt 0.096753 0.212375
vt 0.096753 0.412735
vt 0.084887 0.405750
vt 0.084755 0.233359
vt 0.666860 0.388219
vt 0.666860 0.193338
vt 0.677040 0.198670
vt 0.678055 0.368180
vt 0.517502 0.610461
vt 0.517502 0.409751
vt 0.528667 0.430353
vt 0.527452 0.604712
vt 0.765472 -0.000003
vt 0.765472 0.188821
vt 0.754954 0.184209
vt 0.257099 0.241251
vt 0.257099 0.428015
vt 0.248675 0.263122
vt 0.754951 0.000001
vt 0.754951 0.189842
vt 0.745690 0.168839
vt 0.744446 0.004643
vt 0.341225 0.517588
vt 0.341225 0.711104
vt 0.330135 0.690033
vt 0.331159 0.522486
vt 0.772882 0.585632
vt 0.772882 0.398928
vt 0.783197 0.403247
vt 0.972326 0.291303
vt 0.972326 0.108678
vt 0.980596 0.268967
vt 0.873717 0.383178
vt 0.873717 0.193338
vt 0.882969 0.215828
vt 0.922051 0.708236
vt 0.922051 0.542240
vt 0.932165 0.703465
vt 0.678155 0.398928
vt 0.678155 0.595825
vt 0.668347 0.590428
vt 0.667121 0.420594
vt 0.576319 0.196804
vt 0.576319 0.000002
vt 0.587998 0.006347
vt 0.587272 0.176644
vt 0.564058 0.401261
vt 0.564058 0.204076
vt 0.575219 0.224629
vt 0.575741 0.394924
vt 0.398727 -0.000002
vt 0.398727 0.204075
vt 0.387456 0.197009
vt 0.386735 0.020077
vt 0.084754 0.211641
vt 0.084754 0.412300
vt 0.072772 0.392734
vt 0.073266 0.218349
vt 0.374692 0.406144
vt 0.374684 0.203988
vt 0.386735 0.211182
vt 0.386735 0.386665
vt 0.362644 0.407070
vt 0.362644 0.203412
vt 0.374655 0.223491
vt 0.374569 0.399668
vt 0.326490 0.000001
vt 0.326482 0.205676
vt 0.314488 0.198416
vt 0.314488 0.020084
vt 0.434763 0.204075
vt 0.434763 0.403204
vt 0.422833 0.383656
vt 0.422748 0.211301
vt 0.206381 0.442453
vt 0.206381 0.632586
vt 0.195408 0.611504
vt 0.194745 0.448205
vt 0.446623 0.403793
vt 0.446623 0.204075
vt 0.457890 0.210548
vt 0.458465 0.383187
vt 0.236723 0.440107
vt 0.236723 0.240977
vt 0.248675 0.262075
vt 0.248020 0.433686
vt 0.599482 -0.000001
vt 0.599482 0.198666
vt 0.587999 0.192615
vt 0.588600 0.021668
vt 0.326492 0.405632
vt 0.326492 0.204075
vt 0.338553 0.211257
vt 0.338379 0.386064
vt 0.127741 0.384450
vt 0.127741 0.181159
vt 0.139797 0.201183
vt 0.139697 0.377094
vt 0.374734 0.000000
vt 0.374734 0.203414
vt 0.362815 0.196015
vt 0.362645 0.020004
vt 0.398792 0.204076
vt 0.398792 0.405953
vt 0.386836 0.386428
vt 0.386736 0.211250
vt 0.058342 0.421709
vt 0.058342 0.221349
vt 0.069899 0.228150
vt 0.070339 0.402226
vt 0.000001 0.296194
vt 0.000001 0.091073
vt 0.012038 0.111078
vt 0.011355 0.289059
vt 0.541093 -0.000001
vt 0.541093 0.197428
vt 0.529361 0.190916
vt 0.529823 0.020446
vt 0.122704 0.330686
vt 0.122704 0.529049
vt 0.111631 0.509026
vt 0.110946 0.337151
vt 0.774393 0.193337
vt 0.774393 0.381719
vt 0.765230 0.359947
vt 0.764017 0.197722
vt 0.668092 0.192911
vt 0.668092 -0.000000
vt 0.678176 0.005019
vt 0.679176 0.172052
vt 0.644737 0.391701
vt 0.644737 0.193338
vt 0.655794 0.214759
vt 0.654607 0.386274
vt 0.775863 0.000001
vt 0.775863 0.187668
vt 0.765471 0.183321
vt 0.981712 0.462763
vt 0.981712 0.648436
vt 0.973602 0.485473
vt 0.552927 0.196896
vt 0.552927 -0.000001
vt 0.564635 0.006464
vt 0.563930 0.176793
vt 0.517614 0.198419
vt 0.517614 -0.000002
vt 0.528903 0.020518
vt 0.529361 0.192024
vt 0.386735 -0.000001
vt 0.386735 0.203987
vt 0.375434 0.196809
vt 0.374735 0.020111
vt 0.326505 0.205675
vt 0.326505 0.407116
vt 0.314487 0.387603
vt 0.314918 0.212383
vt 0.055929 0.221369
vt 0.055929 0.420989
vt 0.044093 0.400478
vt 0.043931 0.228091
vt 0.434606 0.198289
vt 0.434606 -0.000001
vt 0.446560 0.006759
vt 0.446452 0.177783
vt 0.398727 0.201441
vt 0.398727 -0.000001
vt 0.410755 0.021016
vt 0.410594 0.194530
vt 0.422747 0.204076
vt 0.422747 0.404190
vt 0.410889 0.397222
vt 0.410779 0.225127
vt 0.599305 0.782681
vt 0.599305 0.593967
vt 0.609595 0.598473
vt 0.207219 0.425920
vt 0.207219 0.241401
vt 0.215658 0.404661
vt 0.012137 0.402603
vt 0.012137 0.211091
vt 0.021503 0.232490
vt 0.911953 0.709528
vt 0.911953 0.542240
vt 0.922053 0.704611
vt 0.644735 0.193337
vt 0.644735 0.393086
vt 0.635016 0.387445
vt 0.633747 0.213941
vt 0.182402 0.499402
vt 0.182402 0.694128
vt 0.171328 0.674123
vt 0.172380 0.504484
vt 0.012037 0.296195
vt 0.012037 0.493913
vt 0.000141 0.473475
vt 0.000633 0.302427
vt 0.599304 0.593964
vt 0.599304 0.398927
vt 0.610847 0.404926
vt 0.610102 0.572926
vt 0.599102 0.395633
vt 0.599102 0.200907
vt 0.610170 0.222357
vt 0.610685 0.389712
vt 0.422638 -0.000002
vt 0.422638 0.201555
vt 0.411494 0.194868
vt 0.410755 0.021008
vt 0.575712 0.401259
vt 0.575712 0.596861
vt 0.564724 0.575785
vt 0.564056 0.407323
vt 0.470291 0.401707
vt 0.470291 0.204077
vt 0.481801 0.210450
vt 0.482225 0.381151
vt 0.350675 0.407260
vt 0.350675 0.205383
vt 0.362643 0.226481
vt 0.361976 0.400523
vt 0.362643 0.407261
vt 0.362643 0.602141
vt 0.350988 0.596074
vt 0.351436 0.428773
vt 0.762731 0.593762
vt 0.762731 0.398929
vt 0.772883 0.404310
vt 0.244125 0.827748
vt 0.244125 0.652288
vt 0.252747 0.806633
vt 0.762730 0.774078
vt 0.762730 0.593762
vt 0.772549 0.614778
vt 0.773536 0.770172
vt 0.644649 0.398929
vt 0.644649 0.601480
vt 0.635143 0.594969
vt 0.633812 0.419438
vt 0.656727 -0.000001
vt 0.656727 0.189778
vt 0.645273 0.170122
vt 0.646176 0.004628
vt 0.564057 0.399118
vt 0.564055 0.593730
vt 0.552257 0.574942
vt 0.552257 0.421914
vt 0.517319 0.409751
vt 0.517319 0.204075
vt 0.528665 0.228959
vt 0.528665 0.390686
vt 0.127741 -0.000001
vt 0.127741 0.209021
vt 0.113469 0.187685
vt 0.113468 0.023328
vt 0.517322 0.204076
vt 0.517322 0.407734
vt 0.505838 0.388728
vt 0.505837 0.228583
vt 0.257274 0.439933
vt 0.257274 0.241252
vt 0.269228 0.264986
vt 0.269227 0.421218
vt 0.084754 0.212375
vt 0.084754 -0.000000
vt 0.099055 0.022978
vt 0.099053 0.189975
vt 0.185341 0.000000
vt 0.185341 0.178387
vt 0.170936 0.159924
vt 0.170935 0.019648
vt 0.764017 0.193338
vt 0.764017 0.384057
vt 0.753570 0.364269
vt 0.753571 0.214297
vt 0.752603 0.596038
vt 0.752604 0.398928
vt 0.762730 0.421088
vt 0.762730 0.576084
vt 0.281833 0.000000
vt 0.281835 0.205383
vt 0.269716 0.186577
vt 0.269716 0.025077
vt 0.338580 0.203989
vt 0.338580 0.000001
vt 0.350657 0.024753
vt 0.350657 0.185155
vt 0.055930 -0.000000
vt 0.055930 0.221369
vt 0.041515 0.197539
vt 0.041515 0.023468
vt 0.742410 0.398927
vt 0.742410 0.597348
vt 0.732214 0.577444
vt 0.732215 0.421421
vt 0.733911 0.190054
vt 0.733911 0.000000
vt 0.744447 0.020884
vt 0.744446 0.170328
vt 0.156545 0.180215
vt 0.156545 0.000000
vt 0.170938 0.020069
vt 0.170938 0.161775
vt 0.206558 0.241744
vt 0.206558 0.442453
vt 0.194746 0.423458
vt 0.194746 0.265635
vt 0.458435 0.203414
vt 0.458435 0.000000
vt 0.470051 0.024350
vt 0.470050 0.184297
vt 0.084754 -0.000001
vt 0.084754 0.211641
vt 0.070341 0.189222
vt 0.070340 0.022804
vt 0.194746 0.241743
vt 0.194746 0.445034
vt 0.183212 0.425862
vt 0.183212 0.266010
vt 0.494117 0.403825
vt 0.494117 0.204075
vt 0.505836 0.227698
vt 0.505836 0.384766
vt 0.099056 0.209456
vt 0.099056 -0.000000
vt 0.113470 0.022674
vt 0.113470 0.187375
vt 0.732215 0.398928
vt 0.732215 0.590440
vt 0.721613 0.570746
vt 0.721612 0.420157
vt 0.732575 0.390767
vt 0.732574 0.193338
vt 0.742798 0.215632
vt 0.742798 0.370875
vt 0.142143 0.000000
vt 0.142143 0.181159
vt 0.127741 0.162301
vt 0.127741 0.019853
vt 0.293935 -0.000001
vt 0.293935 0.205121
vt 0.281833 0.186319
vt 0.281835 0.025027
vt 0.326492 0.204076
vt 0.326492 -0.000001
vt 0.338580 0.024794
vt 0.338580 0.185265
vt 0.055930 0.221349
vt 0.055930 0.000000
vt 0.070341 0.023773
vt 0.070339 0.197826
vt 0.752603 0.398929
vt 0.752603 0.596880
vt 0.742411 0.576971
vt 0.742411 0.421318
vt 0.723368 0.190561
vt 0.723368 0.000000
vt 0.733910 0.020992
vt 0.733910 0.170836
vt 0.142146 0.180216
vt 0.142144 0.000000
vt 0.156542 0.019946
vt 0.156542 0.161655
vt 0.151520 0.693076
vt 0.151520 0.499197
vt 0.162681 0.522968
vt 0.162681 0.671999
vt 0.667122 0.398928
vt 0.667124 0.592640
vt 0.655830 0.571539
vt 0.655830 0.422638
vt 0.183394 0.638490
vt 0.183397 0.445035
vt 0.194746 0.468375
vt 0.194746 0.617517
vt 0.622330 0.000000
vt 0.622333 0.196539
vt 0.611049 0.174894
vt 0.611049 0.023373
vt 0.820000 0.398929
vt 0.820000 0.583780
vt 0.809982 0.565331
vt 0.809982 0.422666
vt 0.810174 0.787286
vt 0.810174 0.593758
vt 0.819715 0.617691
vt 0.819715 0.767052
vt 0.528666 0.595807
vt 0.528669 0.399941
vt 0.540370 0.423055
vt 0.540370 0.573913
vt 0.599302 0.398927
vt 0.599304 0.593780
vt 0.587591 0.572113
vt 0.587591 0.422035
vt 0.800060 0.778789
vt 0.800060 0.593761
vt 0.810174 0.618010
vt 0.810175 0.760172
vt 0.817343 0.000001
vt 0.817343 0.192180
vt 0.807675 0.172089
vt 0.807676 0.024432
vt 0.644649 0.595216
vt 0.644649 0.398928
vt 0.655828 0.422514
vt 0.655828 0.573406
vt 0.645273 0.000000
vt 0.645273 0.190242
vt 0.633816 0.169696
vt 0.633817 0.023452
vt 0.656726 0.190478
vt 0.656728 -0.000001
vt 0.668091 0.023136
vt 0.668091 0.169927
vt 0.700213 0.193337
vt 0.700214 0.389386
vt 0.689232 0.367741
vt 0.689232 0.216657
vt 0.753020 0.789756
vt 0.753024 0.596037
vt 0.762730 0.619878
vt 0.762730 0.769284
vt 0.643944 0.601477
vt 0.643944 0.786333
vt 0.633813 0.767711
vt 0.633814 0.625141
vt 0.540498 0.597326
vt 0.540498 0.402165
vt 0.552221 0.425258
vt 0.552221 0.575460
vt 0.470290 0.403698
vt 0.470290 0.598737
vt 0.458570 0.576902
vt 0.458570 0.426793
vt 0.106357 0.631590
vt 0.106357 0.823721
vt 0.096783 0.803598
vt 0.096785 0.656051
vt 0.816590 0.377250
vt 0.816591 0.193335
vt 0.826535 0.217646
vt 0.826535 0.358886
vt 0.350660 0.406144
vt 0.350660 0.515761
vt 0.330137 0.517586
vt 0.330139 0.409166
vt 0.946652 0.662764
vt 0.946652 0.771185
vt 0.932167 0.775007
vt 0.932166 0.669851
vt 0.511649 0.792564
vt 0.511650 0.909116
vt 0.496799 0.907323
vt 0.496799 0.795716
vt 0.833593 -0.000001
vt 0.833593 0.111606
vt 0.817343 0.108809
vt 0.817343 0.002148
vt 0.996304 0.346280
vt 0.996303 0.452941
vt 0.983010 0.449889
vt 0.983010 0.346848
vt 0.689089 0.788580
vt 0.689089 0.697328
vt 0.708977 0.694382
vt 0.708977 0.784463
vt 0.470290 0.706485
vt 0.470288 0.616404
vt 0.491522 0.616194
vt 0.491522 0.707446
vt 0.080236 0.918923
vt 0.080236 0.827671
vt 0.097129 0.830251
vt 0.097131 0.924709
vt 0.362644 0.814794
vt 0.362644 0.920739
vt 0.347256 0.922267
vt 0.347257 0.811410
vt 0.450724 0.709904
vt 0.450724 0.820761
vt 0.434799 0.823923
vt 0.434799 0.708156
vt 0.269229 0.775115
vt 0.269229 0.880271
vt 0.253277 0.877305
vt 0.253278 0.768885
vt 0.148798 0.386301
vt 0.148798 0.494721
vt 0.127743 0.494066
vt 0.127741 0.384448
vt 0.269231 0.120365
vt 0.269232 0.241152
vt 0.248677 0.241252
vt 0.248677 0.121780
vt 0.897509 0.590057
vt 0.897509 0.709529
vt 0.882951 0.709462
vt 0.882951 0.593589
vt 0.431996 0.798526
vt 0.431996 0.915423
vt 0.417312 0.913317
vt 0.417311 0.801377
vt 0.661383 0.714854
vt 0.661383 0.826793
vt 0.645058 0.824160
vt 0.645059 0.717180
vt 0.990829 0.661806
vt 0.990828 0.768787
vt 0.977240 0.766334
vt 0.977240 0.662982
vt 0.579294 0.696200
vt 0.579294 0.594408
vt 0.599306 0.593780
vt 0.599306 0.694262
vt 0.410778 0.614102
vt 0.410779 0.513621
vt 0.431995 0.513173
vt 0.431995 0.614965
vt 0.452429 0.878096
vt 0.452429 0.776304
vt 0.469171 0.776158
vt 0.469170 0.881525
vt 0.927591 0.818401
vt 0.927591 0.924667
vt 0.912491 0.926258
vt 0.912493 0.815066
vt 0.630868 0.697262
vt 0.630868 0.808454
vt 0.614751 0.811431
vt 0.614749 0.695314
vt 0.791754 0.003284
vt 0.791754 0.119157
vt 0.775864 0.119472
vt 0.775864 -0.000000
vt 0.206560 0.122033
vt 0.206560 0.241505
vt 0.185522 0.241745
vt 0.185522 0.120958
vt 0.293933 0.120182
vt 0.293934 0.000001
vt 0.314486 0.001585
vt 0.314486 0.120456
vt 0.883754 0.517798
vt 0.883753 0.398928
vt 0.898308 0.402841
vt 0.898308 0.518130
vt 0.911404 0.117032
vt 0.911404 -0.000000
vt 0.926031 0.002481
vt 0.926029 0.114549
vt 0.366756 0.823767
vt 0.366756 0.711699
vt 0.383103 0.714182
vt 0.383104 0.821284
vt 0.973493 0.107103
vt 0.973493 0.000001
vt 0.987181 0.001818
vt 0.987180 0.105285
vt 0.630868 0.592728
vt 0.630868 0.695314
vt 0.610848 0.693724
vt 0.610848 0.592457
vt 0.148797 0.495226
vt 0.148797 0.596492
vt 0.127583 0.597307
vt 0.127582 0.494721
vt 0.286764 0.767466
vt 0.286764 0.870052
vt 0.270032 0.873048
vt 0.270032 0.766860
vt 0.851638 0.828181
vt 0.851638 0.934842
vt 0.836786 0.936634
vt 0.836784 0.825028
vt 0.806562 0.195487
vt 0.806562 0.307093
vt 0.790313 0.309889
vt 0.790313 0.193339
vt 0.536328 0.809767
vt 0.536329 0.694477
vt 0.552221 0.690870
vt 0.552221 0.809741
vt 0.248675 0.120038
vt 0.248674 0.001167
vt 0.269714 0.000000
vt 0.269714 0.120181
vt 0.248712 0.547782
vt 0.248713 0.439932
vt 0.269228 0.443113
vt 0.269228 0.549785
vt 0.938066 0.452952
vt 0.938065 0.346280
vt 0.952539 0.353701
vt 0.952539 0.457162
vt 0.521644 0.919049
vt 0.521644 0.802148
vt 0.536329 0.805000
vt 0.536329 0.916941
vt 0.059720 0.830317
vt 0.059721 0.718376
vt 0.076044 0.720703
vt 0.076044 0.827684
vt 0.228201 0.989438
vt 0.228200 0.882457
vt 0.241789 0.883634
vt 0.241789 0.986983
vt 0.076043 0.624824
vt 0.076042 0.718375
vt 0.056125 0.714605
vt 0.056125 0.622258
vt 0.575712 0.597084
vt 0.575714 0.689432
vt 0.554484 0.690412
vt 0.554484 0.596862
vt 0.450724 0.823923
vt 0.450724 0.917473
vt 0.433865 0.922937
vt 0.433865 0.826098
vt 0.661382 0.829646
vt 0.661382 0.936627
vt 0.646698 0.938734
vt 0.646697 0.826793
vt 0.269229 0.654314
vt 0.269229 0.766254
vt 0.252906 0.768887
vt 0.252906 0.651987
vt 0.767845 0.889260
vt 0.767846 0.785800
vt 0.783807 0.779305
vt 0.783807 0.885978
vt 0.362645 0.515656
vt 0.362645 0.408984
vt 0.383705 0.407069
vt 0.383704 0.514919
vt 0.431996 0.707203
vt 0.431996 0.794881
vt 0.411589 0.798527
vt 0.411591 0.711805
vt 0.818277 0.898015
vt 0.818276 0.984737
vt 0.804042 0.992270
vt 0.804042 0.908161
vt 0.896552 0.116551
vt 0.896551 0.000001
vt 0.911403 0.003154
vt 0.911403 0.114758
vt 0.820000 0.510531
vt 0.820000 0.398928
vt 0.836250 0.401075
vt 0.836250 0.507736
vt 0.984528 0.921724
vt 0.984528 0.815063
vt 0.997821 0.815632
vt 0.997822 0.918673
vt 0.871994 0.323280
vt 0.871994 0.398928
vt 0.852371 0.392877
vt 0.852371 0.318200
vt 0.838591 0.116961
vt 0.838591 0.191638
vt 0.817342 0.192180
vt 0.817342 0.116533
vt 0.918198 0.310280
vt 0.918197 0.385928
vt 0.901015 0.392920
vt 0.901015 0.314615
vt 0.059721 0.939900
vt 0.059720 0.832799
vt 0.074347 0.830316
vt 0.074347 0.942382
vt 0.035393 0.749494
vt 0.035393 0.637429
vt 0.051740 0.634945
vt 0.051740 0.751977
vt 0.927591 0.933911
vt 0.927593 0.816879
vt 0.941279 0.815063
vt 0.941279 0.935730
vt 0.171326 0.696299
vt 0.171326 0.783021
vt 0.150217 0.781802
vt 0.150217 0.694125
vt 0.055930 0.420989
vt 0.055930 0.530541
vt 0.035427 0.532404
vt 0.035427 0.424045
vt 0.126748 0.837591
vt 0.126747 0.945949
vt 0.112302 0.949804
vt 0.112302 0.844710
vt 0.127583 0.896095
vt 0.127583 0.779977
vt 0.142683 0.783312
vt 0.142683 0.894505
vt 0.849268 0.111193
vt 0.849268 0.000000
vt 0.865385 0.001948
vt 0.865385 0.108215
vt 0.981712 0.661035
vt 0.981713 0.565895
vt 0.996058 0.561728
vt 0.996058 0.653640
vt 0.362646 0.711700
vt 0.362646 0.619788
vt 0.383104 0.617738
vt 0.383103 0.708467
vt 0.000142 0.695183
vt 0.000142 0.604453
vt 0.021228 0.605067
vt 0.021229 0.696978
vt 0.270034 0.964960
vt 0.270033 0.873048
vt 0.286101 0.876164
vt 0.286101 0.971303
vt 0.661808 0.936433
vt 0.661809 0.829452
vt 0.676493 0.826599
vt 0.676493 0.938540
vt 0.183395 0.752754
vt 0.183394 0.640813
vt 0.199719 0.638488
vt 0.199719 0.755386
vt 0.303091 0.773078
vt 0.303091 0.878171
vt 0.287107 0.875217
vt 0.287108 0.766859
vt 0.491356 0.405523
vt 0.491356 0.513882
vt 0.470290 0.513250
vt 0.470290 0.403697
vt 0.162682 0.180215
vt 0.162682 0.300985
vt 0.142144 0.301098
vt 0.142144 0.181648
vt 0.613828 0.782679
vt 0.613828 0.902128
vt 0.599305 0.902083
vt 0.599305 0.786230
vt 0.851640 0.709529
vt 0.851640 0.593761
vt 0.867027 0.597144
vt 0.867028 0.708001
vt 0.228200 0.882458
vt 0.228200 0.771602
vt 0.244124 0.773351
vt 0.244124 0.879295
vt 0.253279 0.986183
vt 0.253278 0.880513
vt 0.267718 0.880272
vt 0.267718 0.982354
vt 0.207166 0.652535
vt 0.207168 0.550454
vt 0.227667 0.550197
vt 0.227667 0.650967
vt 0.362646 0.616628
vt 0.362644 0.515858
vt 0.383712 0.515656
vt 0.383712 0.617737
vt 0.819717 0.919146
vt 0.819718 0.817065
vt 0.835707 0.816970
vt 0.835707 0.922639
vt 0.882953 0.935462
vt 0.882953 0.828801
vt 0.897804 0.825648
vt 0.897804 0.937254
vt 0.783196 0.512683
vt 0.783196 0.401077
vt 0.799446 0.398928
vt 0.799446 0.515480
vt 0.790313 0.196626
vt 0.790313 0.312479
vt 0.774394 0.312787
vt 0.774394 0.193337
vt 0.227606 0.001074
vt 0.227606 0.120523
vt 0.206559 0.120769
vt 0.206559 -0.000000
vt 0.293935 0.240663
vt 0.293934 0.120456
vt 0.314471 0.122046
vt 0.314471 0.240942
vt 0.748213 0.908652
vt 0.748213 0.789756
vt 0.762733 0.793659
vt 0.762733 0.908974
vt 0.826536 0.308971
vt 0.826536 0.193337
vt 0.842211 0.196652
vt 0.842211 0.307378
vt 0.804043 0.898015
vt 0.804042 0.787288
vt 0.819717 0.788880
vt 0.819717 0.894702
vt 0.303090 0.878236
vt 0.303089 0.984141
vt 0.288648 0.980483
vt 0.288648 0.878172
vt 0.290943 0.547648
vt 0.290945 0.649960
vt 0.270443 0.648468
vt 0.270443 0.547473
vt 0.491356 0.514126
vt 0.491355 0.615121
vt 0.470289 0.616194
vt 0.470289 0.513882
vt 0.021099 0.813338
vt 0.021099 0.915649
vt 0.005111 0.919000
vt 0.005112 0.813095
vt 0.912994 0.510833
vt 0.912994 0.404566
vt 0.928094 0.401232
vt 0.928093 0.512423
vt 0.005110 0.810118
vt 0.005110 0.698926
vt 0.021228 0.696978
vt 0.021228 0.813095
vt 0.791755 0.118900
vt 0.791755 0.003585
vt 0.807676 -0.000000
vt 0.807677 0.118896
vt 0.227624 0.240820
vt 0.227624 0.121924
vt 0.248672 0.120769
vt 0.248673 0.240976
vt 0.228177 0.548031
vt 0.228178 0.440105
vt 0.248675 0.443309
vt 0.248675 0.550059
vt 0.941279 0.921813
vt 0.941280 0.815063
vt 0.955713 0.822491
vt 0.955713 0.926025
vt 0.470291 0.823214
vt 0.470291 0.707446
vt 0.486216 0.710610
vt 0.486216 0.821466
vt 0.536328 0.920623
vt 0.536330 0.809767
vt 0.551715 0.811294
vt 0.551715 0.917239
vt 0.164570 0.897742
vt 0.164570 0.993564
vt 0.150219 0.986319
vt 0.150218 0.893748
vt 0.407226 0.618997
vt 0.407226 0.711568
vt 0.386765 0.708409
vt 0.386765 0.617028
vt 0.362644 0.602141
vt 0.362644 0.693521
vt 0.341559 0.695293
vt 0.341559 0.602723
vt 0.962714 0.662767
vt 0.962714 0.755337
vt 0.946651 0.761567
vt 0.946652 0.665745
vt 0.615481 0.920759
vt 0.615481 0.814815
vt 0.630868 0.811432
vt 0.630868 0.922287
vt 0.330134 0.823710
vt 0.330134 0.712855
vt 0.346058 0.711105
vt 0.346058 0.826873
vt 0.867757 0.508921
vt 0.867757 0.405387
vt 0.883751 0.398928
vt 0.883751 0.505677
vt 0.386734 0.514584
vt 0.386734 0.407835
vt 0.407802 0.405953
vt 0.407801 0.513879
vt 0.106355 0.833770
vt 0.106355 0.748623
vt 0.126745 0.753372
vt 0.126747 0.837591
vt 0.971711 0.934788
vt 0.971708 0.815063
vt 0.984528 0.818629
vt 0.984528 0.934747
vt 0.346526 0.811410
vt 0.346526 0.695293
vt 0.362644 0.698272
vt 0.362645 0.809463
vt 0.471120 0.934406
vt 0.471120 0.823214
vt 0.486217 0.824805
vt 0.486217 0.931071
vt 0.733606 0.983397
vt 0.733606 0.906342
vt 0.747890 0.898859
vt 0.747891 0.973300
vt 0.849268 0.189216
vt 0.849268 0.114776
vt 0.869700 0.111191
vt 0.869700 0.184674
vt 0.820002 0.584015
vt 0.820002 0.510531
vt 0.841100 0.511805
vt 0.841101 0.586246
vt 0.971587 0.457162
vt 0.971586 0.530999
vt 0.955332 0.539301
vt 0.955332 0.462870
vt 0.882968 0.302472
vt 0.882969 0.196650
vt 0.898642 0.193337
vt 0.898642 0.304065
vt 0.833594 0.112319
vt 0.833593 0.001592
vt 0.849268 -0.000001
vt 0.849268 0.115632
vt 0.901014 0.317380
vt 0.901014 0.398928
vt 0.883751 0.394359
vt 0.883751 0.310281
vt 0.795641 0.313163
vt 0.795641 0.397242
vt 0.774394 0.397795
vt 0.774393 0.312787
vt 0.020032 0.493914
vt 0.020032 0.601508
vt 0.000144 0.604454
vt 0.000143 0.498031
vt 0.945639 0.120172
vt 0.945639 0.000001
vt 0.958931 0.003052
vt 0.958933 0.119602
vt 0.559465 0.806962
vt 0.559465 0.690413
vt 0.575715 0.693208
vt 0.575715 0.804815
vt 0.783808 0.937685
vt 0.783808 0.826079
vt 0.798659 0.827871
vt 0.798658 0.934533
vt 0.167916 0.985226
vt 0.167916 0.888993
vt 0.182402 0.885171
vt 0.182400 0.978138
vt 0.496798 0.701209
vt 0.496799 0.608242
vt 0.517320 0.606415
vt 0.517320 0.698187
vt 0.127583 0.689077
vt 0.127583 0.597305
vt 0.148640 0.597963
vt 0.148638 0.690930
vt 0.952537 0.439247
vt 0.952538 0.346280
vt 0.968489 0.349246
vt 0.968489 0.445479
vt 0.867031 0.707780
vt 0.867030 0.601836
vt 0.882954 0.598674
vt 0.882954 0.709529
vt 0.851639 0.821912
vt 0.851640 0.711056
vt 0.867026 0.709529
vt 0.867026 0.825296
vt 0.407226 0.717355
vt 0.407227 0.820571
vt 0.390332 0.817991
vt 0.390332 0.711568
vt 0.096754 0.413698
vt 0.096755 0.520120
vt 0.075522 0.520330
vt 0.075522 0.412736
vt 0.041514 0.211092
vt 0.041514 0.331113
vt 0.021503 0.331740
vt 0.021503 0.213030
vt 0.932166 0.662767
vt 0.932164 0.542240
vt 0.945753 0.544691
vt 0.945753 0.661592
vt 0.270442 0.766860
vt 0.270442 0.649959
vt 0.286766 0.652592
vt 0.286766 0.764533
vt 0.330135 0.938811
vt 0.330135 0.826870
vt 0.344820 0.828978
vt 0.344820 0.935959
vt 0.958933 0.106042
vt 0.958933 -0.000001
vt 0.973492 0.000066
vt 0.973492 0.102509
vt 0.102152 0.631592
vt 0.102151 0.529149
vt 0.122705 0.529049
vt 0.122705 0.630175
vt 0.386765 0.615951
vt 0.386765 0.514824
vt 0.407804 0.514585
vt 0.407804 0.617028
vt 0.390332 0.923326
vt 0.390333 0.820883
vt 0.406221 0.820568
vt 0.406221 0.926610
vt 0.842211 0.302581
vt 0.842210 0.196316
vt 0.858328 0.193337
vt 0.858328 0.304529
vt 0.710822 0.894322
vt 0.710822 0.783130
vt 0.725921 0.781538
vt 0.725921 0.897657
vt 0.678155 0.599253
vt 0.678154 0.714388
vt 0.661412 0.714533
vt 0.661412 0.595824
vt 0.041514 0.091936
vt 0.041514 0.210645
vt 0.020299 0.211094
vt 0.020298 0.091073
vt 0.099059 0.330414
vt 0.099059 0.209457
vt 0.119077 0.211046
vt 0.119078 0.330686
vt 0.644556 0.811433
vt 0.644556 0.932101
vt 0.630868 0.930284
vt 0.630869 0.813252
vt 0.122704 0.631592
vt 0.122704 0.748624
vt 0.106358 0.746141
vt 0.106357 0.634075
vt 0.897865 0.940888
vt 0.897865 0.828821
vt 0.912491 0.831304
vt 0.912491 0.938406
vt 0.973603 0.542930
vt 0.973603 0.648437
vt 0.959048 0.644525
vt 0.959047 0.542598
vt 0.269227 0.550060
vt 0.269229 0.651987
vt 0.248675 0.650401
vt 0.248675 0.549786
vt 0.096561 0.520474
vt 0.096561 0.621089
vt 0.075523 0.622258
vt 0.075521 0.520331
vt 0.382647 0.823769
vt 0.382648 0.925696
vt 0.366756 0.929302
vt 0.366756 0.823795
vt 0.819716 0.703218
vt 0.819716 0.596556
vt 0.835966 0.593760
vt 0.835966 0.705365
vt 0.679272 0.901979
vt 0.679272 0.790374
vt 0.694124 0.788580
vt 0.694124 0.905131
vt 0.644651 0.714248
vt 0.644649 0.598212
vt 0.661383 0.595215
vt 0.661383 0.714855
vt 0.185344 0.120453
vt 0.185343 0.000813
vt 0.206558 -0.000000
vt 0.206558 0.120956
vt 0.306263 0.517466
vt 0.306263 0.407117
vt 0.326491 0.410987
vt 0.326173 0.520088
vt 0.942014 0.193336
vt 0.942014 0.313867
vt 0.928427 0.312690
vt 0.928427 0.195791
vt 0.303089 0.649958
vt 0.303090 0.766857
vt 0.286766 0.764530
vt 0.286766 0.652591
vt 0.326491 0.827537
vt 0.326491 0.939476
vt 0.311805 0.936624
vt 0.311805 0.829643
vt 0.142681 0.900301
vt 0.142682 0.994984
vt 0.128208 0.987561
vt 0.128208 0.896094
vt 0.096561 0.624263
vt 0.096561 0.715731
vt 0.076045 0.712550
vt 0.076044 0.622258
vt 0.455859 0.615950
vt 0.455859 0.706243
vt 0.434800 0.708158
vt 0.434802 0.616690
vt 0.972325 0.193337
vt 0.972325 0.284804
vt 0.956363 0.291301
vt 0.956363 0.196618
vt 0.310166 0.825212
vt 0.310166 0.718232
vt 0.326489 0.715598
vt 0.326490 0.827539
vt 0.898307 0.515281
vt 0.898308 0.403339
vt 0.912993 0.401233
vt 0.912993 0.518133
vt 0.519467 0.802147
vt 0.519466 0.696332
vt 0.536327 0.690868
vt 0.536327 0.799970
vt 0.269715 0.436068
vt 0.270034 0.326967
vt 0.290945 0.326005
vt 0.290945 0.436354
vt 0.959045 0.542597
vt 0.959045 0.662767
vt 0.945752 0.662198
vt 0.945753 0.545647
vt 0.800060 0.593761
vt 0.800060 0.710312
vt 0.783811 0.708163
vt 0.783809 0.596557
vt 0.867027 0.825295
vt 0.867027 0.936901
vt 0.852175 0.933749
vt 0.852176 0.827088
vt 0.599594 0.986633
vt 0.599593 0.909661
vt 0.613827 0.902128
vt 0.613827 0.976488
vt 0.851640 0.593760
vt 0.851641 0.519401
vt 0.872047 0.515754
vt 0.872047 0.589160
vt 0.826538 0.382375
vt 0.826538 0.308970
vt 0.847647 0.310188
vt 0.847647 0.384548
vt 0.220855 0.884260
vt 0.220855 0.987726
vt 0.207168 0.989545
vt 0.207167 0.882442
vt 0.678156 0.717015
vt 0.678156 0.824117
vt 0.661809 0.826599
vt 0.661809 0.714534
vt 0.575714 0.809448
vt 0.575714 0.921513
vt 0.561088 0.923997
vt 0.561087 0.806964
vt 0.035622 0.955728
vt 0.035622 0.870162
vt 0.052808 0.863168
vt 0.052808 0.951393
vt 0.227625 0.439776
vt 0.227625 0.548146
vt 0.207168 0.550197
vt 0.207167 0.443008
vt 0.956362 0.193337
vt 0.956362 0.300526
vt 0.942015 0.304692
vt 0.942016 0.200732
vt 0.595410 0.696199
vt 0.595411 0.812317
vt 0.579292 0.810369
vt 0.579292 0.699176
vt 0.928427 0.193337
vt 0.928426 0.304531
vt 0.913327 0.301195
vt 0.913327 0.194929
vt 0.769362 0.989292
vt 0.769362 0.893114
vt 0.783808 0.889259
vt 0.783808 0.982173
vt 0.689090 0.694382
vt 0.689090 0.601469
vt 0.709593 0.599607
vt 0.709593 0.691326
vt 0.531155 0.689043
vt 0.531155 0.597325
vt 0.552220 0.597956
vt 0.552220 0.690870
vt 0.183734 0.959235
vt 0.183736 0.866322
vt 0.199719 0.869276
vt 0.199719 0.965454
vt 0.096559 0.718364
vt 0.096559 0.825345
vt 0.080235 0.827671
vt 0.080236 0.715730
vt 0.913328 0.195442
vt 0.913328 0.307383
vt 0.898643 0.310235
vt 0.898643 0.193337
vt 0.881454 0.006343
vt 0.881454 0.110304
vt 0.865384 0.107190
vt 0.865385 -0.000000
vt 0.431864 0.405984
vt 0.431865 0.513174
vt 0.410779 0.512559
vt 0.410779 0.404189
vt 0.290214 0.205384
vt 0.290214 0.325748
vt 0.269715 0.326005
vt 0.269715 0.206953
vt 0.912493 0.709529
vt 0.912493 0.828581
vt 0.898052 0.828822
vt 0.898052 0.713357
vt 0.799734 0.710313
vt 0.799734 0.826079
vt 0.783809 0.824331
vt 0.783809 0.713476
vt 0.594680 0.812317
vt 0.594680 0.923172
vt 0.579292 0.919788
vt 0.579293 0.813845
vt 0.962717 0.768788
vt 0.962718 0.662766
vt 0.977241 0.662811
vt 0.977241 0.765237
vt 0.035391 0.634944
vt 0.035391 0.532518
vt 0.055930 0.532404
vt 0.055929 0.633512
vt 0.434802 0.614877
vt 0.434803 0.513769
vt 0.455849 0.513524
vt 0.455849 0.615949
vt 0.867031 0.923118
vt 0.867030 0.820693
vt 0.882949 0.820385
vt 0.882949 0.926407
vt 0.835966 0.708162
vt 0.835966 0.814821
vt 0.819716 0.816970
vt 0.819716 0.705365
vt 0.708976 0.790372
vt 0.708976 0.901977
vt 0.694125 0.905129
vt 0.694125 0.788579
vt 0.223157 0.656025
vt 0.223157 0.771490
vt 0.207169 0.771586
vt 0.207166 0.652535
vt 0.248673 0.001111
vt 0.248674 0.120162
vt 0.227607 0.120365
vt 0.227607 -0.000000
vt 0.162682 0.300848
vt 0.162680 0.180215
vt 0.183182 0.181707
vt 0.183182 0.301024
vt 0.897510 0.709464
vt 0.897511 0.590147
vt 0.911952 0.593804
vt 0.911952 0.709529
vt 0.851640 0.709394
vt 0.851640 0.825029
vt 0.835966 0.823436
vt 0.835966 0.712709
vt 0.165894 0.783021
vt 0.165894 0.893748
vt 0.150219 0.890435
vt 0.150219 0.784613
vt 0.983010 0.346601
vt 0.983010 0.452132
vt 0.968492 0.448227
vt 0.968491 0.346279
vt 0.248675 0.550336
vt 0.248675 0.652284
vt 0.228138 0.650696
vt 0.228138 0.550058
vt 0.326490 0.520245
vt 0.326490 0.620883
vt 0.305442 0.622036
vt 0.305443 0.520088
vt 0.928413 0.709528
vt 0.928413 0.811476
vt 0.912490 0.815063
vt 0.912491 0.709532
vt 0.852370 0.401905
vt 0.852370 0.508172
vt 0.836251 0.510120
vt 0.836251 0.398928
vt 0.898049 0.711121
vt 0.898050 0.822314
vt 0.882951 0.825648
vt 0.882951 0.709529
vt 0.228136 0.771359
vt 0.228135 0.655634
vt 0.244123 0.652284
vt 0.244123 0.771601
vt 0.206559 0.241160
vt 0.206560 0.121842
vt 0.227625 0.120770
vt 0.227625 0.241402
vt 0.270482 0.545504
vt 0.270482 0.436355
vt 0.290943 0.439513
vt 0.290943 0.547472
vt 0.097950 0.945550
vt 0.097951 0.837591
vt 0.112302 0.844837
vt 0.112302 0.949543
vt 0.873716 0.193338
vt 0.873717 0.309105
vt 0.858330 0.307577
vt 0.858330 0.196721
vt 0.882953 0.709528
vt 0.882953 0.820385
vt 0.867029 0.817222
vt 0.867028 0.711278
vt 0.996146 0.466979
vt 0.996146 0.561728
vt 0.981713 0.554298
vt 0.981714 0.462765
vt 0.326493 0.624062
vt 0.326492 0.715596
vt 0.305995 0.712394
vt 0.305995 0.622036
vt 0.431997 0.614966
vt 0.431997 0.705323
vt 0.410929 0.707203
vt 0.410930 0.615669
vt 0.971706 0.815063
vt 0.971706 0.906597
vt 0.955711 0.913059
vt 0.955710 0.818310
vt 0.223091 0.774750
vt 0.223091 0.880693
vt 0.207167 0.882442
vt 0.207166 0.771586
vt 0.867756 0.400455
vt 0.867756 0.511311
vt 0.852370 0.514695
vt 0.852369 0.398928
vt 0.183657 0.866322
vt 0.183657 0.761615
vt 0.199720 0.755385
vt 0.199719 0.863345
vt 0.434761 0.513524
vt 0.434761 0.405565
vt 0.455846 0.403793
vt 0.455846 0.512942
vt 0.517229 0.701209
vt 0.517229 0.788979
vt 0.496799 0.792564
vt 0.496799 0.705749
vt 0.725110 0.897661
vt 0.725110 0.984476
vt 0.710824 0.991957
vt 0.710824 0.907757
vt 0.896551 0.000000
vt 0.896551 0.116119
vt 0.881453 0.114527
vt 0.881452 0.003336
vt 0.051739 0.751975
vt 0.051739 0.863167
vt 0.035621 0.860189
vt 0.035622 0.753922
vt 1.000000 0.000000
vt 1.000000 0.106267
vt 0.987180 0.102700
vt 0.987180 0.000041
vt 0.894109 0.121123
vt 0.894109 0.193337
vt 0.873717 0.188589
vt 0.873717 0.117303
vt 0.775861 0.191190
vt 0.775861 0.120023
vt 0.797107 0.119470
vt 0.797107 0.191565
vt 0.938065 0.529258
vt 0.938065 0.457163
vt 0.955329 0.461730
vt 0.955329 0.536358
vt 0.747889 0.791445
vt 0.747889 0.897267
vt 0.732215 0.898859
vt 0.732215 0.788132
vt 0.851641 0.595352
vt 0.851641 0.706080
vt 0.835967 0.709394
vt 0.835967 0.593760
vt 0.452917 0.973343
vt 0.452917 0.889826
vt 0.469171 0.881524
vt 0.469172 0.967634
vt 0.148682 0.693162
vt 0.148682 0.779977
vt 0.127583 0.778703
vt 0.127583 0.690932
vt 0.021393 0.091073
vt 0.021112 0.003647
vt 0.041517 0.086721
vt 0.041517 0.000000
vt 0.000002 0.089150
vt 0.000002 0.002429
s 1
usemtl Material.039
f 152/1/1 101/2/2 343/3/3
f 152/1/1 343/3/3 342/4/4
f 105/5/5 92/6/6 346/7/7
f 105/5/5 346/7/7 344/8/8
f 90/9/9 201/10/10 348/11/11
f 90/12/9 348/13/11 345/14/12
f 197/15/13 150/16/14 341/17/15
f 197/18/13 341/19/15 347/20/16
f 126/21/17 146/22/18 351/23/19
f 126/21/17 351/23/19 349/24/20
f 148/25/21 75/26/22 353/27/23
f 148/25/21 353/27/23 352/28/24
f 76/29/25 161/30/26 356/31/27
f 76/29/25 356/31/27 354/32/28
f 157/33/29 127/34/30 350/35/31
f 157/33/29 350/35/31 355/36/32
f 214/37/33 160/38/34 359/39/35
f 214/37/33 359/39/35 357/40/36
f 164/41/37 79/42/38 361/43/39
f 164/41/37 361/43/39 360/44/40
f 80/45/41 249/46/42 364/47/43
f 80/45/41 364/47/43 362/48/44
f 247/49/45 215/50/46 358/51/47
f 247/49/45 358/51/47 363/52/48
f 238/53/49 202/54/50 367/55/51
f 238/53/49 367/55/51 365/56/52
f 204/57/53 95/58/54 369/59/55
f 204/57/53 369/59/55 368/60/56
f 96/61/57 273/62/58 372/63/59
f 96/61/57 372/63/59 370/64/60
f 269/65/61 239/66/62 366/67/63
f 269/65/61 366/67/63 371/68/64
f 263/69/65 223/70/66 375/71/67
f 263/69/65 375/71/67 374/72/68
f 224/73/69 68/74/70 378/75/71
f 224/73/69 378/75/71 376/76/72
f 67/77/73 300/78/74 380/79/75
f 67/77/73 380/79/75 377/80/76
f 297/81/77 262/82/78 373/83/79
f 297/81/77 373/83/79 379/84/80
f 288/85/81 248/86/82 383/87/83
f 288/88/81 383/89/83 382/90/84
f 251/91/85 84/92/86 386/93/87
f 251/91/85 386/93/87 384/94/88
f 83/95/89 324/96/90 388/97/91
f 83/95/89 388/97/91 385/98/92
f 320/99/93 287/100/94 381/101/95
f 320/99/93 381/101/95 387/102/96
f 321/103/97 88/104/98 392/105/99
f 321/103/97 392/105/99 390/106/100
f 87/107/101 108/108/102 394/109/103
f 87/107/101 394/109/103 391/110/104
f 104/111/105 118/112/106 395/113/107
f 104/111/105 395/113/107 393/114/108
f 119/115/109 319/116/110 389/117/111
f 119/115/109 389/117/111 396/118/112
f 336/119/113 293/120/114 399/121/115
f 336/119/113 399/121/115 398/122/116
f 296/123/117 72/124/118 402/125/119
f 296/123/117 402/125/119 400/126/120
f 70/127/121 145/128/122 404/129/123
f 70/130/121 404/131/123 401/132/124
f 141/133/125 334/134/126 397/135/127
f 141/133/125 397/135/127 403/136/128
f 310/137/129 272/138/130 407/139/131
f 310/137/129 407/139/131 405/140/132
f 276/141/133 99/142/134 409/143/135
f 276/141/133 409/143/135 408/144/136
f 100/145/137 176/146/138 412/147/139
f 100/145/137 412/147/139 410/148/140
f 175/149/141 311/150/142 406/151/143
f 175/149/141 406/151/143 411/152/144
f 131/153/145 169/154/146 416/155/147
f 131/153/145 416/155/147 414/156/148
f 165/157/149 20/158/150 418/159/151
f 165/157/149 418/159/151 415/160/152
f 19/161/153 137/162/154 419/163/155
f 19/161/153 419/163/155 417/164/156
f 138/165/157 130/166/158 413/167/159
f 138/165/157 413/167/159 420/168/160
f 147/169/161 128/170/162 424/171/163
f 147/169/161 424/171/163 422/172/164
f 125/173/165 135/174/166 426/175/167
f 125/173/165 426/175/167 423/176/168
f 133/177/169 333/178/170 427/179/171
f 133/180/169 427/181/171 425/182/172
f 335/183/173 144/184/174 421/185/175
f 335/186/173 421/187/175 428/188/176
f 227/189/177 64/190/178 432/191/179
f 227/189/177 432/191/179 429/192/180
f 63/193/181 179/194/182 433/195/183
f 63/196/181 433/197/183 431/198/184
f 180/199/185 194/200/186 435/201/187
f 180/199/185 435/201/187 434/202/188
f 196/203/189 228/204/190 430/205/191
f 196/203/189 430/205/191 436/206/192
f 192/207/193 177/208/194 439/209/195
f 192/210/193 439/211/195 437/212/196
f 178/213/197 315/214/198 441/215/199
f 178/213/197 441/215/199 440/216/200
f 316/217/201 188/218/202 444/219/203
f 316/217/201 444/219/203 442/220/204
f 186/221/205 195/222/206 438/223/207
f 186/224/205 438/225/207 443/226/208
f 337/227/209 136/228/210 448/229/211
f 337/230/209 448/231/211 445/232/212
f 134/233/213 13/234/214 449/235/215
f 134/233/213 449/235/215 447/236/216
f 14/237/217 301/238/218 451/239/219
f 14/237/217 451/239/219 450/240/220
f 305/241/221 339/242/222 446/243/223
f 305/241/221 446/243/223 452/244/224
f 265/245/225 299/246/226 456/247/227
f 265/245/225 456/247/227 454/248/228
f 298/249/229 340/250/230 458/251/231
f 298/249/229 458/251/231 455/252/232
f 338/253/233 302/254/234 459/255/235
f 338/253/233 459/255/235 457/256/236
f 303/257/237 261/258/238 453/259/239
f 303/257/237 453/259/239 460/260/240
f 244/261/241 274/262/242 463/263/243
f 244/261/241 463/263/243 462/264/244
f 275/265/245 312/266/246 466/267/247
f 275/265/245 466/267/247 464/268/248
f 309/269/249 279/270/250 468/271/251
f 309/269/249 468/271/251 465/272/252
f 278/273/253 241/274/254 461/275/255
f 278/273/253 461/275/255 467/276/256
f 291/277/257 330/278/258 472/279/259
f 291/277/257 472/279/259 469/280/260
f 328/281/261 31/282/262 473/283/263
f 328/281/261 473/283/263 471/284/264
f 32/285/265 255/286/266 475/287/267
f 32/288/265 475/289/267 474/290/268
f 258/291/269 292/292/270 470/293/271
f 258/291/269 470/293/271 476/294/272
f 220/295/273 250/296/274 479/297/275
f 220/295/273 479/297/275 478/298/276
f 252/299/277 290/300/278 482/301/279
f 252/302/277 482/303/279 480/304/280
f 286/305/281 256/306/282 484/307/283
f 286/308/281 484/309/283 481/310/284
f 254/311/285 216/312/286 477/313/287
f 254/311/285 477/313/287 483/314/288
f 314/315/289 182/316/290 488/317/291
f 314/315/289 488/317/291 486/318/292
f 181/319/293 56/320/294 490/321/295
f 181/319/293 490/321/295 487/322/296
f 55/323/297 280/324/298 491/325/299
f 55/323/297 491/325/299 489/326/300
f 282/327/301 313/328/302 485/329/303
f 282/327/301 485/329/303 492/330/304
f 266/331/305 306/332/306 496/333/307
f 266/331/305 496/333/307 493/334/308
f 304/335/309 7/336/310 497/337/311
f 304/335/309 497/337/311 495/338/312
f 8/339/313 229/340/314 499/341/315
f 8/339/313 499/341/315 498/342/316
f 232/343/317 267/344/318 494/345/319
f 232/343/317 494/345/319 500/346/320
f 190/347/321 226/348/322 504/349/323
f 190/347/321 504/349/323 502/350/324
f 225/351/325 268/352/326 506/353/327
f 225/351/325 506/353/327 503/354/328
f 264/355/329 230/356/330 507/357/331
f 264/355/329 507/357/331 505/358/332
f 231/359/333 189/360/334 501/361/335
f 231/359/333 501/361/335 508/362/336
f 122/363/337 114/364/338 512/365/339
f 122/363/337 512/365/339 509/366/340
f 112/367/341 37/368/342 513/369/343
f 112/367/341 513/369/343 511/370/344
f 38/371/345 325/372/346 515/373/347
f 38/371/345 515/373/347 514/374/348
f 329/375/349 123/376/350 510/377/351
f 329/375/349 510/377/351 516/378/352
f 243/379/353 281/380/354 520/381/355
f 243/379/353 520/381/355 518/382/356
f 277/383/357 50/384/358 522/385/359
f 277/383/357 522/385/359 519/386/360
f 49/387/361 209/388/362 523/389/363
f 49/387/361 523/389/363 521/390/364
f 210/391/365 242/392/366 517/393/367
f 210/391/365 517/393/367 524/394/368
f 151/395/369 200/396/370 527/397/371
f 151/395/369 527/397/371 526/398/372
f 203/399/373 240/400/374 530/401/375
f 203/399/373 530/401/375 528/402/376
f 237/403/377 207/404/378 532/405/379
f 237/403/377 532/405/379 529/406/380
f 205/407/381 149/408/382 525/409/383
f 205/410/381 525/411/383 531/412/384
f 219/413/385 257/414/386 536/415/387
f 219/413/385 536/415/387 534/416/388
f 253/417/389 26/418/390 538/419/391
f 253/417/389 538/419/391 535/420/392
f 25/421/393 168/422/394 539/423/395
f 25/421/393 539/423/395 537/424/396
f 170/425/397 218/426/398 533/427/399
f 170/425/397 533/427/399 540/428/400
f 132/429/401 162/430/402 543/431/403
f 132/429/401 543/431/403 542/432/404
f 163/433/405 217/434/406 546/435/407
f 163/433/405 546/435/407 544/436/408
f 213/437/409 167/438/410 548/439/411
f 213/437/409 548/439/411 545/440/412
f 166/441/413 129/442/414 541/443/415
f 166/441/413 541/443/415 547/444/416
f 153/445/417 208/446/418 552/447/419
f 153/448/417 552/449/419 549/450/420
f 206/451/421 43/452/422 553/453/423
f 206/454/421 553/455/423 551/456/424
f 44/457/425 109/458/426 555/459/427
f 44/457/425 555/459/427 554/460/428
f 113/461/429 155/462/430 550/463/431
f 113/461/429 550/463/431 556/464/432
f 121/465/433 107/466/434 560/467/435
f 121/465/433 560/467/435 558/468/436
f 106/469/437 156/470/438 562/471/439
f 106/469/437 562/471/439 559/472/440
f 154/473/441 110/474/442 563/475/443
f 154/473/441 563/475/443 561/476/444
f 111/477/445 117/478/446 557/479/447
f 111/477/445 557/479/447 564/480/448
f 289/481/449 323/482/450 568/483/451
f 289/481/449 568/483/451 566/484/452
f 322/485/453 124/486/454 570/487/455
f 322/485/453 570/487/455 567/488/456
f 120/489/457 326/490/458 571/491/459
f 120/489/457 571/491/459 569/492/460
f 327/493/461 285/494/462 565/495/463
f 327/493/461 565/495/463 572/496/464
f 191/497/465 185/498/466 575/499/467
f 191/500/465 575/501/467 573/502/468
f 187/503/469 5/504/470 577/505/471
f 187/503/469 577/505/471 576/506/472
f 6/507/473 236/508/474 580/509/475
f 6/507/473 580/509/475 578/510/476
f 235/511/477 193/512/478 574/513/479
f 235/511/477 574/513/479 579/514/480
f 4/515/481 234/516/482 584/517/482
f 4/515/481 584/517/482 582/518/481
f 233/519/483 12/520/483 586/521/483
f 233/519/483 586/521/483 583/522/484
f 11/523/481 3/524/485 581/525/485
f 11/523/481 581/525/485 585/526/481
f 10/527/486 307/528/487 589/529/487
f 10/527/486 589/529/487 588/530/486
f 308/531/488 18/532/488 592/533/488
f 308/531/488 592/533/488 590/534/488
f 17/535/486 9/536/487 587/537/487
f 17/535/486 587/537/487 591/538/486
f 22/539/489 15/540/489 595/541/489
f 22/539/489 595/541/489 594/542/489
f 16/543/489 140/544/489 598/545/489
f 16/543/489 598/545/489 596/546/489
f 139/547/490 21/548/489 593/549/489
f 139/547/490 593/549/489 597/550/490
f 24/551/491 172/552/491 602/553/491
f 24/551/491 602/553/491 600/554/492
f 171/555/491 28/556/491 604/557/491
f 171/555/491 604/557/491 601/558/493
f 27/559/492 23/560/491 599/561/491
f 27/559/492 599/561/491 603/562/492
f 30/563/494 260/564/495 608/565/495
f 30/563/494 608/565/495 606/566/494
f 259/567/496 34/568/496 610/569/496
f 259/567/496 610/569/496 607/570/497
f 33/571/496 29/572/494 605/573/494
f 33/571/496 605/573/494 609/574/496
f 35/575/498 331/576/499 613/577/499
f 35/575/498 613/577/499 611/578/498
f 332/579/499 42/580/498 616/581/498
f 332/579/499 616/581/498 614/582/499
f 41/583/499 36/584/498 612/585/498
f 41/583/499 612/585/498 615/586/499
f 39/587/500 115/588/500 619/589/500
f 39/587/500 619/589/500 617/590/501
f 116/591/500 47/592/502 621/593/502
f 116/591/500 621/593/502 620/594/500
f 48/595/503 40/596/503 618/597/503
f 48/595/503 618/597/503 622/598/503
f 46/599/504 212/600/504 626/601/504
f 46/599/504 626/601/504 624/602/504
f 211/603/504 51/604/505 627/605/505
f 211/603/504 627/605/505 625/606/504
f 52/607/504 45/608/505 623/609/505
f 52/607/504 623/609/505 628/610/504
f 54/611/506 284/612/507 632/613/507
f 54/611/506 632/613/507 630/614/506
f 283/615/508 60/616/508 634/617/508
f 283/615/508 634/617/508 631/618/508
f 59/619/509 53/620/510 629/621/510
f 59/619/509 629/621/510 633/622/509
f 1/623/511 183/624/512 637/625/512
f 1/623/511 637/625/512 635/626/513
f 184/627/514 58/628/511 640/629/511
f 184/627/514 640/629/511 638/630/514
f 57/631/511 2/632/515 636/633/515
f 57/631/511 636/633/515 639/634/516
f 66/635/517 222/636/518 644/637/518
f 66/635/517 644/637/518 642/638/517
f 221/639/519 61/640/518 641/641/518
f 221/639/519 641/641/518 643/642/520
f 71/643/521 295/644/522 648/645/522
f 71/643/521 648/645/522 646/646/521
f 294/647/523 65/648/522 645/649/522
f 294/647/523 645/649/522 647/650/523
f 143/651/524 69/652/525 651/653/525
f 143/651/524 651/653/525 650/654/524
f 73/655/525 142/656/525 649/657/525
f 73/655/525 649/657/525 652/658/526
f 77/659/527 159/660/528 656/661/528
f 77/659/527 656/661/528 654/662/527
f 158/663/527 74/664/527 653/665/527
f 158/663/527 653/665/527 655/666/527
f 82/667/529 245/668/529 659/669/529
f 82/667/529 659/669/529 658/670/530
f 246/671/529 78/672/531 657/673/531
f 246/671/529 657/673/531 660/674/532
f 86/675/533 318/676/534 664/677/534
f 86/675/533 664/677/534 662/678/535
f 317/679/536 81/680/537 661/681/537
f 317/679/536 661/681/537 663/682/536
f 91/683/538 103/684/539 668/685/539
f 91/683/538 668/685/539 666/686/538
f 102/687/540 85/688/541 665/689/541
f 102/687/540 665/689/541 667/690/542
f 93/691/543 199/692/544 672/693/544
f 93/691/543 672/693/544 670/694/543
f 198/695/544 89/696/544 669/697/544
f 198/695/544 669/697/544 671/698/544
f 97/699/545 270/700/545 675/701/545
f 97/699/545 675/701/545 674/702/545
f 271/703/545 94/704/545 673/705/545
f 271/703/545 673/705/545 676/706/545
f 173/707/546 98/708/547 679/709/547
f 173/707/546 679/709/547 677/710/548
f 62/711/549 174/712/547 678/713/547
f 62/711/549 678/713/547 680/714/550
usemtl Material.040
f 681/715/551 682/716/552 683/717/552
f 681/715/551 683/717/552 684/718/551
f 685/719/553 686/720/554 687/721/554
f 685/719/553 687/721/554 688/722/553
f 689/723/555 690/724/556 691/725/556
f 689/723/555 691/725/556 692/726/557
f 693/727/558 694/728/559 695/729/559
f 693/727/558 695/729/559 696/730/558
f 697/731/560 698/732/560 699/733/560
f 697/731/560 699/733/560 700/734/560
f 701/735/561 702/736/562 703/737/562
f 701/735/561 703/737/562 704/738/561
f 705/739/563 706/740/564 707/741/564
f 705/739/563 707/741/564 708/742/565
f 709/743/566 710/744/566 711/745/566
f 709/743/566 711/745/566 712/746/566
f 713/747/567 714/748/568 715/749/568
f 713/747/567 715/749/568 716/750/567
f 717/751/569 718/752/570 719/753/570
f 717/751/569 719/753/570 720/754/569
f 721/755/571 722/756/571 723/757/571
f 721/755/571 723/757/571 724/758/571
f 725/759/572 726/760/573 727/761/573
f 725/759/572 727/761/573 728/762/574
f 729/763/575 730/764/575 731/765/575
f 729/763/575 731/765/575 732/766/575
f 733/767/576 734/768/577 735/769/577
f 733/767/576 735/769/577 736/770/576
f 737/771/578 738/772/579 739/773/579
f 737/771/578 739/773/579 740/774/578
f 741/775/580 742/776/580 743/777/580
f 741/775/580 743/777/580 744/778/580
f 745/779/581 746/780/582 747/781/582
f 745/779/581 747/781/582 748/782/583
f 749/783/584 750/784/585 751/785/585
f 749/783/584 751/785/585 752/786/586
f 753/787/587 754/788/588 755/789/588
f 753/787/587 755/789/588 756/790/587
f 757/791/589 758/792/589 759/793/589
f 757/791/589 759/793/589 760/794/590
f 761/795/591 762/796/592 763/797/592
f 761/795/591 763/797/592 764/798/591
f 765/799/593 766/800/594 767/801/594
f 765/799/593 767/801/594 768/802/593
f 769/803/595 770/804/596 771/805/596
f 769/803/595 771/805/596 772/806/595
f 773/807/597 774/808/597 775/809/597
f 773/807/597 775/809/597 776/810/597
f 777/811/598 778/812/599 779/813/599
f 777/811/598 779/813/599 780/814/598
f 781/815/600 782/816/601 783/817/601
f 781/815/600 783/817/601 784/818/600
f 785/819/602 786/820/603 787/821/602
f 785/819/602 787/821/602 788/822/602
f 789/823/604 790/824/605 791/825/604
f 789/823/604 791/825/604 792/826/604
f 793/827/606 794/828/607 795/829/607
f 793/827/606 795/829/607 796/830/606
f 797/831/608 798/832/609 799/833/610
f 797/831/608 799/833/610 800/834/608
f 801/835/611 802/836/612 803/837/611
f 801/835/611 803/837/611 804/838/611
f 805/839/613 806/840/614 807/841/614
f 805/839/613 807/841/614 808/842/613
f 809/843/615 810/844/616 811/845/616
f 809/843/615 811/845/616 812/846/615
f 813/847/617 814/848/618 815/849/618
f 813/847/617 815/849/618 816/850/617
f 817/851/619 818/852/620 819/853/620
f 817/851/619 819/853/620 820/854/619
f 821/855/621 822/856/622 823/857/622
f 821/855/621 823/857/622 824/858/621
f 825/859/623 826/860/624 827/861/625
f 825/859/623 827/861/625 828/862/623
f 829/863/626 830/864/627 831/865/627
f 829/863/626 831/865/627 832/866/626
f 833/867/628 834/868/628 835/869/628
f 833/867/628 835/869/628 836/870/628
f 837/871/629 838/872/630 839/873/630
f 837/871/629 839/873/630 840/874/629
f 841/875/631 842/876/631 843/877/631
f 841/875/631 843/877/631 844/878/631
f 845/879/632 846/880/633 847/881/633
f 845/879/632 847/881/633 848/882/632
f 849/883/634 850/884/635 851/885/635
f 849/883/634 851/885/635 852/886/636
f 853/887/637 854/888/638 855/889/638
f 853/887/637 855/889/638 856/890/639
f 857/891/640 858/892/641 859/893/641
f 857/891/640 859/893/641 860/894/640
f 861/895/642 862/896/643 863/897/643
f 861/895/642 863/897/643 864/898/642
f 865/899/644 866/900/644 867/901/644
f 865/899/644 867/901/644 868/902/644
f 869/903/645 870/904/646 871/905/646
f 869/903/645 871/905/646 872/906/645
f 873/907/647 874/908/648 875/909/648
f 873/907/647 875/909/648 876/910/647
f 877/911/649 878/912/650 879/913/650
f 877/911/649 879/913/650 880/914/649
f 881/915/651 882/916/652 883/917/652
f 881/915/651 883/917/652 884/918/651
f 885/919/653 886/920/654 887/921/654
f 885/919/653 887/921/654 888/922/653
f 889/923/655 890/924/656 891/925/656
f 889/923/655 891/925/656 892/926/655
f 893/927/657 894/928/657 895/929/657
f 893/927/657 895/929/657 896/930/657
f 897/931/658 898/932/658 899/933/658
f 897/931/658 899/933/658 900/934/658
f 901/935/659 902/936/659 903/937/659
f 901/935/659 903/937/659 904/938/659
f 905/939/660 906/940/661 907/941/661
f 905/939/660 907/941/661 908/942/660
f 909/943/662 910/944/663 911/945/662
f 909/943/662 911/945/662 912/946/662
f 913/947/664 914/948/664 915/949/664
f 913/947/664 915/949/664 916/950/664
f 917/951/665 918/952/666 919/953/666
f 917/951/665 919/953/666 920/954/665
f 921/955/667 922/956/668 923/957/668
f 921/955/667 923/957/668 924/958/669
f 925/959/670 926/960/671 927/961/671
f 925/959/670 927/961/671 928/962/670
f 929/963/672 930/964/673 931/965/673
f 929/963/672 931/965/673 932/966/674
f 933/967/675 934/968/676 935/969/676
f 933/967/675 935/969/676 936/970/675
f 937/971/677 938/972/678 939/973/678
f 937/971/677 939/973/678 940/974/677
f 941/975/679 942/976/680 943/977/680
f 941/975/679 943/977/680 944/978/679
f 945/979/681 946/980/682 947/981/682
f 945/979/681 947/981/682 948/982/681
f 949/983/683 950/984/683 951/985/683
f 949/983/683 951/985/683 952/986/683
f 953/987/684 954/988/684 955/989/684
f 953/987/684 955/989/684 956/990/684
f 957/991/685 958/992/686 959/993/686
f 957/991/685 959/993/686 960/994/685
f 961/995/687 962/996/688 963/997/687
f 961/995/687 963/997/687 964/998/687
f 965/999/689 966/1000/690 967/1001/690
f 965/999/689 967/1001/690 968/1002/689
f 969/1003/691 970/1004/692 971/1005/692
f 969/1003/691 971/1005/692 972/1006/691
f 973/1007/693 974/1008/694 975/1009/694
f 973/1007/693 975/1009/694 976/1010/695
f 977/1011/696 978/1012/697 979/1013/697
f 977/1011/696 979/1013/697 980/1014/696
f 981/1015/698 982/1016/699 983/1017/699
f 981/1015/698 983/1017/699 984/1018/698
f 985/1019/700 986/1020/701 987/1021/701
f 985/1019/700 987/1021/701 988/1022/700
f 989/1023/702 990/1024/703 991/1025/703
f 989/1023/702 991/1025/703 992/1026/702
f 993/1027/704 994/1028/705 995/1029/706
f 993/1027/704 995/1029/706 996/1030/704
f 997/1031/707 998/1032/708 999/1033/709
f 997/1031/707 999/1033/709 1000/1034/707
f 1001/1035/710 1002/1036/711 1003/1037/711
f 1001/1035/710 1003/1037/711 1004/1038/710
f 1005/1039/712 1006/1040/713 1007/1041/713
f 1005/1039/712 1007/1041/713 1008/1042/712
f 1009/1043/714 1010/1044/715 1011/1045/715
f 1009/1043/714 1011/1045/715 1012/1046/714
f 1013/1047/716 1014/1048/717 1015/1049/717
f 1013/1047/716 1015/1049/717 1016/1050/716
f 1017/1051/718 1018/1052/719 1019/1053/719
f 1017/1051/718 1019/1053/719 1020/1054/718
f 1021/1055/720 1022/1056/721 1023/1057/721
f 1021/1055/720 1023/1057/721 1024/1058/720
f 1025/1059/722 1026/1060/723 1027/1061/723
f 1025/1059/722 1027/1061/723 1028/1062/722
f 1029/1063/724 1030/1064/724 1031/1065/724
f 1029/1063/724 1031/1065/724 1032/1066/724
f 1033/1067/725 1034/1068/726 1035/1069/726
f 1033/1067/725 1035/1069/726 1036/1070/725
f 1037/1071/727 1038/1072/728 1039/1073/728
f 1037/1071/727 1039/1073/728 1040/1074/729
f 1041/1075/730 1042/1076/730 1043/1077/730
f 1041/1075/730 1043/1077/730 1044/1078/730
f 1045/1079/731 1046/1080/731 1047/1081/731
f 1045/1079/731 1047/1081/731 1048/1082/731
f 1049/1083/732 1050/1084/733 1051/1085/733
f 1049/1083/732 1051/1085/733 1052/1086/732
f 1053/1087/734 1054/1088/734 1055/1089/734
f 1053/1087/734 1055/1089/734 1056/1090/734
f 1057/1091/735 1058/1092/736 1059/1093/736
f 1057/1091/735 1059/1093/736 1060/1094/735
f 1061/1095/737 1062/1096/738 1063/1097/738
f 1061/1095/737 1063/1097/738 1064/1098/737
f 1065/1099/739 1066/1100/740 1067/1101/740
f 1065/1099/739 1067/1101/740 1068/1102/739
f 1069/1103/741 1070/1104/741 1071/1105/741
f 1069/1103/741 1071/1105/741 1072/1106/741
f 1073/1107/742 1074/1108/742 1075/1109/742
f 1073/1107/742 1075/1109/742 1076/1110/742
f 1077/1111/743 1078/1112/744 1079/1113/744
f 1077/1111/743 1079/1113/744 1080/1114/743
f 1081/1115/745 1082/1116/746 1083/1117/746
f 1081/1115/745 1083/1117/746 1084/1118/745
f 1085/1119/747 1086/1120/748 1087/1121/748
f 1085/1119/747 1087/1121/748 1088/1122/747
f 1089/1123/749 1090/1124/750 1091/1125/750
f 1089/1123/749 1091/1125/750 1092/1126/749
f 1093/1127/751 1094/1128/752 1095/1129/752
f 1093/1127/751 1095/1129/752 1096/1130/751
f 1097/1131/753 1098/1132/753 1099/1133/753
f 1097/1131/753 1099/1133/753 1100/1134/754
f 1101/1135/755 1102/1136/755 1103/1137/755
f 1101/1135/755 1103/1137/755 1104/1138/755
f 1105/1139/756 1106/1140/757 1107/1141/757
f 1105/1139/756 1107/1141/757 1108/1142/756
f 1109/1143/758 1110/1144/759 1111/1145/759
f 1109/1143/758 1111/1145/759 1112/1146/760
f 1113/1147/761 1114/1148/762 1115/1149/763
f 1113/1147/761 1115/1149/763 1116/1150/761
f 1117/1151/764 1118/1152/765 1119/1153/765
f 1117/1151/764 1119/1153/765 1120/1154/764
f 1121/1155/766 1122/1156/766 1123/1157/766
f 1121/1155/766 1123/1157/766 1124/1158/766
f 1125/1159/767 1126/1160/767 1127/1161/767
f 1125/1159/767 1127/1161/767 1128/1162/767
f 1129/1163/768 1130/1164/769 1131/1165/770
f 1129/1163/768 1131/1165/770 1132/1166/768
f 1133/1167/771 1134/1168/772 1135/1169/772
f 1133/1167/771 1135/1169/772 1136/1170/771
f 1137/1171/773 1138/1172/774 1139/1173/774
f 1137/1171/773 1139/1173/774 1140/1174/775
f 1141/1175/776 1142/1176/777 1143/1177/777
f 1141/1175/776 1143/1177/777 1144/1178/776
f 1145/1179/778 1146/1180/778 1147/1181/778
f 1145/1179/778 1147/1181/778 1148/1182/778
f 1149/1183/779 1150/1184/779 1151/1185/779
f 1149/1183/779 1151/1185/779 1152/1186/779
f 1153/1187/780 1154/1188/781 1155/1189/781
f 1153/1187/780 1155/1189/781 1156/1190/780
f 1157/1191/782 1158/1192/783 1159/1193/783
f 1157/1191/782 1159/1193/783 1160/1194/784
f 1161/1195/785 1162/1196/786 1163/1197/786
f 1161/1195/785 1163/1197/786 1164/1198/785
f 1165/1199/787 1166/1200/560 1167/1201/560
f 1165/1199/787 1167/1201/560 1168/1202/787
f 1169/1203/559 1170/1204/788 1171/1205/788
f 1169/1203/559 1171/1205/788 1172/1206/559
f 1173/1207/556 1174/1208/789 1175/1209/789
f 1173/1207/556 1175/1209/789 1176/1210/555
f 1177/1211/790 1178/1212/553 1179/1213/553
f 1177/1211/790 1179/1213/553 1180/1214/790
f 1181/1215/552 1182/1216/791 1183/1217/791
f 1181/1215/552 1183/1217/791 1184/1218/552
f 1185/1219/792 1186/1220/792 1187/1221/792
f 1185/1219/792 1187/1221/792 1188/1222/792
f 1189/1223/793 1190/1224/571 1191/1225/571
f 1189/1223/793 1191/1225/571 1192/1226/793
f 1193/1227/794 1194/1228/569 1195/1229/569
f 1193/1227/794 1195/1229/569 1196/1230/794
f 1197/1231/568 1198/1232/568 1199/1233/568
f 1197/1231/568 1199/1233/568 1200/1234/568
f 1201/1235/566 1202/1236/795 1203/1237/795
f 1201/1235/566 1203/1237/795 1204/1238/566
f 1205/1239/796 1206/1240/565 1207/1241/565
f 1205/1239/796 1207/1241/565 1208/1242/797
f 1209/1243/798 1210/1244/799 1211/1245/585
f 1209/1243/798 1211/1245/585 1212/1246/798
f 1213/1247/800 1214/1248/581 1215/1249/581
f 1213/1247/800 1215/1249/581 1216/1250/800
f 1217/1251/801 1218/1252/802 1219/1253/803
f 1217/1251/801 1219/1253/803 1220/1254/801
f 1221/1255/804 1222/1256/805 1223/1257/805
f 1221/1255/804 1223/1257/805 1224/1258/804
f 1225/1259/806 1226/1260/807 1227/1261/807
f 1225/1259/806 1227/1261/807 1228/1262/806
f 1229/1263/808 1230/1264/575 1231/1265/575
f 1229/1263/808 1231/1265/575 1232/1266/808
f 1233/1267/809 1234/1268/810 1235/1269/811
f 1233/1267/809 1235/1269/811 1236/1270/812
f 1237/1271/596 1238/1272/596 1239/1273/596
f 1237/1271/596 1239/1273/596 1240/1274/596
f 1241/1275/594 1242/1276/813 1243/1277/813
f 1241/1275/594 1243/1277/813 1244/1278/594
f 1245/1279/814 1246/1280/814 1247/1281/814
f 1245/1279/814 1247/1281/814 1248/1282/814
f 1249/1283/815 1250/1284/815 1251/1285/815
f 1249/1283/815 1251/1285/815 1252/1286/815
f 1253/1287/588 1254/1288/816 1255/1289/816
f 1253/1287/588 1255/1289/816 1256/1290/588
f 1257/1291/817 1258/1292/608 1259/1293/608
f 1257/1291/817 1259/1293/608 1260/1294/817
f 1261/1295/818 1262/1296/818 1263/1297/818
f 1261/1295/818 1263/1297/818 1264/1298/818
f 1265/1299/604 1266/1300/819 1267/1301/819
f 1265/1299/604 1267/1301/819 1268/1302/604
f 1269/1303/820 1270/1304/602 1271/1305/602
f 1269/1303/820 1271/1305/602 1272/1306/820
f 1273/1307/600 1274/1308/821 1275/1309/600
f 1273/1307/600 1275/1309/600 1276/1310/600
f 1277/1311/599 1278/1312/599 1279/1313/599
f 1277/1311/599 1279/1313/599 1280/1314/599
f 1281/1315/822 1282/1316/823 1283/1317/621
f 1281/1315/822 1283/1317/621 1284/1318/822
f 1285/1319/824 1286/1320/619 1287/1321/824
f 1285/1319/824 1287/1321/824 1288/1322/824
f 1289/1323/617 1290/1324/617 1291/1325/617
f 1289/1323/617 1291/1325/617 1292/1326/617
f 1293/1327/825 1294/1328/615 1295/1329/615
f 1293/1327/825 1295/1329/615 1296/1330/825
f 1297/1331/826 1298/1332/826 1299/1333/826
f 1297/1331/826 1299/1333/826 1300/1334/826
f 1301/1335/827 1302/1336/611 1303/1337/611
f 1301/1335/827 1303/1337/611 1304/1338/827
f 1305/1339/828 1306/1340/828 1307/1341/828
f 1305/1339/829 1307/1341/829 1308/1342/829
f 1309/1343/631 1307/1344/830 1310/1345/830
f 1309/1343/631 1310/1345/830 1311/1346/831
f 1312/1347/630 1313/1348/629 1314/1349/629
f 1312/1347/630 1314/1349/629 1315/1350/630
f 1316/1351/832 1317/1352/833 1318/1353/833
f 1316/1351/832 1318/1353/833 1319/1354/832
f 1320/1355/626 1321/1356/626 1322/1357/626
f 1320/1355/626 1322/1357/626 1323/1358/626
f 1324/1359/623 1325/1360/623 1326/1361/623
f 1324/1359/623 1326/1361/623 1327/1362/625
f 1328/1363/646 1329/1364/645 1330/1365/645
f 1328/1363/646 1330/1365/645 1331/1366/646
f 1332/1367/834 1333/1368/834 1334/1369/834
f 1332/1367/834 1334/1369/834 1335/1370/834
f 1336/1371/642 1337/1372/835 1338/1373/835
f 1336/1371/642 1338/1373/835 1339/1374/642
f 1340/1375/640 1341/1376/640 1342/1377/640
f 1340/1375/640 1342/1377/640 1343/1378/640
f 1344/1379/637 1345/1380/836 1346/1381/639
f 1344/1379/637 1346/1381/639 1347/1382/638
f 1348/1383/837 1346/1384/838 1306/1385/839
f 1348/1383/837 1306/1385/839 1349/1386/840
f 1307/1387/656 1350/1388/655 1351/1389/655
f 1307/1387/656 1351/1389/655 1352/1390/656
f 1353/1391/841 1354/1392/841 1355/1393/841
f 1353/1391/841 1355/1393/841 1356/1394/841
f 1357/1395/842 1358/1396/652 1359/1397/652
f 1357/1395/842 1359/1397/652 1360/1398/842
f 1361/1399/843 1362/1400/843 1363/1401/843
f 1361/1399/843 1363/1401/843 1364/1402/843
f 1365/1403/844 1366/1404/647 1367/1405/647
f 1365/1403/844 1367/1405/647 1368/1406/844
f 1369/1407/665 1370/1408/845 1371/1409/845
f 1369/1407/665 1371/1409/845 1372/1410/665
f 1373/1411/846 1374/1412/664 1375/1413/664
f 1373/1411/846 1375/1413/664 1376/1414/846
f 1377/1415/662 1378/1416/847 1379/1417/847
f 1377/1415/662 1379/1417/847 1380/1418/662
f 1381/1419/848 1382/1420/660 1383/1421/660
f 1381/1419/848 1383/1421/660 1384/1422/848
f 1385/1423/659 1386/1424/849 1387/1425/849
f 1385/1423/659 1387/1425/849 1346/1426/659
f 1388/1427/679 1389/1428/850 1390/1429/850
f 1388/1427/679 1390/1429/850 1350/1430/679
f 1350/1431/851 1391/1432/852 1392/1433/852
f 1350/1431/851 1392/1433/852 1393/1434/853
f 1394/1435/675 1395/1436/854 1396/1437/854
f 1394/1435/675 1396/1437/854 1397/1438/675
f 1398/1439/855 1399/1440/672 1400/1441/856
f 1398/1439/855 1400/1441/856 1401/1442/855
f 1402/1443/671 1403/1444/857 1404/1445/671
f 1402/1443/671 1404/1445/671 1405/1446/671
f 1406/1447/668 1407/1448/858 1408/1449/858
f 1406/1447/668 1408/1449/858 1409/1450/668
f 1410/1451/859 1411/1452/690 1412/1453/690
f 1410/1451/859 1412/1453/690 1413/1454/859
f 1414/1455/687 1415/1456/688 1416/1457/688
f 1414/1455/687 1416/1457/688 1417/1458/860
f 1418/1459/686 1419/1460/861 1420/1461/861
f 1418/1459/686 1420/1461/861 1421/1462/686
f 1422/1463/862 1423/1464/863 1424/1465/863
f 1422/1463/862 1424/1465/863 1425/1466/864
f 1426/1467/865 1427/1468/866 1428/1469/866
f 1426/1467/865 1428/1469/866 1387/1470/865
f 1387/1471/867 1429/1472/682 1430/1473/682
f 1387/1471/867 1430/1473/682 1388/1474/867
f 1431/1475/868 1432/1476/702 1433/1477/702
f 1431/1475/868 1433/1477/702 1434/1478/869
f 1435/1479/701 1436/1480/870 1437/1481/870
f 1435/1479/701 1437/1481/870 1438/1482/871
f 1439/1483/872 1440/1484/872 1441/1485/872
f 1439/1483/872 1441/1485/872 1442/1486/872
f 1443/1487/873 1444/1488/874 1445/1489/874
f 1443/1487/873 1445/1489/874 1446/1490/873
f 1447/1491/693 1448/1492/693 1449/1493/693
f 1447/1491/693 1449/1493/693 1450/1494/693
f 1451/1495/875 1452/1496/691 1453/1497/691
f 1451/1495/875 1453/1497/691 1454/1498/876
f 1455/1499/716 1456/1500/717 1457/1501/717
f 1455/1499/716 1457/1501/717 1458/1502/716
f 1459/1503/715 1460/1504/714 1461/1505/715
f 1459/1503/715 1461/1505/715 1462/1506/715
f 1463/1507/877 1464/1508/712 1465/1509/712
f 1463/1507/877 1465/1509/712 1466/1510/878
f 1467/1511/879 1468/1512/880 1469/1513/880
f 1467/1511/879 1469/1513/880 1470/1514/879
f 1471/1515/709 1472/1516/707 1473/1517/707
f 1471/1515/709 1473/1517/707 1474/1518/708
f 1475/1519/704 1476/1520/881 1477/1521/881
f 1475/1519/704 1477/1521/881 1478/1522/704
f 1479/1523/727 1480/1524/882 1481/1525/882
f 1479/1523/727 1481/1525/882 1482/1526/727
f 1483/1527/726 1484/1528/725 1485/1529/725
f 1483/1527/726 1485/1529/725 1486/1530/883
f 1487/1531/884 1488/1532/885 1489/1533/885
f 1487/1531/884 1489/1533/885 1490/1534/884
f 1491/1535/886 1492/1536/887 1493/1537/887
f 1491/1535/886 1493/1537/887 1494/1538/886
f 1495/1539/720 1496/1540/720 1497/1541/720
f 1495/1539/720 1497/1541/720 1498/1542/720
f 1499/1543/718 1500/1544/718 1501/1545/718
f 1499/1543/718 1501/1545/718 1502/1546/718
f 1503/1547/888 1504/1548/888 1505/1549/888
f 1503/1547/888 1505/1549/888 1506/1550/737
f 1507/1551/735 1508/1552/889 1509/1553/889
f 1507/1551/735 1509/1553/889 1510/1554/735
f 1511/1555/890 1512/1556/734 1513/1557/734
f 1511/1555/890 1513/1557/734 1514/1558/890
f 1515/1559/732 1516/1560/733 1517/1561/732
f 1515/1559/732 1517/1561/732 1518/1562/732
f 1519/1563/891 1520/1564/892 1521/1565/892
f 1519/1563/891 1521/1565/892 1522/1566/891
f 1523/1567/730 1524/1568/730 1525/1569/730
f 1523/1567/730 1525/1569/730 1526/1570/730
f 1527/1571/748 1528/1572/893 1529/1573/893
f 1527/1571/748 1529/1573/893 1530/1574/894
f 1531/1575/745 1532/1576/895 1533/1577/896
f 1531/1575/745 1533/1577/896 1534/1578/745
f 1535/1579/897 1536/1580/744 1537/1581/744
f 1535/1579/897 1537/1581/744 1538/1582/897
f 1539/1583/898 1540/1584/742 1541/1585/742
f 1539/1583/898 1541/1585/742 1542/1586/899
f 1543/1587/741 1544/1588/741 1545/1589/741
f 1543/1587/741 1545/1589/741 1546/1590/900
f 1547/1591/739 1548/1592/901 1549/1593/739
f 1547/1591/739 1549/1593/739 1550/1594/739
f 1551/1595/902 1552/1596/902 1553/1597/902
f 1551/1595/902 1553/1597/902 1554/1598/903
f 1555/1599/904 1556/1600/756 1557/1601/756
f 1555/1599/904 1557/1601/756 1558/1602/904
f 1559/1603/755 1560/1604/755 1561/1605/755
f 1559/1603/755 1561/1605/755 1562/1606/755
f 1563/1607/753 1564/1608/905 1565/1609/753
f 1563/1607/753 1565/1609/753 1566/1610/753
f 1567/1611/752 1568/1612/906 1569/1613/906
f 1567/1611/752 1569/1613/906 1570/1614/752
f 1571/1615/750 1572/1616/749 1573/1617/749
f 1571/1615/750 1573/1617/749 1574/1618/907
f 1575/1619/908 1576/1620/909 1577/1621/909
f 1575/1619/908 1577/1621/909 1578/1622/908
f 1579/1623/768 1580/1624/770 1581/1625/770
f 1579/1623/768 1581/1625/770 1582/1626/768
f 1583/1627/767 1584/1628/767 1585/1629/767
f 1583/1627/767 1585/1629/767 1586/1630/767
f 1587/1631/766 1588/1632/766 1589/1633/766
f 1587/1631/766 1589/1633/766 1590/1634/766
f 1591/1635/764 1592/1636/910 1593/1637/910
f 1591/1635/764 1593/1637/910 1594/1638/764
f 1595/1639/911 1596/1640/763 1597/1641/763
f 1595/1639/911 1597/1641/763 1598/1642/911
f 1599/1643/782 1600/1644/784 1601/1645/782
f 1599/1643/782 1601/1645/782 1602/1646/783
f 1603/1647/912 1604/1648/781 1605/1649/781
f 1603/1647/912 1605/1649/781 1606/1650/780
f 1607/1651/779 1608/1652/779 1609/1653/779
f 1607/1651/779 1609/1653/779 1610/1654/779
f 1611/1655/778 1612/1656/778 1613/1657/778
f 1611/1655/778 1613/1657/778 1614/1658/778
f 1615/1659/776 1616/1660/776 1617/1661/776
f 1615/1659/776 1617/1661/776 1618/1662/776
f 1619/1663/913 1620/1664/914 1621/1665/914
f 1619/1663/913 1621/1665/914 1622/1666/913
f 1306/1667/915 1388/1668/916 1346/1669/917
f 1346/1669/917 1388/1668/916 1387/1670/647
f 1307/1671/918 1350/1672/919 1306/1667/920
f 1306/1667/920 1350/1672/919 1388/1668/921
