# Blender 5.0.1
# www.blender.org
mtllib TechoS2.mtl
o TechoS2
v -0.038142 12.705615 6.507450
v -0.013381 12.746369 6.500617
v -0.040875 12.705615 6.523098
v -0.003693 12.746369 6.502506
v -0.035837 12.705615 6.538094
v 0.003803 12.746369 6.509261
v -0.024379 12.705615 6.548420
v 0.007098 12.746369 6.519071
v -0.009569 12.705615 6.551308
v 0.005310 12.746369 6.529307
v 0.004623 12.705615 6.545985
v -0.001082 12.746369 6.537228
v 0.014395 12.705615 6.533877
v -0.010366 12.746369 6.540710
v 0.017128 12.705615 6.518228
v -0.020054 12.746369 6.538821
v 0.012091 12.705615 6.503232
v -0.027550 12.746369 6.532066
v 0.000632 12.705615 6.492907
v -0.022665 12.746369 6.504099
v -0.014178 12.705615 6.490019
v -0.029057 12.746369 6.512020
v -0.028370 12.705615 6.495342
v -0.030845 12.746369 6.522256
v -0.011873 12.748069 6.520663
v -0.038142 12.738053 6.507450
v -0.035461 12.743602 6.508799
v -0.037915 12.743602 6.522850
v -0.040875 12.738053 6.523098
v -0.033392 12.743602 6.536315
v -0.035837 12.738053 6.538094
v -0.023102 12.743602 6.545587
v -0.024379 12.738053 6.548420
v -0.009804 12.743602 6.548180
v -0.009569 12.738053 6.551308
v 0.002940 12.743602 6.543401
v 0.004623 12.738053 6.545985
v 0.011714 12.743602 6.532528
v 0.014395 12.738053 6.533877
v 0.014169 12.743602 6.518477
v 0.017128 12.738053 6.518228
v 0.009645 12.743602 6.505011
v 0.012091 12.738053 6.503232
v -0.000644 12.743602 6.495740
v 0.000632 12.738053 6.492907
v -0.013943 12.743602 6.493146
v -0.014178 12.738053 6.490019
v -0.026686 12.743602 6.497926
v -0.028370 12.738053 6.495342
v 0.051934 12.695969 6.552760
v 0.058475 12.695969 6.527765
v 0.056531 12.695969 6.501913
v 0.046336 12.695969 6.478322
v 0.029121 12.695969 6.459839
v 0.006961 12.695969 6.448692
v -0.017471 12.695969 6.446226
v -0.041228 12.695969 6.452738
v -0.061444 12.695969 6.467443
v -0.075681 12.695969 6.488567
v -0.082222 12.695969 6.513562
v -0.080278 12.695969 6.539414
v -0.070083 12.695969 6.563004
v -0.052868 12.695969 6.581488
v -0.030708 12.695969 6.592635
v -0.006276 12.695969 6.595101
v 0.017481 12.695969 6.588589
v 0.037697 12.695969 6.573884
v 0.014131 12.706207 6.580838
v -0.006915 12.706207 6.586607
v -0.028559 12.706207 6.584422
v -0.048190 12.706207 6.574547
v -0.063441 12.706207 6.558173
v -0.072473 12.706207 6.537275
v -0.074195 12.706207 6.514373
v -0.068400 12.706207 6.492229
v -0.055788 12.706207 6.473515
v -0.037878 12.706207 6.460489
v -0.016832 12.706207 6.454719
v 0.004812 12.706207 6.456904
v 0.024443 12.706207 6.466779
v 0.039695 12.706207 6.483154
v 0.048726 12.706207 6.504052
v 0.032041 12.706207 6.567811
v 0.050448 12.706207 6.526954
v 0.044654 12.706207 6.549097
v 0.029659 12.711617 6.541555
v 0.033916 12.711617 6.525286
v 0.032651 12.711617 6.508459
v 0.026015 12.711617 6.493104
v 0.014810 12.711617 6.481073
v 0.000386 12.711617 6.473817
v -0.015517 12.711617 6.472212
v -0.030980 12.711617 6.476451
v -0.044139 12.711617 6.486022
v -0.053406 12.711617 6.499772
v -0.057663 12.711617 6.516041
v -0.056398 12.711617 6.532868
v -0.049762 12.711617 6.548223
v -0.038556 12.711617 6.560254
v -0.024133 12.711617 6.567509
v -0.008230 12.711617 6.569115
v 0.007233 12.711617 6.564876
v 0.020392 12.711617 6.555304
v 0.037697 12.529749 6.573884
v 0.017481 12.529749 6.588589
v -0.006276 12.529749 6.595101
v -0.030708 12.529749 6.592635
v -0.052868 12.529749 6.581488
v -0.070083 12.529749 6.563004
v -0.080278 12.529749 6.539414
v -0.082222 12.529749 6.513562
v -0.075681 12.529749 6.488567
v -0.061444 12.529749 6.467443
v -0.041228 12.529749 6.452738
v -0.017471 12.529749 6.446226
v 0.006961 12.529749 6.448692
v 0.029121 12.529749 6.459839
v 0.046336 12.529749 6.478322
v 0.056531 12.529749 6.501913
v 0.058475 12.529749 6.527765
v 0.051934 12.529749 6.552760
v -0.075681 12.145917 6.488567
v -0.061444 12.145917 6.467443
v -0.041228 12.145917 6.452738
v -0.017471 12.145917 6.446226
v 0.006961 12.145917 6.448692
v 0.029121 12.145917 6.459839
v 0.046336 12.145917 6.478322
v 0.056531 12.145917 6.501913
v 0.058475 12.145917 6.527764
v 0.051934 12.145917 6.552760
v 0.037697 12.145917 6.573883
v 0.017481 12.145917 6.588589
v -0.006276 12.145917 6.595101
v -0.030708 12.145917 6.592635
v -0.052868 12.145917 6.581488
v -0.070083 12.145917 6.563004
v -0.080278 12.145917 6.539414
v -0.082222 12.145917 6.513562
v -0.105674 12.308183 6.473480
v -0.084745 12.308183 6.442426
v -0.055026 12.308183 6.420809
v -0.020102 12.308183 6.411236
v 0.015814 12.308182 6.414862
v 0.048390 12.308182 6.431249
v 0.073698 12.308182 6.458420
v 0.088685 12.308182 6.493099
v 0.091542 12.308182 6.531102
v 0.081927 12.308182 6.567847
v 0.060997 12.308182 6.598900
v 0.031279 12.308182 6.620517
v -0.003645 12.308182 6.630090
v -0.039561 12.308182 6.626465
v -0.072137 12.308182 6.610078
v -0.097445 12.308183 6.582907
v -0.112432 12.308183 6.548228
v -0.115290 12.308183 6.510224
v -0.082222 12.308183 6.513562
v -0.080278 12.308183 6.539414
v -0.070083 12.308182 6.563004
v -0.052868 12.308182 6.581488
v -0.030708 12.308182 6.592635
v -0.006276 12.308182 6.595101
v 0.017481 12.308182 6.588589
v 0.037697 12.308182 6.573883
v 0.051934 12.308182 6.552760
v 0.058475 12.308182 6.527764
v 0.056531 12.308182 6.501913
v 0.046336 12.308182 6.478322
v 0.029121 12.308182 6.459839
v 0.006961 12.308182 6.448692
v -0.017471 12.308182 6.446226
v -0.041228 12.308183 6.452738
v -0.061444 12.308183 6.467443
v -0.075681 12.308183 6.488567
v -0.105674 12.324278 6.473480
v -0.084745 12.324278 6.442426
v -0.055026 12.324278 6.420809
v -0.020102 12.324278 6.411236
v 0.015814 12.324278 6.414862
v 0.048390 12.324278 6.431249
v 0.073698 12.324278 6.458420
v 0.088685 12.324278 6.493099
v 0.091542 12.324278 6.531102
v 0.081927 12.324278 6.567847
v 0.060997 12.324278 6.598900
v 0.031279 12.324278 6.620517
v -0.003645 12.324278 6.630090
v -0.039561 12.324278 6.626465
v -0.072137 12.324278 6.610078
v -0.097445 12.324278 6.582907
v -0.112432 12.324278 6.548228
v -0.115290 12.324278 6.510224
v -0.234597 12.324278 6.408629
v -0.184902 12.324278 6.334894
v -0.114336 12.324276 6.283566
v -0.031412 12.324276 6.260835
v 0.053868 12.324276 6.269443
v 0.131219 12.324276 6.308352
v 0.191312 12.324278 6.372869
v 0.226896 12.324277 6.455213
v 0.233682 12.324277 6.545450
v 0.210850 12.324277 6.632698
v 0.161155 12.324277 6.706432
v 0.090589 12.324277 6.757761
v 0.007665 12.324278 6.780491
v -0.077615 12.324278 6.771883
v -0.154967 12.324278 6.732974
v -0.215059 12.324278 6.668457
v -0.250644 12.324278 6.586114
v -0.257429 12.324278 6.495877
v -0.234597 12.338560 6.408629
v -0.184902 12.338560 6.334894
v -0.114336 12.338558 6.283566
v -0.031412 12.338558 6.260835
v 0.053868 12.338558 6.269443
v 0.131220 12.338558 6.308352
v 0.191312 12.338560 6.372869
v 0.226896 12.338560 6.455213
v 0.233682 12.338560 6.545450
v 0.210850 12.338560 6.632698
v 0.161155 12.338560 6.706432
v 0.090589 12.338560 6.757761
v 0.007665 12.338560 6.780491
v -0.077615 12.338560 6.771883
v -0.154967 12.338560 6.732974
v -0.215059 12.338560 6.668457
v -0.250644 12.338560 6.586114
v -0.257429 12.338560 6.495877
v -0.057736 12.145917 6.497594
v -0.047503 12.145917 6.482411
v -0.032972 12.145917 6.471842
v -0.015897 12.145917 6.467161
v 0.001664 12.145917 6.468933
v 0.017591 12.145917 6.476945
v 0.029965 12.145917 6.490230
v 0.037292 12.145917 6.507186
v 0.038690 12.145917 6.525767
v 0.033988 12.145917 6.543733
v 0.023755 12.145917 6.558916
v 0.009225 12.145917 6.569485
v -0.007850 12.145917 6.574166
v -0.025411 12.145917 6.572393
v -0.041339 12.145917 6.564381
v -0.053712 12.145917 6.551096
v -0.061040 12.145917 6.534140
v -0.062437 12.145917 6.515559
v -0.058858 12.122700 6.497029
v -0.086234 12.078369 6.483259
v -0.101784 12.044137 6.475436
v -0.106412 12.011644 6.473109
v -0.101784 11.979153 6.475436
v -0.067441 11.926580 6.492711
v -0.041087 11.911645 6.505968
v -0.011873 11.906499 6.520664
v -0.046722 12.122700 6.479829
v -0.052996 12.100420 6.472478
v -0.067027 12.078369 6.456037
v -0.078561 12.044137 6.442522
v -0.081993 12.011644 6.438501
v -0.078561 11.979153 6.442522
v -0.068601 11.949841 6.454193
v -0.053088 11.926580 6.472370
v -0.033541 11.911645 6.495274
v -0.029281 12.122700 6.468846
v -0.032415 12.100420 6.459517
v -0.039423 12.078369 6.438655
v -0.045184 12.044137 6.421505
v -0.046898 12.011644 6.416402
v -0.045184 11.979153 6.421505
v -0.040209 11.949841 6.436314
v -0.032461 11.926580 6.459380
v -0.022697 11.911645 6.488445
v -0.009189 12.122700 6.465752
v -0.008706 12.100420 6.455866
v -0.007625 12.078369 6.433757
v -0.006737 12.044137 6.415583
v -0.006472 12.011644 6.410175
v -0.006737 11.979153 6.415583
v -0.007504 11.949841 6.431277
v -0.008699 11.926580 6.455720
v -0.010204 11.911645 6.486521
v 0.010494 12.122700 6.471017
v 0.014521 12.100420 6.462079
v 0.023526 12.078369 6.442090
v 0.030929 12.044137 6.425659
v 0.033132 12.011644 6.420770
v 0.030929 11.979153 6.425659
v 0.024537 11.949841 6.439848
v 0.014580 11.926580 6.461947
v 0.002034 11.911645 6.489795
v 0.026772 12.122700 6.483840
v 0.033729 12.100420 6.477211
v 0.049288 12.078369 6.462386
v 0.062078 12.044137 6.450199
v 0.065884 12.011644 6.446572
v 0.062078 11.979153 6.450199
v 0.051034 11.949841 6.460722
v 0.033831 11.926580 6.477114
v 0.012155 11.911645 6.497768
v 0.037166 12.122700 6.502270
v 0.045995 12.100420 6.498958
v 0.065739 12.078369 6.491553
v 0.081969 12.044137 6.485465
v 0.086799 12.011644 6.483654
v 0.081969 11.979153 6.485465
v 0.067954 11.949841 6.490723
v 0.046125 11.926580 6.498910
v 0.018618 11.911645 6.509227
v 0.040095 12.122700 6.523500
v 0.049451 12.100420 6.524011
v 0.070374 12.078369 6.525153
v 0.087574 12.044137 6.526091
v 0.092691 12.011644 6.526370
v 0.087574 11.979153 6.526091
v 0.072721 11.949841 6.525280
v 0.049588 11.926580 6.524018
v 0.020439 11.911645 6.522427
v 0.035112 12.122700 6.544298
v 0.043570 12.100420 6.548553
v 0.062487 12.078369 6.558068
v 0.078038 12.044137 6.565891
v 0.082665 12.011644 6.568218
v 0.078038 11.979153 6.565891
v 0.064610 11.949841 6.559136
v 0.043695 11.926580 6.548615
v 0.017341 11.911645 6.535359
v 0.022975 12.122700 6.561498
v 0.029249 12.100420 6.568849
v 0.043280 12.078369 6.585289
v 0.054814 12.044137 6.598804
v 0.058246 12.011644 6.602826
v 0.054814 11.979153 6.598804
v 0.044854 11.949841 6.587134
v 0.029342 11.926580 6.568957
v 0.009795 11.911645 6.546053
v 0.005534 12.122700 6.572481
v 0.008668 12.100420 6.581809
v 0.015676 12.078369 6.602672
v 0.021438 12.044137 6.619822
v 0.023152 12.011644 6.624925
v 0.021438 11.979153 6.619822
v 0.016463 11.949841 6.605013
v 0.008714 11.926580 6.581947
v -0.001050 11.911645 6.552882
v -0.014558 12.122700 6.575575
v -0.015041 12.100420 6.585461
v -0.016122 12.078369 6.607570
v -0.017010 12.044137 6.625744
v -0.017275 12.011644 6.631151
v -0.017010 11.979153 6.625744
v -0.016243 11.949841 6.610050
v -0.015048 11.926580 6.585606
v -0.013542 11.911645 6.554806
v -0.034241 12.122700 6.570310
v -0.038268 12.100420 6.579248
v -0.047273 12.078369 6.599236
v -0.054676 12.044137 6.615668
v -0.056879 12.011644 6.620557
v -0.054676 11.979153 6.615668
v -0.048283 11.949841 6.601479
v -0.038327 11.926580 6.579379
v -0.025781 11.911645 6.551532
v -0.050518 12.122700 6.557486
v -0.057476 12.100420 6.564115
v -0.073035 12.078369 6.578941
v -0.085825 12.044137 6.591128
v -0.089631 12.011644 6.594755
v -0.085825 11.979153 6.591128
v -0.074781 11.949841 6.580604
v -0.057578 11.926580 6.564213
v -0.035902 11.911645 6.543559
v -0.060913 12.122700 6.539057
v -0.069741 12.100420 6.542368
v -0.089485 12.078369 6.549774
v -0.105716 12.044137 6.555861
v -0.110545 12.011644 6.557672
v -0.105716 11.979153 6.555861
v -0.091701 11.949841 6.550604
v -0.069871 11.926580 6.542417
v -0.042365 11.911645 6.532100
v -0.063841 12.122700 6.517827
v -0.073197 12.100420 6.517316
v -0.094120 12.078369 6.516174
v -0.111320 12.044137 6.515236
v -0.116438 12.011644 6.514956
v -0.111320 11.979153 6.515236
v -0.096468 11.949841 6.516046
v -0.073335 11.926580 6.517309
v -0.044186 11.911645 6.518900
v -0.067317 12.100420 6.492774
v -0.088356 11.949841 6.482191
v -0.058858 12.159414 6.497029
v -0.046722 12.159414 6.479829
v -0.029281 12.159414 6.468846
v -0.009189 12.159414 6.465752
v 0.010494 12.159414 6.471017
v 0.026772 12.159414 6.483840
v 0.037166 12.159414 6.502270
v 0.040095 12.159414 6.523500
v 0.035112 12.159414 6.544298
v 0.022975 12.159414 6.561498
v 0.005534 12.159414 6.572481
v -0.014558 12.159414 6.575575
v -0.034241 12.159414 6.570310
v -0.050518 12.159414 6.557486
v -0.060913 12.159414 6.539057
v -0.063841 12.159414 6.517827
v -0.585252 11.889562 6.232242
v -0.390292 12.340495 6.258178
v -0.435686 12.277779 6.226690
v -0.471621 12.208420 6.201764
v -0.502334 12.133605 6.180461
v -0.524655 12.054615 6.164978
v -0.538202 11.972800 6.155581
v -0.542744 11.889562 6.152431
v -0.538202 11.806323 6.155581
v -0.524655 11.724508 6.164978
v -0.502334 11.645517 6.180461
v -0.471621 11.570703 6.201764
v -0.433041 11.501344 6.228525
v -0.352941 12.340495 6.206176
v -0.393855 12.277779 6.168450
v -0.426243 12.208420 6.138586
v -0.453925 12.133605 6.113062
v -0.474043 12.054615 6.094512
v -0.486253 11.972800 6.083253
v -0.490347 11.889562 6.079479
v -0.486253 11.806323 6.083253
v -0.474043 11.724508 6.094512
v -0.453925 11.645517 6.113062
v -0.426243 11.570703 6.138586
v -0.391472 11.501344 6.170648
v -0.309238 12.340495 6.160032
v -0.344909 12.277779 6.116771
v -0.373147 12.208420 6.082526
v -0.397282 12.133605 6.053256
v -0.414822 12.054615 6.031984
v -0.425467 11.972800 6.019073
v -0.429036 11.889562 6.014745
v -0.425467 11.806323 6.019073
v -0.414822 11.724508 6.031984
v -0.397282 11.645517 6.053256
v -0.373147 11.570703 6.082526
v -0.342831 11.501344 6.119292
v -0.259995 12.340495 6.120606
v -0.289759 12.277779 6.072616
v -0.313321 12.208420 6.034626
v -0.333459 12.133605 6.002157
v -0.348094 12.054615 5.978559
v -0.356977 11.972800 5.964238
v -0.359955 11.889562 5.959436
v -0.356977 11.806323 5.964238
v -0.348094 11.724508 5.978559
v -0.333459 11.645517 6.002157
v -0.313321 11.570703 6.034626
v -0.288025 11.501344 6.075412
v -0.206130 12.340495 6.088632
v -0.229432 12.277779 6.036807
v -0.247879 12.208420 5.995781
v -0.263645 12.133605 5.960717
v -0.275103 12.054615 5.935233
v -0.282058 11.972800 5.919766
v -0.284389 11.889562 5.914581
v -0.282058 11.806323 5.919766
v -0.275104 11.724508 5.935233
v -0.263645 11.645517 5.960717
v -0.247879 11.570703 5.995781
v -0.228075 11.501344 6.039826
v -0.148646 12.340495 6.064707
v -0.165053 12.277779 6.010011
v -0.178041 12.208420 5.966713
v -0.189142 12.133605 5.929707
v -0.197209 12.054615 5.902812
v -0.202106 11.972800 5.886489
v -0.203747 11.889562 5.881017
v -0.202106 11.806323 5.886489
v -0.197209 11.724508 5.902812
v -0.189142 11.645517 5.929707
v -0.178041 11.570703 5.966713
v -0.164097 11.501344 6.013198
v -0.088615 12.340495 6.049275
v -0.097820 12.277779 5.992728
v -0.105108 12.208420 5.947965
v -0.111336 12.133605 5.909706
v -0.115863 12.054615 5.881901
v -0.118610 11.972800 5.865025
v -0.119531 11.889562 5.859368
v -0.118610 11.806323 5.865025
v -0.115863 11.724508 5.881901
v -0.111336 11.645517 5.909706
v -0.105108 11.570703 5.947965
v -0.097284 11.501344 5.996022
v -0.027154 12.340495 6.042624
v -0.028987 12.277779 5.985279
v -0.030437 12.208420 5.939884
v -0.031678 12.133605 5.901086
v -0.032579 12.054615 5.872888
v -0.033126 11.972800 5.855775
v -0.033309 11.889562 5.850037
v -0.033126 11.806323 5.855775
v -0.032579 11.724508 5.872888
v -0.031678 11.645517 5.901086
v -0.030437 11.570703 5.939884
v -0.028880 11.501344 5.988620
v 0.034592 12.340495 6.044878
v 0.040166 12.277779 5.987803
v 0.044579 12.208420 5.942623
v 0.048350 12.133605 5.904007
v 0.051090 12.054615 5.875943
v 0.052754 11.972800 5.858910
v 0.053312 11.889562 5.853199
v 0.052754 11.806323 5.858910
v 0.051090 11.724508 5.875943
v 0.048350 11.645517 5.904007
v 0.044579 11.570703 5.942623
v 0.039841 11.501344 5.991129
v 0.095472 12.340495 6.055995
v 0.108349 12.277779 6.000254
v 0.118543 12.208420 5.956129
v 0.127255 12.133605 5.918416
v 0.133587 12.054615 5.891007
v 0.137430 11.972800 5.874372
v 0.138718 11.889562 5.868795
v 0.137430 11.806323 5.874372
v 0.133587 11.724508 5.891007
v 0.127255 11.645517 5.918415
v 0.118543 11.570703 5.956129
v 0.107599 11.501344 6.003501
v 0.154353 12.340495 6.075768
v 0.174293 12.277779 6.022399
v 0.190078 12.208420 5.980151
v 0.203569 12.133605 5.944043
v 0.213374 12.054615 5.917801
v 0.219325 11.972800 5.901873
v 0.221320 11.889562 5.896534
v 0.219325 11.806323 5.901873
v 0.213374 11.724508 5.917800
v 0.203569 11.645517 5.944043
v 0.190078 11.570703 5.980151
v 0.173131 11.501344 6.025508
v 0.210137 12.340495 6.103828
v 0.236769 12.277779 6.053825
v 0.257851 12.208420 6.014243
v 0.275870 12.133605 5.980411
v 0.288965 12.054615 5.955824
v 0.296913 11.972800 5.940902
v 0.299577 11.889562 5.935899
v 0.296913 11.806323 5.940902
v 0.288965 11.724508 5.955824
v 0.275870 11.645517 5.980411
v 0.257851 11.570703 6.014243
v 0.235217 11.501344 6.056739
v 0.261785 12.340495 6.139654
v 0.294613 12.277779 6.093948
v 0.320599 12.208420 6.057767
v 0.342810 12.133605 6.026844
v 0.358952 12.054615 6.004370
v 0.368749 11.972800 5.990730
v 0.372033 11.889562 5.986157
v 0.368749 11.806323 5.990730
v 0.358952 11.724508 6.004370
v 0.342810 11.645517 6.026844
v 0.320599 11.570703 6.057767
v 0.292700 11.501344 6.096611
v 0.308335 12.340495 6.182577
v 0.346747 12.277779 6.142020
v 0.377155 12.208420 6.109915
v 0.403143 12.133605 6.082476
v 0.422031 12.054615 6.062533
v 0.433494 11.972800 6.050430
v 0.437337 11.889562 6.046372
v 0.433494 11.806323 6.050430
v 0.422031 11.724508 6.062533
v 0.403143 11.645517 6.082475
v 0.377155 11.570703 6.109915
v 0.344510 11.501344 6.144383
v 0.348921 12.340495 6.231797
v 0.392202 12.277779 6.197145
v 0.426463 12.208420 6.169714
v 0.455746 12.133605 6.146269
v 0.477027 12.054615 6.129230
v 0.489944 11.972800 6.118889
v 0.494274 11.889562 6.115422
v 0.489944 11.806323 6.118889
v 0.477027 11.724508 6.129230
v 0.455746 11.645517 6.146269
v 0.426463 11.570703 6.169714
v 0.389680 11.501344 6.199164
v 0.382786 12.340495 6.286399
v 0.430129 12.277779 6.258297
v 0.467606 12.208420 6.236051
v 0.499637 12.133605 6.217038
v 0.522916 12.054615 6.203219
v 0.537045 11.972800 6.194833
v 0.541782 11.889562 6.192021
v 0.537045 11.806323 6.194833
v 0.522916 11.724508 6.203219
v 0.499637 11.645517 6.217038
v 0.467606 11.570703 6.236051
v 0.427371 11.501344 6.259934
v 0.409299 12.340497 6.345364
v 0.459822 12.277781 6.324336
v 0.499817 12.208420 6.307690
v 0.534000 12.133605 6.293462
v 0.558843 12.054615 6.283121
v 0.573921 11.972800 6.276846
v 0.578976 11.889562 6.274742
v 0.573921 11.806323 6.276846
v 0.558843 11.724508 6.283121
v 0.534000 11.645517 6.293462
v 0.499817 11.570703 6.307689
v 0.456879 11.501346 6.325561
v 0.427966 12.340497 6.407596
v 0.480729 12.277781 6.394032
v 0.522496 12.208422 6.383295
v 0.558195 12.133607 6.374118
v 0.584139 12.054617 6.367449
v 0.599885 11.972802 6.363401
v 0.605164 11.889564 6.362044
v 0.599885 11.806325 6.363401
v 0.584139 11.724510 6.367449
v 0.558195 11.645519 6.374118
v 0.522496 11.570705 6.383295
v 0.477655 11.501346 6.394823
v 0.438440 12.340497 6.471933
v 0.492459 12.277781 6.466087
v 0.535221 12.208422 6.461460
v 0.571770 12.133607 6.457505
v 0.598332 12.054617 6.454630
v 0.614452 11.972802 6.452886
v 0.619857 11.889564 6.452301
v 0.614452 11.806325 6.452886
v 0.598332 11.724510 6.454630
v 0.571770 11.645519 6.457505
v 0.535221 11.570705 6.461460
v 0.489312 11.501346 6.466428
v 0.440526 12.340497 6.537178
v 0.494795 12.277781 6.539159
v 0.537755 12.208422 6.540728
v 0.574473 12.133607 6.542068
v 0.601157 12.054617 6.543042
v 0.617353 11.972802 6.543633
v 0.622783 11.889564 6.543831
v 0.617353 11.806325 6.543633
v 0.601158 11.724510 6.543042
v 0.574473 11.645519 6.542067
v 0.537755 11.570705 6.540728
v 0.491633 11.501346 6.539044
v 0.434184 12.340497 6.602116
v 0.487692 12.277781 6.611886
v 0.530050 12.208422 6.619621
v 0.566253 12.133607 6.626232
v 0.592564 12.054617 6.631036
v 0.608532 11.972802 6.633952
v 0.613886 11.889564 6.634930
v 0.608532 11.806325 6.633952
v 0.592564 11.724510 6.631036
v 0.566253 11.645519 6.626232
v 0.530050 11.570705 6.619621
v 0.484575 11.501346 6.611317
v 0.419533 12.340497 6.665535
v 0.471284 12.277781 6.682914
v 0.512250 12.208422 6.696671
v 0.547264 12.133607 6.708430
v 0.572711 12.054617 6.716975
v 0.588155 11.972802 6.722161
v 0.593332 11.889564 6.723900
v 0.588155 11.806325 6.722161
v 0.572711 11.724510 6.716975
v 0.547264 11.645519 6.708430
v 0.512250 11.570705 6.696671
v 0.468269 11.501346 6.681902
v 0.396845 12.340497 6.726257
v 0.445875 12.277781 6.750920
v 0.484687 12.208422 6.770443
v 0.517859 12.133607 6.787129
v 0.541968 12.054617 6.799256
v 0.556600 11.972802 6.806617
v 0.561505 11.889564 6.809084
v 0.556600 11.806325 6.806617
v 0.541968 11.724510 6.799256
v 0.517859 11.645519 6.787129
v 0.484687 11.570705 6.770443
v 0.443018 11.501346 6.749483
v 0.366544 12.340497 6.783149
v 0.411939 12.277781 6.814636
v 0.447874 12.208422 6.839562
v 0.478587 12.133607 6.860866
v 0.500908 12.054617 6.876348
v 0.514455 11.972802 6.885745
v 0.518997 11.889564 6.888895
v 0.514455 11.806325 6.885745
v 0.500908 11.724510 6.876348
v 0.478587 11.645519 6.860866
v 0.447874 11.570705 6.839562
v 0.409294 11.501346 6.812802
v 0.329194 12.340497 6.835151
v 0.370108 12.277781 6.872876
v 0.402496 12.208422 6.902740
v 0.430178 12.133607 6.928265
v 0.450296 12.054617 6.946814
v 0.462506 11.972802 6.958073
v 0.466599 11.889564 6.961848
v 0.462506 11.806325 6.958073
v 0.450296 11.724510 6.946814
v 0.430178 11.645519 6.928265
v 0.402496 11.570705 6.902740
v 0.367725 11.501346 6.870678
v 0.285491 12.340497 6.881295
v 0.321162 12.277781 6.924555
v 0.349400 12.208422 6.958801
v 0.373534 12.133607 6.988070
v 0.391074 12.054617 7.009343
v 0.401720 11.972802 7.022253
v 0.405289 11.889564 7.026581
v 0.401720 11.806325 7.022253
v 0.391075 11.724510 7.009343
v 0.373534 11.645519 6.988070
v 0.349400 11.570705 6.958801
v 0.319084 11.501346 6.922035
v 0.236248 12.340497 6.920720
v 0.266012 12.277781 6.968711
v 0.289573 12.208422 7.006700
v 0.309711 12.133607 7.039170
v 0.324347 12.054617 7.062767
v 0.333230 11.972802 7.077089
v 0.336207 11.889564 7.081890
v 0.333230 11.806325 7.077089
v 0.324347 11.724510 7.062767
v 0.309712 11.645519 7.039170
v 0.289574 11.570705 7.006700
v 0.264278 11.501346 6.965915
v 0.182382 12.340497 6.952694
v 0.205685 12.277781 7.004520
v 0.224132 12.208422 7.045545
v 0.239898 12.133607 7.080610
v 0.251356 12.054617 7.106093
v 0.258310 11.972802 7.121560
v 0.260642 11.889564 7.126745
v 0.258310 11.806325 7.121560
v 0.251356 11.724510 7.106093
v 0.239898 11.645519 7.080610
v 0.224132 11.570705 7.045545
v 0.204328 11.501346 7.001500
v 0.124899 12.340497 6.976620
v 0.141306 12.277781 7.031315
v 0.154294 12.208422 7.074613
v 0.165394 12.133607 7.111619
v 0.173462 12.054617 7.138514
v 0.178358 11.972802 7.154837
v 0.180000 11.889564 7.160310
v 0.178358 11.806325 7.154837
v 0.173462 11.724510 7.138514
v 0.165395 11.645519 7.111619
v 0.154294 11.570705 7.074613
v 0.140350 11.501346 7.028129
v 0.064867 12.340497 6.992052
v 0.074073 12.277781 7.048599
v 0.081360 12.208422 7.093362
v 0.087589 12.133607 7.131620
v 0.092115 12.054617 7.159426
v 0.094863 11.972802 7.176301
v 0.095784 11.889564 7.181959
v 0.094863 11.806325 7.176301
v 0.092116 11.724510 7.159426
v 0.087589 11.645519 7.131621
v 0.081360 11.570705 7.093362
v 0.073537 11.501346 7.045304
v 0.003406 12.340497 6.998702
v 0.005239 12.277781 7.056047
v 0.006690 12.208422 7.101442
v 0.007930 12.133607 7.140241
v 0.008832 12.054617 7.168438
v 0.009379 11.972802 7.185552
v 0.009562 11.889564 7.191289
v 0.009379 11.806325 7.185552
v 0.008832 11.724510 7.168438
v 0.007930 11.645519 7.140241
v 0.006690 11.570705 7.101442
v 0.005132 11.501346 7.052707
v -0.058339 12.340497 6.996448
v -0.063913 12.277781 7.053523
v -0.068326 12.208422 7.098704
v -0.072097 12.133607 7.137319
v -0.074838 12.054617 7.165384
v -0.076501 11.972802 7.182416
v -0.077059 11.889564 7.188127
v -0.076501 11.806325 7.182416
v -0.074838 11.724510 7.165384
v -0.072097 11.645519 7.137319
v -0.068326 11.570705 7.098704
v -0.063589 11.501346 7.050198
v -0.119219 12.340497 6.985331
v -0.132096 12.277781 7.041073
v -0.142290 12.208422 7.085198
v -0.151003 12.133607 7.122911
v -0.157334 12.054617 7.150319
v -0.161177 11.972802 7.166954
v -0.162466 11.889564 7.172532
v -0.161177 11.806325 7.166954
v -0.157334 11.724510 7.150319
v -0.151002 11.645519 7.122911
v -0.142290 11.570705 7.085198
v -0.131346 11.501346 7.037825
v -0.178100 12.340497 6.965559
v -0.198040 12.277781 7.018927
v -0.213825 12.208422 7.061175
v -0.227316 12.133607 7.097284
v -0.237121 12.054617 7.123526
v -0.243072 11.972802 7.139453
v -0.245067 11.889564 7.144792
v -0.243072 11.806325 7.139453
v -0.237121 11.724510 7.123526
v -0.227316 11.645519 7.097284
v -0.213825 11.570705 7.061175
v -0.196878 11.501346 7.015819
v -0.233884 12.340497 6.937498
v -0.260516 12.277781 6.987501
v -0.281598 12.208422 7.027084
v -0.299617 12.133607 7.060915
v -0.312712 12.054617 7.085503
v -0.320660 11.972802 7.100425
v -0.323325 11.889564 7.105428
v -0.320660 11.806325 7.100425
v -0.312712 11.724510 7.085503
v -0.299617 11.645519 7.060915
v -0.281598 11.570705 7.027084
v -0.258964 11.501346 6.984588
v -0.285532 12.340497 6.901673
v -0.318360 12.277781 6.947379
v -0.344347 12.208422 6.983559
v -0.366557 12.133607 7.014482
v -0.382699 12.054617 7.036957
v -0.392496 11.972802 7.050597
v -0.395780 11.889564 7.055169
v -0.392496 11.806325 7.050597
v -0.382699 11.724510 7.036957
v -0.366557 11.645519 7.014483
v -0.344347 11.570705 6.983560
v -0.316447 11.501346 6.944715
v -0.332083 12.340497 6.858750
v -0.370495 12.277781 6.899307
v -0.400902 12.208422 6.931412
v -0.426891 12.133607 6.958851
v -0.445778 12.054617 6.978794
v -0.457241 11.972802 6.990897
v -0.461085 11.889564 6.994954
v -0.457241 11.806325 6.990897
v -0.445778 11.724510 6.978794
v -0.426891 11.645519 6.958851
v -0.400902 11.570705 6.931412
v -0.368257 11.501346 6.896944
v -0.372668 12.340497 6.809530
v -0.415949 12.277781 6.844181
v -0.450210 12.208422 6.871612
v -0.479493 12.133607 6.895057
v -0.500774 12.054617 6.912096
v -0.513690 11.972802 6.922437
v -0.518021 11.889564 6.925904
v -0.513690 11.806325 6.922438
v -0.500774 11.724510 6.912096
v -0.479493 11.645519 6.895057
v -0.450210 11.570705 6.871612
v -0.413427 11.501346 6.842163
v -0.406533 12.340497 6.754928
v -0.453876 12.277781 6.783030
v -0.491353 12.208422 6.805276
v -0.523384 12.133607 6.824289
v -0.546663 12.054617 6.838107
v -0.560792 11.972802 6.846494
v -0.565529 11.889564 6.849305
v -0.560792 11.806325 6.846494
v -0.546663 11.724510 6.838107
v -0.523384 11.645519 6.824289
v -0.491353 11.570705 6.805276
v -0.451118 11.501346 6.781392
v -0.433046 12.340497 6.695962
v -0.483570 12.277781 6.716991
v -0.523564 12.208422 6.733637
v -0.557747 12.133607 6.747865
v -0.582590 12.054617 6.758205
v -0.597668 11.972802 6.764480
v -0.602723 11.889564 6.766584
v -0.597668 11.806325 6.764480
v -0.582590 11.724510 6.758205
v -0.557747 11.645519 6.747865
v -0.523564 11.570705 6.733637
v -0.480626 11.501346 6.715766
v -0.451714 12.340497 6.633731
v -0.504476 12.277781 6.647294
v -0.546243 12.208422 6.658031
v -0.581942 12.133607 6.667208
v -0.607886 12.054617 6.673878
v -0.623632 11.972802 6.677925
v -0.628911 11.889564 6.679282
v -0.623632 11.806325 6.677925
v -0.607886 11.724510 6.673878
v -0.581942 11.645519 6.667209
v -0.546244 11.570705 6.658031
v -0.501402 11.501346 6.646504
v -0.462188 12.340497 6.569394
v -0.516207 12.277781 6.575240
v -0.558969 12.208422 6.579867
v -0.595517 12.133607 6.583822
v -0.622079 12.054617 6.586697
v -0.638199 11.972802 6.588441
v -0.643604 11.889564 6.589025
v -0.638200 11.806325 6.588441
v -0.622079 11.724510 6.586697
v -0.595517 11.645519 6.583822
v -0.558969 11.570705 6.579867
v -0.513059 11.501346 6.574899
v -0.464273 12.340497 6.504149
v -0.518542 12.277781 6.502168
v -0.561502 12.208422 6.500599
v -0.598220 12.133607 6.499259
v -0.624905 12.054617 6.498285
v -0.641100 11.972802 6.497693
v -0.646530 11.889564 6.497496
v -0.641100 11.806325 6.497694
v -0.624905 11.724510 6.498285
v -0.598220 11.645519 6.499259
v -0.561502 11.570705 6.500599
v -0.515380 11.501346 6.502283
v -0.457931 12.340497 6.439211
v -0.511440 12.277781 6.429440
v -0.553797 12.208422 6.421706
v -0.590000 12.133607 6.415095
v -0.616311 12.054617 6.410290
v -0.632279 11.972802 6.407374
v -0.637633 11.889564 6.406397
v -0.632279 11.806325 6.407374
v -0.616311 11.724510 6.410291
v -0.590000 11.645519 6.415095
v -0.553797 11.570705 6.421706
v -0.508322 11.501346 6.430010
v -0.443280 12.340497 6.375791
v -0.495031 12.277781 6.358412
v -0.535998 12.208422 6.344655
v -0.571011 12.133607 6.332897
v -0.596458 12.054617 6.324352
v -0.611902 11.972802 6.319166
v -0.617080 11.889564 6.317427
v -0.611902 11.806325 6.319166
v -0.596458 11.724510 6.324352
v -0.571011 11.645519 6.332897
v -0.535998 11.570705 6.344655
v -0.492016 11.501346 6.359425
v -0.420593 12.340495 6.315070
v -0.469622 12.277779 6.290407
v -0.508434 12.208420 6.270883
v -0.541607 12.133605 6.254197
v -0.565715 12.054615 6.242070
v -0.580347 11.972800 6.234710
v -0.580347 11.806323 6.234710
v -0.565715 11.724508 6.242070
v -0.541607 11.645517 6.254197
v -0.508434 11.570703 6.270883
v -0.466766 11.501344 6.291844
v -0.371925 12.353499 6.270917
v -0.336388 12.353499 6.221439
v -0.294805 12.353499 6.177535
v -0.247952 12.353499 6.140023
v -0.196702 12.353499 6.109601
v -0.142008 12.353499 6.086837
v -0.084890 12.353499 6.072153
v -0.026412 12.353499 6.065825
v 0.032337 12.353499 6.067970
v 0.090262 12.353499 6.078547
v 0.146285 12.353499 6.097361
v 0.199361 12.353499 6.124059
v 0.248503 12.353499 6.158146
v 0.292794 12.353499 6.198985
v 0.331410 12.353499 6.245817
v 0.363631 12.353499 6.297769
v 0.388858 12.353501 6.353872
v 0.406619 12.353501 6.413083
v 0.416585 12.353501 6.474298
v 0.418569 12.353501 6.536376
v 0.412535 12.353501 6.598162
v 0.398595 12.353501 6.658504
v 0.377009 12.353501 6.716278
v 0.348178 12.353501 6.770409
v 0.312641 12.353501 6.819887
v 0.271058 12.353501 6.863791
v 0.224205 12.353501 6.901304
v 0.172954 12.353501 6.931725
v 0.118261 12.353501 6.954490
v 0.061143 12.353501 6.969173
v 0.002665 12.353501 6.975501
v -0.056084 12.353501 6.973357
v -0.114009 12.353501 6.962779
v -0.170032 12.353501 6.943966
v -0.223109 12.353501 6.917267
v -0.272250 12.353501 6.883181
v -0.316542 12.353501 6.842341
v -0.355157 12.353501 6.795510
v -0.387379 12.353501 6.743558
v -0.412605 12.353501 6.687454
v -0.430366 12.353501 6.628243
v -0.440332 12.353501 6.567028
v -0.442316 12.353501 6.504950
v -0.436282 12.353501 6.443164
v -0.422342 12.353501 6.382822
v -0.400756 12.353501 6.325048
v -0.350614 12.353499 6.285700
v -0.317180 12.353499 6.239150
v -0.278059 12.353499 6.197845
v -0.233979 12.353499 6.162553
v -0.185762 12.353499 6.133932
v -0.134305 12.353499 6.112515
v -0.080568 12.353499 6.098701
v -0.025551 12.353499 6.092748
v 0.029720 12.353499 6.094765
v 0.084217 12.353499 6.104716
v 0.136923 12.353499 6.122416
v 0.186858 12.353499 6.147534
v 0.233091 12.353499 6.179603
v 0.274761 12.353499 6.218026
v 0.311091 12.353499 6.262085
v 0.341405 12.353499 6.310962
v 0.365138 12.353501 6.363745
v 0.381848 12.353501 6.419451
v 0.391224 12.353501 6.477042
v 0.393091 12.353501 6.535447
v 0.387414 12.353501 6.593575
v 0.374299 12.353501 6.650345
v 0.353990 12.353501 6.704700
v 0.326867 12.353501 6.755627
v 0.293433 12.353501 6.802176
v 0.254311 12.353501 6.843481
v 0.210232 12.353501 6.878774
v 0.162014 12.353501 6.907395
v 0.110558 12.353501 6.928811
v 0.056821 12.353501 6.942625
v 0.001804 12.353501 6.948579
v -0.053467 12.353501 6.946562
v -0.107964 12.353501 6.936610
v -0.160671 12.353501 6.918910
v -0.210606 12.353501 6.893792
v -0.256838 12.353501 6.861723
v -0.298508 12.353501 6.823301
v -0.334838 12.353501 6.779241
v -0.365152 12.353501 6.730365
v -0.388885 12.353501 6.677582
v -0.405595 12.353501 6.621876
v -0.414971 12.353501 6.564284
v -0.416838 12.353501 6.505880
v -0.411161 12.353501 6.447751
v -0.398046 12.353501 6.390981
v -0.377738 12.353501 6.336626
v -0.570918 11.889562 6.239453
v -0.375611 12.328294 6.268360
v -0.424995 12.268333 6.234106
v -0.460015 12.200687 6.209814
v -0.490067 12.127521 6.188970
v -0.511833 12.050500 6.173871
v -0.525044 11.970726 6.164708
v -0.529473 11.889562 6.161636
v -0.525044 11.808397 6.164708
v -0.511833 11.728622 6.173871
v -0.490067 11.651603 6.188969
v -0.460118 11.578654 6.209743
v -0.422499 11.511027 6.235838
v -0.339710 12.328294 6.218376
v -0.384219 12.268333 6.177335
v -0.415783 12.200687 6.148231
v -0.442869 12.127521 6.123257
v -0.462487 12.050500 6.105167
v -0.474393 11.970726 6.094189
v -0.478385 11.889562 6.090508
v -0.474393 11.808397 6.094189
v -0.462487 11.728622 6.105167
v -0.442869 11.651603 6.123257
v -0.415876 11.578654 6.148146
v -0.381970 11.511027 6.179409
v -0.297702 12.328294 6.174022
v -0.336508 12.268333 6.126960
v -0.364027 12.200687 6.093586
v -0.387642 12.127521 6.064946
v -0.404746 12.050500 6.044203
v -0.415127 11.970726 6.031614
v -0.418607 11.889562 6.027393
v -0.415127 11.808397 6.031614
v -0.404746 11.728622 6.044203
v -0.387642 11.651603 6.064946
v -0.364108 11.578654 6.093488
v -0.334546 11.511027 6.129339
v -0.250369 12.328294 6.136126
v -0.282749 12.268333 6.083918
v -0.305711 12.200687 6.046896
v -0.325415 12.127521 6.015125
v -0.339687 12.050500 5.992114
v -0.348349 11.970726 5.978148
v -0.351253 11.889562 5.973467
v -0.348349 11.808397 5.978148
v -0.339687 11.728622 5.992114
v -0.325415 11.651603 6.015125
v -0.305779 11.578654 6.046787
v -0.281112 11.511027 6.086557
v -0.198594 12.328294 6.105393
v -0.223944 12.268333 6.049013
v -0.241921 12.200687 6.009031
v -0.257348 12.127521 5.974721
v -0.268522 12.050500 5.949872
v -0.275303 11.970726 5.934789
v -0.277576 11.889562 5.929733
v -0.275303 11.808397 5.934789
v -0.268522 11.728622 5.949872
v -0.257348 11.651603 5.974721
v -0.241974 11.578654 6.008913
v -0.222663 11.511027 6.051863
v -0.143340 12.328294 6.082395
v -0.161189 12.268333 6.022893
v -0.173846 12.200687 5.980697
v -0.184708 12.127521 5.944487
v -0.192575 12.050500 5.918261
v -0.197350 11.970726 5.902344
v -0.198950 11.889562 5.897008
v -0.197350 11.808397 5.902344
v -0.192575 11.728622 5.918261
v -0.184708 11.651603 5.944487
v -0.173884 11.578654 5.980573
v -0.160287 11.511027 6.025901
v -0.085637 12.328294 6.067562
v -0.095652 12.268333 6.006045
v -0.102754 12.200687 5.962422
v -0.108849 12.127521 5.924987
v -0.113263 12.050500 5.897873
v -0.115941 11.970726 5.881417
v -0.116839 11.889562 5.875900
v -0.115941 11.808397 5.881416
v -0.113263 11.728622 5.897873
v -0.108849 11.651603 5.924987
v -0.102775 11.578654 5.962294
v -0.095146 11.511027 6.009155
v -0.026561 12.328294 6.061169
v -0.028555 12.268333 5.998784
v -0.029969 12.200687 5.954546
v -0.031182 12.127521 5.916582
v -0.032061 12.050500 5.889086
v -0.032595 11.970726 5.872397
v -0.032774 11.889562 5.866803
v -0.032595 11.808397 5.872397
v -0.032061 11.728622 5.889086
v -0.031182 11.651603 5.916582
v -0.029973 11.578654 5.954415
v -0.028454 11.511027 6.001938
v 0.032790 12.328294 6.063335
v 0.038853 12.268333 6.001245
v 0.043153 12.200687 5.957215
v 0.046844 12.127521 5.919430
v 0.049516 12.050500 5.892064
v 0.051138 11.970726 5.875454
v 0.051682 11.889562 5.869886
v 0.051138 11.808397 5.875454
v 0.049516 11.728622 5.892064
v 0.046844 11.651603 5.919430
v 0.043166 11.578654 5.957085
v 0.038546 11.511027 6.004384
v 0.091308 12.328293 6.074021
v 0.105316 12.268333 6.013381
v 0.115250 12.200687 5.970380
v 0.123775 12.127521 5.933478
v 0.129950 12.050500 5.906751
v 0.133697 11.970726 5.890530
v 0.134953 11.889562 5.885091
v 0.133697 11.808397 5.890530
v 0.129950 11.728622 5.906751
v 0.123775 11.651603 5.933478
v 0.115280 11.578654 5.970254
v 0.104608 11.511027 6.016447
v 0.147904 12.328293 6.093027
v 0.169597 12.268333 6.034968
v 0.184980 12.200687 5.993796
v 0.198180 12.127521 5.958465
v 0.207742 12.050500 5.932875
v 0.213545 11.970726 5.917344
v 0.215490 11.889562 5.912137
v 0.213545 11.808397 5.917344
v 0.207742 11.728622 5.932875
v 0.198180 11.651603 5.958465
v 0.185025 11.578654 5.993675
v 0.168500 11.511027 6.037903
v 0.201524 12.328294 6.119999
v 0.230497 12.268333 6.065602
v 0.251042 12.200687 6.027027
v 0.268673 12.127521 5.993924
v 0.281443 12.050500 5.969948
v 0.289193 11.970726 5.955397
v 0.291791 11.889562 5.950518
v 0.289193 11.808397 5.955397
v 0.281443 11.728622 5.969948
v 0.268673 11.651603 5.993924
v 0.251102 11.578654 6.026914
v 0.229032 11.511027 6.068352
v 0.251169 12.328294 6.154435
v 0.286881 12.268333 6.104712
v 0.312207 12.200687 6.069453
v 0.333940 12.127521 6.039195
v 0.349680 12.050500 6.017280
v 0.359233 11.970726 6.003979
v 0.362436 11.889562 5.999520
v 0.359233 11.808397 6.003979
v 0.349680 11.728622 6.017280
v 0.333940 11.651603 6.039194
v 0.312281 11.578654 6.069349
v 0.285076 11.511027 6.107226
v 0.295913 12.328294 6.195692
v 0.337701 12.268333 6.151572
v 0.367334 12.200687 6.120284
v 0.392763 12.127521 6.093435
v 0.411181 12.050500 6.073988
v 0.422360 11.970726 6.062186
v 0.426107 11.889562 6.058229
v 0.422360 11.808397 6.062186
v 0.411181 11.728622 6.073988
v 0.392764 11.651603 6.093435
v 0.367421 11.578654 6.120192
v 0.335589 11.511027 6.153802
v 0.334924 12.328293 6.243003
v 0.382009 12.268333 6.205306
v 0.415397 12.200687 6.178574
v 0.444050 12.127521 6.155633
v 0.464802 12.050500 6.139018
v 0.477398 11.970726 6.128934
v 0.481621 11.889562 6.125554
v 0.477398 11.808397 6.128934
v 0.464802 11.728622 6.139018
v 0.444050 11.651603 6.155633
v 0.415496 11.578654 6.178495
v 0.379628 11.511027 6.207212
v 0.367476 12.328293 6.295487
v 0.418979 12.268333 6.264915
v 0.455502 12.200687 6.243236
v 0.486844 12.127521 6.224632
v 0.509544 12.050500 6.211157
v 0.523322 11.970726 6.202979
v 0.527940 11.889562 6.200237
v 0.523322 11.808397 6.202979
v 0.509544 11.728622 6.211157
v 0.486844 11.651603 6.224632
v 0.455610 11.578654 6.243172
v 0.416375 11.511027 6.266460
v 0.392960 12.328295 6.352165
v 0.447923 12.268335 6.329288
v 0.486900 12.200687 6.313065
v 0.520347 12.127521 6.299144
v 0.544573 12.050500 6.289061
v 0.559276 11.970726 6.282942
v 0.564205 11.889562 6.280890
v 0.559276 11.808397 6.282942
v 0.544573 11.728622 6.289061
v 0.520347 11.651603 6.299144
v 0.487015 11.578654 6.313018
v 0.445145 11.511029 6.330445
v 0.410903 12.328296 6.411981
v 0.468303 12.268335 6.397227
v 0.509007 12.200689 6.386763
v 0.543937 12.127523 6.377784
v 0.569236 12.050502 6.371280
v 0.584590 11.970728 6.367333
v 0.589738 11.889564 6.366010
v 0.584590 11.808399 6.367332
v 0.569236 11.728624 6.371280
v 0.543937 11.651605 6.377784
v 0.509126 11.578656 6.386732
v 0.465401 11.511029 6.397972
v 0.420971 12.328296 6.473823
v 0.479737 12.268335 6.467463
v 0.521410 12.200689 6.462954
v 0.557172 12.127523 6.459084
v 0.583073 12.050502 6.456282
v 0.598794 11.970728 6.454580
v 0.604064 11.889564 6.454010
v 0.598794 11.808399 6.454580
v 0.583074 11.728624 6.456281
v 0.557172 11.651605 6.459084
v 0.521533 11.578656 6.462941
v 0.476766 11.511029 6.467785
v 0.422976 12.328296 6.536537
v 0.482014 12.268335 6.538692
v 0.523880 12.200689 6.540221
v 0.559808 12.127523 6.541532
v 0.585829 12.050502 6.542482
v 0.601622 11.970728 6.543059
v 0.606917 11.889564 6.543252
v 0.601622 11.808399 6.543059
v 0.585829 11.728624 6.542482
v 0.559808 11.651605 6.541532
v 0.524004 11.578656 6.540225
v 0.479029 11.511029 6.538583
v 0.416880 12.328295 6.598956
v 0.475090 12.268335 6.609585
v 0.516370 12.200689 6.617123
v 0.551793 12.127523 6.623591
v 0.577450 12.050502 6.628276
v 0.593022 11.970728 6.631120
v 0.598243 11.889564 6.632073
v 0.593022 11.808399 6.631120
v 0.577451 11.728624 6.628276
v 0.551794 11.651605 6.623591
v 0.516491 11.578656 6.617145
v 0.472148 11.511029 6.609047
v 0.402797 12.328296 6.659915
v 0.459096 12.268335 6.678821
v 0.499020 12.200689 6.692228
v 0.533280 12.127523 6.703733
v 0.558094 12.050502 6.712066
v 0.573154 11.970728 6.717123
v 0.578203 11.889564 6.718819
v 0.573154 11.808399 6.717123
v 0.558094 11.728624 6.712066
v 0.533280 11.651605 6.703733
v 0.499137 11.578656 6.692268
v 0.456250 11.511029 6.677865
v 0.380990 12.328295 6.718281
v 0.434327 12.268335 6.745111
v 0.472152 12.200689 6.764138
v 0.504610 12.127523 6.780465
v 0.528119 12.050502 6.792291
v 0.542387 11.970728 6.799467
v 0.547171 11.889564 6.801874
v 0.542387 11.808399 6.799467
v 0.528120 11.728624 6.792291
v 0.504610 11.651605 6.780465
v 0.472263 11.578656 6.764193
v 0.431631 11.511029 6.743755
v 0.351864 12.328295 6.772966
v 0.401248 12.268335 6.807220
v 0.436268 12.200689 6.831512
v 0.466320 12.127523 6.852357
v 0.488086 12.050502 6.867455
v 0.501296 11.970728 6.876618
v 0.505725 11.889564 6.879691
v 0.501296 11.808399 6.876618
v 0.488086 11.728624 6.867455
v 0.466320 11.651605 6.852357
v 0.436371 11.578656 6.831583
v 0.398751 11.511029 6.805489
v 0.315963 12.328296 6.822951
v 0.360472 12.268335 6.863992
v 0.392035 12.200689 6.893095
v 0.419122 12.127523 6.918070
v 0.438740 12.050502 6.936160
v 0.450646 11.970728 6.947138
v 0.454638 11.889564 6.950818
v 0.450646 11.808399 6.947138
v 0.438740 11.728624 6.936160
v 0.419122 11.651605 6.918070
v 0.392128 11.578656 6.893181
v 0.358222 11.511029 6.861917
v 0.273955 12.328296 6.867304
v 0.312761 12.268335 6.914367
v 0.340280 12.200689 6.947740
v 0.363895 12.127523 6.976380
v 0.380999 12.050502 6.997123
v 0.391380 11.970728 7.009713
v 0.394860 11.889564 7.013934
v 0.391380 11.808399 7.009713
v 0.380999 11.728624 6.997123
v 0.363895 11.651605 6.976380
v 0.340361 11.578656 6.947839
v 0.310799 11.511029 6.911988
v 0.226622 12.328296 6.905200
v 0.259002 12.268335 6.957408
v 0.281963 12.200689 6.994431
v 0.301668 12.127523 7.026201
v 0.315940 12.050502 7.049212
v 0.324602 11.970728 7.063178
v 0.327506 11.889564 7.067860
v 0.324602 11.808399 7.063178
v 0.315940 11.728624 7.049212
v 0.301668 11.651605 7.026201
v 0.282031 11.578656 6.994540
v 0.257365 11.511029 6.954769
v 0.174847 12.328296 6.935934
v 0.200197 12.268335 6.992314
v 0.218174 12.200689 7.032296
v 0.233601 12.127523 7.066605
v 0.244774 12.050502 7.091455
v 0.251556 11.970728 7.106537
v 0.253829 11.889564 7.111594
v 0.251556 11.808399 7.106537
v 0.244775 11.728624 7.091455
v 0.233601 11.651605 7.066605
v 0.218227 11.578656 7.032413
v 0.198916 11.511029 6.989464
v 0.119593 12.328296 6.958931
v 0.137442 12.268335 7.018433
v 0.150099 12.200689 7.060630
v 0.160961 12.127523 7.096839
v 0.168828 12.050502 7.123065
v 0.173603 11.970728 7.138982
v 0.175203 11.889564 7.144318
v 0.173603 11.808399 7.138982
v 0.168828 11.728624 7.123065
v 0.160961 11.651605 7.096839
v 0.150136 11.578656 7.060754
v 0.136540 11.511029 7.015426
v 0.061890 12.328296 6.973765
v 0.071905 12.268335 7.035281
v 0.079007 12.200689 7.078905
v 0.085101 12.127523 7.116340
v 0.089516 12.050502 7.143454
v 0.092194 11.970728 7.159910
v 0.093092 11.889564 7.165427
v 0.092194 11.808399 7.159910
v 0.089516 11.728624 7.143454
v 0.085101 11.651605 7.116340
v 0.079028 11.578656 7.079033
v 0.071399 11.511029 7.032171
v 0.002814 12.328296 6.980157
v 0.004808 12.268335 7.042542
v 0.006222 12.200689 7.086781
v 0.007435 12.127523 7.124745
v 0.008314 12.050502 7.152241
v 0.008848 11.970728 7.168929
v 0.009026 11.889564 7.174524
v 0.008848 11.808399 7.168929
v 0.008314 11.728624 7.152241
v 0.007435 11.651605 7.124745
v 0.006226 11.578656 7.086911
v 0.004707 11.511029 7.039388
v -0.056537 12.328296 6.977991
v -0.062600 12.268335 7.040081
v -0.066900 12.200689 7.084112
v -0.070591 12.127523 7.121896
v -0.073263 12.050502 7.149263
v -0.074885 11.970728 7.165872
v -0.075429 11.889564 7.171441
v -0.074885 11.808399 7.165872
v -0.073263 11.728624 7.149263
v -0.070591 11.651605 7.121897
v -0.066913 11.578656 7.084241
v -0.062294 11.511029 7.036942
v -0.115055 12.328296 6.967305
v -0.129064 12.268335 7.027945
v -0.138997 12.200689 7.070947
v -0.147523 12.127523 7.107849
v -0.153697 12.050502 7.134576
v -0.157444 11.970728 7.150797
v -0.158701 11.889564 7.156235
v -0.157444 11.808399 7.150797
v -0.153697 11.728624 7.134576
v -0.147522 11.651605 7.107849
v -0.139027 11.578656 7.071073
v -0.128356 11.511029 7.024879
v -0.171651 12.328295 6.948299
v -0.193344 12.268335 7.006359
v -0.208727 12.200689 7.047531
v -0.221928 12.127523 7.082862
v -0.231489 12.050502 7.108452
v -0.237292 11.970728 7.123983
v -0.239237 11.889564 7.129189
v -0.237292 11.808399 7.123983
v -0.231489 11.728624 7.108452
v -0.221928 11.651605 7.082862
v -0.208772 11.578656 7.047652
v -0.192247 11.511029 7.003424
v -0.225271 12.328295 6.921327
v -0.254244 12.268335 6.975725
v -0.274789 12.200689 7.014300
v -0.292421 12.127523 7.047403
v -0.305190 12.050502 7.071379
v -0.312940 11.970728 7.085930
v -0.315538 11.889564 7.090809
v -0.312940 11.808399 7.085930
v -0.305190 11.728624 7.071379
v -0.292420 11.651605 7.047403
v -0.274850 11.578656 7.014413
v -0.252779 11.511029 6.972975
v -0.274916 12.328295 6.886892
v -0.310629 12.268335 6.936614
v -0.335954 12.200689 6.971874
v -0.357687 12.127523 7.002132
v -0.373427 12.050502 7.024047
v -0.382980 11.970728 7.037348
v -0.386183 11.889564 7.041807
v -0.382980 11.808399 7.037348
v -0.373427 11.728624 7.024047
v -0.357687 11.651605 7.002132
v -0.336028 11.578656 6.971978
v -0.308823 11.511029 6.934101
v -0.319660 12.328296 6.845635
v -0.361448 12.268335 6.889755
v -0.391081 12.200689 6.921042
v -0.416511 12.127523 6.947892
v -0.434929 12.050502 6.967338
v -0.446107 11.970728 6.979140
v -0.449854 11.889564 6.983097
v -0.446107 11.808399 6.979140
v -0.434929 11.728624 6.967338
v -0.416511 11.651605 6.947892
v -0.391169 11.578656 6.921134
v -0.359336 11.511029 6.887524
v -0.358672 12.328296 6.798323
v -0.405756 12.268335 6.836020
v -0.439144 12.200689 6.862753
v -0.467798 12.127523 6.885693
v -0.488550 12.050502 6.902309
v -0.501145 11.970728 6.912393
v -0.505368 11.889564 6.915773
v -0.501145 11.808399 6.912393
v -0.488550 11.728624 6.902309
v -0.467798 11.651605 6.885693
v -0.439243 11.578656 6.862831
v -0.403376 11.511029 6.834115
v -0.391223 12.328296 6.745840
v -0.442726 12.268335 6.776411
v -0.479249 12.200689 6.798091
v -0.510591 12.127523 6.816695
v -0.533292 12.050502 6.830170
v -0.547069 11.970728 6.838348
v -0.551687 11.889564 6.841090
v -0.547069 11.808399 6.838348
v -0.533292 11.728624 6.830170
v -0.510591 11.651605 6.816695
v -0.479357 11.578656 6.798155
v -0.440122 11.511029 6.774866
v -0.416707 12.328295 6.689162
v -0.471671 12.268335 6.712038
v -0.510647 12.200689 6.728261
v -0.544094 12.127523 6.742182
v -0.568320 12.050502 6.752265
v -0.583023 11.970728 6.758385
v -0.587952 11.889564 6.760436
v -0.583023 11.808399 6.758385
v -0.568320 11.728624 6.752266
v -0.544094 11.651605 6.742183
v -0.510762 11.578656 6.728309
v -0.468892 11.511029 6.710882
v -0.434651 12.328295 6.629345
v -0.492050 12.268335 6.644100
v -0.532754 12.200689 6.654564
v -0.567684 12.127523 6.663543
v -0.592983 12.050502 6.670047
v -0.608337 11.970728 6.673994
v -0.613485 11.889564 6.675317
v -0.608337 11.808399 6.673994
v -0.592983 11.728624 6.670047
v -0.567684 11.651605 6.663543
v -0.532874 11.578656 6.654594
v -0.489148 11.511029 6.643354
v -0.444718 12.328296 6.567503
v -0.503484 12.268335 6.573863
v -0.545158 12.200689 6.578372
v -0.580919 12.127523 6.582242
v -0.606821 12.050502 6.585045
v -0.622541 11.970728 6.586746
v -0.627812 11.889564 6.587316
v -0.622541 11.808399 6.586746
v -0.606821 11.728624 6.585045
v -0.580919 11.651605 6.582242
v -0.545281 11.578656 6.578386
v -0.500514 11.511029 6.573542
v -0.446723 12.328296 6.504790
v -0.505761 12.268335 6.502634
v -0.547627 12.200689 6.501106
v -0.583555 12.127523 6.499794
v -0.609576 12.050502 6.498845
v -0.625369 11.970728 6.498268
v -0.630664 11.889564 6.498074
v -0.625369 11.808399 6.498268
v -0.609576 11.728624 6.498845
v -0.583555 11.651605 6.499794
v -0.547751 11.578656 6.501102
v -0.502776 11.511029 6.502743
v -0.440627 12.328296 6.442371
v -0.498838 12.268335 6.431742
v -0.540117 12.200689 6.424204
v -0.575541 12.127523 6.417735
v -0.601198 12.050502 6.413051
v -0.616769 11.970728 6.410207
v -0.621990 11.889564 6.409254
v -0.616769 11.808399 6.410207
v -0.601198 11.728624 6.413051
v -0.575541 11.651605 6.417735
v -0.540238 11.578656 6.424182
v -0.495895 11.511029 6.432279
v -0.426544 12.328296 6.381411
v -0.482843 12.268335 6.362505
v -0.522767 12.200689 6.349099
v -0.557027 12.127523 6.337593
v -0.581841 12.050502 6.329261
v -0.596901 11.970728 6.324203
v -0.601950 11.889564 6.322508
v -0.596901 11.808399 6.324203
v -0.581841 11.728624 6.329261
v -0.557027 11.651605 6.337594
v -0.522884 11.578656 6.349059
v -0.479997 11.511029 6.363461
v -0.404737 12.328296 6.323045
v -0.458075 12.268333 6.296215
v -0.495899 12.200687 6.277189
v -0.528357 12.127521 6.260862
v -0.551867 12.050500 6.249036
v -0.566134 11.970726 6.241859
v -0.566134 11.808397 6.241859
v -0.551867 11.728622 6.249036
v -0.528358 11.651603 6.260862
v -0.496010 11.578654 6.277133
v -0.455378 11.511027 6.297572
v -0.321053 12.337557 6.306204
v -0.290537 12.337557 6.263717
v -0.254829 12.337557 6.226016
v -0.214596 12.337557 6.193804
v -0.170587 12.337557 6.167681
v -0.123621 12.337557 6.148133
v -0.074573 12.337557 6.135524
v -0.024358 12.337557 6.130090
v 0.026090 12.337557 6.131932
v 0.075831 12.337557 6.141015
v 0.123938 12.337557 6.157170
v 0.169516 12.337557 6.180096
v 0.211714 12.337557 6.209367
v 0.249747 12.337557 6.244436
v 0.282907 12.337557 6.284651
v 0.310576 12.337559 6.329262
v 0.332237 12.337559 6.377438
v 0.347489 12.337559 6.428284
v 0.356047 12.337559 6.480849
v 0.357751 12.337559 6.534156
v 0.352569 12.337559 6.587212
v 0.340599 12.337559 6.639028
v 0.322063 12.337559 6.688640
v 0.297306 12.337559 6.735122
v 0.266789 12.337559 6.777609
v 0.231082 12.337559 6.815310
v 0.190849 12.337559 6.847522
v 0.146840 12.337559 6.873646
v 0.099874 12.337559 6.893194
v 0.050826 12.337559 6.905802
v 0.000611 12.337559 6.911236
v -0.049838 12.337559 6.909395
v -0.099578 12.337559 6.900312
v -0.147686 12.337559 6.884157
v -0.193263 12.337559 6.861230
v -0.235461 12.337559 6.831960
v -0.273494 12.337559 6.796891
v -0.306654 12.337559 6.756676
v -0.334323 12.337559 6.712065
v -0.355985 12.337559 6.663888
v -0.371237 12.337559 6.613043
v -0.379794 12.337559 6.560478
v -0.381498 12.337559 6.507170
v -0.376317 12.337559 6.454114
v -0.364346 12.337559 6.402298
v -0.345810 12.337559 6.352687
v -0.196165 12.337559 6.392831
v -0.177976 12.337559 6.367506
v -0.156692 12.337559 6.345034
v -0.132710 12.337559 6.325833
v -0.106477 12.337557 6.310262
v -0.078483 12.337557 6.298610
v -0.049247 12.337557 6.291095
v -0.019315 12.337557 6.287856
v 0.010755 12.337557 6.288953
v 0.040404 12.337557 6.294367
v 0.069079 12.337557 6.303997
v 0.096247 12.337559 6.317662
v 0.121400 12.337559 6.335110
v 0.144070 12.337559 6.356013
v 0.163835 12.337559 6.379984
v 0.180328 12.337559 6.406575
v 0.193240 12.337559 6.435292
v 0.202331 12.337559 6.465598
v 0.207432 12.337559 6.496931
v 0.208447 12.337559 6.528706
v 0.205359 12.337559 6.560331
v 0.198224 12.337559 6.591217
v 0.187175 12.337559 6.620788
v 0.172418 12.337559 6.648495
v 0.154228 12.337559 6.673820
v 0.132944 12.337559 6.696293
v 0.108963 12.337559 6.715493
v 0.082730 12.337559 6.731065
v 0.054735 12.337559 6.742716
v 0.025500 12.337559 6.750232
v -0.004432 12.337559 6.753471
v -0.034503 12.337559 6.752373
v -0.064152 12.337559 6.746959
v -0.092827 12.337559 6.737330
v -0.119994 12.337559 6.723664
v -0.145147 12.337559 6.706217
v -0.167817 12.337559 6.685314
v -0.187583 12.337559 6.661343
v -0.204075 12.337559 6.634751
v -0.216987 12.337559 6.606035
v -0.226078 12.337559 6.575728
v -0.231179 12.337559 6.544395
v -0.232195 12.337559 6.512620
v -0.229106 12.337559 6.480996
v -0.221971 12.337559 6.450110
v -0.210922 12.337559 6.420538
v -0.393614 11.447336 6.255874
v -0.355936 11.447336 6.203415
v -0.311848 11.447336 6.156866
v -0.262173 11.447336 6.117094
v -0.207835 11.447336 6.084840
v -0.149847 11.447336 6.060704
v -0.089288 11.447336 6.045137
v -0.027288 11.447336 6.038427
v 0.035000 11.447336 6.040701
v 0.096415 11.447336 6.051916
v 0.155812 11.447336 6.071862
v 0.212086 11.447336 6.100169
v 0.264187 11.447336 6.136309
v 0.311146 11.447336 6.179608
v 0.352088 11.447336 6.229261
v 0.386251 11.447336 6.284342
v 0.412996 11.447338 6.343826
v 0.431828 11.447338 6.406603
v 0.442393 11.447338 6.471505
v 0.444497 11.447338 6.537323
v 0.438100 11.447338 6.602830
v 0.423320 11.447338 6.666808
v 0.400433 11.447338 6.728062
v 0.369866 11.447338 6.785453
v 0.332188 11.447338 6.837912
v 0.288101 11.447338 6.884460
v 0.238426 11.447338 6.924232
v 0.184088 11.447338 6.956487
v 0.126100 11.447338 6.980622
v 0.065541 11.447338 6.996190
v 0.003540 11.447338 7.002899
v -0.058747 11.447338 7.000626
v -0.120162 11.447338 6.989411
v -0.179559 11.447338 6.969464
v -0.235833 11.447338 6.941158
v -0.287935 11.447338 6.905018
v -0.334894 11.447338 6.861718
v -0.375836 11.447338 6.812066
v -0.409998 11.447338 6.756985
v -0.436744 11.447338 6.697501
v -0.455575 11.447338 6.634724
v -0.466141 11.447338 6.569822
v -0.468245 11.447338 6.504003
v -0.461847 11.447338 6.438496
v -0.447067 11.447338 6.374519
v -0.424181 11.447336 6.313265
v -0.383351 11.457452 6.262991
v -0.346687 11.457452 6.211943
v -0.303784 11.457452 6.166645
v -0.255444 11.457452 6.127943
v -0.202567 11.457452 6.096556
v -0.146138 11.457452 6.073069
v -0.087207 11.457452 6.057920
v -0.026874 11.457452 6.051391
v 0.033740 11.457452 6.053604
v 0.093503 11.457452 6.064517
v 0.151304 11.457452 6.083927
v 0.206065 11.457452 6.111473
v 0.256766 11.457452 6.146641
v 0.302463 11.457452 6.188777
v 0.342305 11.457452 6.237095
v 0.375548 11.457452 6.290695
v 0.401575 11.457454 6.348579
v 0.419900 11.457454 6.409669
v 0.430182 11.457454 6.472826
v 0.432229 11.457454 6.536875
v 0.426003 11.457454 6.600622
v 0.411621 11.457454 6.662878
v 0.389350 11.457454 6.722486
v 0.359604 11.457454 6.778335
v 0.322939 11.457454 6.829383
v 0.280037 11.457454 6.874681
v 0.231697 11.457454 6.913383
v 0.178820 11.457454 6.944771
v 0.122390 11.457454 6.968258
v 0.063460 11.457454 6.983407
v 0.003126 11.457454 6.989936
v -0.057487 11.457454 6.987723
v -0.117251 11.457454 6.976810
v -0.175051 11.457454 6.957400
v -0.229812 11.457454 6.929854
v -0.280514 11.457454 6.894686
v -0.326211 11.457454 6.852549
v -0.366052 11.457454 6.804232
v -0.399296 11.457454 6.750632
v -0.425322 11.457454 6.692748
v -0.443647 11.457454 6.631658
v -0.453929 11.457454 6.568500
v -0.455976 11.457454 6.504452
v -0.449751 11.457454 6.440705
v -0.435368 11.457454 6.378448
v -0.413097 11.457454 6.318840
v -0.390419 11.446363 6.258089
v -0.383069 11.453917 6.263187
v -0.384889 11.447549 6.261925
v -0.346432 11.453917 6.212178
v -0.353056 11.446363 6.206070
v -0.348072 11.447549 6.210665
v -0.303562 11.453917 6.166915
v -0.309338 11.446363 6.159911
v -0.304992 11.447549 6.165180
v -0.255259 11.453917 6.128242
v -0.260078 11.446363 6.120472
v -0.256453 11.447549 6.126317
v -0.202422 11.453917 6.096878
v -0.206195 11.446363 6.088488
v -0.203356 11.447549 6.094800
v -0.146035 11.453917 6.073409
v -0.148692 11.446363 6.064554
v -0.146693 11.447549 6.071216
v -0.087150 11.453917 6.058272
v -0.088640 11.446363 6.049117
v -0.087519 11.447549 6.056004
v -0.026862 11.453917 6.051748
v -0.027159 11.446363 6.042463
v -0.026936 11.447549 6.049448
v 0.033705 11.453917 6.053959
v 0.034608 11.446363 6.044718
v 0.033929 11.447549 6.051670
v 0.093423 11.453917 6.064864
v 0.095508 11.446363 6.055839
v 0.093940 11.447549 6.062629
v 0.151180 11.453917 6.084259
v 0.154408 11.446363 6.075619
v 0.151980 11.447549 6.082119
v 0.205899 11.453917 6.111784
v 0.210211 11.446363 6.103688
v 0.206967 11.447549 6.109779
v 0.256562 11.453917 6.146926
v 0.261877 11.446363 6.139526
v 0.257878 11.447549 6.145093
v 0.302224 11.453917 6.189030
v 0.308443 11.446363 6.182463
v 0.303764 11.447549 6.187403
v 0.342035 11.453917 6.237310
v 0.349043 11.446363 6.231700
v 0.343771 11.447549 6.235921
v 0.375254 11.453917 6.290870
v 0.382919 11.446363 6.286320
v 0.377152 11.447549 6.289743
v 0.401260 11.453919 6.348710
v 0.409440 11.446365 6.345305
v 0.403286 11.447551 6.347867
v 0.419571 11.453919 6.409754
v 0.428114 11.446365 6.407557
v 0.421687 11.447551 6.409210
v 0.429845 11.453919 6.472863
v 0.438592 11.446365 6.471917
v 0.432012 11.447551 6.472629
v 0.431891 11.453919 6.536862
v 0.440678 11.446365 6.537184
v 0.434067 11.447551 6.536942
v 0.425670 11.453919 6.600561
v 0.434334 11.446365 6.602143
v 0.427816 11.447551 6.600953
v 0.411299 11.453919 6.662770
v 0.419678 11.446365 6.665584
v 0.413374 11.447551 6.663467
v 0.389045 11.453919 6.722333
v 0.396983 11.446365 6.726326
v 0.391011 11.447551 6.723322
v 0.359322 11.453919 6.778139
v 0.366672 11.446365 6.783237
v 0.361142 11.447551 6.779402
v 0.322684 11.453919 6.829149
v 0.329309 11.446365 6.835256
v 0.324325 11.447551 6.830661
v 0.279815 11.453919 6.874411
v 0.285590 11.446365 6.881416
v 0.281245 11.447551 6.876146
v 0.231512 11.453919 6.913085
v 0.236331 11.446365 6.920855
v 0.232705 11.447551 6.915009
v 0.178675 11.453919 6.944448
v 0.182448 11.446365 6.952839
v 0.179609 11.447551 6.946526
v 0.122288 11.453919 6.967917
v 0.124945 11.446365 6.976773
v 0.122946 11.447551 6.970110
v 0.063403 11.453919 6.983055
v 0.064893 11.446365 6.992210
v 0.063772 11.447551 6.985322
v 0.003115 11.453919 6.989579
v 0.003411 11.446365 6.998863
v 0.003188 11.447551 6.991878
v -0.057452 11.453919 6.987368
v -0.058355 11.446365 6.996609
v -0.057676 11.447551 6.989656
v -0.117171 11.453919 6.976463
v -0.119256 11.446365 6.985488
v -0.117687 11.447551 6.978698
v -0.174927 11.453919 6.957067
v -0.178156 11.446365 6.965708
v -0.175727 11.447551 6.959207
v -0.229647 11.453919 6.929542
v -0.233958 11.446365 6.937638
v -0.230715 11.447551 6.931548
v -0.280309 11.453919 6.894401
v -0.285624 11.446365 6.901801
v -0.281626 11.447551 6.896234
v -0.325971 11.453919 6.852297
v -0.332190 11.446365 6.858864
v -0.327512 11.447551 6.853924
v -0.365783 11.453919 6.804016
v -0.372790 11.446365 6.809626
v -0.367518 11.447551 6.805406
v -0.399001 11.453919 6.750457
v -0.406666 11.446365 6.755007
v -0.400899 11.447551 6.751583
v -0.425008 11.453919 6.692616
v -0.433188 11.446365 6.696021
v -0.427034 11.447551 6.693460
v -0.443319 11.453919 6.631573
v -0.451861 11.446365 6.633769
v -0.445435 11.447551 6.632117
v -0.453593 11.453919 6.568464
v -0.462339 11.446365 6.569410
v -0.455759 11.447551 6.568698
v -0.455639 11.453919 6.504464
v -0.464425 11.446365 6.504143
v -0.457815 11.447551 6.504384
v -0.449418 11.453919 6.440766
v -0.458081 11.446365 6.439184
v -0.451563 11.447551 6.440374
v -0.435046 11.453919 6.378556
v -0.443425 11.446365 6.375742
v -0.437121 11.447551 6.377859
v -0.412792 11.453919 6.318993
v -0.420730 11.446363 6.315000
v -0.414758 11.447551 6.318005
v -0.078784 12.532233 6.474252
v -0.144549 12.516520 6.428635
v -0.208044 12.490627 6.384592
v -0.268183 12.455001 6.342877
v -0.323936 12.410249 6.304205
v -0.374350 12.357139 6.269236
v -0.072179 12.532233 6.465057
v -0.131454 12.516520 6.410402
v -0.188682 12.490627 6.357634
v -0.242885 12.454999 6.307655
v -0.293135 12.410249 6.261321
v -0.338573 12.357139 6.219425
v -0.064452 12.532233 6.456898
v -0.116131 12.516520 6.394224
v -0.166026 12.490627 6.333713
v -0.213284 12.454999 6.276401
v -0.257095 12.410249 6.223269
v -0.296710 12.357139 6.175225
v -0.055745 12.532233 6.449927
v -0.098866 12.516520 6.380401
v -0.140499 12.490625 6.313275
v -0.179930 12.454999 6.249698
v -0.216487 12.410249 6.190756
v -0.249542 12.357139 6.137460
v -0.046221 12.532233 6.444274
v -0.079981 12.516520 6.369191
v -0.112575 12.490625 6.296700
v -0.143447 12.454999 6.228042
v -0.172067 12.410249 6.164390
v -0.197946 12.357139 6.106833
v -0.036057 12.532233 6.440043
v -0.059827 12.516520 6.360803
v -0.082776 12.490625 6.284297
v -0.104512 12.454999 6.211836
v -0.124663 12.410249 6.144659
v -0.142884 12.357139 6.083916
v -0.025443 12.532233 6.437315
v -0.038779 12.516520 6.355392
v -0.051656 12.490625 6.276297
v -0.063852 12.454999 6.201383
v -0.075158 12.410249 6.131933
v -0.085382 12.357139 6.069134
v -0.014575 12.532233 6.436139
v -0.017231 12.516520 6.353060
v -0.019795 12.490625 6.272849
v -0.022223 12.454999 6.196879
v -0.024474 12.410249 6.126449
v -0.026510 12.357139 6.062763
v -0.003658 12.532233 6.436537
v 0.004418 12.516520 6.353851
v 0.012214 12.490625 6.274018
v 0.019598 12.454999 6.198406
v 0.026444 12.410249 6.128307
v 0.032635 12.357139 6.064922
v -0.011874 12.537501 6.520664
v 0.007107 12.532233 6.438503
v 0.025762 12.516520 6.357748
v 0.043774 12.490625 6.279781
v 0.060834 12.454999 6.205935
v 0.076649 12.410249 6.137475
v 0.090950 12.357139 6.075570
v 0.017518 12.532233 6.441999
v 0.046406 12.516520 6.364681
v 0.074297 12.490625 6.290031
v 0.100714 12.454999 6.219328
v 0.125205 12.410249 6.153780
v 0.147350 12.357139 6.094510
v 0.027381 12.532233 6.446961
v 0.065964 12.516520 6.374519
v 0.103216 12.490625 6.304578
v 0.138498 12.454999 6.238334
v 0.171207 12.410249 6.176920
v 0.200784 12.357139 6.121389
v 0.036513 12.532233 6.453295
v 0.084072 12.516520 6.387079
v 0.129990 12.490627 6.323149
v 0.173480 12.454999 6.262599
v 0.213799 12.410249 6.206464
v 0.250256 12.357139 6.155705
v 0.044744 12.532233 6.460884
v 0.100393 12.516520 6.402128
v 0.154122 12.490627 6.345400
v 0.205010 12.454999 6.291671
v 0.252187 12.410249 6.241860
v 0.294846 12.357139 6.196819
v 0.051920 12.532233 6.469587
v 0.114623 12.516520 6.419385
v 0.175161 12.490627 6.370916
v 0.232499 12.455001 6.325009
v 0.285656 12.410249 6.282450
v 0.333722 12.357139 6.243966
v 0.057908 12.532233 6.479242
v 0.126496 12.516520 6.438529
v 0.192716 12.490627 6.399221
v 0.255436 12.455001 6.361992
v 0.313582 12.410251 6.327477
v 0.366160 12.357139 6.296268
v 0.062596 12.532233 6.489668
v 0.135792 12.516520 6.459203
v 0.206461 12.490627 6.429789
v 0.273394 12.455001 6.401930
v 0.335446 12.410251 6.376103
v 0.391556 12.357141 6.352749
v 0.065897 12.532233 6.500671
v 0.142337 12.516520 6.481021
v 0.216138 12.490627 6.462049
v 0.286038 12.455001 6.444081
v 0.350840 12.410251 6.427422
v 0.409437 12.357141 6.412359
v 0.067749 12.532233 6.512047
v 0.146009 12.516520 6.503578
v 0.221567 12.490627 6.495402
v 0.293132 12.455001 6.487657
v 0.359478 12.410251 6.480478
v 0.419469 12.357141 6.473986
v 0.068117 12.532233 6.523583
v 0.146740 12.516520 6.526453
v 0.222649 12.490627 6.529224
v 0.294544 12.455001 6.531849
v 0.361197 12.410251 6.534282
v 0.421467 12.357141 6.536482
v 0.066996 12.532233 6.535065
v 0.144516 12.516520 6.549221
v 0.219361 12.490627 6.562888
v 0.290249 12.455001 6.575832
v 0.355968 12.410251 6.587833
v 0.415392 12.357141 6.598684
v 0.064406 12.532233 6.546279
v 0.139380 12.516520 6.571456
v 0.211766 12.490627 6.595765
v 0.280326 12.455001 6.618788
v 0.343886 12.410251 6.640132
v 0.401358 12.357141 6.659432
v 0.060394 12.532233 6.557015
v 0.131425 12.516520 6.592746
v 0.200005 12.490627 6.627242
v 0.264959 12.455001 6.659915
v 0.325176 12.410251 6.690206
v 0.379627 12.357141 6.717596
v 0.055036 12.532233 6.567075
v 0.120802 12.516520 6.612692
v 0.184297 12.490627 6.656735
v 0.244436 12.455001 6.698449
v 0.300189 12.410251 6.737122
v 0.350602 12.357141 6.772091
v 0.048432 12.532233 6.576270
v 0.107706 12.516520 6.630924
v 0.164935 12.490627 6.683692
v 0.219138 12.455001 6.733671
v 0.269388 12.410251 6.780005
v 0.314826 12.357141 6.821902
v 0.040705 12.532233 6.584428
v 0.092384 12.516520 6.647102
v 0.142279 12.490627 6.707613
v 0.189536 12.455001 6.764925
v 0.233348 12.410251 6.818058
v 0.272963 12.357141 6.866102
v 0.031998 12.532233 6.591400
v 0.075119 12.516520 6.660925
v 0.116751 12.490627 6.728052
v 0.156183 12.455001 6.791629
v 0.192739 12.410251 6.850570
v 0.225795 12.357141 6.903867
v 0.022474 12.532233 6.597053
v 0.056234 12.516520 6.672135
v 0.088828 12.490627 6.744626
v 0.119699 12.455001 6.813285
v 0.148320 12.410251 6.876937
v 0.174199 12.357141 6.934493
v 0.012310 12.532233 6.601283
v 0.036079 12.516520 6.680524
v 0.059029 12.490627 6.757029
v 0.080765 12.455001 6.829491
v 0.100916 12.410251 6.896667
v 0.119137 12.357141 6.957411
v 0.001695 12.532233 6.604012
v 0.015032 12.516520 6.685934
v 0.027909 12.490627 6.765029
v 0.040104 12.455001 6.839943
v 0.051411 12.410251 6.909393
v 0.061634 12.357141 6.972193
v -0.009172 12.532233 6.605188
v -0.006516 12.516520 6.688266
v -0.003953 12.490627 6.768477
v -0.001524 12.455001 6.844448
v 0.000727 12.410251 6.914878
v 0.002763 12.357141 6.978564
v -0.020089 12.532233 6.604789
v -0.028165 12.516520 6.687476
v -0.035961 12.490627 6.767309
v -0.043346 12.455001 6.842921
v -0.050192 12.410251 6.913020
v -0.056382 12.357141 6.976405
v -0.030854 12.532233 6.602824
v -0.049510 12.516520 6.683578
v -0.067521 12.490627 6.761546
v -0.084581 12.455001 6.835391
v -0.100396 12.410251 6.903852
v -0.114697 12.357141 6.965756
v -0.041265 12.532233 6.599327
v -0.070153 12.516520 6.676646
v -0.098045 12.490627 6.751295
v -0.124462 12.455001 6.821999
v -0.148952 12.410251 6.887546
v -0.171097 12.357141 6.946816
v -0.051128 12.532233 6.594366
v -0.089712 12.516520 6.666808
v -0.126963 12.490627 6.736749
v -0.162245 12.455001 6.802993
v -0.194954 12.410251 6.864406
v -0.224531 12.357141 6.919938
v -0.060261 12.532233 6.588032
v -0.107820 12.516520 6.654247
v -0.153737 12.490627 6.718177
v -0.197227 12.455001 6.778728
v -0.237546 12.410251 6.834863
v -0.274003 12.357141 6.885622
v -0.068491 12.532233 6.580442
v -0.124141 12.516520 6.639198
v -0.177869 12.490627 6.695926
v -0.228757 12.455001 6.749656
v -0.275934 12.410251 6.799467
v -0.318593 12.357141 6.844507
v -0.075668 12.532233 6.571739
v -0.138370 12.516520 6.621941
v -0.198908 12.490627 6.670411
v -0.256246 12.455001 6.716318
v -0.309403 12.410251 6.758877
v -0.357469 12.357141 6.797360
v -0.081655 12.532233 6.562085
v -0.150243 12.516520 6.602797
v -0.216464 12.490627 6.642105
v -0.279183 12.455001 6.679335
v -0.337329 12.410251 6.713849
v -0.389907 12.357141 6.745059
v -0.086343 12.532233 6.551659
v -0.159539 12.516520 6.582124
v -0.230208 12.490627 6.611537
v -0.297141 12.455001 6.639396
v -0.359193 12.410251 6.665224
v -0.415303 12.357141 6.688577
v -0.089644 12.532233 6.540656
v -0.166084 12.516520 6.560306
v -0.239885 12.490627 6.579277
v -0.309785 12.455001 6.597246
v -0.374587 12.410251 6.613904
v -0.433184 12.357141 6.628968
v -0.091496 12.532233 6.529280
v -0.169756 12.516520 6.537748
v -0.245315 12.490627 6.545925
v -0.316879 12.455001 6.553669
v -0.383225 12.410251 6.560849
v -0.443217 12.357141 6.567341
v -0.091865 12.532233 6.517743
v -0.170487 12.516520 6.514873
v -0.246396 12.490627 6.512102
v -0.318292 12.455001 6.509478
v -0.384945 12.410251 6.507044
v -0.445214 12.357141 6.504845
v -0.090743 12.532233 6.506261
v -0.168264 12.516520 6.492106
v -0.243108 12.490627 6.478439
v -0.313996 12.455001 6.465495
v -0.379715 12.410251 6.453494
v -0.439140 12.357141 6.442643
v -0.088153 12.532233 6.495047
v -0.163127 12.516520 6.469870
v -0.235513 12.490627 6.445562
v -0.304073 12.455001 6.422539
v -0.367633 12.410251 6.401194
v -0.425106 12.357141 6.381894
v -0.084141 12.532233 6.484311
v -0.155173 12.516520 6.448581
v -0.223752 12.490627 6.414084
v -0.288706 12.455001 6.381411
v -0.348924 12.410251 6.351120
v -0.403374 12.357141 6.323731
v -0.370970 12.352509 6.271580
v -0.335527 12.352509 6.222233
v -0.294054 12.352509 6.178446
v -0.247326 12.352509 6.141033
v -0.196211 12.352509 6.110692
v -0.141662 12.352509 6.087988
v -0.084696 12.352509 6.073344
v -0.026373 12.352509 6.067032
v 0.032220 12.352509 6.069171
v 0.089991 12.352509 6.079721
v 0.145865 12.352509 6.098484
v 0.198801 12.352509 6.125112
v 0.247812 12.352509 6.159108
v 0.291986 12.352509 6.199839
v 0.330499 12.352509 6.246547
v 0.362635 12.352509 6.298360
v 0.387794 12.352509 6.354315
v 0.405508 12.352509 6.413369
v 0.415447 12.352509 6.474421
v 0.417426 12.352509 6.536334
v 0.411408 12.352509 6.597957
v 0.397505 12.352509 6.658138
v 0.375977 12.352509 6.715760
v 0.347223 12.352509 6.769746
v 0.311779 12.352509 6.819093
v 0.270307 12.352509 6.862881
v 0.223579 12.352509 6.900294
v 0.172464 12.352509 6.930634
v 0.117915 12.352509 6.953339
v 0.060949 12.352509 6.967983
v 0.002626 12.352509 6.974294
v -0.055967 12.352509 6.972155
v -0.113738 12.352509 6.961606
v -0.169612 12.352509 6.942842
v -0.222548 12.352509 6.916215
v -0.271559 12.352509 6.882219
v -0.315733 12.352509 6.841488
v -0.354246 12.352509 6.794780
v -0.386382 12.352509 6.742967
v -0.411541 12.352509 6.687012
v -0.429255 12.352509 6.627958
v -0.439195 12.352509 6.566906
v -0.441174 12.352509 6.504992
v -0.435156 12.352509 6.443370
v -0.421253 12.352509 6.383188
v -0.399724 12.352509 6.325567
v -0.369752 12.361982 6.272425
v -0.334429 12.361982 6.223245
v -0.293098 12.361982 6.179606
v -0.246527 12.361982 6.142320
v -0.195586 12.361982 6.112082
v -0.141222 12.361982 6.089455
v -0.084449 12.361982 6.074860
v -0.026324 12.361982 6.068571
v 0.032070 12.361982 6.070702
v 0.089646 12.361982 6.081216
v 0.145330 12.361982 6.099915
v 0.198086 12.361982 6.126453
v 0.246931 12.361982 6.160334
v 0.294025 12.362393 6.201333
v 0.332407 12.362393 6.247882
v 0.361365 12.361982 6.299114
v 0.386439 12.361984 6.354879
v 0.404093 12.361984 6.413732
v 0.413999 12.361984 6.474578
v 0.415971 12.361984 6.536281
v 0.409973 12.361984 6.597694
v 0.396117 12.361984 6.657672
v 0.374661 12.361984 6.715098
v 0.346005 12.361984 6.768902
v 0.310682 12.361984 6.818081
v 0.269350 12.361984 6.861720
v 0.222780 12.361984 6.899006
v 0.171839 12.361984 6.929244
v 0.117475 12.361984 6.951871
v 0.060702 12.361984 6.966466
v 0.002577 12.361984 6.972756
v -0.055817 12.361984 6.970624
v -0.113393 12.361984 6.960111
v -0.169078 12.361984 6.941411
v -0.221834 12.361984 6.914874
v -0.270679 12.361984 6.880993
v -0.314703 12.361984 6.840400
v -0.353085 12.361984 6.793851
v -0.385112 12.361984 6.742213
v -0.410186 12.361984 6.686448
v -0.427840 12.361984 6.627594
v -0.437746 12.361984 6.566749
v -0.439718 12.361984 6.505045
v -0.433720 12.361984 6.443632
v -0.419865 12.361984 6.383655
v -0.398409 12.361984 6.326229
v -0.368423 12.355192 6.273346
v -0.333231 12.355192 6.224349
v -0.292053 12.355192 6.180872
v -0.245656 12.355192 6.143725
v -0.194904 12.355192 6.113599
v -0.140742 12.355192 6.091056
v -0.084180 12.355192 6.076516
v -0.026271 12.355192 6.070249
v 0.031907 12.355192 6.072373
v 0.089269 12.355192 6.082848
v 0.144747 12.355192 6.101478
v 0.197307 12.355192 6.127917
v 0.245971 12.355192 6.161672
v 0.289831 12.355192 6.202114
v 0.328071 12.355192 6.248490
v 0.359979 12.355192 6.299937
v 0.384960 12.355194 6.355495
v 0.402548 12.355194 6.414130
v 0.412417 12.355194 6.474749
v 0.414382 12.355194 6.536223
v 0.408407 12.355194 6.597408
v 0.394602 12.355194 6.657164
v 0.373226 12.355194 6.714376
v 0.344676 12.355194 6.767980
v 0.309484 12.355194 6.816977
v 0.268306 12.355194 6.860454
v 0.221909 12.355194 6.897602
v 0.171157 12.355194 6.927727
v 0.116995 12.355194 6.950270
v 0.060433 12.355194 6.964810
v 0.002523 12.355194 6.971077
v -0.055654 12.355194 6.968954
v -0.113016 12.355194 6.958479
v -0.168494 12.355194 6.939849
v -0.221054 12.355194 6.913410
v -0.269718 12.355194 6.879655
v -0.313578 12.355194 6.839212
v -0.351819 12.355194 6.792836
v -0.383726 12.355194 6.741390
v -0.408707 12.355194 6.685832
v -0.426296 12.355194 6.627197
v -0.436164 12.355194 6.566578
v -0.438129 12.355194 6.505103
v -0.432154 12.355194 6.443918
v -0.418350 12.355194 6.384163
v -0.396973 12.355194 6.326950
v 0.009263 14.131901 6.526668
v 0.001426 14.116280 6.508454
v 0.002032 14.131901 6.535627
v -0.004121 14.116280 6.503456
v -0.008469 14.131901 6.539565
v -0.011289 14.116280 6.502058
v -0.019427 14.131901 6.537428
v -0.018158 14.116280 6.504634
v -0.027905 14.131901 6.529788
v -0.022888 14.116280 6.510495
v -0.031633 14.131901 6.518692
v -0.024211 14.116280 6.518069
v -0.029610 14.131901 6.507114
v -0.021773 14.116280 6.525328
v -0.022380 14.131901 6.498155
v -0.016227 14.116280 6.530326
v -0.011879 14.131901 6.494216
v -0.009058 14.116280 6.531723
v -0.000921 14.131901 6.496353
v 0.003864 14.116280 6.515712
v 0.007558 14.131901 6.503993
v 0.002541 14.116280 6.523286
v 0.011285 14.131901 6.515089
v -0.002189 14.116280 6.529147
v -0.007488 14.115185 6.521013
v -0.005898 14.115185 6.519042
v -0.009799 14.115185 6.521879
v -0.012209 14.115185 6.521409
v -0.014075 14.115185 6.519728
v -0.014895 14.115185 6.517287
v -0.014450 14.115185 6.514740
v -0.012859 14.115185 6.512769
v -0.010549 14.115185 6.511902
v -0.008138 14.115185 6.512372
v -0.006273 14.115185 6.514053
v -0.005453 14.115185 6.516494
v 0.009263 14.121633 6.526668
v 0.007279 14.118060 6.525670
v 0.000787 14.118060 6.533715
v 0.002032 14.121633 6.535627
v -0.008643 14.118060 6.537251
v -0.008469 14.121633 6.539565
v -0.018482 14.118060 6.535333
v -0.019427 14.121633 6.537428
v -0.026096 14.118060 6.528472
v -0.027905 14.121633 6.529788
v -0.029443 14.118060 6.518508
v -0.031633 14.121633 6.518692
v -0.027627 14.118060 6.508111
v -0.029610 14.121633 6.507114
v -0.021134 14.118060 6.500067
v -0.022380 14.121633 6.498155
v -0.011705 14.118060 6.496530
v -0.011879 14.121633 6.494216
v -0.001865 14.118060 6.498449
v -0.000921 14.121633 6.496353
v 0.005748 14.118060 6.505309
v 0.007558 14.121633 6.503993
v 0.009095 14.118060 6.515273
v 0.011285 14.121633 6.515089
v -0.164543 14.202197 6.501308
v -0.060813 14.177948 6.491418
v -0.160277 14.202197 6.558037
v -0.049514 14.177948 6.474653
v -0.137907 14.202197 6.609802
v -0.033470 14.177948 6.462983
v -0.100130 14.202197 6.650360
v -0.014616 14.177948 6.457815
v -0.051503 14.202197 6.674821
v 0.004774 14.177948 6.459772
v 0.002109 14.202197 6.680233
v 0.022361 14.177948 6.468619
v 0.054240 14.202197 6.665943
v 0.036024 14.177948 6.483288
v 0.098601 14.202197 6.633675
v 0.044114 14.177948 6.502009
v 0.129842 14.202197 6.587322
v 0.045657 14.177948 6.522527
v 0.144196 14.202197 6.532473
v 0.040466 14.177948 6.542364
v 0.139930 14.202197 6.475745
v 0.029167 14.177948 6.559128
v 0.117559 14.202197 6.423980
v 0.013123 14.177948 6.570799
v 0.079782 14.202197 6.383421
v -0.005731 14.177948 6.575967
v 0.031155 14.202197 6.358961
v -0.025121 14.177948 6.574009
v -0.022457 14.202197 6.353549
v -0.042708 14.177948 6.565163
v -0.074587 14.202197 6.367839
v -0.056371 14.177948 6.550494
v -0.150190 14.202197 6.446460
v -0.064462 14.177948 6.531772
v -0.118948 14.202197 6.400106
v -0.066005 14.177948 6.511255
v -0.051067 14.133770 6.496321
v -0.041942 14.133770 6.482783
v -0.028986 14.133770 6.473359
v -0.013761 14.133770 6.469185
v 0.001897 14.133770 6.470765
v 0.016099 14.133770 6.477909
v 0.027132 14.133770 6.489755
v 0.033666 14.133770 6.504874
v 0.034912 14.133770 6.521442
v 0.030719 14.133770 6.537461
v 0.021595 14.133770 6.550999
v 0.008639 14.133770 6.560423
v -0.006586 14.133770 6.564597
v -0.022244 14.133770 6.563016
v -0.036446 14.133770 6.555872
v -0.047479 14.133770 6.544026
v -0.054013 14.133770 6.528908
v -0.055259 14.133770 6.512340
v -0.056461 14.143531 6.493607
v -0.046133 14.143531 6.478283
v -0.031468 14.143531 6.467616
v -0.014234 14.143531 6.462892
v 0.003489 14.143531 6.464681
v 0.019565 14.143531 6.472767
v 0.032053 14.143531 6.486175
v 0.039449 14.143531 6.503289
v 0.040859 14.143531 6.522042
v 0.036114 14.143531 6.540174
v 0.025786 14.143531 6.555499
v 0.011121 14.143531 6.566166
v -0.006113 14.143531 6.570890
v -0.023837 14.143531 6.569101
v -0.039912 14.143531 6.561014
v -0.052401 14.143531 6.547606
v -0.059796 14.143531 6.530493
v -0.061206 14.143531 6.511740
v -0.043135 14.127560 6.500310
v -0.035780 14.127560 6.489398
v -0.025337 14.127560 6.481802
v -0.013065 14.127560 6.478438
v -0.000444 14.127560 6.479712
v 0.011003 14.127560 6.485471
v 0.019896 14.127560 6.495018
v 0.025162 14.127560 6.507204
v 0.026167 14.127560 6.520559
v 0.022788 14.127560 6.533471
v 0.015433 14.127560 6.544383
v 0.004990 14.127560 6.551979
v -0.007282 14.127560 6.555343
v -0.019903 14.127560 6.554069
v -0.031350 14.127560 6.548311
v -0.040243 14.127560 6.538763
v -0.045510 14.127560 6.526577
v -0.046514 14.127560 6.513223
v -0.079315 14.184490 6.482111
v 0.063949 14.184490 6.496573
v -0.041982 14.184490 6.443288
v -0.063887 14.184490 6.459222
v -0.054595 14.184490 6.582799
v -0.030582 14.184490 6.594878
v 0.058967 14.184490 6.551670
v 0.066055 14.184490 6.524585
v 0.010235 14.184490 6.438904
v -0.016239 14.184490 6.436232
v -0.084296 14.184490 6.537209
v -0.073249 14.184490 6.562771
v 0.021634 14.184490 6.590494
v 0.043540 14.184490 6.574560
v 0.052902 14.184490 6.471011
v 0.034247 14.184490 6.450982
v -0.086402 14.184490 6.509196
v -0.004108 14.184490 6.597550
v -0.081377 14.190724 6.481074
v -0.065489 14.190724 6.457502
v -0.031191 14.190724 6.597204
v 0.068328 14.190724 6.524815
v -0.016420 14.190724 6.433826
v -0.075130 14.190724 6.564139
v 0.045142 14.190724 6.576280
v 0.035572 14.190724 6.449017
v 0.066159 14.190724 6.495967
v -0.042930 14.190724 6.441092
v -0.055919 14.190724 6.584765
v 0.061029 14.190724 6.552707
v 0.010843 14.190724 6.436578
v -0.086506 14.190724 6.537815
v 0.022583 14.190724 6.592689
v 0.054783 14.190724 6.469643
v -0.088676 14.190724 6.508967
v -0.003927 14.190724 6.599955
v -0.098729 14.196068 6.472346
v -0.078970 14.196068 6.443029
v -0.036313 14.196068 6.616776
v 0.087459 14.196068 6.526746
v -0.017942 14.196068 6.413583
v -0.090960 14.196068 6.575653
v 0.058622 14.196068 6.590753
v 0.046720 14.196068 6.432476
v 0.084761 14.196068 6.490868
v -0.050913 14.196068 6.422621
v -0.067068 14.196068 6.601305
v 0.078381 14.196068 6.561436
v 0.015965 14.196068 6.417005
v -0.105109 14.196068 6.542914
v 0.030566 14.196068 6.611161
v 0.070613 14.196068 6.458128
v -0.107807 14.196068 6.507036
v -0.002405 14.196068 6.620199
v -0.104966 14.200436 6.469208
v -0.083815 14.200436 6.437827
v -0.038154 14.200436 6.623811
v 0.094336 14.200436 6.527440
v -0.018489 14.200436 6.406307
v -0.096650 14.200436 6.579792
v 0.063468 14.200436 6.595955
v 0.050727 14.200436 6.426530
v 0.091448 14.200436 6.489035
v -0.053782 14.200436 6.415981
v -0.071075 14.200436 6.607251
v 0.084619 14.200436 6.564573
v 0.017806 14.200436 6.409970
v -0.111795 14.200436 6.544747
v 0.033435 14.200436 6.617801
v 0.076303 14.200436 6.453989
v -0.114683 14.200436 6.506341
v -0.001858 14.200436 6.627475
v 0.059391 14.210440 6.677863
v 0.034460 14.210440 6.346331
v 0.002461 14.211976 6.693907
v 0.086976 14.210440 6.372747
v -0.054965 14.211976 6.688003
v 0.127774 14.210440 6.416550
v -0.107323 14.210440 6.661034
v 0.151934 14.210440 6.472454
v -0.148121 14.210440 6.617232
v 0.156541 14.210440 6.533719
v -0.127647 14.210440 6.390767
v -0.172281 14.210440 6.561327
v 0.141039 14.210440 6.592954
v 0.107300 14.210440 6.643014
v -0.079738 14.210440 6.355919
v -0.023439 14.210440 6.340486
v -0.176888 14.210440 6.500062
v -0.161387 14.210440 6.440828
v -0.185756 14.228855 6.499167
v -0.180904 14.228855 6.563691
v -0.155459 14.228855 6.622569
v -0.112491 14.228855 6.668702
v -0.057182 14.228855 6.696523
v 0.003797 14.228855 6.702679
v 0.063091 14.228855 6.686425
v 0.113549 14.228855 6.649723
v 0.149083 14.228855 6.597000
v 0.165409 14.228855 6.534614
v 0.160557 14.228855 6.470091
v 0.135112 14.228855 6.411212
v 0.092144 14.228855 6.365080
v 0.036834 14.228855 6.337258
v -0.024145 14.228855 6.331103
v -0.083439 14.228855 6.347356
v -0.169430 14.228855 6.436781
v -0.133896 14.228855 6.384058
v -0.185756 14.256325 6.499167
v -0.180904 14.256325 6.563691
v -0.155459 14.256325 6.622569
v -0.112491 14.256325 6.668702
v -0.057182 14.256325 6.696523
v 0.003797 14.256325 6.702679
v 0.063091 14.256325 6.686425
v 0.113549 14.256325 6.649723
v 0.149083 14.256325 6.597000
v 0.165409 14.256325 6.534614
v 0.160557 14.256325 6.470091
v 0.135112 14.256325 6.411212
v 0.092144 14.256325 6.365080
v 0.036834 14.256325 6.337258
v -0.024145 14.256325 6.331103
v -0.083439 14.256325 6.347356
v -0.169430 14.256325 6.436781
v -0.133896 14.256325 6.384058
v -0.010174 14.256325 6.516891
v -0.011873 12.711617 6.520663
v -0.011737 12.812395 6.528712
v -0.011748 12.801192 6.528740
v -0.018217 12.812465 6.524334
v -0.018228 12.801262 6.524362
v -0.018985 12.812699 6.516332
v -0.018997 12.801497 6.516360
v -0.017527 12.812351 6.506706
v -0.017539 12.801149 6.506734
v -0.010878 12.812283 6.502802
v -0.010890 12.801081 6.502830
v -0.006413 12.812330 6.508699
v -0.006424 12.801126 6.508727
v -0.004813 12.812361 6.516258
v -0.004824 12.801157 6.516286
v -0.005490 12.812526 6.524555
v -0.005501 12.801323 6.524583
v -0.011743 12.812399 6.530472
v -0.019474 12.812468 6.525040
v -0.019486 12.801265 6.525068
v -0.011754 12.801197 6.530499
v -0.020118 12.812700 6.516328
v -0.020129 12.801498 6.516356
v -0.018324 12.812349 6.505459
v -0.018335 12.801147 6.505487
v -0.010873 12.812279 6.501043
v -0.010884 12.801076 6.501070
v -0.005607 12.812325 6.507459
v -0.005619 12.801124 6.507487
v -0.003680 12.812359 6.516262
v -0.003691 12.801156 6.516290
v -0.004379 12.812527 6.525496
v -0.004390 12.801325 6.525524
v -0.016412 12.812349 6.505995
v -0.016424 12.801146 6.506022
v -0.016495 12.812272 6.504762
v -0.016507 12.801069 6.504790
v -0.016268 12.801135 6.499773
v -0.015071 12.802809 6.496469
v -0.015063 12.810650 6.496449
v -0.016256 12.812338 6.499746
v -0.013645 12.802538 6.497277
v -0.014894 12.800949 6.500555
v -0.014882 12.812152 6.500527
v -0.013637 12.810378 6.497257
v -0.021894 12.802139 6.524692
v -0.021885 12.811634 6.524668
v -0.022430 12.811832 6.517284
v -0.022440 12.802337 6.517308
v -0.017855 12.734543 6.517576
v -0.016428 14.151931 6.514031
v -0.013964 12.734529 6.513895
v -0.012538 14.151919 6.510350
v -0.008750 12.734527 6.514199
v -0.007323 14.151914 6.510654
v -0.005266 12.734532 6.518310
v -0.003839 14.151920 6.514765
v -0.005554 12.734545 6.523821
v -0.004127 14.151933 6.520275
v -0.009445 12.734557 6.527502
v -0.008018 14.151945 6.523956
v -0.014659 12.734562 6.527198
v -0.013233 14.151949 6.523652
v -0.018143 12.734556 6.523086
v -0.016716 14.151944 6.519541
v -0.023539 12.856997 6.514322
v -0.024809 12.857017 6.521453
v -0.022535 12.857030 6.528300
v -0.017326 12.857035 6.533028
v -0.010577 12.857031 6.534370
v -0.004098 12.857020 6.531967
v 0.000377 12.857002 6.526462
v 0.001647 12.856985 6.519331
v -0.000627 12.856972 6.512485
v -0.005837 12.856966 6.507757
v -0.012585 12.856970 6.506415
v -0.019065 12.856982 6.508818
v -0.023522 12.873651 6.514281
v -0.024793 12.873668 6.521411
v -0.022518 12.873681 6.528258
v -0.017309 12.873687 6.532986
v -0.010560 12.873683 6.534328
v -0.004081 12.873671 6.531925
v 0.000393 12.873654 6.526421
v 0.001664 12.873636 6.519290
v -0.000611 12.873623 6.512443
v -0.005820 12.873618 6.507715
v -0.012568 12.873622 6.506373
v -0.019048 12.873631 6.508776
v -0.022355 14.033418 6.511379
v -0.023625 14.033435 6.518510
v -0.021351 14.033448 6.525357
v -0.016142 14.033453 6.530085
v -0.009393 14.033449 6.531427
v -0.002913 14.033438 6.529024
v 0.001561 14.033421 6.523519
v 0.002831 14.033401 6.516389
v 0.000557 14.033390 6.509542
v -0.004652 14.033384 6.504814
v -0.011401 14.033388 6.503472
v -0.017881 14.033401 6.505875
v -0.022338 14.050069 6.511338
v -0.023608 14.050087 6.518469
v -0.021334 14.050099 6.525315
v -0.016125 14.050105 6.530043
v -0.009376 14.050101 6.531385
v -0.002897 14.050089 6.528982
v 0.001578 14.050072 6.523478
v 0.002848 14.050055 6.516347
v 0.000574 14.050041 6.509500
v -0.004636 14.050037 6.504773
v -0.011384 14.050040 6.503430
v -0.017864 14.050052 6.505833
v -0.009391 12.741570 6.507501
v -0.009865 14.126937 6.503555
v -0.008309 12.741575 6.510666
v -0.007263 14.126940 6.505495
v -0.009662 12.741583 6.513713
v -0.006718 14.126945 6.508812
v -0.012658 12.741589 6.514856
v -0.008549 14.126955 6.511564
v -0.015541 12.741589 6.513426
v -0.011683 14.126959 6.512138
v -0.016622 12.741583 6.510260
v -0.014285 14.126955 6.510198
v -0.015269 12.741574 6.507214
v -0.014830 14.126945 6.506881
v -0.012274 12.741569 6.506071
v -0.012999 14.126940 6.504129
v -0.022858 13.391248 6.526506
v -0.023453 13.260521 6.516788
v -0.025388 13.350603 6.523748
v -0.025468 13.302805 6.520228
v -0.020990 13.260509 6.515907
v -0.021868 13.391286 6.524384
v -0.023209 13.302805 6.518719
v -0.023668 13.350621 6.521785
v -0.018659 13.260478 6.517124
v -0.019759 13.391307 6.523618
v -0.020607 13.302798 6.519341
v -0.021149 13.350635 6.521680
v -0.017828 13.260451 6.519726
v -0.017765 13.391300 6.524657
v -0.019187 13.302788 6.521730
v -0.019304 13.350635 6.523497
v -0.018982 13.260449 6.522187
v -0.017054 13.391277 6.526894
v -0.019781 13.302793 6.524486
v -0.019216 13.350628 6.526171
v -0.021445 13.260471 6.523066
v -0.018044 13.391249 6.529019
v -0.022040 13.302798 6.525996
v -0.020936 13.350616 6.528136
v -0.023774 13.260502 6.521850
v -0.020155 13.391230 6.529785
v -0.024642 13.302799 6.525374
v -0.023457 13.350601 6.528240
v -0.024606 13.260522 6.519250
v -0.022149 13.391227 6.528743
v -0.026062 13.302800 6.522985
v -0.025301 13.350596 6.526422
v -0.014676 13.135067 6.506329
v -0.011108 13.028206 6.503443
v -0.012320 13.083601 6.503909
v -0.008890 13.028208 6.505752
v -0.012201 13.135091 6.507644
v -0.009919 13.083609 6.505845
v -0.008867 13.028215 6.509042
v -0.011331 13.135105 6.510424
v -0.009516 13.083615 6.509008
v -0.011052 13.028213 6.511385
v -0.012573 13.135100 6.513039
v -0.011348 13.083616 6.511546
v -0.014166 13.028214 6.511409
v -0.015202 13.135090 6.513960
v -0.014341 13.083614 6.511972
v -0.016384 13.028221 6.509100
v -0.017677 13.135079 6.512645
v -0.016743 13.083617 6.510035
v -0.016406 13.028212 6.505810
v -0.018548 13.135067 6.509865
v -0.017146 13.083607 6.506872
v -0.014221 13.028207 6.503467
v -0.017305 13.135059 6.507248
v -0.015314 13.083597 6.504334
v -0.002217 13.566660 6.532051
v -0.007547 13.514576 6.534902
v -0.004453 13.540581 6.534856
v -0.009437 13.514574 6.532811
v -0.004578 13.566688 6.530595
v -0.006734 13.540594 6.532954
v -0.009377 13.514557 6.529919
v -0.005276 13.566698 6.527803
v -0.007075 13.540590 6.529904
v -0.007401 13.514531 6.527921
v -0.003900 13.566682 6.525310
v -0.005277 13.540576 6.527494
v -0.004667 13.514520 6.527987
v -0.001258 13.566654 6.524576
v -0.002392 13.540560 6.527135
v -0.002774 13.514520 6.530079
v 0.001103 13.566630 6.526032
v -0.000111 13.540549 6.529037
v -0.002835 13.514537 6.532970
v 0.001798 13.566624 6.528824
v 0.000231 13.540548 6.532086
v -0.004813 13.514563 6.534968
v 0.000422 13.566635 6.531318
v -0.001568 13.540560 6.534497
v -0.000580 13.856629 6.508768
v 0.004914 13.703750 6.514260
v 0.003180 13.803781 6.509195
v 0.005285 13.747961 6.511128
v 0.003235 13.703746 6.515911
v -0.000873 13.856686 6.511506
v 0.003903 13.747972 6.513432
v 0.002308 13.803810 6.511898
v 0.000945 13.703709 6.515833
v -0.002911 13.856718 6.513230
v 0.001385 13.747960 6.514038
v -0.000117 13.803822 6.513164
v -0.000614 13.703655 6.514072
v -0.005503 13.856701 6.512928
v -0.000794 13.747929 6.512589
v -0.002675 13.803805 6.512250
v -0.000527 13.703621 6.511661
v -0.007129 13.856651 6.510776
v -0.001358 13.747901 6.509936
v -0.003867 13.803775 6.509690
v 0.001153 13.703632 6.510013
v -0.006837 13.856602 6.508036
v 0.000023 13.747896 6.507634
v -0.002997 13.803750 6.506987
v 0.003440 13.703676 6.510089
v -0.004798 13.856576 6.506312
v 0.002540 13.747913 6.507028
v -0.000572 13.803743 6.505722
v 0.004999 13.703723 6.511849
v -0.002205 13.856585 6.506616
v 0.004720 13.747939 6.508475
v 0.001987 13.803755 6.506637
v -0.009685 12.793835 6.506792
v -0.008407 12.793841 6.509809
v -0.012608 12.793835 6.505614
v -0.009522 12.793848 6.512898
v -0.012377 12.793854 6.514249
v -0.015300 12.793854 6.513070
v -0.016578 12.793848 6.510053
v -0.015463 12.793841 6.506965
v -0.008950 12.865931 6.499045
v -0.011929 12.865931 6.498217
v -0.007398 12.865936 6.501855
v -0.008181 12.865944 6.505002
v -0.010841 12.865950 6.506643
v -0.013819 12.865950 6.505816
v -0.015372 12.865945 6.503005
v -0.014589 12.865936 6.499858
v -0.012658 14.087893 6.498540
v -0.009742 14.087933 6.498373
v -0.007567 14.087761 6.500428
v -0.007408 14.087481 6.503499
v -0.009358 14.087254 6.505787
v -0.012275 14.087214 6.505953
v -0.014449 14.087385 6.503899
v -0.014608 14.087668 6.500828
v -0.009738 14.046227 6.496100
v -0.008008 14.046247 6.498280
v -0.008241 14.046265 6.501118
v -0.010301 14.046265 6.502950
v -0.012982 14.046247 6.502703
v -0.014712 14.046229 6.500522
v -0.014479 14.046215 6.497684
v -0.012418 14.046213 6.495853
v -0.016023 13.840708 6.524712
v -0.015975 13.831289 6.524733
v -0.018267 13.840745 6.516938
v -0.018219 13.831326 6.516960
v -0.013941 13.840959 6.510321
v -0.013893 13.831536 6.510343
v -0.006920 13.840696 6.503995
v -0.006872 13.831277 6.504016
v 0.000537 13.840679 6.505581
v 0.000586 13.831261 6.505602
v 0.000315 13.840727 6.513131
v 0.000363 13.831308 6.513152
v -0.003108 13.840741 6.519979
v -0.003059 13.831322 6.520000
v -0.008717 13.840859 6.525830
v -0.008669 13.831438 6.525851
v -0.017108 13.840708 6.526047
v -0.019657 13.840740 6.516613
v -0.019609 13.831321 6.516634
v -0.017059 13.831288 6.526068
v -0.014801 13.840955 6.509541
v -0.014752 13.831532 6.509563
v -0.006761 13.840694 6.502499
v -0.006712 13.831274 6.502521
v 0.001622 13.840679 6.504246
v 0.001670 13.831260 6.504268
v 0.001690 13.840732 6.512738
v 0.001738 13.831312 6.512760
v -0.002248 13.840747 6.520759
v -0.002200 13.831326 6.520780
v -0.008450 13.840863 6.527308
v -0.008401 13.831442 6.527329
v -0.005635 13.840701 6.504218
v -0.005586 13.831282 6.504239
v -0.004940 13.840639 6.503223
v -0.004892 13.831221 6.503244
v -0.001631 13.831286 6.499590
v 0.001297 13.832697 6.497894
v 0.001263 13.839290 6.497879
v -0.001679 13.840705 6.499569
v 0.001888 13.832476 6.499487
v -0.001064 13.831136 6.501127
v -0.001113 13.840553 6.501106
v 0.001854 13.839066 6.499472
v -0.021217 13.832043 6.514697
v -0.021258 13.840026 6.514679
v -0.017142 13.840208 6.508685
v -0.017101 13.832222 6.508704
v -0.011581 12.857001 6.520392
v -0.011564 12.873653 6.520350
v -0.010380 14.050072 6.517408
v -0.010397 14.033420 6.517449
v -0.010174 14.127561 6.516891
v -4.007040 15.035711 -7.896632
v -0.001834 15.035711 -7.896632
v -0.001834 15.035711 -7.400085
v -4.007040 15.035711 -7.400085
v 2.000769 15.035711 -7.400085
v 2.000769 15.035711 -7.896632
v -4.007040 14.375433 -7.400085
v 2.000769 14.375433 -7.400085
v -0.001834 14.375433 -7.400085
v -0.001834 15.035717 8.041693
v -4.007040 15.035717 8.041693
v 2.000769 15.035717 8.041693
v -4.007040 14.375439 8.041693
v 2.000769 14.375439 8.041693
v -0.001834 14.375439 8.041693
v -4.007040 15.035714 2.004266
v -4.007040 14.375436 2.004265
v -7.969075 14.375439 8.041693
v -7.969075 15.035717 8.041693
v -7.969075 14.375436 2.004265
v -7.969075 15.035714 2.004266
v -7.288544 14.375436 2.004265
v -7.259596 14.375439 8.041693
v -4.007040 14.375436 5.022979
v -4.007040 15.035714 5.022979
v -7.969075 14.375436 5.022979
v -7.969075 15.035714 5.022979
v -7.274070 14.375436 5.022979
v -4.007040 14.375439 6.532336
v -7.969075 14.375439 6.532336
v -7.266833 14.375439 6.532336
v -4.007040 15.035717 6.532336
v -7.969075 15.035717 6.532336
v -4.007040 15.035714 3.513623
v -7.969075 15.035714 3.513623
v -4.007040 14.375436 3.513622
v -7.969075 14.375436 3.513622
v -7.281307 14.375436 3.513622
vn -0.8804 -0.2595 -0.3969
vn -0.7839 -0.3850 -0.4871
vn -0.8423 -0.3827 -0.3795
vn -0.7338 0.5940 -0.3297
vn -0.7412 0.4885 -0.4605
vn -0.7969 0.4859 -0.3590
vn -0.7343 -0.5025 -0.4563
vn -0.7896 -0.4999 -0.3558
vn -0.8422 0.3832 -0.3792
vn -0.7840 0.3849 -0.4871
vn -0.6751 -0.6070 -0.4194
vn -0.7262 -0.6046 -0.3272
vn -0.8200 0.2605 -0.5096
vn -0.8806 0.2589 -0.3968
vn -0.5255 -0.7283 -0.4397
vn -0.6171 -0.6872 -0.3834
vn -0.9039 0.1307 -0.4072
vn -0.8421 0.1313 -0.5231
vn -0.8492 -0.0000 -0.5280
vn -0.9116 -0.0000 -0.4110
vn -0.8418 -0.1317 -0.5234
vn -0.9038 -0.1309 -0.4075
vn -0.8195 -0.2611 -0.5101
vn -0.5969 0.7115 -0.3708
vn -0.6820 0.5970 -0.4224
vn -0.7708 -0.0000 -0.6371
vn -0.7640 -0.1326 -0.6315
vn -0.7438 -0.2627 -0.6147
vn -0.6173 0.5991 -0.5100
vn -0.7108 -0.3873 -0.5871
vn -0.6718 0.4909 -0.5548
vn -0.6655 -0.5051 -0.5496
vn -0.7109 0.3872 -0.5871
vn -0.6112 -0.6097 -0.5047
vn -0.7438 0.2627 -0.6147
vn -0.5595 -0.6881 -0.4621
vn -0.7640 0.1326 -0.6315
vn -0.6234 -0.3902 -0.6776
vn -0.5834 -0.5079 -0.6338
vn -0.5890 0.4937 -0.6398
vn -0.6237 0.3896 -0.6776
vn -0.5354 -0.6126 -0.5815
vn -0.6529 0.2645 -0.7098
vn -0.4897 -0.6908 -0.5320
vn -0.6712 0.1336 -0.7291
vn -0.6770 -0.0000 -0.7360
vn -0.6709 -0.1335 -0.7294
vn -0.6534 -0.2637 -0.7096
vn -0.4724 0.7166 -0.5132
vn -0.5410 0.6017 -0.5876
vn -0.5643 0.1341 -0.8146
vn -0.5693 -0.0000 -0.8222
vn -0.5638 -0.1345 -0.8149
vn -0.5485 -0.2662 -0.7927
vn -0.4535 0.6045 -0.6549
vn -0.5236 -0.3922 -0.7563
vn -0.4942 0.4965 -0.7137
vn -0.4895 -0.5106 -0.7069
vn -0.5236 0.3922 -0.7563
vn -0.4487 -0.6154 -0.6480
vn -0.5489 0.2663 -0.7924
vn -0.4100 -0.6938 -0.5921
vn -0.4320 -0.2678 -0.8612
vn -0.3392 0.7338 -0.5885
vn -0.3565 0.6071 -0.7102
vn -0.4120 -0.3948 -0.8212
vn -0.3888 0.4991 -0.7745
vn -0.3850 -0.5131 -0.7671
vn -0.4120 0.3948 -0.8212
vn -0.3528 -0.6179 -0.7027
vn -0.4320 0.2678 -0.8612
vn -0.3215 -0.6976 -0.6404
vn -0.4442 0.1353 -0.8856
vn -0.4483 -0.0000 -0.8939
vn -0.4442 -0.1353 -0.8856
vn -0.2722 -0.5151 -0.8128
vn -0.2492 -0.6199 -0.7440
vn -0.3056 0.2691 -0.9133
vn -0.2279 -0.6965 -0.6804
vn -0.3144 0.1360 -0.9395
vn -0.3173 -0.0000 -0.9483
vn -0.3147 -0.1357 -0.9394
vn -0.3056 -0.2691 -0.9133
vn -0.2512 0.7362 -0.6284
vn -0.2519 0.6092 -0.7520
vn -0.2914 -0.3965 -0.8706
vn -0.2749 0.5009 -0.8207
vn -0.2921 0.3967 -0.8702
vn -0.1770 0.1365 -0.9747
vn -0.1787 -0.0000 -0.9839
vn -0.1770 -0.1365 -0.9747
vn -0.1721 -0.2700 -0.9474
vn -0.1588 0.7377 -0.6562
vn -0.1416 0.6105 -0.7792
vn -0.1640 -0.3972 -0.9029
vn -0.1546 0.5024 -0.8507
vn -0.1531 -0.5166 -0.8424
vn -0.1640 0.3977 -0.9027
vn -0.1401 -0.6213 -0.7710
vn -0.1721 0.2700 -0.9474
vn -0.1276 -0.7007 -0.7020
vn -0.0343 -0.2704 -0.9621
vn -0.0327 -0.3982 -0.9167
vn -0.0282 0.6116 -0.7907
vn -0.0308 0.5032 -0.8636
vn -0.0305 -0.5170 -0.8554
vn -0.0327 0.3978 -0.9169
vn -0.0279 -0.6219 -0.7826
vn -0.0343 0.2704 -0.9621
vn -0.0255 -0.6996 -0.7140
vn -0.0353 0.1367 -0.9900
vn -0.0356 -0.0000 -0.9994
vn -0.0353 -0.1367 -0.9900
vn -0.0243 0.7253 -0.6880
vn 0.0776 -0.6982 -0.7117
vn 0.1043 0.2703 -0.9571
vn 0.1073 0.1367 -0.9848
vn 0.1083 -0.0000 -0.9941
vn 0.1073 -0.1367 -0.9848
vn 0.1043 -0.2703 -0.9571
vn 0.0740 0.7250 -0.6848
vn 0.0858 0.6108 -0.7871
vn 0.0994 -0.3981 -0.9120
vn 0.0937 0.5028 -0.8593
vn 0.0928 -0.5168 -0.8511
vn 0.0995 0.3977 -0.9121
vn 0.0909 -0.6263 -0.7742
vn 0.2472 -0.1363 -0.9593
vn 0.2403 -0.2696 -0.9325
vn 0.1722 0.7242 -0.6678
vn 0.1979 0.6099 -0.7673
vn 0.2291 -0.3972 -0.8887
vn 0.2161 0.5015 -0.8377
vn 0.2139 -0.5160 -0.8294
vn 0.2291 0.3972 -0.8887
vn 0.1958 -0.6207 -0.7592
vn 0.2403 0.2696 -0.9325
vn 0.1788 -0.6984 -0.6930
vn 0.2472 0.1363 -0.9593
vn 0.2496 -0.0000 -0.9684
vn 0.3303 -0.5140 -0.7917
vn 0.3334 0.5001 -0.7992
vn 0.3537 0.3952 -0.8477
vn 0.3024 -0.6190 -0.7248
vn 0.3706 0.2685 -0.8891
vn 0.2755 -0.6986 -0.6604
vn 0.3812 0.1357 -0.9145
vn 0.3847 -0.0000 -0.9230
vn 0.3814 -0.1354 -0.9144
vn 0.3706 -0.2685 -0.8891
vn 0.2661 0.7226 -0.6380
vn 0.3055 0.6083 -0.7325
vn 0.3542 -0.3959 -0.8473
vn 0.5108 -0.0000 -0.8597
vn 0.5061 -0.1349 -0.8518
vn 0.4923 -0.2670 -0.8285
vn 0.3544 0.7205 -0.5960
vn 0.4066 0.6059 -0.6838
vn 0.4696 -0.3937 -0.7902
vn 0.4432 0.4979 -0.7454
vn 0.4390 -0.5119 -0.7384
vn 0.4696 0.3937 -0.7902
vn 0.4024 -0.6167 -0.6766
vn 0.4926 0.2667 -0.8284
vn 0.3683 -0.6935 -0.6192
vn 0.5061 0.1349 -0.8518
vn 0.6029 -0.2653 -0.7524
vn 0.4354 0.7181 -0.5429
vn 0.4987 0.6036 -0.6221
vn 0.5756 -0.3911 -0.7181
vn 0.5436 0.4951 -0.6778
vn 0.5384 -0.5092 -0.6715
vn 0.5756 0.3911 -0.7181
vn 0.4938 -0.6140 -0.6158
vn 0.6033 0.2646 -0.7523
vn 0.4520 -0.6914 -0.5637
vn 0.6197 0.1340 -0.7733
vn 0.6253 -0.0000 -0.7804
vn 0.6197 -0.1340 -0.7734
vn 0.5751 -0.6111 -0.5439
vn 0.7006 0.2635 -0.6631
vn 0.5262 -0.6895 -0.4977
vn 0.7201 0.1327 -0.6811
vn 0.7263 -0.0000 -0.6874
vn 0.7198 -0.1330 -0.6813
vn 0.7006 -0.2635 -0.6631
vn 0.5076 0.7155 -0.4800
vn 0.5810 0.6004 -0.5495
vn 0.6695 -0.3884 -0.6332
vn 0.6324 0.4924 -0.5981
vn 0.6270 -0.5072 -0.5913
vn 0.6688 0.3891 -0.6335
vn 0.8056 -0.1318 -0.5777
vn 0.7841 -0.2618 -0.5627
vn 0.5700 0.7127 -0.4088
vn 0.6518 0.5973 -0.4674
vn 0.7497 -0.3860 -0.5376
vn 0.7086 0.4896 -0.5081
vn 0.7021 -0.5035 -0.5035
vn 0.7497 0.3860 -0.5376
vn 0.6450 -0.6083 -0.4625
vn 0.7845 0.2611 -0.5625
vn 0.5908 -0.6867 -0.4236
vn 0.8053 0.1321 -0.5779
vn 0.8124 -0.0000 -0.5831
vn 0.8524 -0.2602 -0.4535
vn 0.8153 -0.3838 -0.4335
vn 0.7098 0.5948 -0.3774
vn 0.7711 0.4872 -0.4100
vn 0.7641 -0.5010 -0.4063
vn 0.8150 0.3845 -0.4336
vn 0.7026 -0.6057 -0.3735
vn 0.8527 0.2598 -0.4533
vn 0.6449 -0.6831 -0.3428
vn 0.8752 0.1313 -0.4657
vn 0.8830 -0.0000 -0.4694
vn 0.8753 -0.1310 -0.4655
vn 0.7471 -0.6036 -0.2785
vn 0.6851 -0.6822 -0.2554
vn 0.9050 0.2588 -0.3376
vn 0.9290 0.1301 -0.3463
vn 0.9369 -0.0000 -0.3495
vn 0.9289 -0.1305 -0.3466
vn 0.9052 -0.2583 -0.3375
vn 0.6337 0.7230 -0.2750
vn 0.7545 0.5930 -0.2813
vn 0.8659 -0.3822 -0.3228
vn 0.8194 0.4850 -0.3055
vn 0.8118 -0.4994 -0.3027
vn 0.8659 0.3820 -0.3228
vn 0.9415 -0.2578 -0.2169
vn 0.6659 0.7213 -0.1904
vn 0.7860 0.5912 -0.1810
vn 0.9010 -0.3809 -0.2075
vn 0.8529 0.4837 -0.1964
vn 0.8454 -0.4974 -0.1947
vn 0.9008 0.3813 -0.2076
vn 0.7782 -0.6019 -0.1792
vn 0.9416 0.2575 -0.2168
vn 0.7108 -0.6842 -0.1636
vn 0.9662 0.1300 -0.2226
vn 0.9745 -0.0000 -0.2245
vn 0.9662 -0.1300 -0.2226
vn 0.9207 -0.3800 -0.0892
vn 0.8640 -0.4964 -0.0837
vn 0.9204 0.3806 -0.0893
vn 0.7955 -0.6011 -0.0771
vn 0.9619 0.2569 -0.0932
vn 0.7311 -0.6786 -0.0708
vn 0.9870 0.1294 -0.0957
vn 0.9953 -0.0000 -0.0965
vn 0.9869 -0.1297 -0.0957
vn 0.9618 -0.2573 -0.0933
vn 0.7046 0.7062 -0.0689
vn 0.8033 0.5904 -0.0779
vn 0.8710 0.4837 -0.0856
vn 0.9910 0.1297 0.0324
vn 0.9995 -0.0000 0.0327
vn 0.9910 -0.1297 0.0324
vn 0.9659 -0.2572 0.0316
vn 0.7080 0.7059 0.0234
vn 0.8070 0.5900 0.0264
vn 0.9245 -0.3801 0.0302
vn 0.8755 0.4824 0.0286
vn 0.8677 -0.4962 0.0284
vn 0.9245 0.3799 0.0302
vn 0.7989 -0.6009 0.0261
vn 0.9659 0.2572 0.0316
vn 0.7331 -0.6797 0.0240
vn 0.7964 0.5906 0.1303
vn 0.9536 -0.2575 0.1561
vn 0.9128 -0.3802 0.1493
vn 0.8641 0.4830 0.1413
vn 0.8565 -0.4968 0.1401
vn 0.9129 0.3800 0.1493
vn 0.7885 -0.6014 0.1290
vn 0.9537 0.2572 0.1560
vn 0.7218 -0.6820 0.1181
vn 0.9786 0.1298 0.1598
vn 0.9869 -0.0000 0.1615
vn 0.9785 -0.1298 0.1602
vn 0.8304 -0.4981 0.2498
vn 0.7642 -0.6027 0.2298
vn 0.9251 0.2583 0.2784
vn 0.7019 -0.6802 0.2112
vn 0.9494 0.1302 0.2858
vn 0.9576 -0.0000 0.2882
vn 0.9494 -0.1302 0.2858
vn 0.9251 -0.2583 0.2784
vn 0.6731 0.7210 0.1647
vn 0.7720 0.5917 0.2322
vn 0.8850 -0.3819 0.2664
vn 0.8379 0.4842 0.2520
vn 0.8851 0.3819 0.2659
vn 0.9038 -0.1309 0.4075
vn 0.8807 -0.2588 0.3968
vn 0.6425 0.7095 0.2895
vn 0.7337 0.5937 0.3306
vn 0.8419 -0.3835 0.3796
vn 0.7969 0.4859 0.3590
vn 0.7896 -0.4999 0.3558
vn 0.8423 0.3829 0.3795
vn 0.7262 -0.6046 0.3272
vn 0.8804 0.2595 0.3969
vn 0.6677 -0.6810 0.3009
vn 0.9038 0.1309 0.4075
vn 0.9116 -0.0000 0.4110
vn 0.6820 0.5962 0.4237
vn 0.7411 0.4885 0.4605
vn 0.7838 -0.3852 0.4871
vn 0.7346 -0.5022 0.4563
vn 0.7839 0.3850 0.4871
vn 0.6751 -0.6070 0.4194
vn 0.8198 0.2609 0.5097
vn 0.6184 -0.6855 0.3843
vn 0.8418 0.1317 0.5234
vn 0.8492 -0.0000 0.5280
vn 0.8418 -0.1317 0.5234
vn 0.8201 -0.2605 0.5095
vn 0.5968 0.7116 0.3707
vn 0.6112 -0.6097 0.5047
vn 0.5595 -0.6881 0.4621
vn 0.7640 0.1326 0.6315
vn 0.7708 -0.0000 0.6371
vn 0.7640 -0.1326 0.6315
vn 0.7438 -0.2626 0.6147
vn 0.5397 0.7142 0.4457
vn 0.6174 0.5990 0.5100
vn 0.7108 -0.3874 0.5871
vn 0.6717 0.4910 0.5547
vn 0.6655 -0.5050 0.5496
vn 0.7109 0.3872 0.5871
vn 0.7443 0.2627 0.6140
vn 0.6532 -0.2641 0.7096
vn 0.4723 0.7168 0.5130
vn 0.5409 0.6018 0.5876
vn 0.6237 -0.3899 0.6775
vn 0.5889 0.4939 0.6397
vn 0.5834 -0.5079 0.6338
vn 0.6238 0.3895 0.6776
vn 0.5354 -0.6126 0.5815
vn 0.6529 0.2645 0.7098
vn 0.4886 -0.6925 0.5307
vn 0.6709 0.1335 0.7294
vn 0.6770 -0.0000 0.7360
vn 0.6709 -0.1335 0.7294
vn 0.4941 0.4964 0.7137
vn 0.5237 0.3920 0.7563
vn 0.4896 -0.5104 0.7070
vn 0.4487 -0.6154 0.6480
vn 0.5487 0.2660 0.7926
vn 0.4109 -0.6922 0.5933
vn 0.5642 0.1341 0.8146
vn 0.5690 -0.0000 0.8224
vn 0.5638 -0.1345 0.8149
vn 0.5485 -0.2662 0.7927
vn 0.3955 0.7194 0.5711
vn 0.4535 0.6045 0.6549
vn 0.5238 -0.3921 0.7563
vn 0.4442 0.1353 0.8856
vn 0.4490 -0.0000 0.8935
vn 0.4442 -0.1353 0.8856
vn 0.4320 -0.2678 0.8612
vn 0.3106 0.7216 0.6187
vn 0.3562 0.6077 0.7098
vn 0.4123 -0.3944 0.8213
vn 0.3888 0.4990 0.7745
vn 0.3851 -0.5130 0.7672
vn 0.4122 0.3942 0.8214
vn 0.3528 -0.6179 0.7027
vn 0.4320 0.2678 0.8612
vn 0.3215 -0.6974 0.6405
vn 0.2192 0.7235 0.6546
vn 0.2518 0.6093 0.7519
vn 0.3057 -0.2691 0.9133
vn 0.2916 -0.3963 0.8706
vn 0.2749 0.5009 0.8207
vn 0.2722 -0.5151 0.8128
vn 0.2916 0.3960 0.8707
vn 0.2492 -0.6200 0.7440
vn 0.3056 0.2691 0.9133
vn 0.2275 -0.6977 0.6793
vn 0.3144 0.1360 0.9395
vn 0.3173 -0.0000 0.9483
vn 0.3144 -0.1360 0.9395
vn 0.1721 0.2700 0.9474
vn 0.1278 -0.6993 0.7033
vn 0.1770 0.1365 0.9747
vn 0.1787 -0.0000 0.9839
vn 0.1770 -0.1365 0.9747
vn 0.1723 -0.2696 0.9474
vn 0.1222 0.7245 0.6784
vn 0.1416 0.6105 0.7792
vn 0.1641 -0.3973 0.9029
vn 0.1546 0.5023 0.8508
vn 0.1532 -0.5165 0.8425
vn 0.1645 0.3979 0.9026
vn 0.1331 -0.6260 0.7684
vn 0.0353 -0.1367 0.9900
vn 0.0343 -0.2704 0.9621
vn 0.0282 0.6116 0.7907
vn 0.0327 -0.3978 0.9169
vn 0.0308 0.5030 0.8638
vn 0.0305 -0.5172 0.8553
vn 0.0327 0.3982 0.9167
vn 0.0279 -0.6219 0.7826
vn 0.0343 0.2704 0.9621
vn 0.0254 -0.7013 0.7124
vn 0.0353 0.1364 0.9900
vn 0.0356 -0.0000 0.9994
vn -0.0858 0.6109 0.7870
vn -0.0937 0.5029 0.8593
vn -0.0995 -0.3976 0.9121
vn -0.0928 -0.5168 0.8510
vn -0.0994 0.3981 0.9120
vn -0.0849 -0.6217 0.7787
vn -0.1043 0.2703 0.9571
vn -0.0775 -0.6993 0.7106
vn -0.1073 0.1366 0.9848
vn -0.1083 -0.0000 0.9941
vn -0.1073 -0.1366 0.9848
vn -0.1044 -0.2699 0.9572
vn -0.0740 0.7251 0.6846
vn -0.2403 0.2696 0.9325
vn -0.2474 0.1360 0.9593
vn -0.2496 -0.0000 0.9684
vn -0.2472 -0.1363 0.9593
vn -0.2403 -0.2696 0.9325
vn -0.1722 0.7243 0.6677
vn -0.1978 0.6101 0.7672
vn -0.2291 -0.3972 0.8887
vn -0.2160 0.5020 0.8375
vn -0.2140 -0.5157 0.8296
vn -0.2291 0.3972 0.8887
vn -0.1958 -0.6207 0.7592
vn -0.1788 -0.6984 0.6930
vn -0.3814 -0.1353 0.9144
vn -0.3706 -0.2685 0.8891
vn -0.2662 0.7226 0.6380
vn -0.3055 0.6083 0.7325
vn -0.3535 -0.3954 0.8477
vn -0.3334 0.5000 0.7993
vn -0.3302 -0.5140 0.7917
vn -0.3536 0.3953 0.8478
vn -0.3024 -0.6190 0.7249
vn -0.3706 0.2685 0.8891
vn -0.2766 -0.6956 0.6631
vn -0.3812 0.1357 0.9145
vn -0.3847 -0.0000 0.9230
vn -0.4391 -0.5118 0.7384
vn -0.4432 0.4979 0.7454
vn -0.4699 0.3933 0.7903
vn -0.4024 -0.6167 0.6766
vn -0.4923 0.2671 0.8285
vn -0.3677 -0.6946 0.6183
vn -0.5061 0.1349 0.8518
vn -0.5108 -0.0000 0.8597
vn -0.5061 -0.1349 0.8518
vn -0.4926 -0.2667 0.8284
vn -0.3544 0.7206 0.5960
vn -0.4066 0.6059 0.6838
vn -0.4704 -0.3939 0.7897
vn -0.6033 0.2651 0.7522
vn -0.6199 0.1336 0.7732
vn -0.6253 -0.0000 0.7804
vn -0.6199 -0.1341 0.7731
vn -0.6031 -0.2651 0.7523
vn -0.4354 0.7181 0.5430
vn -0.4989 0.6033 0.6222
vn -0.5757 -0.3912 0.7180
vn -0.5434 0.4953 0.6778
vn -0.5384 -0.5092 0.6715
vn -0.5756 0.3911 0.7181
vn -0.4938 -0.6140 0.6158
vn -0.4529 -0.6898 0.5648
vn -0.7009 -0.2632 0.6629
vn -0.5076 0.7155 0.4800
vn -0.5811 0.6003 0.5495
vn -0.6695 -0.3884 0.6331
vn -0.6324 0.4924 0.5980
vn -0.6266 -0.5062 0.5925
vn -0.6695 0.3884 0.6331
vn -0.5751 -0.6111 0.5439
vn -0.7009 0.2632 0.6629
vn -0.5263 -0.6894 0.4977
vn -0.7201 0.1327 0.6811
vn -0.7263 -0.0000 0.6874
vn -0.7198 -0.1330 0.6813
vn -0.7021 -0.5035 0.5035
vn -0.6450 -0.6083 0.4625
vn -0.7843 0.2615 0.5626
vn -0.5908 -0.6867 0.4236
vn -0.8053 0.1321 0.5779
vn -0.8124 -0.0000 0.5831
vn -0.8057 -0.1321 0.5774
vn -0.7841 -0.2618 0.5627
vn -0.5699 0.7129 0.4087
vn -0.6516 0.5976 0.4673
vn -0.7497 -0.3860 0.5376
vn -0.7086 0.4896 0.5081
vn -0.7493 0.3866 0.5377
vn -0.8752 0.1313 0.4657
vn -0.8828 -0.0000 0.4697
vn -0.8754 -0.1309 0.4654
vn -0.8524 -0.2602 0.4535
vn -0.6213 0.7106 0.3303
vn -0.7098 0.5948 0.3773
vn -0.8150 -0.3844 0.4336
vn -0.7711 0.4872 0.4100
vn -0.7640 -0.5012 0.4062
vn -0.8153 0.3838 0.4335
vn -0.7026 -0.6057 0.3735
vn -0.8524 0.2602 0.4535
vn -0.6438 -0.6843 0.3423
vn -0.9050 -0.2588 0.3376
vn -0.8659 -0.3822 0.3228
vn -0.8195 0.4849 0.3055
vn -0.8120 -0.4990 0.3027
vn -0.8659 0.3820 0.3228
vn -0.7471 -0.6036 0.2785
vn -0.9052 0.2584 0.3375
vn -0.6835 -0.6840 0.2548
vn -0.9289 0.1305 0.3466
vn -0.9369 -0.0000 0.3495
vn -0.9289 -0.1305 0.3466
vn -0.6613 0.7085 0.2465
vn -0.7537 0.5936 0.2821
vn -0.7781 -0.6020 0.1792
vn -0.7139 -0.6807 0.1643
vn -0.9415 0.2578 0.2169
vn -0.9662 0.1300 0.2226
vn -0.9745 -0.0000 0.2245
vn -0.9662 -0.1300 0.2226
vn -0.9415 -0.2578 0.2169
vn -0.6891 0.7071 0.1587
vn -0.7860 0.5911 0.1810
vn -0.9010 -0.3809 0.2075
vn -0.8529 0.4836 0.1964
vn -0.8454 -0.4974 0.1947
vn -0.9011 0.3806 0.2075
vn -0.9869 -0.1297 0.0957
vn -0.9619 -0.2569 0.0932
vn -0.7046 0.7062 0.0689
vn -0.8034 0.5903 0.0779
vn -0.9206 -0.3801 0.0892
vn -0.8718 0.4825 0.0845
vn -0.8640 -0.4966 0.0837
vn -0.9206 0.3802 0.0892
vn -0.7955 -0.6011 0.0771
vn -0.9618 0.2573 0.0933
vn -0.7299 -0.6799 0.0707
vn -0.9869 0.1297 0.0957
vn -0.9953 -0.0000 0.0965
vn -0.8677 -0.4962 -0.0284
vn -0.8755 0.4824 -0.0286
vn -0.9246 0.3798 -0.0302
vn -0.7989 -0.6009 -0.0261
vn -0.9659 0.2572 -0.0316
vn -0.7314 -0.6815 -0.0239
vn -0.9910 0.1297 -0.0324
vn -0.9995 -0.0000 -0.0327
vn -0.9910 -0.1297 -0.0324
vn -0.9660 -0.2567 -0.0316
vn -0.7077 0.7061 -0.0234
vn -0.8069 0.5900 -0.0264
vn -0.9243 -0.3803 -0.0307
vn -0.9785 0.1298 -0.1602
vn -0.9869 -0.0000 -0.1615
vn -0.9785 -0.1298 -0.1602
vn -0.9538 -0.2568 -0.1560
vn -0.6984 0.7063 -0.1153
vn -0.7964 0.5906 -0.1303
vn -0.9128 -0.3801 -0.1493
vn -0.8641 0.4830 -0.1413
vn -0.8565 -0.4968 -0.1401
vn -0.9128 0.3802 -0.1493
vn -0.7885 -0.6014 -0.1290
vn -0.9536 0.2575 -0.1561
vn -0.7245 -0.6790 -0.1185
vn -0.9251 -0.2583 -0.2784
vn -0.7720 0.5917 -0.2322
vn -0.8853 -0.3812 -0.2663
vn -0.8380 0.4840 -0.2520
vn -0.8303 -0.4981 -0.2498
vn -0.8851 0.3816 -0.2663
vn -0.7642 -0.6027 -0.2298
vn -0.9251 0.2583 -0.2784
vn -0.6993 -0.6831 -0.2104
vn -0.9495 0.1302 -0.2855
vn -0.9576 -0.0000 -0.2882
vn -0.9494 -0.1303 -0.2858
vn -0.6154 0.7657 -0.1873
vn 0.2714 0.9624 0.0089
vn 0.2678 0.9625 0.0438
vn 0.2167 0.9638 -0.1554
vn -0.1924 0.9643 0.1820
vn -0.2167 0.9638 0.1554
vn 0.0092 0.9662 0.2578
vn -0.0280 0.9661 0.2565
vn -0.6094 0.7856 -0.1069
vn -0.2678 0.9625 -0.0438
vn -0.2589 0.9628 -0.0779
vn -0.2454 0.9631 -0.1105
vn -0.1000 0.9657 0.2398
vn 0.1169 0.9654 0.2329
vn 0.1973 0.9633 -0.1821
vn -0.0462 0.9660 -0.2543
vn -0.0092 0.9662 -0.2578
vn 0.0280 0.9661 -0.2566
vn 0.0646 0.9659 -0.2506
vn 0.1788 0.9645 0.1942
vn 0.1483 0.9641 0.2201
vn -0.4172 0.7940 -0.4422
vn -0.1788 0.9645 -0.1942
vn 0.0823 0.9658 0.2458
vn 0.2590 0.9627 0.0779
vn 0.2453 0.9631 0.1105
vn 0.5805 0.7871 -0.2087
vn 0.2528 0.9629 -0.0942
vn 0.2639 0.9626 -0.0608
vn -0.1492 0.9650 -0.2155
vn -0.2640 0.9626 0.0608
vn -0.2701 0.9625 0.0262
vn 0.6094 0.7856 0.1069
vn -0.2529 0.9629 0.0942
vn 0.0995 0.8009 0.5905
vn 0.0462 0.9660 0.2543
vn -0.1169 0.9654 -0.2329
vn 0.2370 0.9633 -0.1260
vn -0.1336 0.9652 0.2246
vn -0.1646 0.9648 0.2052
vn 0.1001 0.9656 -0.2398
vn 0.1335 0.9653 -0.2246
vn -0.1834 0.7999 -0.5715
vn -0.0823 0.9658 -0.2459
vn 0.2274 0.9635 0.1412
vn 0.2054 0.9631 0.1738
vn -0.2273 0.9635 -0.1412
vn -0.2053 0.9631 -0.1739
vn 0.1694 0.9638 -0.2059
vn -0.2747 0.9615 -0.0122
vn 0.2701 0.9625 -0.0262
vn -0.2417 0.9623 0.1248
vn -0.0688 0.9650 0.2530
vn -0.0000 1.0000 -0.0000
vn -0.0000 1.0000 -0.0001
vn 0.8423 0.3831 0.3790
vn 0.8198 0.2610 0.5097
vn 0.7963 -0.4865 0.3595
vn 0.6653 -0.6217 0.4135
vn 0.7158 -0.6194 0.3226
vn 0.7347 0.5027 0.4557
vn 0.7896 0.4999 0.3558
vn 0.8420 -0.3831 0.3798
vn 0.7402 -0.4893 0.4612
vn 0.6759 0.6087 0.4155
vn 0.7258 0.6052 0.3270
vn 0.8198 -0.2610 0.5097
vn 0.8806 -0.2592 0.3968
vn 0.5767 0.5716 0.5837
vn 0.7027 0.6371 0.3166
vn 0.8421 0.1314 0.5231
vn 0.4244 -0.8662 0.2637
vn 0.4579 -0.8648 0.2063
vn 0.6022 -0.6245 0.4973
vn 0.7111 0.3874 0.5867
vn 0.7833 0.3856 0.4876
vn 0.6658 0.5052 0.5490
vn 0.7105 -0.3875 0.5874
vn 0.7840 -0.3856 0.4866
vn 0.7437 -0.2627 0.6147
vn 0.4883 0.5754 0.6561
vn 0.6237 0.3899 0.6775
vn 0.6233 -0.3903 0.6775
vn 0.6708 -0.4931 0.5540
vn 0.6076 0.6116 0.5067
vn 0.5838 0.5087 0.6327
vn 0.5368 0.6177 0.5747
vn 0.6529 -0.2645 0.7098
vn 0.6713 0.1334 0.7291
vn 0.7437 0.2627 0.6147
vn 0.3347 -0.8694 0.3636
vn 0.3133 -0.8928 0.3235
vn 0.5278 -0.6274 0.5725
vn 0.5485 -0.2663 0.7927
vn 0.5690 -0.0000 0.8223
vn 0.5642 0.1343 0.8146
vn 0.5490 0.2660 0.7924
vn 0.6529 0.2645 0.7097
vn 0.4422 -0.6302 0.6382
vn 0.4934 -0.4966 0.7141
vn 0.5882 -0.4959 0.6388
vn 0.5242 0.3928 0.7556
vn 0.5233 -0.3927 0.7562
vn 0.4511 0.6171 0.6447
vn 0.6841 0.5674 0.4583
vn 0.4324 0.2677 0.8610
vn 0.2195 -0.8721 0.4373
vn 0.2101 -0.8954 0.3926
vn 0.3479 -0.6326 0.6920
vn 0.3856 0.5134 0.7667
vn 0.4885 0.5115 0.7070
vn 0.3874 -0.5000 0.7746
vn 0.4320 -0.2679 0.8612
vn 0.6148 0.5702 0.5449
vn 0.3560 0.6230 0.6965
vn 0.4490 -0.0000 0.8936
vn 0.2525 0.6217 0.7414
vn 0.3056 -0.2692 0.9133
vn 0.4121 -0.3954 0.8208
vn 0.5350 0.5717 0.6220
vn 0.3147 0.1362 0.9394
vn 0.4445 0.1357 0.8854
vn 0.3060 0.2691 0.9132
vn 0.2456 -0.6349 0.7325
vn 0.4120 0.3948 0.8212
vn 0.2714 0.5153 0.8129
vn 0.2920 -0.3964 0.8704
vn 0.1725 0.2699 0.9473
vn 0.0868 -0.8742 0.4778
vn 0.0906 -0.8971 0.4325
vn 0.2914 0.3965 0.8706
vn 0.1537 -0.5024 0.8508
vn 0.2759 -0.5019 0.8197
vn 0.1536 0.5168 0.8422
vn 0.1637 -0.3976 0.9028
vn 0.1721 -0.2700 0.9474
vn -0.0600 0.5861 0.8080
vn 0.5426 0.3907 0.7436
vn 0.0331 0.3981 0.9168
vn 0.1635 0.3980 0.9027
vn 0.0301 -0.5032 0.8636
vn 0.1380 -0.6360 0.7593
vn 0.0310 0.5174 0.8552
vn 0.1359 0.6232 0.7702
vn 0.0322 -0.3985 0.9166
vn -0.1733 0.5836 0.7934
vn 0.0272 -0.6367 0.7706
vn -0.0848 0.6223 0.7782
vn 0.0277 0.6314 0.7750
vn -0.1073 -0.1367 0.9848
vn -0.1073 0.1367 0.9848
vn 0.0348 0.1368 0.9900
vn -0.0834 -0.6366 0.7667
vn -0.0353 -0.8974 0.4398
vn -0.0921 0.5171 0.8509
vn -0.0950 -0.5037 0.8586
vn -0.0998 -0.3983 0.9118
vn -0.2472 0.1363 0.9593
vn -0.1214 -0.8739 0.4708
vn -0.0997 -0.8970 0.4307
vn -0.1001 0.3983 0.9118
vn -0.2169 -0.5019 0.8373
vn -0.2133 0.5162 0.8295
vn -0.1916 0.6226 0.7587
vn -0.1043 -0.2709 0.9569
vn 0.1137 0.5833 0.8043
vn -0.3534 0.3957 0.8477
vn -0.3540 -0.3955 0.8475
vn -0.2285 -0.3977 0.8886
vn -0.2982 0.6209 0.7250
vn -0.0030 0.5835 0.8121
vn -0.3713 -0.2687 0.8888
vn -0.3812 -0.1357 0.9145
vn -0.2410 0.2698 0.9323
vn -0.2978 -0.6335 0.7142
vn -0.1932 -0.6354 0.7476
vn -0.3324 -0.5003 0.7995
vn -0.5064 0.1350 0.8516
vn -0.3958 -0.6318 0.6664
vn -0.2173 -0.8952 0.3890
vn -0.4385 0.5123 0.7385
vn -0.3311 0.5150 0.7906
vn -0.4699 -0.3937 0.7901
vn -0.3982 0.6186 0.6773
vn -0.4923 -0.2671 0.8285
vn -0.1220 0.5806 0.8050
vn -0.6028 0.2651 0.7526
vn -0.3083 -0.8702 0.3844
vn -0.2708 -0.8940 0.3569
vn -0.4703 0.3935 0.7899
vn -0.4425 -0.4980 0.7458
vn -0.4862 -0.6286 0.6070
vn -0.5378 0.5096 0.6716
vn -0.5442 -0.4961 0.6765
vn -0.6036 -0.2650 0.7520
vn -0.6514 0.5688 0.5021
vn -0.2066 0.3958 0.8948
vn -0.6197 0.1340 0.7733
vn -0.4960 0.6157 0.6123
vn -0.6264 0.5066 0.5924
vn -0.7011 -0.2633 0.6627
vn -0.5755 -0.3920 0.7178
vn -0.7142 0.5661 0.4116
vn -0.6197 -0.1340 0.7733
vn -0.7006 0.2636 0.6631
vn -0.5667 -0.6256 0.5362
vn -0.5760 0.3912 0.7177
vn -0.6689 0.3891 0.6334
vn -0.6691 -0.3891 0.6332
vn -0.7198 0.1331 0.6813
vn -0.7841 0.2618 0.5627
vn -0.4049 -0.8670 0.2904
vn -0.3622 -0.8913 0.2728
vn -0.6318 -0.4924 0.5986
vn -0.6356 -0.6229 0.4560
vn -0.7493 -0.3867 0.5376
vn -0.6416 0.6102 0.4647
vn -0.5760 0.6162 0.5371
vn -0.7844 -0.2616 0.5624
vn -0.7637 0.5647 0.3129
vn -0.7201 -0.1326 0.6811
vn -0.8058 -0.1321 0.5773
vn -0.7080 -0.4898 0.5088
vn -0.6922 -0.6208 0.3680
vn -0.7025 0.5037 0.5027
vn -0.8150 0.3845 0.4336
vn -0.7713 -0.4880 0.4086
vn -0.6995 0.6076 0.3761
vn -0.8527 -0.2599 0.4531
vn -0.8754 -0.1313 0.4652
vn -0.8126 -0.0000 0.5828
vn -0.4422 -0.8656 0.2351
vn -0.6124 0.5728 0.5449
vn -0.7466 0.6042 0.2783
vn -0.9052 -0.2583 0.3374
vn -0.9369 -0.0000 0.3496
vn -0.8830 -0.0000 0.4694
vn -0.9050 0.2588 0.3376
vn -0.7363 -0.6184 0.2746
vn -0.7643 0.5013 0.4056
vn -0.8656 0.3827 0.3229
vn -0.8150 -0.3846 0.4336
vn -0.8194 -0.4860 0.3040
vn -0.7670 -0.6169 0.1767
vn -0.4452 -0.8881 0.1143
vn -0.9415 0.2579 0.2169
vn -0.8532 -0.4835 0.1955
vn -0.8121 0.4993 0.3020
vn -0.9008 0.3813 0.2075
vn -0.8656 -0.3824 0.3231
vn -0.8447 0.4984 0.1951
vn -0.9415 -0.2579 0.2169
vn -0.8281 0.5606 0.0004
vn -0.7368 0.3853 0.5556
vn -0.9663 -0.1300 0.2221
vn -0.9208 0.3797 0.0892
vn -0.9204 -0.3807 0.0893
vn -0.9007 -0.3814 0.2079
vn -0.7937 0.6029 0.0806
vn -0.7755 0.6072 0.1730
vn -0.9618 -0.2573 0.0933
vn -0.8202 0.5619 -0.1076
vn -0.9870 -0.1294 0.0953
vn -0.7844 -0.6156 0.0760
vn -0.4573 -0.8876 0.0553
vn -0.8715 -0.4828 0.0854
vn -0.9659 0.2569 -0.0313
vn -0.5060 -0.8624 -0.0165
vn -0.4609 -0.8875 -0.0036
vn -0.9246 0.3797 -0.0297
vn -0.7875 -0.6158 -0.0258
vn -0.8675 0.4966 -0.0277
vn -0.8635 0.4975 0.0828
vn -0.8749 -0.4834 -0.0299
vn -0.7976 0.6027 -0.0225
vn -0.9658 -0.2572 -0.0316
vn -0.4984 -0.8631 -0.0815
vn -0.9537 0.2572 -0.1560
vn -0.8640 -0.4830 -0.1421
vn -0.9125 0.3809 -0.1493
vn -0.9245 -0.3800 -0.0298
vn -0.7877 0.6033 -0.1251
vn -0.9536 -0.2575 -0.1561
vn -0.7629 0.5648 -0.3146
vn -0.8960 0.3808 0.2284
vn -0.9785 -0.1299 -0.1602
vn -0.7639 0.6045 -0.2259
vn -0.8554 0.4987 -0.1399
vn -0.9251 -0.2578 -0.2788
vn -0.9125 -0.3810 -0.1493
vn -0.9494 0.1303 -0.2858
vn -0.7532 -0.6176 -0.2266
vn -0.7772 -0.6161 -0.1278
vn -0.8376 -0.4844 -0.2527
vn -0.8852 0.3819 -0.2658
vn -0.9038 0.1309 -0.4075
vn -0.4576 -0.8649 -0.2062
vn -0.4218 -0.8891 -0.1778
vn -0.8424 0.3830 -0.3789
vn -0.7964 -0.4862 -0.3597
vn -0.8293 0.4997 -0.2502
vn -0.8420 -0.3831 -0.3798
vn -0.8848 -0.3825 -0.2661
vn -0.7896 0.5009 -0.3546
vn -0.8262 0.5607 -0.0545
vn -0.7248 0.6098 -0.3207
vn -0.6651 -0.6219 -0.4133
vn -0.7157 -0.6194 -0.3226
vn -0.7346 0.5027 -0.4557
vn -0.7402 -0.4893 -0.4612
vn -0.6759 0.6087 -0.4155
vn -0.8198 -0.2610 -0.5097
vn -0.8806 -0.2595 -0.3964
vn -0.5767 0.5716 -0.5837
vn -0.9158 0.3794 -0.1318
vn -0.8418 0.1317 -0.5234
vn -0.8198 0.2610 -0.5097
vn -0.8804 0.2595 -0.3970
vn -0.4244 -0.8662 -0.2637
vn -0.4883 0.5754 -0.6561
vn -0.7643 0.1324 -0.6311
vn -0.6022 -0.6246 -0.4972
vn -0.7836 0.3855 -0.4871
vn -0.7443 0.2627 -0.6140
vn -0.6659 0.5052 -0.5489
vn -0.7105 -0.3879 -0.5871
vn -0.7841 -0.3856 -0.4864
vn -0.7441 -0.2625 -0.6144
vn -0.6533 0.2643 -0.7095
vn -0.3347 -0.8694 -0.3636
vn -0.3133 -0.8928 -0.3235
vn -0.6241 0.3898 -0.6771
vn -0.7102 0.3879 -0.5875
vn -0.6721 -0.4912 -0.5541
vn -0.5277 -0.6272 -0.5729
vn -0.5838 0.5081 -0.6332
vn -0.6233 -0.3904 -0.6775
vn -0.6036 0.6181 -0.5036
vn -0.5367 0.6177 -0.5748
vn -0.6709 0.1335 -0.7294
vn -0.5233 -0.3927 -0.7562
vn -0.5881 -0.4960 -0.6388
vn -0.4895 0.5105 -0.7069
vn -0.6535 -0.2645 -0.7092
vn -0.2851 0.5796 -0.7634
vn -0.7958 0.3833 -0.4687
vn -0.5690 -0.0000 -0.8224
vn -0.5638 0.1345 -0.8149
vn -0.5489 0.2661 -0.7924
vn -0.4422 -0.6303 -0.6381
vn -0.4949 -0.4967 -0.7130
vn -0.5240 0.3928 -0.7557
vn -0.4442 0.1354 -0.8856
vn -0.4324 0.2677 -0.8610
vn -0.2197 -0.8719 -0.4376
vn -0.2101 -0.8954 -0.3926
vn -0.3477 -0.6325 -0.6921
vn -0.3856 0.5134 -0.7667
vn -0.3875 -0.5000 -0.7745
vn -0.4447 0.6173 -0.6490
vn -0.4320 -0.2679 -0.8612
vn -0.3561 0.6230 -0.6965
vn -0.1547 -0.8733 -0.4620
vn -0.4119 0.3945 -0.8214
vn -0.2459 -0.6345 -0.7328
vn -0.2729 0.5153 -0.8124
vn -0.2913 -0.3966 -0.8705
vn -0.4128 -0.3950 -0.8207
vn -0.2525 0.6217 -0.7414
vn -0.5350 0.5717 -0.6221
vn -0.4446 -0.1354 -0.8855
vn -0.3144 -0.1360 -0.9395
vn 0.0601 0.5861 -0.8080
vn -0.5426 0.3908 -0.7436
vn -0.0868 -0.8742 -0.4778
vn -0.2910 0.3963 -0.8708
vn -0.1538 -0.5025 -0.8508
vn -0.2760 -0.5019 -0.8197
vn -0.1537 0.5167 -0.8422
vn -0.0356 0.1366 -0.9900
vn -0.0275 -0.6364 -0.7709
vn -0.1380 -0.6360 -0.7593
vn -0.0330 0.3981 -0.9167
vn -0.0301 -0.5032 -0.8636
vn -0.0310 0.5175 -0.8551
vn -0.1643 -0.3982 -0.9025
vn -0.1349 0.6296 -0.7651
vn 0.1734 0.5836 -0.7933
vn 0.0836 -0.6367 -0.7666
vn 0.0921 0.5172 -0.8509
vn -0.0327 -0.3983 -0.9167
vn 0.0949 -0.5037 -0.8586
vn 0.0808 0.6236 -0.7776
vn -0.0219 0.6272 -0.7786
vn 0.0353 -0.8974 -0.4398
vn 0.0998 0.3979 -0.9120
vn 0.1215 -0.8737 -0.4711
vn 0.0997 -0.8970 -0.4307
vn 0.2287 0.3970 -0.8889
vn 0.2167 -0.5020 -0.8373
vn 0.0994 -0.3982 -0.9119
vn 0.1916 0.6226 -0.7587
vn 0.3921 0.5784 -0.7153
vn -0.1872 0.3960 -0.8990
vn 0.2409 0.2698 -0.9323
vn 0.1931 -0.6357 -0.7474
vn 0.1878 -0.8730 -0.4501
vn 0.3534 0.3957 -0.8477
vn 0.3342 -0.5001 -0.7989
vn 0.2148 0.5161 -0.8292
vn 0.2291 -0.3973 -0.8886
vn 0.3291 0.5151 -0.7915
vn 0.3538 -0.3959 -0.8474
vn 0.2954 0.6243 -0.7231
vn 0.3817 -0.1355 -0.9143
vn 0.3818 0.1355 -0.9143
vn 0.4699 0.3933 -0.7903
vn 0.4432 -0.4980 -0.7454
vn 0.3982 0.6186 -0.6773
vn 0.4927 -0.2669 -0.8283
vn 0.1221 0.5807 -0.8049
vn 0.4923 0.2671 -0.8285
vn 0.3964 -0.6314 -0.6665
vn 0.2983 -0.6337 -0.7138
vn 0.6029 -0.2654 -0.7524
vn 0.6202 -0.1341 -0.7729
vn 0.6029 0.2654 -0.7524
vn 0.3083 -0.8702 -0.3844
vn 0.2713 -0.8940 -0.3566
vn 0.4866 -0.6283 -0.6070
vn 0.5378 0.5096 -0.6716
vn 0.4397 0.5128 -0.7374
vn 0.4695 -0.3934 -0.7904
vn 0.5442 -0.4961 -0.6765
vn 0.6517 0.5696 -0.5008
vn 0.2068 0.3958 -0.8948
vn 0.7006 0.2636 -0.6631
vn 0.5667 -0.6256 -0.5362
vn 0.5762 0.3911 -0.7177
vn 0.6259 0.5067 -0.5928
vn 0.6696 -0.3888 -0.6328
vn 0.5754 -0.3915 -0.7180
vn 0.4960 0.6157 -0.6123
vn 0.7011 -0.2633 -0.6627
vn 0.5682 0.6165 -0.5450
vn 0.6256 -0.0000 -0.7802
vn 0.6416 0.6102 -0.4647
vn 0.7844 -0.2616 -0.5624
vn 0.7637 0.5647 -0.3129
vn 0.4503 0.3925 -0.8020
vn 0.7201 -0.1326 -0.6811
vn 0.8056 -0.1321 -0.5775
vn 0.8053 0.1321 -0.5780
vn 0.7198 0.1331 -0.6813
vn 0.7841 0.2618 -0.5627
vn 0.4049 -0.8670 -0.2904
vn 0.3622 -0.8913 -0.2728
vn 0.6698 0.3886 -0.6327
vn 0.7089 -0.4898 -0.5074
vn 0.6310 -0.4934 -0.5987
vn 0.7493 0.3867 -0.5377
vn 0.7492 -0.3867 -0.5376
vn 0.8752 -0.1313 -0.4657
vn 0.6356 -0.6233 -0.4555
vn 0.4425 -0.8654 -0.2352
vn 0.8524 0.2602 -0.4535
vn 0.6921 -0.6205 -0.3687
vn 0.7018 0.5052 -0.5023
vn 0.8155 -0.3841 -0.4330
vn 0.6995 0.6076 -0.3761
vn 0.9052 0.2582 -0.3374
vn 0.7707 -0.4872 -0.4107
vn 0.7363 -0.6184 -0.2746
vn 0.7644 0.5013 -0.4055
vn 0.8656 0.3827 -0.3229
vn 0.8194 -0.4860 -0.3040
vn 0.7444 0.6055 -0.2815
vn 0.9052 -0.2585 -0.3372
vn 0.6163 0.5701 -0.5432
vn 0.8828 -0.0000 -0.4697
vn 0.9289 0.1305 -0.3466
vn 0.4715 -0.8642 -0.1758
vn 0.8281 0.5605 -0.0004
vn 0.7338 0.3846 -0.5601
vn 0.9289 -0.1302 -0.3466
vn 0.9415 -0.2579 -0.2169
vn 0.9663 -0.1300 -0.2221
vn 0.9415 0.2579 -0.2169
vn 0.4920 -0.8632 -0.1133
vn 0.8532 -0.4836 -0.1956
vn 0.8121 0.4992 -0.3020
vn 0.9008 0.3813 -0.2075
vn 0.8656 -0.3827 -0.3229
vn 0.8447 0.4984 -0.1952
vn 0.9869 0.1297 -0.0957
vn 0.7839 -0.6162 -0.0763
vn 0.7672 -0.6168 -0.1762
vn 0.9618 0.2573 -0.0938
vn 0.8718 -0.4827 -0.0837
vn 0.9204 0.3805 -0.0899
vn 0.9008 -0.3814 -0.2075
vn 0.7937 0.6029 -0.0806
vn 0.7709 0.6116 -0.1780
vn 0.8202 0.5618 0.1076
vn 0.8675 0.4966 0.0276
vn 0.8635 0.4975 -0.0827
vn 0.9204 -0.3807 -0.0893
vn 0.8755 -0.4824 0.0286
vn 0.9658 -0.2572 0.0316
vn 0.7951 0.6062 0.0206
vn 0.9911 0.1293 0.0321
vn 0.9660 0.2568 0.0313
vn 0.5060 -0.8624 0.0165
vn 0.4609 -0.8875 0.0036
vn 0.9245 0.3799 0.0307
vn 0.7875 -0.6158 0.0258
vn 0.9785 0.1298 0.1602
vn 0.9537 0.2572 0.1557
vn 0.4987 -0.8629 0.0816
vn 0.8639 -0.4832 0.1420
vn 0.8563 0.4972 0.1394
vn 0.9245 -0.3800 0.0298
vn 0.7877 0.6032 0.1251
vn 0.9537 -0.2572 0.1562
vn 0.7641 0.5637 0.3136
vn 0.8961 0.3806 -0.2284
vn 0.9253 0.2580 0.2781
vn 0.7771 -0.6163 0.1272
vn 0.4825 -0.8638 0.1451
vn 0.9125 0.3809 0.1493
vn 0.8376 -0.4844 0.2527
vn 0.8852 0.3819 0.2657
vn 0.9126 -0.3806 0.1490
vn 0.7639 0.6045 0.2259
vn 0.7158 0.5653 0.4100
vn 0.9496 -0.1301 0.2853
vn 0.9496 0.1301 0.2853
vn 0.8293 0.5000 0.2494
vn 0.8849 -0.3820 0.2663
vn 0.7531 -0.6175 0.2270
vn -0.0523 -0.9986 -0.0086
vn -0.0448 -0.9982 0.0410
vn 0.0449 -0.9981 -0.0410
vn 0.0054 -0.9987 -0.0499
vn 0.0506 -0.9986 0.0152
vn 0.0591 -0.9981 0.0188
vn 0.0159 -0.9982 -0.0571
vn -0.0228 -0.9987 -0.0453
vn -0.0375 -0.9987 0.0355
vn 0.0094 -0.9982 0.0584
vn 0.0021 -0.9973 0.0734
vn 0.0462 -0.9981 0.0396
vn -0.0422 -0.9972 -0.0617
vn -0.0591 -0.9981 -0.0189
vn -0.0515 -0.9986 0.0119
vn 0.0401 -0.9982 0.0452
vn 0.0609 -0.9981 -0.0129
vn -0.0776 -0.9970 -0.0029
vn 0.0550 -0.9981 -0.0279
vn -0.0504 -0.9981 0.0348
vn 0.0240 -0.9982 -0.0545
vn 0.0316 -0.9982 -0.0509
vn -0.0328 -0.9972 -0.0666
vn -0.0203 -0.9983 -0.0539
vn -0.0240 -0.9982 0.0545
vn -0.0085 -0.9973 0.0730
vn 0.0090 -0.9987 0.0494
vn -0.0558 -0.9981 -0.0263
vn -0.0279 -0.9983 -0.0505
vn 0.0421 -0.9972 0.0617
vn 0.0279 -0.9983 0.0505
vn 0.0522 -0.9986 0.0085
vn -0.0529 -0.9986 -0.0016
vn 0.0598 -0.9982 -0.0078
vn -0.0022 -0.9973 -0.0735
vn -0.0000 -1.0000 -0.0000
vn -0.0749 -0.9957 0.0537
vn 0.0936 -0.9956 -0.0093
vn 0.0678 -0.9958 0.0610
vn -0.0031 -0.9960 -0.0889
vn -0.0738 -0.9972 -0.0123
vn 0.0563 -0.9973 0.0468
vn 0.0381 -0.9960 -0.0809
vn -0.0008 -0.9961 0.0886
vn -0.0828 -0.9957 -0.0415
vn 0.0749 -0.9957 -0.0537
vn -0.0461 -0.9959 0.0776
vn 0.8039 -0.1241 0.5817
vn 0.8349 -0.1840 0.5187
vn 0.9283 -0.1226 0.3510
vn 0.9415 -0.1827 0.2832
vn 0.9711 -0.1814 0.1553
vn 0.9830 -0.1811 0.0287
vn 0.9785 -0.1812 -0.0983
vn 0.9575 -0.1816 -0.2240
vn 0.9202 -0.1819 -0.3467
vn 0.8679 -0.1840 -0.4614
vn 0.7987 -0.1846 -0.5727
vn 0.7139 -0.1859 -0.6751
vn 0.6145 -0.1873 -0.7663
vn 0.5020 -0.1881 -0.8442
vn 0.3780 -0.1904 -0.9060
vn 0.2415 -0.1904 -0.9515
vn 0.1026 -0.1909 -0.9762
vn -0.0389 -0.1910 -0.9808
vn -0.1793 -0.1906 -0.9652
vn -0.3118 -0.1901 -0.9309
vn -0.4406 -0.1892 -0.8776
vn -0.5592 -0.1879 -0.8075
vn -0.6654 -0.1866 -0.7228
vn -0.7577 -0.1853 -0.6257
vn -0.8349 -0.1840 -0.5187
vn -0.8964 -0.1830 -0.4038
vn -0.9426 -0.1819 -0.2799
vn -0.9711 -0.1813 -0.1553
vn -0.9830 -0.1811 -0.0287
vn -0.9784 -0.1818 0.0984
vn -0.9576 -0.1812 0.2240
vn -0.9199 -0.1830 0.3467
vn -0.8664 -0.1829 0.4646
vn -0.7987 -0.1846 0.5727
vn -0.7139 -0.1859 0.6751
vn -0.6145 -0.1873 0.7663
vn -0.5019 -0.1886 0.8441
vn -0.3780 -0.1898 0.9061
vn -0.2415 -0.1904 0.9515
vn -0.1026 -0.1909 0.9762
vn 0.0389 -0.1910 0.9808
vn 0.1793 -0.1901 0.9653
vn 0.3117 -0.1908 0.9308
vn 0.4406 -0.1887 0.8776
vn 0.5591 -0.1886 0.8074
vn 0.6654 -0.1866 0.7228
vn 0.0151 -0.9998 0.0094
vn 0.0145 -0.9998 0.0106
vn -0.0242 -0.9972 -0.0701
vn -0.0340 -0.9972 -0.0663
vn -0.0432 -0.9972 -0.0613
vn -0.0516 -0.9972 -0.0549
vn -0.0592 -0.9971 -0.0483
vn 0.0158 -0.9998 -0.0084
vn 0.0144 -0.9998 -0.0103
vn 0.0128 -0.9998 -0.0121
vn 0.0107 -0.9999 -0.0134
vn -0.0774 -0.9970 0.0081
vn -0.0758 -0.9970 0.0179
vn -0.0722 -0.9970 0.0276
vn -0.0675 -0.9970 0.0367
vn -0.0616 -0.9971 0.0450
vn -0.0054 -0.9999 -0.0161
vn -0.0079 -0.9998 -0.0158
vn -0.0098 -0.9999 -0.0141
vn -0.0119 -0.9998 -0.0129
vn -0.0136 -0.9998 -0.0113
vn -0.0151 -0.9998 -0.0094
vn -0.0163 -0.9998 -0.0073
vn 0.0242 -0.9972 0.0701
vn 0.0340 -0.9972 0.0663
vn 0.0432 -0.9972 0.0613
vn 0.0516 -0.9971 0.0551
vn -0.0166 -0.9998 0.0062
vn -0.0158 -0.9998 0.0084
vn -0.0144 -0.9998 0.0103
vn -0.0128 -0.9998 0.0121
vn -0.0107 -0.9999 0.0134
vn 0.0774 -0.9970 -0.0081
vn 0.0759 -0.9970 -0.0179
vn 0.0722 -0.9970 -0.0276
vn 0.0675 -0.9970 -0.0366
vn 0.0616 -0.9971 -0.0450
vn 0.0543 -0.9971 -0.0525
vn 0.0465 -0.9972 -0.0591
vn 0.0376 -0.9972 -0.0645
vn 0.0119 -0.9998 0.0129
vn -0.0786 -0.9968 0.0143
vn 0.5462 -0.7659 0.3393
vn 0.5889 -0.7639 0.2640
vn 0.6198 -0.7623 0.1864
vn 0.6400 -0.7612 0.1047
vn 0.6487 -0.7608 0.0212
vn 0.6460 -0.7608 -0.0626
vn 0.6313 -0.7618 -0.1453
vn 0.6058 -0.7629 -0.2258
vn -0.0228 -0.9971 0.0727
vn 0.5688 -0.7649 -0.3024
vn 0.5207 -0.7670 -0.3749
vn 0.4633 -0.7693 -0.4398
vn 0.3969 -0.7717 -0.4970
vn 0.3227 -0.7737 -0.5452
vn 0.2429 -0.7758 -0.5824
vn 0.1572 -0.7771 -0.6094
vn 0.0681 -0.7780 -0.6245
vn -0.0224 -0.7781 -0.6278
vn -0.1124 -0.7776 -0.6186
vn 0.0710 -0.9968 0.0359
vn -0.1842 -0.7842 -0.5925
vn -0.2847 -0.7749 -0.5643
vn -0.3448 -0.7807 -0.5212
vn -0.4327 -0.7705 -0.4682
vn -0.4945 -0.7681 -0.4068
vn -0.5468 -0.7659 -0.3383
vn -0.5889 -0.7639 -0.2640
vn -0.6198 -0.7623 -0.1864
vn -0.6400 -0.7612 -0.1047
vn -0.6487 -0.7608 -0.0212
vn -0.6457 -0.7610 0.0626
vn 0.0330 -0.9970 -0.0695
vn -0.6057 -0.7630 0.2258
vn -0.6252 -0.7694 0.1310
vn -0.5682 -0.7649 0.3035
vn -0.5207 -0.7670 0.3749
vn -0.4633 -0.7693 0.4398
vn -0.3969 -0.7717 0.4970
vn -0.3227 -0.7739 0.5450
vn -0.2418 -0.7757 0.5829
vn -0.1572 -0.7771 0.6094
vn -0.0681 -0.7779 0.6246
vn 0.0224 -0.7781 0.6278
vn 0.1125 -0.7774 0.6188
vn 0.2001 -0.7765 0.5975
vn 0.2849 -0.7746 0.5646
vn 0.3613 -0.7729 0.5217
vn 0.4327 -0.7704 0.4682
vn -0.0596 -0.9945 -0.0861
vn 0.4945 -0.7681 0.4068
vn -0.9117 -0.0000 -0.4109
vn -0.5866 0.0750 -0.8064
vn -0.5882 -0.0000 -0.8087
vn -0.1850 0.9753 0.1205
vn -0.2238 0.9745 0.0168
vn -0.0967 0.9766 0.1922
vn 0.0178 0.9770 0.2123
vn 0.1275 0.9762 0.1753
vn 0.2028 0.9749 0.0914
vn 0.2238 0.9745 -0.0168
vn 0.1850 0.9753 -0.1206
vn 0.0967 0.9766 -0.1922
vn -0.0178 0.9770 -0.2123
vn 0.0836 -0.0000 0.9965
vn -0.4481 0.0756 0.8908
vn -0.4494 -0.0000 0.8933
vn -0.1275 0.9762 -0.1753
vn -0.2028 0.9749 -0.0914
vn -0.6028 0.7502 -0.2716
vn -0.6628 0.7471 0.0497
vn -0.8356 0.0745 0.5443
vn -0.8378 -0.0000 0.5460
vn -0.0825 0.0758 -0.9937
vn -0.0836 -0.0000 -0.9965
vn 0.4493 -0.0000 -0.8934
vn 0.4481 0.0756 -0.8908
vn 0.8379 -0.0000 -0.5459
vn 0.8356 0.0735 -0.5444
vn 0.9972 -0.0000 -0.0750
vn 0.9944 0.0734 -0.0755
vn 0.9093 0.0730 0.4097
vn 0.9117 -0.0000 0.4109
vn 0.5866 0.0750 0.8064
vn 0.5882 -0.0000 0.8087
vn 0.2512 0.2529 0.9343
vn -0.9945 0.0724 0.0755
vn -0.9972 -0.0000 0.0751
vn -0.9375 0.2418 -0.2504
vn -0.5623 0.7500 0.3483
vn -0.3423 0.7288 0.5930
vn 0.3715 0.7572 0.5372
vn 0.5983 0.7485 0.2861
vn 0.6663 0.7449 -0.0353
vn 0.5623 0.7500 -0.3482
vn 0.3066 0.7590 -0.5744
vn -0.0382 0.7627 -0.6457
vn -0.3715 0.7572 -0.5372
vn 0.0737 0.7134 0.6968
vn 0.9687 0.1632 0.1868
vn 0.3970 0.8347 0.3817
vn 0.7202 0.0406 0.6926
vn 0.5584 0.8280 0.0505
vn 0.5248 0.8045 0.2782
vn 0.9704 0.0390 -0.2383
vn 0.5435 0.8287 -0.1335
vn 0.1221 0.9893 -0.0795
vn 0.1434 0.9890 -0.0352
vn 0.4565 0.8272 -0.3275
vn 0.0860 0.9897 -0.1143
vn 0.3126 0.8323 -0.4577
vn 0.0395 0.9900 -0.1352
vn -0.0197 0.8367 -0.5473
vn 0.1212 0.8220 -0.5565
vn -0.0616 0.9899 -0.1276
vn 0.0113 0.9854 -0.1701
vn -0.3838 0.8300 -0.4047
vn -0.2842 0.8191 -0.4982
vn -0.1337 0.9892 -0.0602
vn -0.1068 0.9848 -0.1371
vn -0.5636 0.8226 -0.0753
vn -0.5496 0.8095 -0.2064
vn -0.5570 0.8230 0.1117
vn -0.1748 0.9838 -0.0401
vn -0.4850 0.8263 0.2864
vn -0.1788 0.9837 0.0189
vn -0.3543 0.8311 0.4286
vn -0.1612 0.9840 0.0756
vn -0.1789 0.8352 0.5200
vn -0.1242 0.9846 0.1233
vn 0.0199 0.8366 0.5475
vn -0.0722 0.9851 0.1562
vn 0.2158 0.8347 0.5067
vn -0.0113 0.9853 0.1702
vn 0.1039 0.9896 0.0999
vn 0.0509 0.9852 0.1635
vn 0.6336 0.1686 0.7551
vn 0.0836 0.0415 0.9956
vn 0.1475 0.9890 0.0133
vn 0.1338 0.9892 0.0603
vn 0.9292 0.1643 -0.3311
vn 0.7653 0.1668 -0.6217
vn 0.5036 0.1699 -0.8471
vn 0.1673 0.1732 -0.9706
vn -0.8527 0.1657 -0.4955
vn -0.1313 0.3034 -0.9438
vn -0.9686 0.1636 -0.1873
vn -0.9769 0.1635 0.1375
vn -0.8776 0.1653 0.4500
vn -0.6738 0.1681 0.7195
vn -0.3794 0.1709 0.9093
vn -0.0282 0.1722 0.9847
vn -0.0834 -0.0000 -0.9965
vn -0.4346 -0.0000 -0.9006
vn 0.8169 0.5652 0.1147
vn 0.9712 -0.0000 -0.2385
vn -0.2804 -0.0000 0.9599
vn -0.9117 -0.0000 -0.4108
vn 0.6013 -0.0000 -0.7990
vn 0.4345 -0.0000 0.9007
vn -0.9712 -0.0000 0.2383
vn 0.9117 -0.0000 0.4108
vn -0.6013 -0.0000 0.7990
vn 0.9959 -0.0000 0.0903
vn -0.7208 -0.0000 -0.6931
vn 0.8379 -0.0000 -0.5458
vn 0.0833 -0.0000 0.9965
vn -0.9959 -0.0000 -0.0903
vn 0.2804 -0.0000 -0.9599
vn 0.7208 -0.0000 0.6931
vn 0.8967 -0.0921 -0.4330
vn 0.9712 -0.0000 -0.2384
vn 0.9679 -0.0810 -0.2379
vn -0.6251 -0.0995 -0.7741
vn -0.4330 -0.0844 -0.8974
vn -0.3956 -0.0833 0.9146
vn -0.5993 -0.0792 0.7966
vn 0.9748 -0.0860 0.2059
vn 0.9087 -0.0815 0.4093
vn 0.0390 -0.0891 -0.9953
vn 0.2791 -0.0988 -0.9552
vn -0.7626 -0.4913 -0.4208
vn -0.8379 -0.0000 0.5459
vn -0.9712 -0.0000 0.2384
vn 0.6251 -0.0995 0.7742
vn 0.4344 -0.0000 0.9007
vn 0.4332 -0.0799 0.8978
vn 0.6940 -0.0864 -0.7148
vn -0.9742 -0.0960 -0.2041
vn -0.9116 -0.0000 -0.4112
vn -0.9091 -0.0772 -0.4095
vn 0.0834 -0.0000 0.9965
vn -0.2802 -0.0000 0.9599
vn -0.7207 -0.0000 -0.6932
vn -0.1296 -0.6121 0.7801
vn 0.6358 -0.5994 0.4862
vn 0.8378 -0.0000 -0.5460
vn -0.2803 -0.0000 0.9599
vn 0.9711 -0.0000 -0.2385
vn -0.8378 -0.0000 0.5459
vn -0.7208 -0.0000 -0.6932
vn -0.9711 -0.0000 0.2385
vn 0.4346 -0.0000 0.9006
vn 0.2802 -0.0000 -0.9599
vn 0.6014 -0.0000 -0.7990
vn 0.6014 -0.0000 -0.7989
vn -0.2805 -0.0000 0.9599
vn 0.8378 -0.0000 -0.5459
vn -0.6014 -0.0000 0.7990
vn 0.9711 -0.0000 -0.2387
vn -0.9711 -0.0000 0.2387
vn 0.2805 -0.0000 -0.9599
vn -0.0000 -1.0000 0.0001
vn -0.1477 0.9868 -0.0665
vn -0.1368 0.9869 -0.0850
vn -0.2305 0.9625 -0.1432
vn -0.2488 0.9620 -0.1121
vn -0.3566 0.9207 -0.1586
vn -0.3299 0.9215 -0.2050
vn -0.4603 0.8636 -0.2055
vn -0.4264 0.8649 -0.2649
vn -0.5547 0.7936 -0.2499
vn -0.5148 0.7954 -0.3198
vn -0.5993 0.7536 -0.2701
vn -0.5563 0.7557 -0.3456
vn -0.5029 0.7579 -0.4155
vn -0.1232 0.9871 -0.1018
vn -0.2079 0.9630 -0.1717
vn -0.2977 0.9225 -0.2458
vn -0.3850 0.8664 -0.3180
vn -0.4652 0.7975 -0.3842
vn -0.1076 0.9873 -0.1168
vn -0.1813 0.9635 -0.1969
vn -0.2598 0.9235 -0.2822
vn -0.3363 0.8680 -0.3653
vn -0.4067 0.7996 -0.4418
vn -0.4399 0.7604 -0.4779
vn -0.2811 0.8696 -0.4060
vn -0.3403 0.8017 -0.4915
vn -0.3681 0.7627 -0.5317
vn -0.0897 0.9875 -0.1296
vn -0.1514 0.9640 -0.2186
vn -0.2193 0.9274 -0.3031
vn -0.0703 0.9877 -0.1400
vn -0.1186 0.9644 -0.2362
vn -0.1701 0.9254 -0.3388
vn -0.2205 0.8709 -0.4391
vn -0.2670 0.8037 -0.5318
vn -0.2890 0.7648 -0.5758
vn -0.0835 0.9648 -0.2494
vn -0.1198 0.9261 -0.3578
vn -0.1554 0.8721 -0.4641
vn -0.1884 0.8050 -0.5626
vn -0.2039 0.7664 -0.6091
vn -0.0684 0.9915 -0.1104
vn -0.1058 0.8062 -0.5821
vn -0.1146 0.7676 -0.6306
vn -0.0278 0.9879 -0.1527
vn -0.0469 0.9650 -0.2579
vn -0.0673 0.9266 -0.3701
vn -0.0915 0.8753 -0.4749
vn -0.0055 0.9879 -0.1549
vn -0.0093 0.9652 -0.2615
vn -0.0134 0.9268 -0.3754
vn -0.0174 0.8732 -0.4871
vn -0.0211 0.8064 -0.5910
vn -0.0228 0.7681 -0.6399
vn 0.0407 0.9267 -0.3736
vn 0.0529 0.8731 -0.4847
vn 0.0641 0.8063 -0.5881
vn 0.0694 0.7680 -0.6367
vn 0.0168 0.9879 -0.1542
vn 0.0136 0.9685 -0.2485
vn 0.1602 0.7671 -0.6212
vn 0.0388 0.9879 -0.1505
vn 0.0656 0.9649 -0.2542
vn 0.0941 0.9264 -0.3647
vn 0.1220 0.8725 -0.4731
vn 0.1480 0.8055 -0.5738
vn 0.0602 0.9877 -0.1442
vn 0.1015 0.9646 -0.2432
vn 0.1456 0.9257 -0.3490
vn 0.1888 0.8715 -0.4525
vn 0.2288 0.8043 -0.5484
vn 0.2476 0.7657 -0.5937
vn 0.1943 0.9249 -0.3267
vn 0.2517 0.8703 -0.4233
vn 0.3049 0.8026 -0.5127
vn 0.3299 0.7638 -0.5548
vn 0.0803 0.9876 -0.1350
vn 0.1355 0.9642 -0.2278
vn 0.0990 0.9874 -0.1234
vn 0.1669 0.9638 -0.2081
vn 0.2392 0.9240 -0.2983
vn 0.3098 0.8688 -0.3863
vn 0.3748 0.8006 -0.4674
vn 0.3910 0.7760 -0.4949
vn 0.1952 0.9632 -0.1846
vn 0.2796 0.9230 -0.2644
vn 0.3618 0.8672 -0.3422
vn 0.4308 0.8031 -0.4117
vn 0.4752 0.7453 -0.4676
vn 0.0721 0.9915 -0.1083
vn 0.4832 0.8038 -0.3471
vn 0.5632 0.7246 -0.3971
vn 0.1304 0.9870 -0.0935
vn 0.2198 0.9627 -0.1576
vn 0.3147 0.9220 -0.2257
vn 0.4002 0.8683 -0.2930
vn 0.1426 0.9869 -0.0758
vn 0.2403 0.9622 -0.1278
vn 0.3439 0.9210 -0.1828
vn 0.4443 0.8642 -0.2362
vn 0.5354 0.7966 -0.2806
vn 0.5658 0.7752 -0.2808
vn 0.3667 0.9202 -0.1367
vn 0.4736 0.8629 -0.1765
vn 0.5710 0.7929 -0.2129
vn 0.6168 0.7528 -0.2300
vn 0.1522 0.9867 -0.0567
vn 0.2387 0.9657 -0.1026
vn 0.6430 0.7514 -0.1481
vn 0.1589 0.9866 -0.0366
vn 0.2677 0.9615 -0.0616
vn 0.3827 0.9197 -0.0881
vn 0.4940 0.8620 -0.1137
vn 0.5954 0.7917 -0.1371
vn 0.2740 0.9614 -0.0266
vn 0.3917 0.9193 -0.0380
vn 0.5055 0.8614 -0.0490
vn 0.6090 0.7910 -0.0590
vn 0.6577 0.7506 -0.0638
vn 0.1284 0.9909 -0.0409
vn 0.3935 0.9192 0.0129
vn 0.5077 0.8614 0.0166
vn 0.6117 0.7908 0.0200
vn 0.6606 0.7505 0.0216
vn 0.1634 0.9865 0.0053
vn 0.2752 0.9613 0.0090
vn 0.1611 0.9866 0.0263
vn 0.2714 0.9614 0.0444
vn 0.3880 0.9195 0.0635
vn 0.5008 0.8617 0.0819
vn 0.6035 0.7913 0.0987
vn 0.6517 0.7509 0.1066
vn 0.3755 0.9199 0.1129
vn 0.4848 0.8624 0.1458
vn 0.5844 0.7922 0.1758
vn 0.6312 0.7520 0.1899
vn 0.1559 0.9867 0.0469
vn 0.2534 0.9653 0.0630
vn 0.4598 0.8635 0.2072
vn 0.5547 0.7936 0.2499
vn 0.5993 0.7536 0.2700
vn 0.1477 0.9868 0.0665
vn 0.2489 0.9620 0.1121
vn 0.3560 0.9206 0.1604
vn 0.1368 0.9869 0.0850
vn 0.2305 0.9625 0.1432
vn 0.3299 0.9215 0.2050
vn 0.4264 0.8649 0.2649
vn 0.5148 0.7954 0.3198
vn 0.5563 0.7556 0.3457
vn 0.3850 0.8664 0.3180
vn 0.4652 0.7975 0.3842
vn 0.5029 0.7580 0.4154
vn 0.1232 0.9871 0.1018
vn 0.2079 0.9630 0.1717
vn 0.2969 0.9254 0.2354
vn 0.4398 0.7604 0.4779
vn 0.1076 0.9873 0.1168
vn 0.1813 0.9635 0.1969
vn 0.2598 0.9235 0.2822
vn 0.3363 0.8680 0.3653
vn 0.4067 0.7996 0.4418
vn 0.1514 0.9640 0.2186
vn 0.2170 0.9245 0.3134
vn 0.2811 0.8696 0.4060
vn 0.3403 0.8017 0.4915
vn 0.3681 0.7627 0.5317
vn 0.0973 0.9913 0.0888
vn 0.2205 0.8710 0.4391
vn 0.2669 0.8038 0.5317
vn 0.2890 0.7648 0.5758
vn 0.0703 0.9877 0.1400
vn 0.1186 0.9644 0.2362
vn 0.1701 0.9254 0.3388
vn 0.0495 0.9878 0.1477
vn 0.0835 0.9648 0.2494
vn 0.1198 0.9261 0.3578
vn 0.1554 0.8721 0.4641
vn 0.1884 0.8050 0.5626
vn 0.2039 0.7665 0.6090
vn 0.0673 0.9266 0.3701
vn 0.0873 0.8728 0.4802
vn 0.1059 0.8060 0.5824
vn 0.1146 0.7677 0.6305
vn 0.0278 0.9879 0.1527
vn 0.0577 0.9684 0.2426
vn 0.0228 0.7681 0.6399
vn 0.0055 0.9879 0.1548
vn 0.0093 0.9651 0.2616
vn 0.0134 0.9268 0.3754
vn 0.0174 0.8732 0.4871
vn 0.0211 0.8064 0.5910
vn -0.0168 0.9879 0.1542
vn -0.0284 0.9651 0.2603
vn -0.0407 0.9267 0.3736
vn -0.0529 0.8730 0.4848
vn -0.0641 0.8063 0.5881
vn -0.0694 0.7680 0.6367
vn -0.0941 0.9264 0.3647
vn -0.1220 0.8725 0.4731
vn -0.1479 0.8058 0.5734
vn -0.1602 0.7671 0.6212
vn -0.0389 0.9878 0.1506
vn -0.0655 0.9650 0.2541
vn -0.0601 0.9877 0.1441
vn -0.1015 0.9646 0.2433
vn -0.1456 0.9257 0.3490
vn -0.1888 0.8716 0.4525
vn -0.2288 0.8043 0.5484
vn -0.2476 0.7657 0.5937
vn -0.0802 0.9876 0.1349
vn -0.1355 0.9642 0.2278
vn -0.1943 0.9249 0.3267
vn -0.2517 0.8703 0.4233
vn -0.3049 0.8026 0.5127
vn -0.3299 0.7638 0.5549
vn -0.2392 0.9240 0.2983
vn -0.3098 0.8688 0.3863
vn -0.3748 0.8006 0.4674
vn -0.4054 0.7616 0.5056
vn -0.0990 0.9874 0.1234
vn -0.1669 0.9638 0.2081
vn -0.1158 0.9872 0.1095
vn -0.1952 0.9632 0.1846
vn -0.2796 0.9230 0.2644
vn -0.3618 0.8672 0.3422
vn -0.4374 0.7985 0.4136
vn -0.4729 0.7591 0.4473
vn -0.2198 0.9627 0.1576
vn -0.3147 0.9220 0.2257
vn -0.4069 0.8656 0.2918
vn -0.4914 0.7964 0.3524
vn -0.5312 0.7568 0.3810
vn -0.0870 0.9914 0.0980
vn -0.5362 0.7945 0.2851
vn -0.5794 0.7546 0.3081
vn -0.1425 0.9869 0.0758
vn -0.2404 0.9622 0.1278
vn -0.3439 0.9210 0.1828
vn -0.4379 0.8669 0.2383
vn -0.1522 0.9867 0.0568
vn -0.2564 0.9618 0.0956
vn -0.3667 0.9202 0.1367
vn -0.4736 0.8629 0.1765
vn -0.5710 0.7929 0.2129
vn -0.6168 0.7528 0.2300
vn -0.3827 0.9197 0.0881
vn -0.4940 0.8620 0.1137
vn -0.5954 0.7917 0.1371
vn -0.6430 0.7514 0.1481
vn -0.1589 0.9866 0.0366
vn -0.2511 0.9654 0.0709
vn -0.6576 0.7506 0.0638
vn -0.1627 0.9866 0.0158
vn -0.2740 0.9614 0.0266
vn -0.3917 0.9193 0.0380
vn -0.5054 0.8615 0.0490
vn -0.6090 0.7910 0.0590
vn -0.1633 0.9866 -0.0053
vn -0.2752 0.9613 -0.0090
vn -0.3935 0.9192 -0.0129
vn -0.5078 0.8613 -0.0166
vn -0.6117 0.7908 -0.0200
vn -0.6606 0.7505 -0.0216
vn -0.5008 0.8617 -0.0819
vn -0.6035 0.7913 -0.0987
vn -0.6517 0.7510 -0.1066
vn -0.1612 0.9866 -0.0264
vn -0.2714 0.9614 -0.0444
vn -0.3818 0.9226 -0.0550
vn -0.1559 0.9867 -0.0469
vn -0.2626 0.9617 -0.0790
vn -0.3755 0.9199 -0.1129
vn -0.4848 0.8624 -0.1458
vn -0.5844 0.7922 -0.1758
vn -0.6312 0.7520 -0.1899
vn -0.7129 0.0708 -0.6977
vn -0.2141 -0.9677 -0.1332
vn -0.8399 0.1494 -0.5218
vn -0.6104 0.0713 -0.7889
vn 0.0451 -0.9845 -0.1697
vn -0.4946 0.0718 -0.8662
vn 0.0724 -0.9837 -0.1645
vn -0.3675 0.0722 -0.9272
vn 0.0918 -0.9841 -0.1518
vn -0.2317 0.0725 -0.9701
vn 0.1127 -0.9839 -0.1385
vn -0.0914 0.0726 -0.9932
vn 0.1316 -0.9837 -0.1227
vn -0.0088 -0.9693 -0.2458
vn 0.1515 -0.9829 -0.1048
vn -0.1244 0.0727 -0.9896
vn 0.0267 -0.9693 -0.2445
vn 0.0191 0.0727 -0.9972
vn 0.0616 -0.9691 -0.2388
vn 0.1622 0.0726 -0.9841
vn 0.0944 -0.9695 -0.2262
vn 0.5812 0.0713 -0.8106
vn 0.2995 0.0658 -0.9518
vn 0.6793 0.0712 -0.7304
vn 0.1844 -0.9828 0.0073
vn 0.7284 -0.0537 -0.6830
vn 0.1816 -0.9829 0.0310
vn 0.8173 -0.0843 -0.5700
vn 0.1755 -0.9830 0.0540
vn 0.9093 0.0605 -0.4116
vn 0.1661 -0.9832 0.0762
vn 0.2447 -0.9653 -0.0912
vn 0.1535 -0.9834 0.0967
vn 0.9033 0.0696 -0.4234
vn 0.2515 -0.9661 -0.0579
vn 0.9509 0.0692 -0.3016
vn 0.2576 -0.9659 -0.0250
vn 0.9820 0.0689 -0.1756
vn 0.2587 -0.9659 0.0085
vn 0.9965 0.0689 -0.0473
vn 0.2552 -0.9660 0.0417
vn 0.9943 0.0689 0.0815
vn 0.2468 -0.9662 0.0742
vn 0.9754 0.0690 0.2094
vn 0.2316 -0.9672 0.1043
vn 0.8007 0.0702 0.5949
vn 0.9409 0.0630 0.3329
vn 0.7137 0.0707 0.6969
vn -0.0185 -0.9850 0.1718
vn 0.6091 0.0714 0.7899
vn -0.0450 -0.9845 0.1697
vn 0.4946 0.0718 0.8661
vn -0.0724 -0.9837 0.1645
vn 0.3675 0.0722 0.9272
vn -0.0918 -0.9841 0.1518
vn 0.2316 0.0725 0.9701
vn -0.1101 -0.9844 0.1376
vn 0.0923 0.0725 0.9931
vn -0.1355 -0.9830 0.1235
vn 0.0088 -0.9693 0.2456
vn -0.1516 -0.9829 0.1048
vn 0.1261 0.0727 0.9894
vn -0.0267 -0.9693 0.2445
vn -0.0191 0.0727 0.9972
vn -0.0616 -0.9691 0.2389
vn -0.1622 0.0726 0.9841
vn -0.0944 -0.9695 0.2262
vn -0.5820 0.0714 0.8100
vn -0.2995 0.0658 0.9518
vn -0.6882 0.0709 0.7221
vn -0.1844 -0.9828 -0.0073
vn -0.7798 0.0704 0.6221
vn -0.1816 -0.9829 -0.0310
vn -0.8560 0.0699 0.5122
vn -0.1755 -0.9830 -0.0541
vn -0.9154 0.0693 0.3965
vn -0.1661 -0.9832 -0.0762
vn -0.2409 -0.9664 0.0899
vn -0.1535 -0.9834 -0.0967
vn -0.9026 0.0697 0.4248
vn -0.2555 -0.9650 0.0588
vn -0.9509 0.0692 0.3016
vn -0.2576 -0.9659 0.0250
vn -0.9821 0.0689 0.1756
vn -0.2559 -0.9667 -0.0084
vn -0.9965 0.0689 0.0473
vn -0.2551 -0.9660 -0.0417
vn -0.9943 0.0689 -0.0815
vn -0.2468 -0.9662 -0.0742
vn -0.9754 0.0690 -0.2094
vn -0.2341 -0.9665 -0.1055
vn -0.9408 0.0630 -0.3329
vn 0.5996 -0.7535 0.2697
vn 0.6316 -0.7518 0.1894
vn 0.6520 -0.7508 0.1062
vn 0.6607 -0.7503 0.0215
vn 0.6578 -0.7505 -0.0635
vn 0.6435 -0.7511 -0.1477
vn 0.6169 -0.7527 -0.2300
vn 0.5795 -0.7545 -0.3080
vn 0.5314 -0.7567 -0.3809
vn 0.4729 -0.7591 -0.4473
vn 0.4057 -0.7614 -0.5057
vn 0.3301 -0.7637 -0.5548
vn 0.2478 -0.7656 -0.5937
vn 0.1608 -0.7669 -0.6213
vn 0.0697 -0.7677 -0.6370
vn -0.0227 -0.7682 -0.6398
vn -0.1146 -0.7675 -0.6307
vn -0.2046 -0.7661 -0.6092
vn -0.2893 -0.7647 -0.5758
vn -0.3684 -0.7626 -0.5317
vn -0.4401 -0.7603 -0.4778
vn -0.5031 -0.7579 -0.4153
vn -0.5564 -0.7556 -0.3457
vn -0.5996 -0.7535 -0.2697
vn -0.6314 -0.7519 -0.1897
vn -0.6521 -0.7507 -0.1063
vn -0.6609 -0.7502 -0.0216
vn -0.6580 -0.7504 0.0635
vn -0.6434 -0.7512 0.1476
vn -0.6168 -0.7527 0.2301
vn -0.5795 -0.7545 0.3080
vn -0.5313 -0.7567 0.3809
vn -0.4730 -0.7591 0.4473
vn -0.4055 -0.7615 0.5057
vn -0.3300 -0.7637 0.5549
vn -0.2479 -0.7656 0.5936
vn -0.1603 -0.7670 0.6213
vn -0.0697 -0.7681 0.6366
vn 0.0229 -0.7679 0.6401
vn 0.1146 -0.7675 0.6307
vn 0.2046 -0.7663 0.6090
vn 0.2894 -0.7646 0.5758
vn 0.3685 -0.7626 0.5317
vn 0.4400 -0.7603 0.4779
vn 0.5031 -0.7579 0.4153
vn 0.5566 -0.7555 0.3456
vn 0.9860 -0.1492 -0.0750
vn 0.9971 -0.0000 -0.0755
vn 0.0067 -0.9980 0.0633
vn 0.1262 -0.9767 0.1735
vn 0.0179 -0.9775 0.2102
vn -0.0275 -0.9979 0.0580
vn -0.0957 -0.9771 0.1903
vn -0.0545 -0.9978 0.0372
vn -0.1832 -0.9758 0.1194
vn -0.0671 -0.9977 0.0063
vn -0.2216 -0.9750 0.0167
vn -0.2026 -0.9753 -0.0877
vn -0.1293 -0.9766 -0.1720
vn -0.0621 -0.9977 -0.0267
vn -0.0068 -0.9980 -0.0633
vn -0.0176 -0.9775 -0.2103
vn 0.0928 -0.9770 -0.1920
vn 0.0545 -0.9978 -0.0372
vn 0.1832 -0.9758 -0.1194
vn -0.4439 -0.1558 0.8824
vn 0.0668 -0.9977 -0.0065
vn 0.2216 -0.9750 -0.0167
vn 0.2026 -0.9753 0.0877
vn 0.0610 -0.9977 0.0291
vn 0.5545 -0.7938 0.2498
vn 0.3519 -0.8013 0.4838
vn 0.0817 -0.1571 0.9842
vn 0.8282 -0.1516 -0.5396
vn 0.4439 -0.1558 -0.8824
vn 0.4494 -0.0000 -0.8933
vn -0.0816 -0.1573 -0.9842
vn -0.5812 -0.1546 -0.7990
vn -0.9013 -0.1507 -0.4061
vn -0.9860 -0.1492 0.0749
vn -0.9972 -0.0000 0.0752
vn -0.8621 -0.2698 0.4290
vn 0.5811 -0.1551 0.7989
vn 0.8264 -0.2707 0.4937
vn -0.2504 -0.8015 0.5431
vn -0.4985 -0.7938 0.3483
vn -0.6116 -0.7885 0.0653
vn -0.5657 -0.7909 -0.2333
vn -0.3703 -0.7983 -0.4749
vn -0.0705 -0.8043 -0.5901
vn 0.2501 -0.8017 -0.5429
vn 0.4985 -0.7938 -0.3483
vn 0.6119 -0.7883 -0.0652
vn 0.0369 -0.9979 0.0526
vn 0.0337 -0.7378 0.6742
vn -0.9028 -0.1400 -0.4067
vn -0.7007 -0.2348 -0.6737
vn -0.8872 -0.2305 -0.3997
vn -0.7135 -0.1424 -0.6861
vn -0.4220 -0.2383 -0.8747
vn -0.4300 -0.1450 -0.8911
vn -0.0812 -0.2406 -0.9672
vn -0.0823 -0.1463 -0.9858
vn 0.2723 -0.2396 -0.9319
vn 0.2775 -0.1458 -0.9496
vn 0.5843 -0.2363 -0.7764
vn 0.5950 -0.1437 -0.7908
vn 0.8150 -0.2321 -0.5310
vn 0.8295 -0.1410 -0.5404
vn 0.9453 -0.2292 -0.2321
vn 0.9617 -0.1391 -0.2360
vn 0.9696 -0.2285 0.0877
vn 0.9863 -0.1388 0.0891
vn 0.8873 -0.2301 0.3997
vn 0.9028 -0.1400 0.4067
vn 0.7007 -0.2344 0.6738
vn 0.7135 -0.1424 0.6861
vn 0.4220 -0.2388 0.8746
vn 0.4300 -0.1450 0.8911
vn 0.0812 -0.2401 0.9673
vn 0.0823 -0.1463 0.9858
vn -0.2723 -0.2396 0.9319
vn -0.2776 -0.1458 0.9496
vn -0.5843 -0.2363 0.7764
vn -0.5950 -0.1437 0.7908
vn -0.8151 -0.2317 0.5310
vn -0.9617 -0.1391 0.2361
vn -0.9452 -0.2297 0.2321
vn -0.0233 -0.9789 -0.2029
vn 0.1478 -0.9843 -0.0963
vn 0.0744 -0.9961 -0.0484
vn -0.9696 -0.2285 -0.0877
vn -0.9863 -0.1388 -0.0896
vn -0.0776 -0.9678 -0.2394
vn -0.3176 -0.6826 -0.6582
vn -0.0609 -0.6861 -0.7249
vn 0.0353 -0.6362 0.7707
vn -0.2848 -0.1925 0.9391
vn -0.2056 -0.6273 0.7512
vn -0.2569 -0.9648 -0.0557
vn -0.7427 -0.6662 -0.0672
vn -0.6771 -0.6697 -0.3051
vn -0.2597 -0.9542 0.1487
vn -0.3360 -0.9341 -0.1211
vn -0.1907 -0.9557 0.2241
vn -0.7205 -0.6726 0.1687
vn -0.0983 -0.9571 0.2727
vn -0.6206 -0.6776 0.3947
vn 0.0062 -0.9576 0.2882
vn -0.4450 -0.6844 0.5776
vn 0.1099 -0.9570 0.2686
vn -0.2111 -0.6900 0.6923
vn 0.2002 -0.9556 0.2163
vn 0.0519 -0.6915 0.7205
vn 0.5311 -0.6761 0.5107
vn 0.3077 -0.6882 0.6570
vn 0.2995 -0.9531 0.0440
vn 0.1759 -0.9381 0.2984
vn 0.2974 -0.9531 -0.0556
vn 0.6692 -0.6753 0.3102
vn 0.2597 -0.9542 -0.1487
vn 0.7370 -0.6717 0.0745
vn 0.1904 -0.9558 -0.2242
vn 0.7205 -0.6726 -0.1688
vn 0.4413 -0.6793 -0.5864
vn 0.6206 -0.6776 -0.3947
vn -0.0064 -0.9575 -0.2882
vn 0.2793 -0.9358 -0.2152
vn 0.2111 -0.6900 -0.6923
vn -0.5237 -0.6796 -0.5137
vn -0.2658 -0.9540 -0.1385
vn -0.0575 -0.9395 -0.3378
vn 0.1784 -0.9812 0.0742
vn 0.1252 -0.9848 0.1204
vn 0.0767 -0.9872 0.1400
vn -0.1082 -0.9822 0.1535
vn -0.1470 -0.9845 0.0957
vn -0.1738 -0.9839 0.0426
vn -0.0843 -0.9824 -0.1666
vn -0.0142 -0.9855 -0.1692
vn 0.0481 -0.9852 -0.1646
vn 0.1746 -0.9774 -0.1190
vn 0.1620 -0.9841 0.0730
vn 0.0827 -0.9959 0.0373
vn 0.0953 -0.9785 0.1830
vn -0.1015 -0.9866 0.1279
vn -0.0524 -0.9962 0.0696
vn -0.1775 -0.9812 -0.0762
vn -0.1252 -0.9848 -0.1204
vn -0.0752 -0.9849 -0.1559
vn 0.1737 -0.9839 -0.0426
vn 0.0889 -0.9958 -0.0218
vn 0.1405 -0.9818 0.1279
vn 0.0131 -0.9856 0.1687
vn -0.1575 -0.9815 0.1087
vn -0.1803 -0.9835 -0.0144
vn 0.0501 -0.9454 -0.3220
vn 0.0796 -0.9451 0.3170
vn -0.3403 -0.9401 0.0205
vn 0.1556 -0.9439 -0.2912
vn 0.3179 -0.9404 -0.1209
vn -0.2066 -0.9768 0.0569
vn -0.0787 -0.9448 -0.3180
vn 0.0997 -0.9350 0.3402
vn -0.3419 -0.9397 0.0097
vn -0.3028 -0.9527 -0.0271
vn -0.4616 -0.8623 -0.2080
vn -0.2749 -0.9535 -0.1237
vn 0.0245 -0.9572 0.2883
vn -0.1377 -0.8712 0.4713
vn -0.0816 -0.9569 0.2787
vn -0.2138 -0.9550 -0.2057
vn -0.3635 -0.8635 -0.3496
vn 0.2945 -0.9529 -0.0721
vn 0.5100 -0.8591 0.0433
vn 0.3028 -0.9527 0.0274
vn -0.1269 -0.9564 -0.2629
vn -0.0433 -0.8720 -0.4877
vn -0.0245 -0.9572 -0.2883
vn -0.2509 -0.9541 0.1635
vn -0.2997 -0.8669 0.3984
vn -0.4258 -0.8612 0.2774
vn 0.2748 -0.9535 0.1237
vn 0.3602 -0.8662 0.3464
vn 0.2139 -0.9550 0.2056
vn 0.0815 -0.9569 -0.2787
vn 0.2997 -0.8669 -0.3984
vn 0.1771 -0.9557 -0.2351
vn -0.2947 -0.9529 0.0716
vn -0.6927 -0.6979 0.1818
vn 0.1269 -0.9564 0.2629
vn 0.3158 -0.7123 0.6268
vn 0.4219 -0.8640 -0.2749
vn 0.5910 -0.7032 -0.3952
vn -0.5186 -0.7059 -0.4825
vn -0.1770 -0.9557 0.2352
vn 0.7154 -0.6967 0.0535
vn -0.0674 -0.7162 -0.6946
vn -0.5895 -0.7030 0.3979
vn 0.5162 -0.7063 0.4844
vn 0.2509 -0.9541 -0.1635
vn -0.4062 -0.8953 -0.1830
vn -0.1231 -0.9024 0.4130
vn -0.3160 -0.8988 -0.3039
vn 0.4472 -0.8936 0.0395
vn -0.0367 -0.9030 -0.4281
vn -0.3703 -0.8970 0.2413
vn 0.3167 -0.8983 0.3046
vn 0.2620 -0.9001 -0.3481
vn -0.6273 -0.7600 0.1700
vn 0.2907 -0.7726 0.5644
vn 0.5314 -0.7646 -0.3647
vn -0.4732 -0.7670 -0.4333
vn -0.1615 -0.7751 0.6109
vn 0.6499 -0.7588 0.0432
vn -0.0693 -0.7759 -0.6271
vn -0.5317 -0.7646 0.3642
vn 0.4732 -0.7670 0.4333
vn 0.3705 -0.7705 -0.5187
vn -0.3219 -0.9356 -0.1451
vn -0.0955 -0.9402 0.3269
vn -0.2509 -0.9375 -0.2412
vn 0.3547 -0.9345 0.0313
vn -0.0290 -0.9407 -0.3381
vn -0.2076 -0.9385 0.2758
vn -0.2943 -0.9363 0.1917
vn 0.2507 -0.9376 0.2410
vn 0.2076 -0.9385 -0.2759
vn -0.3449 -0.9348 0.0847
vn -0.4128 -0.9105 0.0262
vn 0.1488 -0.9395 0.3084
vn 0.0998 -0.9182 0.3834
vn 0.3788 -0.9118 -0.1587
vn -0.2320 -0.9161 -0.3271
vn 0.3976 -0.9111 0.1090
vn 0.0448 -0.9186 -0.3927
vn 0.2994 -0.9144 -0.2726
vn -0.2988 -0.6551 -0.6940
vn -0.0820 -0.1977 -0.9768
vn -0.0644 -0.6386 -0.7668
vn 0.9558 -0.1897 -0.2247
vn 0.7830 -0.6179 0.0708
vn 0.7627 -0.6190 -0.1873
vn -0.9558 -0.1897 0.2247
vn -0.7831 -0.6179 -0.0708
vn -0.7627 -0.6190 0.1873
vn 0.8276 -0.1922 -0.5274
vn 0.6546 -0.6243 -0.4264
vn 0.3017 -0.6555 0.6923
vn 0.0435 -0.2329 0.9715
vn -0.5262 -0.6486 -0.5499
vn -0.3939 -0.2266 -0.8908
vn 0.7000 -0.1943 0.6872
vn 0.5609 -0.6281 0.5393
vn -0.8909 -0.1910 -0.4121
vn -0.7143 -0.6215 -0.3218
vn -0.8276 -0.1922 0.5274
vn -0.6546 -0.6243 0.4264
vn 0.5978 -0.1957 -0.7774
vn 0.4662 -0.6314 -0.6196
vn -0.6002 -0.1927 0.7763
vn -0.4657 -0.6343 0.6171
vn 0.2429 -0.6562 -0.7145
vn 0.8909 -0.1911 0.4121
vn 0.7143 -0.6215 0.3218
vn 0.9764 -0.2071 0.0605
vn -0.9691 -0.2170 -0.1173
vn -0.7157 -0.1952 -0.6705
vn 0.2619 -0.1999 -0.9442
vn 0.4394 -0.1967 0.8765
vn 0.2803 -0.0000 -0.9599
vn 0.8712 0.0947 -0.4817
vn -0.2559 0.1596 0.9534
vn -0.9055 0.1180 0.4075
vn 0.9942 -0.1076 -0.0091
vn -0.8669 -0.1223 -0.4833
vn -0.9944 -0.0874 0.0589
vn 0.6172 -0.6587 0.4304
vn -0.9209 -0.2595 -0.2909
vn 0.9965 -0.0735 0.0406
vn -0.4562 0.7656 0.4536
vn 0.9919 0.1063 -0.0689
vn -0.9945 0.0885 0.0562
vn -0.9341 0.3005 -0.1927
vn 0.8558 0.1439 -0.4969
vn 0.9929 0.1124 0.0385
vn 0.3256 -0.3832 -0.8643
vn -0.2492 -0.2411 0.9380
vn 0.5018 -0.0668 0.8624
vn 0.8366 0.5326 0.1283
vn -0.9712 0.0757 -0.2259
vn 0.9694 0.0728 0.2346
vn -0.3467 -0.8552 -0.3853
vn -0.3566 0.2173 -0.9086
vn 0.0137 -0.2416 -0.9703
vn 0.4259 0.3078 0.8508
vn -0.4545 -0.8908 -0.0027
vn -0.0289 -0.1333 0.9907
vn -0.9617 0.2008 -0.1867
vn 0.2710 0.6342 0.7241
vn 0.6017 -0.5015 -0.6216
vn -0.3634 0.6621 -0.6554
vn 0.3068 -0.9506 0.0472
vn 0.4995 -0.3224 0.8041
vn 0.4825 0.8748 -0.0431
vn -0.7680 0.4095 0.4923
vn 0.9563 -0.1566 0.2468
vn -0.7322 -0.5286 0.4295
vn -0.3890 -0.2882 -0.8750
vn 0.9384 0.1286 0.3209
vn -0.9205 0.1352 -0.3667
vn 0.9948 0.0739 -0.0706
vn -0.6985 -0.1490 -0.6999
vn -0.6672 0.1663 -0.7261
vn 0.6960 -0.1369 -0.7049
vn -0.7042 0.0846 0.7049
vn -0.6447 -0.7423 -0.1827
vn -0.9181 -0.2098 0.3362
vn -0.9103 -0.0001 -0.4139
vn -0.3477 -0.0020 -0.9376
vn 0.4526 -0.0027 -0.8917
vn 0.9490 -0.0017 -0.3152
vn 0.9103 0.0001 0.4139
vn 0.3477 0.0020 0.9376
vn -0.4526 0.0027 0.8917
vn -0.9490 0.0017 0.3152
vn -0.1953 -0.5488 -0.8128
vn -0.8488 0.3604 -0.3869
vn -0.5398 0.3731 -0.7546
vn -0.6400 -0.5318 0.5546
vn 0.0745 0.3770 0.9232
vn -0.4149 0.3868 0.8235
vn -0.7788 0.3698 0.5067
vn -0.7813 -0.3658 0.5058
vn 0.2655 -0.5457 -0.7948
vn -0.0729 0.3858 -0.9197
vn 0.4181 0.3690 -0.8301
vn 0.4174 -0.3868 -0.8223
vn 0.8324 -0.5266 -0.1728
vn 0.7770 0.3736 -0.5067
vn 0.9318 0.3565 -0.0682
vn 0.9262 -0.3713 -0.0657
vn 0.5885 -0.5372 0.6042
vn 0.8465 0.3658 0.3868
vn 0.1899 -0.5427 0.8182
vn 0.5385 0.3833 0.7504
vn 0.3795 -0.6727 0.6352
vn -0.9291 0.3638 0.0663
vn -0.9299 -0.3616 0.0676
vn -0.7505 -0.6608 -0.0031
vn -0.0010 -1.0000 0.0023
vn -0.1952 -0.5487 -0.8129
vn -0.8488 0.3605 -0.3869
vn -0.5399 0.3730 -0.7546
vn -0.6357 -0.5344 0.5570
vn -0.4163 0.3792 0.8264
vn -0.8310 -0.5267 0.1790
vn -0.7788 0.3700 0.5066
vn 0.2655 -0.5456 -0.7948
vn -0.0727 0.3857 -0.9197
vn 0.4172 0.3742 -0.8282
vn 0.4189 -0.3791 -0.8251
vn 0.7813 0.3608 -0.5094
vn 0.7779 -0.3775 -0.5024
vn 0.8141 -0.5265 0.2451
vn 0.9269 0.3691 -0.0678
vn 0.8465 0.3659 0.3868
vn 0.8470 -0.3656 0.3860
vn 0.5404 0.3755 0.7530
vn 0.5425 -0.3731 0.7527
vn 0.3795 -0.6726 0.6352
vn -0.8151 -0.5260 -0.2426
vn -0.9261 0.3713 0.0663
vn -0.7506 -0.6608 -0.0031
vn 0.0010 1.0000 -0.0023
vn 0.8593 0.0545 -0.5085
vn 0.9494 -0.0456 0.3107
vn 0.9102 0.0294 -0.4130
vn 0.3338 -0.1351 0.9329
vn -0.9972 0.0544 0.0511
vn -0.6826 0.1176 0.7213
vn -0.5961 0.0759 0.7993
vn -0.7573 -0.0317 -0.6523
vn -0.9868 0.0250 0.1603
vn -0.0502 -0.0900 -0.9947
vn -0.8269 -0.0482 -0.5603
vn 0.6919 -0.0857 -0.7169
vn 0.6044 -0.0948 -0.7910
vn 0.9985 -0.0282 -0.0469
vn 0.9879 -0.0389 -0.1503
vn 0.7626 0.0575 0.6443
vn 0.0629 0.1230 0.9904
vn -0.7349 0.0183 -0.6779
vn -0.5825 0.0305 -0.8123
vn -0.0162 0.0701 -0.9974
vn -0.6296 0.0387 0.7760
vn -0.5706 0.0284 0.8207
vn -0.9870 0.0987 0.1268
vn 0.4548 -0.1033 0.8846
vn -0.2317 -0.1418 0.9624
vn -0.3464 -0.1048 0.9322
vn -0.9768 0.0861 0.1962
vn -0.8048 0.1077 -0.5837
vn -0.9993 -0.0376 0.0089
vn -0.9831 -0.1646 -0.0808
vn 0.1323 -0.0444 0.9902
vn 0.3422 -0.2367 0.9093
vn -0.7187 -0.0648 0.6923
vn -0.7592 -0.2082 0.6166
vn -0.8306 -0.0084 -0.5568
vn -0.3643 0.0199 -0.9311
vn -0.1790 -0.0124 -0.9838
vn 0.8004 -0.0887 0.5928
vn 0.8816 -0.2794 0.3805
vn 0.6790 -0.1529 0.7180
vn 0.0114 -0.0522 0.9986
vn -0.9871 -0.0000 0.1602
vn -0.9313 -0.0498 -0.3608
vn 0.3967 -0.2233 -0.8904
vn 0.9903 -0.0804 -0.1131
vn 0.9948 -0.0853 0.0548
vn 0.7337 -0.0029 0.6795
vn -0.9491 0.0326 -0.3133
vn -0.5519 0.1179 -0.8255
vn -0.4517 0.0866 -0.8880
vn -0.5981 0.0078 0.8014
vn -0.9261 -0.0654 0.3716
vn -0.3899 -0.1348 -0.9109
vn 0.6381 -0.0236 -0.7696
vn 0.7733 -0.0469 -0.6323
vn 0.9987 0.0488 -0.0117
vn -0.9100 -0.0447 0.4122
vn -0.9778 0.0310 -0.2072
vn 0.1789 0.0135 0.9838
vn -0.3868 -0.0695 0.9195
vn -0.9202 -0.0810 -0.3829
vn -0.1382 0.0612 -0.9885
vn 0.7153 0.0806 -0.6941
vn -0.8563 -0.0732 0.5113
vn 0.9338 -0.0405 0.3555
vn 0.8316 0.0101 0.5553
vn 0.0823 -0.0566 -0.9950
vn 0.9290 -0.0274 -0.3691
vn 0.9870 0.0016 -0.1608
vn 0.9761 -0.0498 0.2116
vn 0.2362 0.1284 -0.9632
vn 0.3488 0.0859 -0.9333
vn -0.9243 0.0144 0.3813
vn -0.9417 0.0706 -0.3289
vn -0.9863 -0.0207 0.1638
vn -0.8338 0.0208 -0.5517
vn -0.3818 -0.0280 0.9238
vn -0.5947 -0.0556 0.8021
vn 0.4232 -0.0544 0.9044
vn 0.1885 -0.0563 0.9805
vn -0.0725 0.0558 0.9958
vn 0.9378 -0.0415 0.3447
vn 0.8339 -0.0224 0.5514
vn 0.9247 -0.0011 -0.3807
vn 0.9860 0.0229 -0.1649
vn 0.3815 0.0458 -0.9232
vn 0.5958 0.0571 -0.8011
vn -0.4220 0.0678 -0.9041
vn -0.1873 0.0588 -0.9805
vn 0.4368 0.0249 -0.8992
vn 0.5990 -0.0071 -0.8007
vn -0.5195 0.0140 -0.8544
vn 0.2716 0.0378 -0.9617
vn -0.9688 -0.0108 -0.2476
vn -0.8783 -0.0269 0.4774
vn -0.2716 -0.0251 0.9621
vn 0.5194 -0.0048 0.8545
vn 0.4019 0.0371 0.9150
vn 0.9689 0.0197 0.2468
vn 0.8787 0.0351 -0.4761
vn 0.5092 0.0091 0.8606
vn -0.2747 0.0862 0.9577
vn 0.9638 -0.0654 0.2586
vn 0.8784 -0.1054 -0.4662
vn 0.9375 0.0562 -0.3434
vn 0.2837 -0.0852 -0.9551
vn -0.5089 -0.0089 -0.8608
vn -0.9635 0.0692 -0.2586
vn -0.8789 0.1056 0.4652
vn 0.8874 -0.1821 0.4234
vn 0.9211 0.0342 -0.3878
vn 0.6799 0.0310 -0.7326
vn 0.3752 -0.0175 -0.9268
vn 0.9962 0.0598 -0.0627
vn 0.8211 -0.0035 -0.5708
vn 0.9879 0.0098 0.1551
vn -0.0673 -0.0111 -0.9977
vn -0.4243 -0.0503 -0.9041
vn 0.1590 -0.0353 -0.9866
vn -0.7664 -0.0460 -0.6407
vn -0.9379 -0.0490 -0.3435
vn -0.6126 -0.0520 -0.7887
vn -0.5400 -0.0728 -0.8385
vn -0.9967 -0.0535 0.0611
vn -0.9211 -0.0215 0.3887
vn -0.9887 -0.0397 -0.1445
vn -0.5155 0.1384 0.8456
vn -0.6816 -0.0319 0.7310
vn -0.8213 -0.0077 0.5705
vn 0.2620 0.1893 0.9463
vn 0.0677 0.0101 0.9977
vn -0.1600 0.0273 0.9867
vn 0.8645 0.2024 0.4601
vn 0.7665 0.0479 0.6404
vn 0.6116 0.0410 0.7901
vn 0.7563 -0.0070 -0.6542
vn 0.9994 -0.0096 -0.0325
vn 0.9991 0.0003 0.0425
vn 0.0472 -0.0109 -0.9988
vn 0.7063 -0.0320 -0.7071
vn 0.7494 0.0370 0.6611
vn 0.6948 0.0070 0.7192
vn 0.0368 0.0660 0.9971
vn -0.0475 0.0094 0.9988
vn -0.7009 0.0540 0.7112
vn -0.7570 0.0079 0.6534
vn -0.9991 0.0030 -0.0426
vn -0.9994 0.0122 0.0334
vn -0.6958 -0.0061 -0.7182
vn -0.0395 -0.0508 -0.9979
vn -0.7543 -0.0322 -0.6557
vn 0.6006 -0.0024 -0.7995
vn -0.1728 -0.0338 -0.9844
vn 0.9869 0.0273 -0.1591
vn 0.8312 0.0247 0.5554
vn 0.1763 0.0228 0.9841
vn -0.6027 -0.0155 0.7978
vn -0.9871 -0.0357 0.1563
vn -0.8286 -0.0485 -0.5577
vn 0.9784 0.1211 0.1673
vn -0.8167 0.1865 0.5461
vn -0.9605 0.1342 -0.2438
vn 0.7795 -0.1229 0.6142
vn -0.3375 -0.1657 -0.9266
vn -0.8095 -0.1202 -0.5747
vn 0.2004 -0.6797 0.7055
vn -0.5075 -0.3220 -0.7992
vn 0.7476 -0.0983 0.6569
vn -0.6458 0.7623 0.0432
vn 0.8141 0.1339 0.5651
vn -0.8093 0.1087 -0.5773
vn -0.5847 0.3526 -0.7306
vn 0.9732 0.1788 0.1445
vn 0.7445 0.1404 0.6527
vn 0.7943 -0.4260 -0.4332
vn -0.7999 -0.2623 0.5398
vn -0.2098 -0.1128 0.9712
vn 0.5535 0.5474 0.6277
vn -0.6018 0.1053 -0.7917
vn 0.5812 0.1534 0.7992
vn -0.0178 -0.8657 -0.5002
vn 0.3930 0.2466 -0.8859
vn 0.6544 -0.2580 -0.7108
vn -0.3276 0.2850 0.9008
vn -0.3619 -0.9061 -0.2191
vn -0.6803 -0.1596 0.7154
vn -0.6186 0.2406 -0.7479
vn -0.2729 0.6795 0.6811
vn 0.8590 -0.4975 -0.1207
vn 0.2120 0.6158 -0.7589
vn 0.2266 -0.9477 0.2247
vn -0.1545 -0.3427 0.9267
vn 0.3911 0.8750 0.2854
vn -0.8930 0.4452 -0.0664
vn 0.5933 -0.1188 0.7961
vn -0.8337 -0.5366 -0.1304
vn 0.2649 -0.3345 -0.9044
vn 0.5083 0.1703 0.8442
vn -0.4665 0.1547 -0.8709
vn 0.8258 0.0959 0.5557
vn -0.0488 -0.1860 -0.9813
vn -0.0221 0.1906 -0.9814
vn 0.9849 -0.1502 -0.0858
vn -0.9943 0.0966 0.0457
vn -0.3396 -0.7720 -0.5373
vn -0.9176 -0.2548 -0.3051
vn 0.4106 -0.7111 -0.5707
vn 0.6578 -0.7427 -0.1252
vn -0.0376 -0.9980 -0.0516
vn 0.0283 -0.9980 -0.0567
vn -0.8294 -0.1410 0.5405
vn 0.5512 -0.1309 0.8240
vn -0.8645 0.3100 -0.3956
vn -0.6898 -0.0000 -0.7240
vn -0.7350 0.5807 -0.3501
vn -0.6798 0.1702 -0.7134
vn -0.5554 0.5931 -0.5829
vn -0.5450 -0.7960 -0.2633
vn -0.2576 -0.9277 -0.2704
vn -0.3463 -0.9251 -0.1560
vn -0.8679 -0.3038 -0.3930
vn -0.6562 -0.3083 -0.6887
vn -0.5722 0.5584 -0.6006
vn -0.7610 0.5508 -0.3428
vn -0.7421 -0.5775 -0.3404
vn -0.5606 -0.5827 -0.5884
vn -0.6497 0.3086 -0.6947
vn 0.7372 0.1741 -0.6529
vn 0.9479 -0.0000 -0.3185
vn 0.9347 0.1664 -0.3140
vn -0.3949 -0.8056 -0.4416
vn -0.3512 -0.0000 -0.9363
vn -0.2809 0.6004 -0.7488
vn -0.1291 -0.9300 -0.3442
vn -0.3334 -0.3136 -0.8891
vn -0.2896 0.5657 -0.7721
vn -0.2835 -0.5901 -0.7559
vn -0.3248 0.3139 -0.8922
vn 0.9053 0.1714 0.3887
vn 0.6898 -0.0000 0.7240
vn 0.6798 0.1702 0.7134
vn -0.1875 -0.8108 -0.5545
vn -0.0345 0.1793 0.9832
vn -0.4493 -0.0000 0.8934
vn -0.4426 0.1727 0.8799
vn 0.0439 -0.5924 -0.8044
vn 0.0325 -0.8029 -0.5952
vn 0.0542 -0.0000 -0.9985
vn -0.3182 0.1855 -0.9297
vn 0.0435 0.6027 -0.7968
vn 0.0199 -0.9310 -0.3645
vn 0.0516 -0.3155 -0.9475
vn 0.0448 0.5682 -0.8217
vn 0.0610 0.3155 -0.9470
vn 0.3711 0.5641 -0.7376
vn 0.4255 0.3217 -0.8459
vn 0.3510 -0.0000 0.9364
vn 0.3459 0.1734 0.9221
vn 0.2697 -0.7999 -0.5361
vn 0.0820 0.1859 -0.9791
vn 0.3599 0.5988 -0.7155
vn 0.1658 -0.9295 -0.3296
vn 0.4269 -0.3124 -0.8486
vn 0.3681 -0.5934 -0.7158
vn 0.2854 -0.9269 -0.2436
vn 0.7240 -0.3067 -0.6179
vn 0.6194 -0.5805 -0.5286
vn 0.7217 0.3159 -0.6159
vn 0.4494 -0.0000 -0.8934
vn 0.4037 0.2126 -0.8898
vn 0.4624 -0.7940 -0.3947
vn 0.7606 -0.0000 -0.6492
vn 0.6136 0.5909 -0.5237
vn 0.6050 0.5787 -0.5469
vn 0.9038 -0.3017 -0.3036
vn 0.7921 0.5493 -0.2661
vn 0.3609 -0.9247 -0.1213
vn 0.7765 -0.5735 -0.2609
vn 0.9010 0.3108 -0.3027
vn -0.9850 0.1699 -0.0310
vn -0.8835 0.2416 -0.4013
vn 0.5829 -0.7886 -0.1958
vn 0.9479 -0.0000 -0.3186
vn 0.7960 0.5565 -0.2380
vn 0.9850 0.1654 0.0483
vn 0.8124 0.5818 0.0397
vn 0.3825 -0.9238 0.0187
vn 0.9528 -0.3001 0.0466
vn 0.8361 0.5471 0.0409
vn 0.8197 -0.5714 0.0401
vn 0.9499 0.3092 0.0464
vn -0.0543 -0.0000 0.9985
vn 0.6025 -0.7967 0.0474
vn 0.9988 -0.0000 0.0491
vn 0.7392 0.5854 0.3330
vn 0.3463 -0.9251 0.1560
vn 0.8690 -0.3027 0.3915
vn 0.7610 0.5508 0.3428
vn 0.7459 -0.5750 0.3361
vn 0.8654 0.3030 0.3992
vn 0.9988 -0.0000 0.0490
vn 0.5395 -0.7998 0.2631
vn 0.5606 -0.5826 0.5884
vn 0.4178 -0.7957 0.4385
vn 0.6541 0.3176 0.6865
vn 0.5554 0.5931 0.5829
vn 0.2576 -0.9277 0.2704
vn 0.6563 -0.3082 0.6887
vn 0.5722 0.5584 0.6006
vn 0.3335 -0.3136 0.8891
vn 0.2835 -0.5901 0.7559
vn 0.3324 0.3230 0.8861
vn -0.7606 -0.0000 0.6492
vn -0.7497 0.1693 0.6398
vn 0.2102 -0.8011 0.5604
vn 0.3512 -0.0000 0.9363
vn 0.2809 0.6003 0.7488
vn 0.1290 -0.9301 0.3440
vn 0.3070 0.5871 0.7490
vn -0.0435 0.6028 0.7967
vn -0.0448 0.5683 0.8216
vn -0.0199 -0.9309 0.3648
vn -0.0439 -0.5924 0.8045
vn -0.0515 0.3248 0.9444
vn -0.3510 -0.0000 -0.9364
vn -0.0325 -0.8029 0.5952
vn -0.0541 -0.0000 0.9985
vn -0.0541 -0.3175 0.9467
vn -0.4269 -0.3124 0.8486
vn -0.3710 0.5641 0.7376
vn -0.1657 -0.9296 0.3294
vn -0.3634 -0.5884 0.7223
vn -0.4255 0.3218 0.8458
vn -0.9479 -0.0000 0.3185
vn -0.9347 0.1665 0.3140
vn -0.2697 -0.7999 0.5361
vn -0.3953 0.5711 0.7195
vn -0.6136 0.5910 0.5237
vn -0.2854 -0.9269 0.2436
vn -0.7240 -0.3067 0.6179
vn -0.6321 0.5563 0.5395
vn -0.6194 -0.5805 0.5286
vn -0.7217 0.3159 0.6159
vn 0.0543 -0.0000 -0.9985
vn -0.4651 -0.8030 0.3726
vn -0.7606 -0.0000 0.6493
vn -0.7766 -0.5735 0.2609
vn -0.5828 -0.7887 0.1958
vn -0.9479 -0.0000 0.3184
vn -0.7696 0.5839 0.2585
vn -0.3613 -0.9245 0.1214
vn -0.9038 -0.3017 0.3036
vn -0.7921 0.5493 0.2661
vn -0.9064 0.3018 0.2956
vn -0.9988 -0.0000 -0.0490
vn -0.9499 0.3092 -0.0464
vn -0.6163 -0.7869 -0.0301
vn -0.9988 -0.0000 -0.0488
vn -0.8124 0.5817 -0.0397
vn -0.3825 -0.9238 -0.0187
vn -0.9528 -0.3001 -0.0466
vn -0.8222 0.5689 -0.0177
vn -0.8158 -0.5765 -0.0466
vn -1.0000 -0.0000 -0.0000
vn -0.0000 -0.0000 1.0000
vn 1.0000 -0.0000 -0.0000
vn -0.0000 -0.0000 -1.0000
vt 0.189049 0.657628
vt 0.209037 0.636846
vt 0.209027 0.657644
vt 0.049617 0.657513
vt 0.069164 0.636744
vt 0.069182 0.657529
vt 0.229019 0.636860
vt 0.229004 0.657660
vt 0.089160 0.657546
vt 0.089146 0.636759
vt 0.249001 0.636874
vt 0.248982 0.657677
vt 0.109128 0.636773
vt 0.109138 0.657562
vt 0.266186 0.657691
vt 0.266208 0.636887
vt 0.129115 0.657579
vt 0.129110 0.636788
vt 0.149092 0.636802
vt 0.149093 0.657595
vt 0.169073 0.636817
vt 0.169071 0.657611
vt 0.189055 0.636831
vt 0.029687 0.636716
vt 0.049595 0.636730
vt 0.149090 0.616009
vt 0.169076 0.616022
vt 0.189062 0.616035
vt 0.049573 0.615947
vt 0.209048 0.616047
vt 0.069146 0.615959
vt 0.229034 0.616060
vt 0.089132 0.615972
vt 0.249020 0.616072
vt 0.109118 0.615984
vt 0.266231 0.616083
vt 0.129104 0.615997
vt 0.209059 0.595249
vt 0.229049 0.595260
vt 0.069128 0.595174
vt 0.089118 0.595185
vt 0.249039 0.595270
vt 0.109108 0.595195
vt 0.266253 0.595279
vt 0.129098 0.595206
vt 0.149088 0.595217
vt 0.169078 0.595227
vt 0.189069 0.595238
vt 0.029635 0.595153
vt 0.049551 0.595164
vt 0.129092 0.574415
vt 0.149087 0.574424
vt 0.169081 0.574433
vt 0.189075 0.574442
vt 0.049529 0.574380
vt 0.209069 0.574450
vt 0.069110 0.574389
vt 0.229064 0.574459
vt 0.089104 0.574398
vt 0.249058 0.574468
vt 0.109098 0.574407
vt 0.266275 0.574476
vt 0.189082 0.553645
vt 0.029608 0.574372
vt 0.049506 0.553597
vt 0.209080 0.553652
vt 0.069092 0.553604
vt 0.229078 0.553659
vt 0.089090 0.553611
vt 0.249077 0.553666
vt 0.109088 0.553618
vt 0.266298 0.553672
vt 0.129087 0.553625
vt 0.149085 0.553631
vt 0.169083 0.553638
vt 0.229093 0.532859
vt 0.249096 0.532864
vt 0.109079 0.532829
vt 0.266320 0.532868
vt 0.129081 0.532834
vt 0.149083 0.532839
vt 0.169086 0.532844
vt 0.189088 0.532849
vt 0.029582 0.553590
vt 0.049484 0.532814
vt 0.209091 0.532854
vt 0.069074 0.532819
vt 0.089076 0.532824
vt 0.129075 0.512043
vt 0.149082 0.512046
vt 0.169088 0.512049
vt 0.189095 0.512052
vt 0.029556 0.532809
vt 0.049462 0.512030
vt 0.209101 0.512055
vt 0.069056 0.512033
vt 0.229108 0.512058
vt 0.089062 0.512037
vt 0.249114 0.512062
vt 0.109069 0.512040
vt 0.266343 0.512064
vt 0.189101 0.491256
vt 0.209112 0.491257
vt 0.049440 0.491247
vt 0.069038 0.491248
vt 0.229123 0.491258
vt 0.089048 0.491250
vt 0.249133 0.491260
vt 0.109059 0.491251
vt 0.266365 0.491261
vt 0.129070 0.491252
vt 0.149080 0.491253
vt 0.169091 0.491255
vt 0.029504 0.491246
vt 0.266388 0.470457
vt 0.109049 0.470462
vt 0.129064 0.470461
vt 0.149079 0.470461
vt 0.169093 0.470460
vt 0.189108 0.470459
vt 0.029478 0.470465
vt 0.049418 0.470464
vt 0.209123 0.470459
vt 0.069020 0.470463
vt 0.229138 0.470458
vt 0.089034 0.470463
vt 0.249152 0.470457
vt 0.169096 0.449665
vt 0.189115 0.449663
vt 0.029451 0.449683
vt 0.049396 0.449681
vt 0.209133 0.449660
vt 0.069002 0.449678
vt 0.229152 0.449658
vt 0.089020 0.449676
vt 0.249171 0.449655
vt 0.109039 0.449673
vt 0.266410 0.449653
vt 0.129058 0.449671
vt 0.149077 0.449668
vt 0.229167 0.428858
vt 0.068983 0.428893
vt 0.089006 0.428889
vt 0.249190 0.428853
vt 0.109029 0.428884
vt 0.266433 0.428849
vt 0.129052 0.428880
vt 0.149075 0.428875
vt 0.169098 0.428871
vt 0.189121 0.428866
vt 0.029425 0.428902
vt 0.049374 0.428897
vt 0.209144 0.428862
vt 0.149074 0.408083
vt 0.169101 0.408076
vt 0.189128 0.408070
vt 0.029399 0.408120
vt 0.049352 0.408114
vt 0.209155 0.408064
vt 0.068965 0.408108
vt 0.229182 0.408057
vt 0.088992 0.408101
vt 0.249209 0.408051
vt 0.109020 0.408095
vt 0.266455 0.408045
vt 0.129047 0.408089
vt 0.189134 0.387273
vt 0.029373 0.387339
vt 0.049330 0.387331
vt 0.209165 0.387265
vt 0.068947 0.387323
vt 0.229197 0.387257
vt 0.088978 0.387314
vt 0.249228 0.387249
vt 0.109010 0.387306
vt 0.266477 0.387242
vt 0.129041 0.387298
vt 0.149072 0.387290
vt 0.169103 0.387282
vt 0.249247 0.366447
vt 0.109000 0.366517
vt 0.266500 0.366438
vt 0.129035 0.366507
vt 0.149070 0.366497
vt 0.169106 0.366487
vt 0.189141 0.366477
vt 0.029347 0.366558
vt 0.049308 0.366547
vt 0.209176 0.366467
vt 0.068929 0.366537
vt 0.229211 0.366457
vt 0.088965 0.366527
vt 0.169108 0.345692
vt 0.189148 0.345680
vt 0.029321 0.345776
vt 0.049286 0.345764
vt 0.209187 0.345668
vt 0.068911 0.345752
vt 0.229226 0.345656
vt 0.088951 0.345740
vt 0.249266 0.345644
vt 0.108990 0.345728
vt 0.266522 0.345634
vt 0.129029 0.345716
vt 0.149069 0.345704
vt 0.189154 0.324884
vt 0.209198 0.324870
vt 0.049264 0.324981
vt 0.068893 0.324967
vt 0.229241 0.324856
vt 0.088937 0.324953
vt 0.249285 0.324842
vt 0.108980 0.324939
vt 0.266545 0.324830
vt 0.129024 0.324926
vt 0.149067 0.324912
vt 0.169111 0.324898
vt 0.249303 0.304040
vt 0.266567 0.304026
vt 0.108970 0.304150
vt 0.129018 0.304135
vt 0.149066 0.304119
vt 0.169113 0.304103
vt 0.189161 0.304087
vt 0.029294 0.324995
vt 0.049241 0.304197
vt 0.209208 0.304072
vt 0.068875 0.304182
vt 0.229256 0.304056
vt 0.088923 0.304166
vt 0.189167 0.283291
vt 0.029268 0.304213
vt 0.049219 0.283414
vt 0.209219 0.283273
vt 0.068857 0.283397
vt 0.229271 0.283256
vt 0.088909 0.283379
vt 0.249322 0.283238
vt 0.108960 0.283362
vt 0.266590 0.283223
vt 0.129012 0.283344
vt 0.149064 0.283326
vt 0.169116 0.283309
vt 0.209230 0.262475
vt 0.229285 0.262455
vt 0.088895 0.262592
vt 0.249341 0.262436
vt 0.108951 0.262573
vt 0.266612 0.262419
vt 0.129006 0.262553
vt 0.149062 0.262533
vt 0.169118 0.262514
vt 0.189174 0.262494
vt 0.029216 0.262650
vt 0.049197 0.262631
vt 0.068839 0.262612
vt 0.129001 0.241762
vt 0.149061 0.241741
vt 0.169120 0.241719
vt 0.189180 0.241698
vt 0.029190 0.241869
vt 0.049175 0.241848
vt 0.209240 0.241676
vt 0.068821 0.241827
vt 0.229300 0.241655
vt 0.088881 0.241805
vt 0.249360 0.241634
vt 0.108941 0.241784
vt 0.266634 0.241615
vt 0.049153 0.221064
vt 0.189187 0.220901
vt 0.209251 0.220878
vt 0.068803 0.221041
vt 0.229315 0.220855
vt 0.088867 0.221018
vt 0.249379 0.220831
vt 0.108931 0.220995
vt 0.266657 0.220811
vt 0.128995 0.220971
vt 0.149059 0.220948
vt 0.169123 0.220925
vt 0.229330 0.200054
vt 0.249398 0.200029
vt 0.108921 0.200206
vt 0.266679 0.200007
vt 0.128989 0.200181
vt 0.149057 0.200155
vt 0.169125 0.200130
vt 0.189194 0.200105
vt 0.029163 0.221088
vt 0.049131 0.200281
vt 0.209262 0.200080
vt 0.068785 0.200256
vt 0.088853 0.200231
vt 0.169128 0.179335
vt 0.189200 0.179308
vt 0.029111 0.179525
vt 0.049109 0.179498
vt 0.209272 0.179281
vt 0.068767 0.179471
vt 0.229345 0.179254
vt 0.088839 0.179444
vt 0.249417 0.179227
vt 0.108911 0.179417
vt 0.266702 0.179204
vt 0.128983 0.179390
vt 0.149056 0.179363
vt 0.049087 0.158714
vt 0.068749 0.158686
vt 0.209283 0.158483
vt 0.229359 0.158454
vt 0.088825 0.158657
vt 0.249436 0.158425
vt 0.108901 0.158628
vt 0.266724 0.158400
vt 0.128978 0.158599
vt 0.149054 0.158570
vt 0.169130 0.158541
vt 0.189207 0.158512
vt 0.029085 0.158743
vt 0.249455 0.137623
vt 0.266747 0.137596
vt 0.128972 0.137808
vt 0.149053 0.137777
vt 0.169133 0.137746
vt 0.189213 0.137715
vt 0.029059 0.137962
vt 0.049065 0.137931
vt 0.209294 0.137684
vt 0.068731 0.137901
vt 0.229374 0.137654
vt 0.088811 0.137870
vt 0.108892 0.137839
vt 0.189220 0.116919
vt 0.029033 0.117181
vt 0.049043 0.117148
vt 0.209304 0.116886
vt 0.068713 0.117116
vt 0.229389 0.116853
vt 0.088797 0.117083
vt 0.249474 0.116821
vt 0.108882 0.117050
vt 0.266769 0.116792
vt 0.128966 0.117017
vt 0.149051 0.116985
vt 0.169135 0.116952
vt 0.068695 0.096331
vt 0.088783 0.096296
vt 0.229404 0.096053
vt 0.249492 0.096018
vt 0.108872 0.096261
vt 0.266792 0.095989
vt 0.128961 0.096226
vt 0.149049 0.096192
vt 0.169138 0.096157
vt 0.189226 0.096122
vt 0.029006 0.096399
vt 0.049021 0.096365
vt 0.209315 0.096088
vt 0.128955 0.075436
vt 0.149048 0.075399
vt 0.169140 0.075363
vt 0.189233 0.075326
vt 0.028980 0.075618
vt 0.048999 0.075581
vt 0.209326 0.075289
vt 0.068677 0.075545
vt 0.229419 0.075253
vt 0.088769 0.075509
vt 0.249511 0.075216
vt 0.108862 0.075472
vt 0.266814 0.075185
vt 0.028954 0.054837
vt 0.048976 0.054798
vt 0.189240 0.054529
vt 0.209336 0.054491
vt 0.068658 0.054760
vt 0.229433 0.054453
vt 0.088755 0.054722
vt 0.249530 0.054414
vt 0.108852 0.054683
vt 0.266836 0.054381
vt 0.128949 0.054645
vt 0.149046 0.054606
vt 0.169143 0.054568
vt 0.108842 0.033894
vt 0.266859 0.033577
vt 0.128943 0.033854
vt 0.149044 0.033814
vt 0.169145 0.033773
vt 0.189246 0.033733
vt 0.028928 0.034055
vt 0.048954 0.034015
vt 0.209347 0.033693
vt 0.068640 0.033975
vt 0.229448 0.033652
vt 0.088741 0.033935
vt 0.249549 0.033612
vt 0.169148 0.012979
vt 0.189253 0.012937
vt 0.048932 0.013232
vt 0.209358 0.012894
vt 0.068622 0.013190
vt 0.229463 0.012852
vt 0.088727 0.013148
vt 0.249568 0.012810
vt 0.108833 0.013106
vt 0.266881 0.012774
vt 0.128938 0.013063
vt 0.149043 0.013021
vt 0.069453 0.969306
vt 0.049926 0.948479
vt 0.069435 0.948521
vt 0.228782 0.969664
vt 0.208877 0.948821
vt 0.228797 0.948864
vt 0.089369 0.969351
vt 0.089355 0.948564
vt 0.248717 0.948907
vt 0.248699 0.969709
vt 0.109275 0.948607
vt 0.109285 0.969396
vt 0.265872 0.948944
vt 0.265849 0.969747
vt 0.129201 0.969441
vt 0.129196 0.948650
vt 0.149118 0.969485
vt 0.149116 0.948693
vt 0.169036 0.948735
vt 0.169034 0.969530
vt 0.188957 0.948778
vt 0.188950 0.969575
vt 0.049948 0.969263
vt 0.030079 0.948437
vt 0.208866 0.969619
vt 0.109266 0.927818
vt 0.129190 0.927859
vt 0.149114 0.927900
vt 0.169039 0.927941
vt 0.188963 0.927982
vt 0.030053 0.927655
vt 0.049904 0.927696
vt 0.208888 0.928023
vt 0.069417 0.927736
vt 0.228812 0.928064
vt 0.089341 0.927777
vt 0.248736 0.928105
vt 0.265894 0.928140
vt 0.169041 0.907146
vt 0.188970 0.907185
vt 0.030027 0.906874
vt 0.049882 0.906913
vt 0.208898 0.907224
vt 0.069399 0.906951
vt 0.228827 0.907263
vt 0.089327 0.906990
vt 0.248755 0.907302
vt 0.109256 0.907029
vt 0.265916 0.907336
vt 0.129184 0.907068
vt 0.149113 0.907107
vt 0.228842 0.886463
vt 0.069381 0.886166
vt 0.089313 0.886203
vt 0.248774 0.886500
vt 0.109246 0.886240
vt 0.265939 0.886532
vt 0.129178 0.886277
vt 0.149111 0.886315
vt 0.169044 0.886352
vt 0.188976 0.886389
vt 0.030001 0.886092
vt 0.049860 0.886129
vt 0.208909 0.886426
vt 0.109236 0.865451
vt 0.129173 0.865487
vt 0.149109 0.865522
vt 0.169046 0.865557
vt 0.188983 0.865592
vt 0.029975 0.865311
vt 0.049838 0.865346
vt 0.208920 0.865628
vt 0.069363 0.865381
vt 0.228856 0.865663
vt 0.089299 0.865416
vt 0.248793 0.865698
vt 0.265961 0.865728
vt 0.188989 0.844796
vt 0.029949 0.844530
vt 0.049816 0.844563
vt 0.208930 0.844829
vt 0.069345 0.844596
vt 0.228871 0.844863
vt 0.089285 0.844629
vt 0.248812 0.844896
vt 0.109226 0.844662
vt 0.265984 0.844925
vt 0.129167 0.844696
vt 0.149108 0.844729
vt 0.169049 0.844762
vt 0.228886 0.824062
vt 0.248831 0.824094
vt 0.109216 0.823873
vt 0.266006 0.824121
vt 0.129161 0.823905
vt 0.149106 0.823936
vt 0.169051 0.823968
vt 0.188996 0.823999
vt 0.029922 0.823748
vt 0.049793 0.823780
vt 0.208941 0.824031
vt 0.069327 0.823811
vt 0.089271 0.823842
vt 0.129156 0.803114
vt 0.149105 0.803144
vt 0.169054 0.803173
vt 0.189003 0.803203
vt 0.029896 0.802967
vt 0.049771 0.802996
vt 0.208952 0.803233
vt 0.069309 0.803025
vt 0.228901 0.803262
vt 0.089258 0.803055
vt 0.248850 0.803292
vt 0.109207 0.803084
vt 0.266029 0.803317
vt 0.189009 0.782406
vt 0.208962 0.782434
vt 0.069290 0.782240
vt 0.228916 0.782462
vt 0.089244 0.782268
vt 0.248869 0.782490
vt 0.109197 0.782296
vt 0.266051 0.782513
vt 0.129150 0.782323
vt 0.149103 0.782351
vt 0.169056 0.782379
vt 0.029870 0.782186
vt 0.049749 0.782213
vt 0.248888 0.761687
vt 0.266073 0.761710
vt 0.109187 0.761507
vt 0.129144 0.761533
vt 0.149101 0.761558
vt 0.169059 0.761584
vt 0.189016 0.761610
vt 0.029844 0.761404
vt 0.049727 0.761430
vt 0.208973 0.761636
vt 0.069272 0.761455
vt 0.228930 0.761662
vt 0.089230 0.761481
vt 0.169061 0.740790
vt 0.189022 0.740814
vt 0.029818 0.740623
vt 0.049705 0.740647
vt 0.208984 0.740837
vt 0.069254 0.740670
vt 0.228945 0.740861
vt 0.089216 0.740694
vt 0.248906 0.740885
vt 0.109177 0.740718
vt 0.266096 0.740906
vt 0.129138 0.740742
vt 0.149100 0.740766
vt 0.228960 0.720061
vt 0.069236 0.719885
vt 0.089202 0.719907
vt 0.248925 0.720083
vt 0.109167 0.719929
vt 0.266118 0.720102
vt 0.129133 0.719951
vt 0.149098 0.719973
vt 0.169064 0.719995
vt 0.189029 0.720017
vt 0.029792 0.719841
vt 0.049683 0.719863
vt 0.208995 0.720039
vt 0.129127 0.699160
vt 0.149096 0.699180
vt 0.169066 0.699201
vt 0.189036 0.699221
vt 0.029765 0.699060
vt 0.049661 0.699080
vt 0.209005 0.699241
vt 0.069218 0.699100
vt 0.228975 0.699261
vt 0.089188 0.699120
vt 0.248944 0.699281
vt 0.109157 0.699140
vt 0.266141 0.699298
vt 0.189042 0.678424
vt 0.049639 0.678297
vt 0.209016 0.678442
vt 0.069200 0.678315
vt 0.228990 0.678461
vt 0.089174 0.678333
vt 0.248963 0.678479
vt 0.109148 0.678351
vt 0.266163 0.678495
vt 0.129121 0.678369
vt 0.149095 0.678388
vt 0.169068 0.678406
vt 0.029713 0.657497
vt 0.023031 0.241876
vt 0.023004 0.221095
vt 0.023168 0.345780
vt 0.023827 0.844519
vt 0.023799 0.823739
vt 0.023991 0.969204
vt 0.023964 0.948424
vt 0.029739 0.678279
vt 0.023635 0.699054
vt 0.023607 0.678273
vt 0.023580 0.657492
vt 0.023909 0.906862
vt 0.022812 0.075629
vt 0.023196 0.366561
vt 0.023388 0.512026
vt 0.023360 0.491246
vt 0.023333 0.470465
vt 0.023305 0.449684
vt 0.022866 0.117191
vt 0.022839 0.096410
vt 0.029661 0.615934
vt 0.023497 0.595150
vt 0.022784 0.054848
vt 0.022976 0.200314
vt 0.022949 0.179533
vt 0.029242 0.283432
vt 0.023113 0.304218
vt 0.023086 0.283437
vt 0.023470 0.574369
vt 0.023717 0.761396
vt 0.023689 0.740615
vt 0.029137 0.200306
vt 0.023744 0.782177
vt 0.028902 0.013274
vt 0.022757 0.034068
vt 0.022729 0.013287
vt 0.023443 0.553588
vt 0.023141 0.324999
vt 0.023881 0.886081
vt 0.023854 0.865300
vt 0.023278 0.428903
vt 0.023251 0.408122
vt 0.029530 0.512027
vt 0.023415 0.532807
vt 0.022921 0.158752
vt 0.022894 0.137972
vt 0.023552 0.636711
vt 0.023525 0.615930
vt 0.023223 0.387341
vt 0.023662 0.719835
vt 0.023058 0.262657
vt 0.023772 0.802958
vt 0.023936 0.927643
vt 0.017162 0.449685
vt 0.017133 0.428905
vt 0.017621 0.782169
vt 0.016731 0.137981
vt 0.017104 0.408124
vt 0.017592 0.761388
vt 0.016702 0.117201
vt 0.017076 0.387344
vt 0.017563 0.740608
vt 0.016674 0.096421
vt 0.017047 0.366564
vt 0.017535 0.719828
vt 0.016645 0.075641
vt 0.016616 0.054860
vt 0.016588 0.034080
vt 0.017018 0.345784
vt 0.017506 0.699048
vt 0.017420 0.636707
vt 0.017391 0.615927
vt 0.016559 0.013300
vt 0.016989 0.325003
vt 0.017477 0.678267
vt 0.017362 0.595146
vt 0.017850 0.948410
vt 0.016961 0.304223
vt 0.017449 0.657487
vt 0.017334 0.574366
vt 0.017821 0.927630
vt 0.016932 0.283443
vt 0.017305 0.553586
vt 0.017793 0.906850
vt 0.016903 0.262663
vt 0.017276 0.532806
vt 0.017764 0.886070
vt 0.016875 0.241882
vt 0.017248 0.512025
vt 0.017735 0.865289
vt 0.016846 0.221102
vt 0.017219 0.491245
vt 0.017707 0.844509
vt 0.016817 0.200322
vt 0.017190 0.470465
vt 0.017678 0.823729
vt 0.016788 0.179542
vt 0.017649 0.802949
vt 0.016760 0.158761
vt 0.471254 0.330508
vt 0.450838 0.351558
vt 0.450839 0.330384
vt 0.328286 0.329641
vt 0.308302 0.350804
vt 0.308292 0.329520
vt 0.491665 0.351774
vt 0.491669 0.330632
vt 0.348764 0.329766
vt 0.328294 0.350910
vt 0.512078 0.351882
vt 0.512084 0.330756
vt 0.369184 0.351126
vt 0.369179 0.329889
vt 0.529969 0.351976
vt 0.529976 0.330864
vt 0.389594 0.330013
vt 0.410009 0.330137
vt 0.389598 0.351234
vt 0.430425 0.351450
vt 0.430425 0.330261
vt 0.287133 0.350692
vt 0.287122 0.329392
vt 0.430425 0.372639
vt 0.410011 0.351342
vt 0.308311 0.372088
vt 0.471248 0.372823
vt 0.471251 0.351666
vt 0.491660 0.372915
vt 0.348777 0.372270
vt 0.348771 0.351018
vt 0.369189 0.372362
vt 0.529961 0.373088
vt 0.389601 0.372454
vt 0.471245 0.393980
vt 0.348784 0.393523
vt 0.328302 0.372178
vt 0.512072 0.373007
vt 0.491656 0.394056
vt 0.512066 0.394133
vt 0.369194 0.393599
vt 0.410013 0.372547
vt 0.389604 0.393675
vt 0.430425 0.393828
vt 0.450837 0.372731
vt 0.287155 0.393292
vt 0.287144 0.371992
vt 0.308321 0.393371
vt 0.369199 0.414835
vt 0.410016 0.414956
vt 0.410014 0.393751
vt 0.430425 0.415017
vt 0.450834 0.415077
vt 0.450835 0.393904
vt 0.308330 0.414655
vt 0.328318 0.414714
vt 0.328310 0.393446
vt 0.471242 0.415137
vt 0.348790 0.414775
vt 0.512060 0.415258
vt 0.529954 0.394200
vt 0.450832 0.436250
vt 0.287178 0.435892
vt 0.287167 0.414592
vt 0.308340 0.435939
vt 0.491646 0.436339
vt 0.491651 0.415198
vt 0.328326 0.435982
vt 0.369204 0.436072
vt 0.529946 0.415311
vt 0.512053 0.436384
vt 0.389607 0.414896
vt 0.410018 0.436161
vt 0.512047 0.457509
vt 0.369208 0.457308
vt 0.348796 0.436027
vt 0.529939 0.436423
vt 0.389611 0.436116
vt 0.389614 0.457337
vt 0.430425 0.457394
vt 0.430425 0.436205
vt 0.450831 0.457423
vt 0.308350 0.457222
vt 0.471239 0.436295
vt 0.491642 0.457481
vt 0.348803 0.457279
vt 0.410020 0.457366
vt 0.389617 0.478557
vt 0.430425 0.478583
vt 0.450829 0.478596
vt 0.287200 0.478493
vt 0.287189 0.457193
vt 0.471236 0.457452
vt 0.328342 0.478519
vt 0.328334 0.457251
vt 0.491637 0.478622
vt 0.348809 0.478532
vt 0.369213 0.478545
vt 0.529924 0.478646
vt 0.529931 0.457535
vt 0.471230 0.499766
vt 0.471233 0.478609
vt 0.328350 0.499787
vt 0.308359 0.478506
vt 0.491633 0.499763
vt 0.512041 0.478635
vt 0.348816 0.499784
vt 0.529916 0.499758
vt 0.369218 0.499781
vt 0.410023 0.499775
vt 0.410021 0.478570
vt 0.450828 0.499769
vt 0.308369 0.499790
vt 0.512029 0.520886
vt 0.512035 0.499761
vt 0.389624 0.520999
vt 0.389620 0.499778
vt 0.410025 0.520980
vt 0.430426 0.520961
vt 0.430426 0.499772
vt 0.308378 0.521073
vt 0.287211 0.499793
vt 0.450827 0.520942
vt 0.491628 0.520905
vt 0.328358 0.521055
vt 0.348822 0.521036
vt 0.430426 0.542150
vt 0.287234 0.542393
vt 0.287222 0.521093
vt 0.471224 0.542081
vt 0.471227 0.520924
vt 0.328366 0.542323
vt 0.491624 0.542046
vt 0.512023 0.542012
vt 0.369228 0.542254
vt 0.369223 0.521017
vt 0.529909 0.520870
vt 0.389627 0.542219
vt 0.471221 0.563238
vt 0.348835 0.563541
vt 0.348828 0.542288
vt 0.512017 0.563137
vt 0.529901 0.541981
vt 0.369232 0.563490
vt 0.410026 0.542185
vt 0.389630 0.563440
vt 0.430426 0.563339
vt 0.450824 0.563289
vt 0.450825 0.542115
vt 0.308397 0.563641
vt 0.308388 0.542357
vt 0.328374 0.563591
vt 0.410028 0.563389
vt 0.389633 0.584660
vt 0.430426 0.584528
vt 0.450822 0.584462
vt 0.308407 0.584924
vt 0.287245 0.563693
vt 0.491615 0.584329
vt 0.491619 0.563188
vt 0.348841 0.584793
vt 0.512011 0.584263
vt 0.369237 0.584727
vt 0.529894 0.563093
vt 0.450821 0.605635
vt 0.287267 0.606293
vt 0.287256 0.584993
vt 0.471218 0.584395
vt 0.328382 0.584860
vt 0.308416 0.606208
vt 0.491610 0.605470
vt 0.328390 0.606128
vt 0.369242 0.605963
vt 0.529879 0.605316
vt 0.529886 0.584205
vt 0.410031 0.605799
vt 0.410030 0.584594
vt 0.430426 0.605717
vt 0.512004 0.605388
vt 0.491605 0.626612
vt 0.369247 0.627199
vt 0.348847 0.606045
vt 0.529871 0.626428
vt 0.389637 0.605881
vt 0.410033 0.627004
vt 0.450819 0.626808
vt 0.308426 0.627491
vt 0.471215 0.605552
vt 0.471212 0.626710
vt 0.348854 0.627297
vt 0.430427 0.648095
vt 0.430426 0.626906
vt 0.450818 0.647981
vt 0.287289 0.648893
vt 0.287278 0.627593
vt 0.328398 0.627396
vt 0.308435 0.648775
vt 0.471209 0.647867
vt 0.348860 0.648549
vt 0.511992 0.647639
vt 0.511998 0.626514
vt 0.369252 0.648436
vt 0.529864 0.647540
vt 0.389640 0.627102
vt 0.389643 0.648322
vt 0.450816 0.669154
vt 0.328406 0.648663
vt 0.308445 0.670058
vt 0.491601 0.647753
vt 0.471206 0.669024
vt 0.328414 0.669931
vt 0.511986 0.668765
vt 0.369257 0.669672
vt 0.389646 0.669542
vt 0.410035 0.648208
vt 0.430427 0.669283
vt 0.287300 0.670192
vt 0.529856 0.668651
vt 0.511980 0.689890
vt 0.369261 0.690908
vt 0.410038 0.690618
vt 0.410037 0.669413
vt 0.430427 0.690472
vt 0.450815 0.690327
vt 0.308454 0.691341
vt 0.491596 0.668894
vt 0.471203 0.690181
vt 0.348867 0.669801
vt 0.328422 0.691199
vt 0.430427 0.711661
vt 0.308464 0.712625
vt 0.287311 0.691492
vt 0.450814 0.711500
vt 0.328430 0.712467
vt 0.491592 0.690036
vt 0.471200 0.711339
vt 0.348873 0.691053
vt 0.491587 0.711177
vt 0.369266 0.712144
vt 0.529841 0.710875
vt 0.529849 0.689763
vt 0.389650 0.690763
vt 0.389653 0.711983
vt 0.471197 0.732496
vt 0.348886 0.733557
vt 0.348879 0.712305
vt 0.511968 0.732141
vt 0.511974 0.711016
vt 0.369271 0.733381
vt 0.529834 0.731986
vt 0.389656 0.733204
vt 0.410040 0.711822
vt 0.430427 0.732850
vt 0.308473 0.733908
vt 0.287322 0.712792
vt 0.450812 0.732673
vt 0.328438 0.733735
vt 0.410042 0.733027
vt 0.389659 0.754424
vt 0.430427 0.754039
vt 0.450811 0.753846
vt 0.287345 0.755391
vt 0.287333 0.734091
vt 0.471194 0.753653
vt 0.308483 0.755191
vt 0.491578 0.753460
vt 0.491583 0.732318
vt 0.328446 0.755002
vt 0.511962 0.753267
vt 0.369276 0.754617
vt 0.287356 0.776690
vt 0.450809 0.775019
vt 0.328454 0.776270
vt 0.471191 0.774810
vt 0.348892 0.754809
vt 0.511955 0.774393
vt 0.369281 0.775853
vt 0.529819 0.774210
vt 0.529826 0.753098
vt 0.389663 0.775645
vt 0.410043 0.754232
vt 0.410045 0.775436
vt 0.511949 0.795518
vt 0.491573 0.774601
vt 0.369285 0.797089
vt 0.348899 0.776061
vt 0.389666 0.796865
vt 0.430427 0.796417
vt 0.430427 0.775228
vt 0.450808 0.796192
vt 0.308502 0.797758
vt 0.308492 0.776474
vt 0.328462 0.797538
vt 0.471188 0.795968
vt 0.430428 0.817606
vt 0.410047 0.796641
vt 0.287378 0.819290
vt 0.287367 0.797990
vt 0.471185 0.817125
vt 0.328470 0.818806
vt 0.491569 0.795742
vt 0.348911 0.818565
vt 0.348905 0.797313
vt 0.491564 0.816884
vt 0.529811 0.795321
vt 0.511943 0.816644
vt 0.389669 0.818086
vt 0.410048 0.817846
vt 0.308521 0.840324
vt 0.308511 0.819041
vt 0.491560 0.838025
vt 0.328478 0.840074
vt 0.511937 0.837769
vt 0.369295 0.839562
vt 0.369290 0.818326
vt 0.529796 0.837545
vt 0.529804 0.816433
vt 0.389673 0.839306
vt 0.430428 0.838795
vt 0.450805 0.838538
vt 0.450806 0.817365
vt 0.287389 0.840589
vt 0.529789 0.858656
vt 0.389676 0.860527
vt 0.410050 0.839050
vt 0.430428 0.859984
vt 0.308530 0.861608
vt 0.471182 0.838282
vt 0.450804 0.859711
vt 0.491555 0.859166
vt 0.348924 0.861069
vt 0.348918 0.839817
vt 0.369300 0.860798
vt 0.450802 0.880884
vt 0.287411 0.883189
vt 0.287400 0.861889
vt 0.471176 0.880596
vt 0.471179 0.859439
vt 0.328485 0.861342
vt 0.308540 0.882891
vt 0.491551 0.880308
vt 0.348931 0.882321
vt 0.511931 0.858895
vt 0.511925 0.880020
vt 0.389679 0.881747
vt 0.410052 0.860255
vt 0.430428 0.881173
vt 0.348937 0.903574
vt 0.328493 0.882610
vt 0.491546 0.901449
vt 0.369310 0.903270
vt 0.369305 0.882034
vt 0.529774 0.900880
vt 0.529781 0.879768
vt 0.410055 0.902664
vt 0.410053 0.881460
vt 0.430428 0.902361
vt 0.450801 0.902057
vt 0.308549 0.904174
vt 0.328501 0.903877
vt 0.471173 0.901754
vt 0.410057 0.923869
vt 0.389682 0.902967
vt 0.430428 0.923550
vt 0.450799 0.923230
vt 0.287434 0.925788
vt 0.287422 0.904488
vt 0.308559 0.925457
vt 0.491542 0.922590
vt 0.328509 0.925145
vt 0.511919 0.901146
vt 0.369314 0.924507
vt 0.511912 0.922271
vt 0.287445 0.947088
vt 0.471170 0.922911
vt 0.450798 0.944403
vt 0.308568 0.946741
vt 0.491537 0.943731
vt 0.348950 0.946077
vt 0.348943 0.924825
vt 0.511906 0.943397
vt 0.369319 0.945743
vt 0.529766 0.921991
vt 0.389686 0.924188
vt 0.389689 0.945408
vt 0.430428 0.944739
vt 0.369324 0.966979
vt 0.529751 0.964215
vt 0.529759 0.943103
vt 0.389692 0.966629
vt 0.410059 0.945074
vt 0.430428 0.965928
vt 0.450796 0.965576
vt 0.287456 0.968387
vt 0.471167 0.944068
vt 0.328525 0.967681
vt 0.328517 0.946413
vt 0.491532 0.964873
vt 0.430429 0.987117
vt 0.410060 0.966279
vt 0.450795 0.986749
vt 0.308587 0.989307
vt 0.308578 0.968024
vt 0.471161 0.986383
vt 0.471164 0.965225
vt 0.328533 0.988949
vt 0.491528 0.986014
vt 0.348956 0.967330
vt 0.511900 0.964522
vt 0.369329 0.988215
vt 0.529744 0.985326
vt 0.410062 0.987483
vt 0.328167 0.010619
vt 0.308159 0.031548
vt 0.308149 0.010265
vt 0.491733 0.034652
vt 0.471299 0.013149
vt 0.491738 0.013511
vt 0.348669 0.010981
vt 0.328175 0.031887
vt 0.512170 0.034998
vt 0.512176 0.013872
vt 0.369112 0.032579
vt 0.369107 0.011342
vt 0.530089 0.014189
vt 0.389549 0.032924
vt 0.389545 0.011703
vt 0.409984 0.012065
vt 0.430423 0.033615
vt 0.430423 0.012426
vt 0.450861 0.012788
vt 0.286953 0.009890
vt 0.471296 0.034306
vt 0.389552 0.054145
vt 0.409986 0.033270
vt 0.430423 0.054804
vt 0.450860 0.033961
vt 0.286976 0.052490
vt 0.286965 0.031190
vt 0.471293 0.055464
vt 0.328183 0.053155
vt 0.348675 0.032233
vt 0.512164 0.056123
vt 0.369117 0.053815
vt 0.530074 0.056412
vt 0.530081 0.035300
vt 0.450857 0.076307
vt 0.450858 0.055134
vt 0.308168 0.052832
vt 0.286987 0.073790
vt 0.471290 0.076621
vt 0.328190 0.074423
vt 0.491729 0.055793
vt 0.348681 0.053485
vt 0.491724 0.076935
vt 0.348688 0.074738
vt 0.512158 0.077249
vt 0.389555 0.075365
vt 0.409987 0.054475
vt 0.430423 0.075993
vt 0.471287 0.097778
vt 0.328198 0.095691
vt 0.512151 0.098374
vt 0.369126 0.096288
vt 0.369121 0.075052
vt 0.530066 0.077524
vt 0.389558 0.096586
vt 0.409989 0.075679
vt 0.430423 0.097182
vt 0.450855 0.097480
vt 0.308187 0.095399
vt 0.308178 0.074116
vt 0.369131 0.117525
vt 0.409991 0.096884
vt 0.389562 0.117807
vt 0.430423 0.118371
vt 0.450854 0.118653
vt 0.287010 0.116391
vt 0.286998 0.095090
vt 0.308197 0.116683
vt 0.491715 0.119218
vt 0.491719 0.098076
vt 0.348694 0.095990
vt 0.328206 0.116960
vt 0.530051 0.119747
vt 0.530059 0.098636
vt 0.450852 0.139827
vt 0.308206 0.137967
vt 0.471284 0.118936
vt 0.491710 0.140359
vt 0.348707 0.138495
vt 0.348701 0.117242
vt 0.512145 0.119500
vt 0.369136 0.138761
vt 0.512139 0.140626
vt 0.409994 0.139294
vt 0.409992 0.118089
vt 0.512133 0.161751
vt 0.369141 0.159998
vt 0.530036 0.161971
vt 0.530044 0.140859
vt 0.389565 0.139027
vt 0.389568 0.160248
vt 0.430423 0.160749
vt 0.430423 0.139560
vt 0.450851 0.161000
vt 0.287032 0.158991
vt 0.287021 0.137691
vt 0.471281 0.140093
vt 0.328222 0.159496
vt 0.328214 0.138228
vt 0.471278 0.161250
vt 0.348713 0.159747
vt 0.409996 0.160499
vt 0.389571 0.181469
vt 0.430424 0.181938
vt 0.308216 0.159251
vt 0.287043 0.180291
vt 0.450849 0.182173
vt 0.308225 0.180534
vt 0.491706 0.161501
vt 0.471275 0.182407
vt 0.348720 0.180999
vt 0.512127 0.182877
vt 0.369146 0.181234
vt 0.450848 0.203346
vt 0.328230 0.180764
vt 0.308235 0.201818
vt 0.491701 0.182642
vt 0.471272 0.203565
vt 0.328238 0.202032
vt 0.512121 0.204002
vt 0.369150 0.202470
vt 0.530029 0.183082
vt 0.409999 0.202908
vt 0.409998 0.181703
vt 0.430424 0.203127
vt 0.287054 0.201591
vt 0.530014 0.225306
vt 0.530021 0.204194
vt 0.389575 0.202689
vt 0.369155 0.223707
vt 0.389578 0.223910
vt 0.430424 0.224316
vt 0.450847 0.224519
vt 0.287066 0.222891
vt 0.328246 0.223301
vt 0.491697 0.203784
vt 0.471269 0.224722
vt 0.348726 0.202252
vt 0.491692 0.224925
vt 0.430424 0.245505
vt 0.410001 0.224113
vt 0.308254 0.244385
vt 0.308245 0.223102
vt 0.450845 0.245692
vt 0.328254 0.244569
vt 0.471266 0.245879
vt 0.348733 0.223504
vt 0.512109 0.246254
vt 0.512115 0.225128
vt 0.369160 0.244943
vt 0.530006 0.246418
vt 0.389581 0.245131
vt 0.491683 0.267208
vt 0.491688 0.246066
vt 0.348739 0.244756
vt 0.328262 0.265837
vt 0.369165 0.266180
vt 0.512102 0.267379
vt 0.389584 0.266351
vt 0.410003 0.245318
vt 0.430424 0.266694
vt 0.450844 0.266865
vt 0.287088 0.265491
vt 0.287077 0.244191
vt 0.471263 0.267037
vt 0.308264 0.265669
vt 0.410004 0.266523
vt 0.389588 0.287572
vt 0.430424 0.287883
vt 0.450842 0.288038
vt 0.287099 0.286792
vt 0.328270 0.287105
vt 0.491678 0.288349
vt 0.348745 0.266009
vt 0.512096 0.288505
vt 0.369170 0.287416
vt 0.529991 0.288641
vt 0.529999 0.267529
vt 0.450841 0.309211
vt 0.308273 0.286953
vt 0.287110 0.308092
vt 0.471260 0.288194
vt 0.328278 0.308373
vt 0.471257 0.309351
vt 0.348752 0.287261
vt 0.512090 0.309630
vt 0.369175 0.308653
vt 0.529984 0.309753
vt 0.410006 0.287727
vt 0.389591 0.308792
vt 0.430424 0.309072
vt 0.491674 0.309491
vt 0.348758 0.308513
vt 0.410008 0.308932
vt 0.308283 0.308237
vt 0.842269 0.757888
vt 0.836177 0.726552
vt 0.856241 0.740711
vt 0.861042 0.637765
vt 0.882524 0.614152
vt 0.885539 0.636090
vt 0.586348 0.656590
vt 0.564866 0.680202
vt 0.561851 0.658264
vt 0.621338 0.773037
vt 0.652181 0.764819
vt 0.639430 0.785799
vt 0.621300 0.521349
vt 0.623067 0.553222
vt 0.605121 0.536467
vt 0.652150 0.529559
vt 0.639393 0.508578
vt 0.611233 0.726585
vt 0.605148 0.757925
vt 0.591171 0.740746
vt 0.701636 0.807888
vt 0.723715 0.784847
vt 0.723720 0.809392
vt 0.853413 0.601056
vt 0.876545 0.592833
vt 0.795208 0.529535
vt 0.788299 0.498371
vt 0.807960 0.508555
vt 0.826052 0.521317
vt 0.842242 0.536429
vt 0.810561 0.540370
vt 0.745802 0.807880
vt 0.704931 0.510794
vt 0.679914 0.490978
vt 0.701588 0.486475
vt 0.679959 0.803392
vt 0.704971 0.783567
vt 0.795240 0.764795
vt 0.826090 0.773006
vt 0.807997 0.785777
vt 0.876559 0.701481
vt 0.858491 0.675169
vt 0.882526 0.680161
vt 0.723674 0.509507
vt 0.723670 0.484963
vt 0.601450 0.583856
vt 0.570831 0.592873
vt 0.579650 0.572565
vt 0.824323 0.741132
vt 0.588899 0.619185
vt 0.561851 0.636124
vt 0.564864 0.614193
vt 0.659091 0.795983
vt 0.745753 0.486466
vt 0.861045 0.656555
vt 0.885539 0.658230
vt 0.601467 0.710531
vt 0.579666 0.721827
vt 0.593977 0.693298
vt 0.570845 0.701521
vt 0.686574 0.779747
vt 0.742459 0.783561
vt 0.767476 0.803376
vt 0.845923 0.583823
vt 0.856219 0.553608
vt 0.867724 0.572527
vt 0.824294 0.553196
vt 0.760816 0.514608
vt 0.767431 0.490963
vt 0.778558 0.773442
vt 0.788337 0.795963
vt 0.760854 0.779735
vt 0.742419 0.510788
vt 0.686536 0.514619
vt 0.659052 0.498392
vt 0.611213 0.567802
vt 0.591149 0.553644
vt 0.845940 0.710498
vt 0.867740 0.721789
vt 0.586344 0.637800
vt 0.636829 0.753984
vt 0.723708 0.729242
vt 0.804041 0.630469
vt 0.858480 0.619150
vt 0.646364 0.619707
vt 0.593969 0.601093
vt 0.668832 0.520913
vt 0.681045 0.577066
vt 0.712533 0.728480
vt 0.805568 0.641565
vt 0.701542 0.568159
vt 0.650825 0.609433
vt 0.712508 0.565878
vt 0.691012 0.722453
vt 0.668868 0.773456
vt 0.804046 0.663862
vt 0.656644 0.599862
vt 0.723682 0.565112
vt 0.681067 0.717302
vt 0.801025 0.674648
vt 0.853420 0.693262
vt 0.671896 0.583526
vt 0.636801 0.540398
vt 0.671915 0.710844
vt 0.796565 0.684922
vt 0.745823 0.568152
vt 0.623096 0.741158
vt 0.778521 0.520898
vt 0.656658 0.694513
vt 0.783679 0.703182
vt 0.766323 0.577052
vt 0.650836 0.684943
vt 0.810589 0.753956
vt 0.775475 0.583510
vt 0.646372 0.674671
vt 0.775494 0.710828
vt 0.783662 0.591154
vt 0.643349 0.663886
vt 0.588910 0.675204
vt 0.756401 0.722443
vt 0.790732 0.599842
vt 0.836157 0.567769
vt 0.641822 0.652789
vt 0.641821 0.641589
vt 0.734882 0.728476
vt 0.801017 0.619684
vt 0.270409 0.616086
vt 0.271236 0.636891
vt 0.270386 0.636890
vt 0.270362 0.657694
vt 0.271189 0.678499
vt 0.270339 0.678498
vt 0.270316 0.699303
vt 0.271166 0.699304
vt 0.270292 0.720107
vt 0.271142 0.720108
vt 0.270269 0.740911
vt 0.271119 0.740912
vt 0.270246 0.761715
vt 0.271095 0.761716
vt 0.270223 0.782519
vt 0.271072 0.782520
vt 0.271049 0.803325
vt 0.270199 0.803324
vt 0.271025 0.824129
vt 0.270176 0.824128
vt 0.271002 0.844933
vt 0.270153 0.844932
vt 0.270978 0.865737
vt 0.270129 0.865736
vt 0.270955 0.886542
vt 0.270106 0.886540
vt 0.270931 0.907346
vt 0.270083 0.907344
vt 0.270059 0.928148
vt 0.270908 0.928150
vt 0.270036 0.948953
vt 0.270884 0.948954
vt 0.270013 0.969757
vt 0.270861 0.969759
vt 0.271061 0.033569
vt 0.271940 0.012763
vt 0.271917 0.033567
vt 0.271893 0.054371
vt 0.271038 0.054373
vt 0.271870 0.075176
vt 0.271015 0.075177
vt 0.271846 0.095980
vt 0.270991 0.095981
vt 0.271823 0.116784
vt 0.270968 0.116785
vt 0.271800 0.137588
vt 0.270945 0.137590
vt 0.271776 0.158393
vt 0.270922 0.158394
vt 0.271753 0.179197
vt 0.270898 0.179198
vt 0.270875 0.200002
vt 0.271729 0.200001
vt 0.270852 0.220806
vt 0.271706 0.220805
vt 0.270828 0.241611
vt 0.271682 0.241610
vt 0.270805 0.262415
vt 0.271659 0.262414
vt 0.270782 0.283219
vt 0.271635 0.283218
vt 0.270758 0.304023
vt 0.271612 0.304022
vt 0.270735 0.324827
vt 0.271588 0.324827
vt 0.271565 0.345631
vt 0.270712 0.345632
vt 0.271541 0.366435
vt 0.270689 0.366436
vt 0.271518 0.387240
vt 0.270665 0.387240
vt 0.271494 0.408044
vt 0.270642 0.408044
vt 0.271471 0.428848
vt 0.270619 0.428848
vt 0.270595 0.449653
vt 0.271447 0.449652
vt 0.270572 0.470457
vt 0.271424 0.470457
vt 0.270549 0.491261
vt 0.271400 0.491261
vt 0.270525 0.512065
vt 0.271377 0.512065
vt 0.271353 0.532870
vt 0.270502 0.532869
vt 0.271330 0.553674
vt 0.270479 0.553673
vt 0.271306 0.574478
vt 0.270455 0.574477
vt 0.271283 0.595282
vt 0.270432 0.595282
vt 0.271260 0.616086
vt 0.267157 0.636888
vt 0.267134 0.657692
vt 0.267111 0.678495
vt 0.267089 0.699299
vt 0.267066 0.720103
vt 0.267043 0.740907
vt 0.267021 0.761711
vt 0.266975 0.803319
vt 0.266953 0.824122
vt 0.266930 0.844926
vt 0.266908 0.865730
vt 0.266885 0.886534
vt 0.266862 0.907338
vt 0.266840 0.928142
vt 0.266817 0.948946
vt 0.267836 0.012772
vt 0.267790 0.054379
vt 0.267768 0.075183
vt 0.267745 0.095987
vt 0.267722 0.116791
vt 0.267700 0.137595
vt 0.267677 0.158398
vt 0.267654 0.179202
vt 0.267632 0.200006
vt 0.267609 0.220810
vt 0.267587 0.241614
vt 0.267564 0.262418
vt 0.267519 0.304026
vt 0.267496 0.324830
vt 0.267473 0.345634
vt 0.267451 0.366437
vt 0.267428 0.387241
vt 0.267405 0.408045
vt 0.267383 0.428849
vt 0.267360 0.449653
vt 0.267338 0.470457
vt 0.267315 0.491261
vt 0.267292 0.512064
vt 0.267270 0.532868
vt 0.267247 0.553672
vt 0.267202 0.595280
vt 0.267179 0.616084
vt 0.268773 0.636889
vt 0.268750 0.657693
vt 0.268727 0.678497
vt 0.268704 0.699301
vt 0.268681 0.720105
vt 0.268658 0.740909
vt 0.268635 0.761713
vt 0.268612 0.782517
vt 0.266998 0.782515
vt 0.268589 0.803321
vt 0.268566 0.824125
vt 0.268543 0.844929
vt 0.268520 0.865733
vt 0.268497 0.886537
vt 0.268474 0.907341
vt 0.268451 0.928145
vt 0.268428 0.948949
vt 0.268405 0.969753
vt 0.266794 0.969750
vt 0.271085 0.012765
vt 0.269439 0.033572
vt 0.269462 0.012768
vt 0.267813 0.033575
vt 0.269416 0.054376
vt 0.269393 0.075180
vt 0.269370 0.095984
vt 0.269347 0.116788
vt 0.269324 0.137592
vt 0.269301 0.158396
vt 0.269278 0.179200
vt 0.269255 0.200004
vt 0.269232 0.220808
vt 0.269209 0.241612
vt 0.269186 0.262416
vt 0.267541 0.283222
vt 0.269140 0.304024
vt 0.269163 0.283220
vt 0.269117 0.324828
vt 0.269094 0.345632
vt 0.269071 0.366437
vt 0.269048 0.387241
vt 0.269025 0.408045
vt 0.269002 0.428849
vt 0.268979 0.449653
vt 0.268956 0.470457
vt 0.268933 0.491261
vt 0.268910 0.512065
vt 0.268888 0.532869
vt 0.268865 0.553673
vt 0.268842 0.574477
vt 0.268819 0.595281
vt 0.267224 0.574476
vt 0.268796 0.616085
vt 0.271213 0.657695
vt 0.030106 0.969218
vt 0.017879 0.969190
vt 0.287467 0.989687
vt 0.348962 0.988581
vt 0.511894 0.985648
vt 0.389695 0.987849
vt 0.643344 0.630492
vt 0.690989 0.571911
vt 0.701567 0.726202
vt 0.805569 0.652766
vt 0.663711 0.591172
vt 0.734856 0.565875
vt 0.663728 0.703200
vt 0.790746 0.694493
vt 0.756377 0.571901
vt 0.766345 0.717289
vt 0.745848 0.726196
vt 0.796553 0.609411
vt 0.825962 0.840007
vt 0.820355 0.827980
vt 0.820355 0.840007
vt 0.755829 0.827953
vt 0.757526 0.834564
vt 0.759362 0.827990
vt 0.752751 0.829687
vt 0.750952 0.832729
vt 0.750915 0.836262
vt 0.752649 0.839340
vt 0.755691 0.841139
vt 0.759224 0.841176
vt 0.762302 0.839441
vt 0.764101 0.836400
vt 0.848390 0.840007
vt 0.842783 0.827980
vt 0.842783 0.840007
vt 0.764138 0.832867
vt 0.762403 0.829789
vt 0.764361 0.827810
vt 0.760068 0.825298
vt 0.837176 0.827980
vt 0.837176 0.840007
vt 0.814748 0.827980
vt 0.814748 0.840007
vt 0.809141 0.840007
vt 0.809141 0.827980
vt 0.803534 0.840007
vt 0.803534 0.827980
vt 0.797927 0.840007
vt 0.797927 0.827980
vt 0.792320 0.827980
vt 0.792320 0.840007
vt 0.786713 0.827980
vt 0.786713 0.840007
vt 0.781106 0.827980
vt 0.781106 0.840007
vt 0.831569 0.827980
vt 0.831569 0.840007
vt 0.825962 0.827980
vt 0.766117 0.825974
vt 0.760671 0.822829
vt 0.755095 0.825269
vt 0.754382 0.822829
vt 0.748936 0.825974
vt 0.745791 0.831420
vt 0.750773 0.827730
vt 0.748231 0.836996
vt 0.745791 0.837709
vt 0.750692 0.841318
vt 0.748936 0.843155
vt 0.754985 0.843830
vt 0.754382 0.846299
vt 0.759958 0.843860
vt 0.760671 0.846299
vt 0.764280 0.841398
vt 0.766117 0.843155
vt 0.766792 0.837106
vt 0.769261 0.837709
vt 0.766822 0.832132
vt 0.769261 0.831420
vt 0.748260 0.832023
vt 0.902802 0.793884
vt 0.904781 0.803988
vt 0.909212 0.801467
vt 0.892547 0.793777
vt 0.899502 0.797859
vt 0.884627 0.787481
vt 0.884612 0.792498
vt 0.878911 0.799954
vt 0.884626 0.798895
vt 0.876704 0.793956
vt 0.873868 0.802869
vt 0.869739 0.797964
vt 0.870143 0.807361
vt 0.861865 0.811716
vt 0.864597 0.804141
vt 0.868206 0.818680
vt 0.868177 0.812850
vt 0.864658 0.827335
vt 0.861885 0.819771
vt 0.873994 0.828599
vt 0.870225 0.824149
vt 0.876839 0.837513
vt 0.869850 0.833498
vt 0.884781 0.838897
vt 0.879057 0.831492
vt 0.892719 0.837481
vt 0.884806 0.832479
vt 0.899696 0.833434
vt 0.890547 0.831439
vt 0.904869 0.827242
vt 0.895587 0.828499
vt 0.907611 0.819650
vt 0.899317 0.824010
vt 0.907586 0.811572
vt 0.901285 0.818514
vt 0.899214 0.807203
vt 0.901251 0.812675
vt 0.912594 0.810736
vt 0.912594 0.820581
vt 0.890373 0.799852
vt 0.895421 0.802770
vt 0.875025 0.789207
vt 0.866547 0.794067
vt 0.860249 0.801574
vt 0.856899 0.810789
vt 0.860253 0.829817
vt 0.856899 0.820597
vt 0.866560 0.837337
vt 0.875059 0.842247
vt 0.884727 0.843956
vt 0.894399 0.842254
vt 0.902908 0.837346
vt 0.909228 0.829820
vt 0.884723 0.815683
vt 0.837656 0.854636
vt 0.828519 0.916262
vt 0.837656 0.916262
vt 0.782830 0.854636
vt 0.791967 0.916262
vt 0.791967 0.854636
vt 0.892483 0.854636
vt 0.901621 0.916262
vt 0.901621 0.854636
vt 0.846794 0.854636
vt 0.855932 0.916262
vt 0.855932 0.854636
vt 0.801105 0.854636
vt 0.810243 0.916262
vt 0.810243 0.854636
vt 0.746278 0.854636
vt 0.755416 0.916262
vt 0.755416 0.854636
vt 0.865070 0.854636
vt 0.874208 0.916262
vt 0.874208 0.854636
vt 0.819381 0.854636
vt 0.828519 0.854636
vt 0.764554 0.854636
vt 0.773692 0.916262
vt 0.773692 0.854636
vt 0.883345 0.854636
vt 0.892483 0.916262
vt 0.782830 0.916262
vt 0.846794 0.916262
vt 0.801105 0.916262
vt 0.910759 0.916262
vt 0.910759 0.854636
vt 0.865070 0.916262
vt 0.819381 0.916262
vt 0.764554 0.916262
vt 0.883345 0.916262
vt 0.897415 0.174829
vt 0.913278 0.179734
vt 0.905328 0.170259
vt 0.888416 0.123793
vt 0.875187 0.113757
vt 0.879417 0.125380
vt 0.921913 0.169443
vt 0.911202 0.163260
vt 0.871503 0.129948
vt 0.863553 0.120474
vt 0.926507 0.156820
vt 0.914327 0.154673
vt 0.865630 0.136948
vt 0.854919 0.130764
vt 0.914327 0.145535
vt 0.926507 0.143387
vt 0.865630 0.163260
vt 0.863553 0.179734
vt 0.871503 0.170259
vt 0.850324 0.143387
vt 0.862504 0.145535
vt 0.911202 0.136948
vt 0.921913 0.130764
vt 0.875187 0.186450
vt 0.879417 0.174829
vt 0.862504 0.154673
vt 0.850324 0.156820
vt 0.913278 0.120474
vt 0.905328 0.129948
vt 0.888416 0.188783
vt 0.888416 0.176415
vt 0.854919 0.169443
vt 0.897415 0.125380
vt 0.901645 0.113757
vt 0.901645 0.186450
vt 0.888416 0.111425
vt 0.851727 0.924687
vt 0.860865 0.984847
vt 0.860865 0.924687
vt 0.806038 0.924687
vt 0.815176 0.984847
vt 0.815176 0.924687
vt 0.751211 0.924686
vt 0.760349 0.984847
vt 0.760349 0.924686
vt 0.870002 0.924687
vt 0.879140 0.984847
vt 0.879140 0.924687
vt 0.824313 0.924687
vt 0.833451 0.984847
vt 0.833451 0.924687
vt 0.778624 0.924687
vt 0.769486 0.984847
vt 0.778624 0.984847
vt 0.888278 0.924687
vt 0.897416 0.984847
vt 0.897416 0.924687
vt 0.842589 0.924687
vt 0.851727 0.984847
vt 0.787762 0.924687
vt 0.796900 0.984847
vt 0.796900 0.924687
vt 0.742073 0.984847
vt 0.751211 0.984847
vt 0.806038 0.984847
vt 0.870002 0.984847
vt 0.824313 0.984847
vt 0.769487 0.924686
vt 0.888278 0.984847
vt 0.842589 0.984847
vt 0.787762 0.984847
vt 0.906554 0.984847
vt 0.906554 0.924687
vt 0.911720 0.695329
vt 0.905752 0.681896
vt 0.905752 0.695329
vt 0.911720 0.547565
vt 0.905752 0.560998
vt 0.911720 0.560998
vt 0.911720 0.708762
vt 0.905752 0.708762
vt 0.911719 0.574431
vt 0.905752 0.574431
vt 0.911720 0.722195
vt 0.905752 0.722195
vt 0.911719 0.614731
vt 0.905752 0.628164
vt 0.911719 0.628164
vt 0.905752 0.587865
vt 0.911719 0.587865
vt 0.905752 0.735628
vt 0.911720 0.735628
vt 0.905752 0.641597
vt 0.911719 0.641597
vt 0.905752 0.601298
vt 0.911719 0.601298
vt 0.905752 0.749061
vt 0.911720 0.749061
vt 0.911719 0.655030
vt 0.905752 0.655030
vt 0.905752 0.614731
vt 0.905752 0.762494
vt 0.911720 0.762494
vt 0.905752 0.668463
vt 0.911720 0.668463
vt 0.905752 0.775928
vt 0.911720 0.775928
vt 0.911720 0.681896
vt 0.911720 0.534132
vt 0.905752 0.547565
vt 0.617236 0.926182
vt 0.610686 0.982854
vt 0.628869 0.932898
vt 0.666960 0.866922
vt 0.721635 0.850631
vt 0.701132 0.826197
vt 0.642098 0.988393
vt 0.642098 0.935231
vt 0.673509 0.810249
vt 0.655327 0.860205
vt 0.673509 0.982854
vt 0.655327 0.932898
vt 0.642098 0.804711
vt 0.642098 0.857873
vt 0.701132 0.966906
vt 0.666960 0.926182
vt 0.628869 0.860205
vt 0.610686 0.810249
vt 0.675595 0.915891
vt 0.721635 0.942472
vt 0.604007 0.903268
vt 0.551652 0.880604
vt 0.551652 0.912500
vt 0.583064 0.826197
vt 0.617236 0.866922
vt 0.732544 0.912500
vt 0.680189 0.903268
vt 0.562561 0.942472
vt 0.608601 0.915891
vt 0.562561 0.850631
vt 0.608601 0.877212
vt 0.732544 0.880604
vt 0.680189 0.889835
vt 0.583063 0.966906
vt 0.604007 0.889835
vt 0.675595 0.877212
vt 0.924034 0.769195
vt 0.918739 0.737299
vt 0.918739 0.769195
vt 0.924034 0.418338
vt 0.918739 0.450234
vt 0.924034 0.450234
vt 0.924034 0.801091
vt 0.918739 0.801091
vt 0.918739 0.482130
vt 0.924034 0.482130
vt 0.918739 0.832987
vt 0.924034 0.832987
vt 0.924034 0.514026
vt 0.918739 0.514026
vt 0.918739 0.864884
vt 0.924034 0.864884
vt 0.924034 0.609715
vt 0.918739 0.641611
vt 0.924034 0.641611
vt 0.918738 0.545923
vt 0.924034 0.545923
vt 0.918739 0.896780
vt 0.924034 0.896780
vt 0.924034 0.673507
vt 0.918739 0.673507
vt 0.918739 0.577819
vt 0.924034 0.577819
vt 0.918739 0.928676
vt 0.924034 0.928676
vt 0.918739 0.705403
vt 0.924034 0.705403
vt 0.918739 0.609715
vt 0.918739 0.960571
vt 0.924034 0.960571
vt 0.924034 0.737299
vt 0.924034 0.992467
vt 0.918739 0.992467
vt 0.616109 0.893200
vt 0.623397 0.901053
vt 0.623397 0.894485
vt 0.642021 0.871458
vt 0.635553 0.879998
vt 0.642021 0.878858
vt 0.664807 0.910924
vt 0.654177 0.912256
vt 0.658934 0.917925
vt 0.625109 0.877613
vt 0.633022 0.873044
vt 0.660645 0.901053
vt 0.658399 0.907225
vt 0.619235 0.910924
vt 0.616109 0.902338
vt 0.625643 0.888313
vt 0.629865 0.883282
vt 0.667933 0.902338
vt 0.660645 0.894485
vt 0.625108 0.917925
vt 0.625643 0.907225
vt 0.619235 0.884613
vt 0.664807 0.884613
vt 0.667933 0.893200
vt 0.635553 0.915540
vt 0.629865 0.912256
vt 0.654177 0.883282
vt 0.658399 0.888313
vt 0.633022 0.922494
vt 0.642021 0.916680
vt 0.651020 0.873044
vt 0.658934 0.877613
vt 0.651020 0.922494
vt 0.642021 0.924080
vt 0.648489 0.879998
vt 0.648489 0.915540
vt 0.728934 0.296888
vt 0.752192 0.308834
vt 0.727524 0.300166
vt 0.702724 0.291430
vt 0.705556 0.284855
vt 0.681817 0.272602
vt 0.677534 0.282525
vt 0.657511 0.260015
vt 0.651684 0.273348
vt 0.632273 0.246958
vt 0.624980 0.263878
vt 0.608373 0.234552
vt 0.599603 0.254840
vt 0.593678 0.276120
vt 0.726574 0.303606
vt 0.700815 0.298329
vt 0.674646 0.292939
vt 0.647802 0.287376
vt 0.620037 0.281615
vt 0.726101 0.307144
vt 0.699863 0.305424
vt 0.673205 0.303649
vt 0.645859 0.301798
vt 0.617560 0.299862
vt 0.590701 0.298006
vt 0.645897 0.316348
vt 0.617591 0.318280
vt 0.590727 0.320095
vt 0.726114 0.310712
vt 0.699887 0.312583
vt 0.673237 0.314456
vt 0.726613 0.314246
vt 0.700886 0.319671
vt 0.674740 0.325158
vt 0.647914 0.330757
vt 0.620130 0.336524
vt 0.593759 0.341981
vt 0.702841 0.326557
vt 0.677687 0.335555
vt 0.651874 0.344757
vt 0.625131 0.354255
vt 0.599743 0.363254
vt 0.727589 0.317679
vt 0.632502 0.371144
vt 0.608571 0.383521
vt 0.729023 0.320947
vt 0.705716 0.333112
vt 0.682024 0.345453
vt 0.657705 0.358087
vt 0.730889 0.323989
vt 0.709457 0.339215
vt 0.687669 0.354667
vt 0.665300 0.370499
vt 0.642109 0.386872
vt 0.620082 0.402403
vt 0.694517 0.363026
vt 0.674516 0.381759
vt 0.653776 0.401146
vt 0.634066 0.419545
vt 0.733151 0.326748
vt 0.713995 0.344750
vt 0.650269 0.434626
vt 0.735768 0.329173
vt 0.719243 0.349615
vt 0.702439 0.370372
vt 0.685183 0.391654
vt 0.667285 0.413694
vt 0.738691 0.331220
vt 0.725105 0.353720
vt 0.711288 0.376568
vt 0.697100 0.399999
vt 0.682387 0.424274
vt 0.668396 0.447358
vt 0.720896 0.381500
vt 0.710040 0.406634
vt 0.698795 0.432671
vt 0.688114 0.457489
vt 0.741865 0.332849
vt 0.731470 0.356988
vt 0.745232 0.334031
vt 0.738220 0.359358
vt 0.731083 0.385077
vt 0.723756 0.411443
vt 0.716183 0.438703
vt 0.709048 0.464789
vt 0.745229 0.360787
vt 0.741660 0.387234
vt 0.737989 0.414344
vt 0.734190 0.442395
vt 0.731675 0.469443
vt 0.748727 0.334743
vt 0.752517 0.443600
vt 0.753454 0.470692
vt 0.752287 0.334973
vt 0.752366 0.361249
vt 0.752428 0.387933
vt 0.752474 0.415285
vt 0.755845 0.334717
vt 0.759500 0.360736
vt 0.763189 0.387161
vt 0.766945 0.414250
vt 0.770800 0.442276
vt 0.774419 0.468777
vt 0.773744 0.384935
vt 0.781142 0.411262
vt 0.788757 0.438509
vt 0.795942 0.464336
vt 0.759335 0.333978
vt 0.766496 0.359258
vt 0.816690 0.456981
vt 0.762692 0.332771
vt 0.773226 0.356841
vt 0.783898 0.381294
vt 0.794805 0.406374
vt 0.806051 0.432342
vt 0.779565 0.353531
vt 0.793464 0.376306
vt 0.807681 0.399673
vt 0.822358 0.423880
vt 0.836260 0.446858
vt 0.765853 0.331119
vt 0.802264 0.370063
vt 0.819529 0.391282
vt 0.837368 0.413274
vt 0.854278 0.434155
vt 0.768760 0.329052
vt 0.785395 0.349389
vt 0.771358 0.326608
vt 0.790607 0.344492
vt 0.810134 0.362680
vt 0.830128 0.381355
vt 0.850800 0.400719
vt 0.870402 0.419109
vt 0.816926 0.354293
vt 0.839280 0.370076
vt 0.862400 0.386449
vt 0.884331 0.402002
vt 0.773600 0.323833
vt 0.795105 0.338931
vt 0.846812 0.357654
vt 0.871950 0.370729
vt 0.895800 0.383152
vt 0.775443 0.320779
vt 0.798804 0.332810
vt 0.822515 0.345059
vt 0.776853 0.317502
vt 0.801635 0.326241
vt 0.826795 0.335150
vt 0.852584 0.344320
vt 0.879272 0.353852
vt 0.904596 0.362911
vt 0.856486 0.330323
vt 0.884228 0.336132
vt 0.910554 0.341658
vt 0.777804 0.314064
vt 0.803546 0.319348
vt 0.829686 0.324749
vt 0.913561 0.319789
vt 0.778278 0.310528
vt 0.804501 0.312258
vt 0.831135 0.314050
vt 0.858447 0.315923
vt 0.886725 0.317900
vt 0.804481 0.305104
vt 0.831113 0.303252
vt 0.858428 0.301389
vt 0.886715 0.299496
vt 0.913560 0.297712
vt 0.778266 0.306960
vt 0.856430 0.286992
vt 0.884198 0.281264
vt 0.910553 0.275839
vt 0.777768 0.303428
vt 0.803488 0.298019
vt 0.829621 0.292558
vt 0.776794 0.299995
vt 0.801539 0.291135
vt 0.826687 0.282165
vt 0.852490 0.273000
vt 0.879220 0.263542
vt 0.904593 0.254578
vt 0.822364 0.272269
vt 0.846681 0.259674
vt 0.871876 0.246663
vt 0.895792 0.234326
vt 0.775362 0.296727
vt 0.798671 0.284579
vt 0.884315 0.215460
vt 0.773498 0.293685
vt 0.794936 0.278476
vt 0.816734 0.263052
vt 0.839110 0.247262
vt 0.862300 0.230940
vt 0.771237 0.290925
vt 0.790405 0.272937
vt 0.809900 0.254688
vt 0.829919 0.235996
vt 0.850671 0.216667
vt 0.870374 0.198331
vt 0.801991 0.247332
vt 0.819278 0.226087
vt 0.837206 0.204110
vt 0.854229 0.183261
vt 0.768621 0.288498
vt 0.785162 0.268067
vt 0.765699 0.286450
vt 0.779304 0.263956
vt 0.793153 0.241121
vt 0.807387 0.217718
vt 0.822155 0.193503
vt 0.836181 0.170528
vt 0.762525 0.284818
vt 0.772940 0.260681
vt 0.783551 0.236171
vt 0.794466 0.211047
vt 0.805799 0.185045
vt 0.816566 0.160372
vt 0.773364 0.232576
vt 0.780755 0.206197
vt 0.788442 0.178892
vt 0.795748 0.152981
vt 0.759159 0.283634
vt 0.766190 0.258303
vt 0.755663 0.282920
vt 0.759178 0.256866
vt 0.762782 0.230401
vt 0.766512 0.203260
vt 0.770408 0.175160
vt 0.774117 0.148494
vt 0.752036 0.256398
vt 0.752001 0.229687
vt 0.752000 0.202290
vt 0.752032 0.173920
vt 0.752075 0.146994
vt 0.752102 0.282689
vt 0.733657 0.175194
vt 0.730032 0.148511
vt 0.748542 0.282944
vt 0.744897 0.256907
vt 0.741224 0.230449
vt 0.737490 0.203306
vt 0.745050 0.283682
vt 0.737893 0.258384
vt 0.730650 0.232672
vt 0.723253 0.206289
vt 0.715626 0.178959
vt 0.708399 0.153017
vt 0.720478 0.236314
vt 0.709555 0.211185
vt 0.698274 0.185147
vt 0.687579 0.160429
vt 0.741692 0.284889
vt 0.731155 0.260801
vt 0.667960 0.170609
vt 0.738528 0.286542
vt 0.724809 0.264113
vt 0.710896 0.241309
vt 0.696652 0.217901
vt 0.681926 0.193642
vt 0.735620 0.288610
vt 0.718973 0.268258
vt 0.702084 0.247562
vt 0.684784 0.226314
vt 0.666887 0.204286
vt 0.649910 0.183371
vt 0.674174 0.236265
vt 0.653438 0.216882
vt 0.633766 0.198476
vt 0.733020 0.291055
vt 0.713757 0.273160
vt 0.694206 0.254958
vt 0.730778 0.293832
vt 0.709256 0.278727
vt 0.687409 0.263357
vt 0.665024 0.247570
vt 0.641829 0.231195
vt 0.619832 0.215644
vt 0.540033 0.627291
vt 0.542372 0.648498
vt 0.539992 0.648567
vt 0.540073 0.606015
vt 0.542388 0.627232
vt 0.540114 0.584739
vt 0.542404 0.605966
vt 0.540154 0.563463
vt 0.542420 0.584700
vt 0.540195 0.542187
vt 0.542436 0.563434
vt 0.540236 0.520911
vt 0.542452 0.542167
vt 0.542484 0.499635
vt 0.542468 0.520901
vt 0.540276 0.499635
vt 0.542500 0.478369
vt 0.540317 0.478359
vt 0.542516 0.457102
vt 0.540358 0.457083
vt 0.542532 0.435836
vt 0.540439 0.414531
vt 0.540398 0.435807
vt 0.540479 0.393255
vt 0.542548 0.414570
vt 0.540520 0.371838
vt 0.542564 0.393304
vt 0.540561 0.350562
vt 0.542580 0.371897
vt 0.540601 0.329393
vt 0.542596 0.350631
vt 0.542628 0.308204
vt 0.542612 0.329471
vt 0.540642 0.308116
vt 0.542644 0.286938
vt 0.540683 0.286840
vt 0.542660 0.265672
vt 0.540723 0.265564
vt 0.542676 0.244406
vt 0.540764 0.244288
vt 0.542692 0.223139
vt 0.540804 0.223012
vt 0.542708 0.201873
vt 0.540845 0.201736
vt 0.542724 0.180607
vt 0.540926 0.159184
vt 0.540886 0.180460
vt 0.540967 0.137908
vt 0.542740 0.159341
vt 0.541008 0.116632
vt 0.542756 0.138075
vt 0.541048 0.095356
vt 0.542772 0.116808
vt 0.541089 0.074080
vt 0.542788 0.095542
vt 0.541130 0.052804
vt 0.542804 0.074276
vt 0.541170 0.031528
vt 0.542820 0.053010
vt 0.542852 0.010477
vt 0.542836 0.031744
vt 0.539342 0.988983
vt 0.542132 0.967492
vt 0.542116 0.988758
vt 0.539382 0.967707
vt 0.542148 0.946226
vt 0.539423 0.946431
vt 0.542164 0.924959
vt 0.539504 0.903879
vt 0.539464 0.925155
vt 0.539545 0.882603
vt 0.542180 0.903693
vt 0.539586 0.861327
vt 0.542196 0.882427
vt 0.539626 0.840051
vt 0.542212 0.861161
vt 0.539667 0.818775
vt 0.542228 0.839895
vt 0.542260 0.797362
vt 0.542244 0.818628
vt 0.539707 0.797499
vt 0.542276 0.776096
vt 0.539748 0.776223
vt 0.542292 0.754830
vt 0.539789 0.754947
vt 0.542308 0.733563
vt 0.539829 0.733671
vt 0.542324 0.712297
vt 0.539870 0.712395
vt 0.542340 0.691031
vt 0.539911 0.691119
vt 0.542356 0.669765
vt 0.539951 0.669843
vt 0.605906 0.233279
vt 0.617562 0.214045
vt 0.631735 0.196583
vt 0.648157 0.181218
vt 0.666517 0.168239
vt 0.686472 0.157884
vt 0.707649 0.150345
vt 0.729654 0.145763
vt 0.752074 0.144220
vt 0.774495 0.145745
vt 0.796497 0.150310
vt 0.817670 0.157827
vt 0.837622 0.168158
vt 0.855979 0.181109
vt 0.872401 0.196438
vt 0.886580 0.213860
vt 0.898255 0.233050
vt 0.907206 0.253650
vt 0.913267 0.275276
vt 0.916326 0.297524
vt 0.916326 0.319979
vt 0.913268 0.342223
vt 0.907208 0.363840
vt 0.898260 0.384428
vt 0.886593 0.403601
vt 0.872426 0.421001
vt 0.856024 0.436304
vt 0.837696 0.449224
vt 0.817790 0.459519
vt 0.796684 0.466996
vt 0.774785 0.471510
vt 0.752660 0.473017
vt 0.730468 0.471709
vt 0.708325 0.467478
vt 0.687016 0.460048
vt 0.666956 0.449740
vt 0.648518 0.436786
vt 0.632038 0.421445
vt 0.617814 0.404007
vt 0.606106 0.384801
vt 0.597128 0.364186
vt 0.591042 0.342547
vt 0.587959 0.320287
vt 0.587933 0.297819
vt 0.590962 0.275559
vt 0.596988 0.253915
vt 0.543946 0.669713
vt 0.543946 0.690973
vt 0.543946 0.712232
vt 0.543947 0.733492
vt 0.543947 0.754752
vt 0.543947 0.776012
vt 0.543948 0.797271
vt 0.543948 0.818531
vt 0.543948 0.839791
vt 0.543949 0.861051
vt 0.543949 0.882311
vt 0.543949 0.903570
vt 0.543950 0.924830
vt 0.543950 0.946090
vt 0.543950 0.967349
vt 0.543951 0.988609
vt 0.543936 0.031886
vt 0.543936 0.053145
vt 0.543937 0.074405
vt 0.543937 0.095665
vt 0.543937 0.116924
vt 0.543938 0.138184
vt 0.543938 0.159444
vt 0.543938 0.180704
vt 0.543939 0.201964
vt 0.543939 0.223223
vt 0.543939 0.244483
vt 0.543940 0.265743
vt 0.543940 0.287003
vt 0.543940 0.308262
vt 0.543941 0.329522
vt 0.543941 0.350676
vt 0.543941 0.371936
vt 0.543942 0.393336
vt 0.543942 0.414596
vt 0.543942 0.435855
vt 0.543943 0.457115
vt 0.543943 0.478375
vt 0.543943 0.499635
vt 0.543944 0.520895
vt 0.543944 0.542154
vt 0.543944 0.563414
vt 0.543944 0.584674
vt 0.543945 0.605934
vt 0.543945 0.627193
vt 0.543945 0.648453
vt 0.812696 0.130996
vt 0.818787 0.136585
vt 0.818787 0.130996
vt 0.886717 0.150206
vt 0.884788 0.147029
vt 0.883448 0.149304
vt 0.886708 0.151091
vt 0.883426 0.151943
vt 0.887142 0.151861
vt 0.884726 0.154240
vt 0.887903 0.152311
vt 0.887001 0.155579
vt 0.889640 0.155601
vt 0.891937 0.154301
vt 0.888788 0.152319
vt 0.890008 0.151123
vt 0.893276 0.152026
vt 0.893299 0.149387
vt 0.889583 0.149469
vt 0.891998 0.147090
vt 0.788336 0.130996
vt 0.794426 0.136585
vt 0.794426 0.130996
vt 0.888821 0.149019
vt 0.889724 0.145751
vt 0.887084 0.145728
vt 0.887937 0.149010
vt 0.886548 0.143762
vt 0.883340 0.145595
vt 0.800516 0.136585
vt 0.800516 0.130996
vt 0.824877 0.136585
vt 0.824877 0.130996
vt 0.830966 0.136585
vt 0.830966 0.130996
vt 0.837056 0.136585
vt 0.837056 0.130996
vt 0.763975 0.130996
vt 0.770065 0.136585
vt 0.770065 0.130996
vt 0.776156 0.136585
vt 0.776156 0.130996
vt 0.782246 0.136585
vt 0.782246 0.130996
vt 0.788336 0.136585
vt 0.806606 0.136585
vt 0.806606 0.130996
vt 0.812696 0.136585
vt 0.886081 0.142150
vt 0.882129 0.144432
vt 0.879848 0.148383
vt 0.881460 0.152480
vt 0.879848 0.152946
vt 0.883292 0.155688
vt 0.882129 0.156898
vt 0.886483 0.157550
vt 0.886081 0.159179
vt 0.890177 0.157567
vt 0.890644 0.159179
vt 0.893385 0.155735
vt 0.894595 0.156898
vt 0.895247 0.152544
vt 0.896877 0.152946
vt 0.895265 0.148850
vt 0.896877 0.148383
vt 0.893432 0.145642
vt 0.894595 0.144432
vt 0.890242 0.143780
vt 0.890644 0.142150
vt 0.887166 0.149445
vt 0.881477 0.148785
vt 0.192890 0.980938
vt 0.187247 0.991457
vt 0.192885 0.991464
vt 0.187251 0.980938
vt 0.181609 0.991450
vt 0.181613 0.980938
vt 0.175971 0.991443
vt 0.175974 0.980938
vt 0.170333 0.991435
vt 0.170336 0.980938
vt 0.164695 0.991428
vt 0.164697 0.980938
vt 0.159057 0.991421
vt 0.159059 0.980938
vt 0.153419 0.991414
vt 0.153420 0.980938
vt 0.147781 0.991407
vt 0.147782 0.980938
vt 0.142143 0.991400
vt 0.142143 0.980938
vt 0.136505 0.991392
vt 0.136505 0.980938
vt 0.130867 0.991385
vt 0.130866 0.980938
vt 0.125213 0.991378
vt 0.125212 0.980938
vt 0.119575 0.991371
vt 0.119573 0.980938
vt 0.113967 0.991364
vt 0.113965 0.980938
vt 0.108329 0.991357
vt 0.102688 0.980938
vt 0.102691 0.991350
vt 0.821567 0.051420
vt 0.805284 0.066339
vt 0.821550 0.063447
vt 0.097053 0.991342
vt 0.097049 0.980938
vt 0.091415 0.991335
vt 0.565631 0.778423
vt 0.566036 0.771922
vt 0.562252 0.776415
vt 0.571650 0.292461
vt 0.563959 0.315453
vt 0.571651 0.315473
vt 0.576891 0.771958
vt 0.582718 0.769037
vt 0.576909 0.768008
vt 0.585239 0.774971
vt 0.581330 0.772721
vt 0.588142 0.778426
vt 0.587807 0.771989
vt 0.589686 0.782668
vt 0.591575 0.776505
vt 0.589685 0.787182
vt 0.593570 0.782038
vt 0.588140 0.791423
vt 0.593550 0.787919
vt 0.585238 0.794880
vt 0.591519 0.793438
vt 0.582622 0.800850
vt 0.587724 0.797929
vt 0.576884 0.797918
vt 0.581329 0.797135
vt 0.572440 0.797133
vt 0.576828 0.801850
vt 0.568532 0.794875
vt 0.571043 0.800809
vt 0.565633 0.791418
vt 0.565963 0.797852
vt 0.560209 0.787807
vt 0.562200 0.793336
vt 0.564090 0.782665
vt 0.564090 0.787177
vt 0.560228 0.781930
vt 0.576886 0.784923
vt 0.584214 0.764727
vt 0.590690 0.768454
vt 0.595494 0.774173
vt 0.598049 0.781188
vt 0.598049 0.788653
vt 0.595496 0.795666
vt 0.584235 0.805113
vt 0.576886 0.806407
vt 0.569539 0.805110
vt 0.563079 0.801379
vt 0.558285 0.795664
vt 0.555734 0.788656
vt 0.555733 0.781199
vt 0.558278 0.774194
vt 0.571114 0.768996
vt 0.563059 0.768480
vt 0.576851 0.763442
vt 0.572437 0.772686
vt 0.568529 0.774960
vt 0.867433 0.090075
vt 0.855598 0.108648
vt 0.873081 0.105611
vt 0.885705 0.040222
vt 0.906103 0.048636
vt 0.900014 0.031922
vt 0.825696 0.040126
vt 0.822802 0.018283
vt 0.811377 0.031885
vt 0.833362 0.083982
vt 0.838124 0.105540
vt 0.843764 0.090017
vt 0.885659 0.074894
vt 0.906103 0.066434
vt 0.889799 0.063580
vt 0.843865 0.024928
vt 0.855690 0.006330
vt 0.838192 0.009408
vt 0.811350 0.083035
vt 0.825647 0.074755
vt 0.877888 0.084113
vt 0.888509 0.096786
vt 0.877977 0.030994
vt 0.888581 0.018306
vt 0.805292 0.048575
vt 0.855598 0.092132
vt 0.889813 0.051538
vt 0.833440 0.030925
vt 0.822757 0.096648
vt 0.867561 0.024964
vt 0.855715 0.022858
vt 0.899998 0.083165
vt 0.873188 0.009420
vt 0.866514 0.044556
vt 0.863721 0.035518
vt 0.861422 0.041620
vt 0.866561 0.070433
vt 0.875929 0.069258
vt 0.870330 0.065935
vt 0.855636 0.040601
vt 0.855714 0.034085
vt 0.841047 0.065949
vt 0.840580 0.075387
vt 0.844827 0.070445
vt 0.849856 0.041622
vt 0.840652 0.039522
vt 0.844777 0.044558
vt 0.872322 0.054552
vt 0.878733 0.061626
vt 0.878751 0.053492
vt 0.849915 0.073379
vt 0.855618 0.080917
vt 0.855699 0.074399
vt 0.841013 0.049055
vt 0.832619 0.053368
vt 0.839017 0.054568
vt 0.870301 0.049042
vt 0.870759 0.039602
vt 0.861480 0.073377
vt 0.870682 0.075459
vt 0.832603 0.061497
vt 0.835368 0.069144
vt 0.847702 0.035476
vt 0.872332 0.060420
vt 0.847612 0.079475
vt 0.835414 0.045736
vt 0.875980 0.045844
vt 0.863643 0.079540
vt 0.839031 0.060433
vt 0.864460 0.033543
vt 0.877744 0.070330
vt 0.855733 0.031978
vt 0.839211 0.076990
vt 0.839312 0.037897
vt 0.880830 0.053143
vt 0.855596 0.083026
vt 0.830548 0.052984
vt 0.872128 0.037998
vt 0.872021 0.077079
vt 0.833533 0.070182
vt 0.846999 0.033489
vt 0.880806 0.062010
vt 0.846872 0.081449
vt 0.833599 0.044667
vt 0.877815 0.044804
vt 0.864350 0.081534
vt 0.830525 0.061845
vt 0.866634 0.027484
vt 0.883336 0.073540
vt 0.855705 0.025542
vt 0.835095 0.081934
vt 0.835157 0.032987
vt 0.887154 0.063104
vt 0.887166 0.051996
vt 0.855610 0.089450
vt 0.824208 0.051895
vt 0.883375 0.041557
vt 0.876244 0.033046
vt 0.866529 0.087547
vt 0.876173 0.082046
vt 0.827976 0.073422
vt 0.844774 0.027454
vt 0.844692 0.087500
vt 0.828015 0.041476
vt 0.824195 0.062990
vt 0.571642 0.062269
vt 0.563959 0.085309
vt 0.571643 0.085281
vt 0.563959 0.177340
vt 0.571647 0.200344
vt 0.571646 0.177332
vt 0.563959 0.384353
vt 0.571654 0.407400
vt 0.571653 0.384388
vt 0.563959 0.154332
vt 0.571645 0.154319
vt 0.571649 0.269381
vt 0.563959 0.292445
vt 0.571642 0.039256
vt 0.563959 0.062302
vt 0.563959 0.246363
vt 0.571648 0.246369
vt 0.563959 0.016286
vt 0.571641 0.016244
vt 0.563959 0.361345
vt 0.571652 0.361375
vt 0.563959 0.131324
vt 0.571645 0.131306
vt 0.563959 0.338338
vt 0.571651 0.338363
vt 0.571644 0.108294
vt 0.563959 0.223355
vt 0.571648 0.223356
vt 0.577272 0.430445
vt 0.577271 0.407429
vt 0.563959 0.200348
vt 0.577261 0.223357
vt 0.577260 0.200341
vt 0.577263 0.269389
vt 0.577262 0.246373
vt 0.577266 0.315488
vt 0.577265 0.292472
vt 0.577267 0.338381
vt 0.577251 0.039229
vt 0.577249 0.016213
vt 0.577253 0.085261
vt 0.577252 0.062245
vt 0.577254 0.108277
vt 0.577270 0.384413
vt 0.577269 0.361397
vt 0.577258 0.177325
vt 0.577256 0.131293
vt 0.577257 0.154309
vt 0.553608 0.407307
vt 0.563959 0.407361
vt 0.563959 0.039294
vt 0.553623 0.062345
vt 0.553616 0.223354
vt 0.553609 0.384306
vt 0.553624 0.039344
vt 0.553617 0.200353
vt 0.553610 0.361305
vt 0.553618 0.177351
vt 0.553611 0.338304
vt 0.553619 0.154350
vt 0.553612 0.315425
vt 0.563959 0.108317
vt 0.553620 0.131349
vt 0.563959 0.269371
vt 0.553613 0.292424
vt 0.553621 0.108348
vt 0.553614 0.269356
vt 0.553607 0.430309
vt 0.563959 0.430368
vt 0.553622 0.085347
vt 0.553615 0.246355
vt 0.571654 0.430413
vt 0.703632 0.584156
vt 0.683880 0.595559
vt 0.726092 0.645865
vt 0.782964 0.678700
vt 0.790765 0.657269
vt 0.661420 0.657269
vt 0.669220 0.678700
vt 0.669220 0.613030
vt 0.790765 0.634462
vt 0.683880 0.696171
vt 0.661420 0.634462
vt 0.782964 0.613030
vt 0.703632 0.707575
vt 0.768304 0.595559
vt 0.726092 0.711535
vt 0.748553 0.584155
vt 0.748553 0.707575
vt 0.726092 0.580195
vt 0.768304 0.696171
vt 0.617165 0.103840
vt 0.601282 0.100999
vt 0.616893 0.107172
vt 0.632028 0.045716
vt 0.636315 0.027293
vt 0.629634 0.044555
vt 0.609260 0.014595
vt 0.597419 0.028615
vt 0.599813 0.029776
vt 0.636274 0.136682
vt 0.630808 0.118575
vt 0.628494 0.119888
vt 0.597376 0.137873
vt 0.610095 0.151099
vt 0.599689 0.136559
vt 0.593758 0.055455
vt 0.603698 0.065160
vt 0.595139 0.053074
vt 0.791595 0.066307
vt 0.775982 0.077618
vt 0.791866 0.077528
vt 0.593523 0.113612
vt 0.589033 0.114810
vt 0.592035 0.116284
vt 0.618878 0.057993
vt 0.775859 0.055884
vt 0.791743 0.055793
vt 0.700335 0.067956
vt 0.716129 0.081161
vt 0.716220 0.067941
vt 0.715789 0.098141
vt 0.701139 0.094623
vt 0.699905 0.098157
vt 0.700379 0.113025
vt 0.700383 0.009961
vt 0.716247 0.019392
vt 0.716267 0.009946
vt 0.700362 0.019407
vt 0.716204 0.030835
vt 0.700319 0.030851
vt 0.716195 0.043012
vt 0.700310 0.043027
vt 0.715999 0.055496
vt 0.700115 0.055511
vt 0.619364 0.061301
vt 0.628132 0.151987
vt 0.639578 0.137202
vt 0.608311 0.153927
vt 0.593482 0.050503
vt 0.639578 0.026561
vt 0.627202 0.012545
vt 0.607297 0.011888
vt 0.591989 0.111325
vt 0.590584 0.052168
vt 0.589337 0.065706
vt 0.776330 0.105226
vt 0.792134 0.111183
vt 0.792213 0.105031
vt 0.586917 0.101380
vt 0.589968 0.092429
vt 0.588174 0.074414
vt 0.586119 0.092635
vt 0.592023 0.074208
vt 0.716267 0.121252
vt 0.716263 0.113009
vt 0.776063 0.088055
vt 0.791946 0.087964
vt 0.776175 0.098233
vt 0.792059 0.098143
vt 0.775674 0.010125
vt 0.791533 0.019013
vt 0.791558 0.010034
vt 0.775661 0.020957
vt 0.791544 0.020867
vt 0.791159 0.034007
vt 0.775694 0.044933
vt 0.791577 0.044842
vt 0.701432 0.084643
vt 0.714603 0.094609
vt 0.714895 0.084629
vt 0.593470 0.142654
vt 0.593149 0.024198
vt 0.700245 0.081176
vt 0.964789 0.006240
vt 0.959973 0.991493
vt 0.964789 0.991495
vt 0.955158 0.006228
vt 0.955158 0.991491
vt 0.950343 0.991490
vt 0.945528 0.006216
vt 0.945528 0.991488
vt 0.940713 0.006210
vt 0.940713 0.991486
vt 0.935897 0.991484
vt 0.935897 0.006204
vt 0.931082 0.991482
vt 0.969604 0.991497
vt 0.843060 0.809487
vt 0.840504 0.815661
vt 0.843060 0.815661
vt 0.832833 0.809487
vt 0.830277 0.815661
vt 0.832833 0.815661
vt 0.835390 0.815661
vt 0.835390 0.809487
vt 0.845617 0.809487
vt 0.845617 0.815661
vt 0.814936 0.809487
vt 0.817493 0.815661
vt 0.817493 0.809487
vt 0.820050 0.809487
vt 0.820050 0.815661
vt 0.822606 0.815661
vt 0.822606 0.809487
vt 0.825163 0.809487
vt 0.825163 0.815661
vt 0.827720 0.809487
vt 0.827720 0.815661
vt 0.830277 0.809487
vt 0.837947 0.815661
vt 0.837947 0.809487
vt 0.840504 0.809487
vt 0.802480 0.804614
vt 0.801202 0.809385
vt 0.804695 0.805893
vt 0.805973 0.810664
vt 0.804695 0.812878
vt 0.884574 0.747522
vt 0.890747 0.750079
vt 0.890747 0.747522
vt 0.884574 0.757749
vt 0.890747 0.760306
vt 0.890747 0.757749
vt 0.884574 0.755193
vt 0.890747 0.755193
vt 0.884574 0.744965
vt 0.890747 0.744966
vt 0.884574 0.775647
vt 0.890747 0.773090
vt 0.884574 0.773090
vt 0.890747 0.770533
vt 0.884574 0.770533
vt 0.884574 0.767976
vt 0.890747 0.767977
vt 0.890747 0.765420
vt 0.884574 0.765420
vt 0.890747 0.762863
vt 0.884574 0.762863
vt 0.884574 0.760306
vt 0.884574 0.752636
vt 0.890747 0.752636
vt 0.884574 0.750079
vt 0.888997 0.735031
vt 0.887718 0.730260
vt 0.886440 0.735031
vt 0.888997 0.725489
vt 0.891211 0.726767
vt 0.987205 0.990614
vt 0.989484 0.962615
vt 0.987204 0.962580
vt 0.987199 0.691283
vt 0.989436 0.594027
vt 0.987197 0.594010
vt 0.989448 0.691305
vt 0.991673 0.594044
vt 0.991696 0.691327
vt 0.993910 0.594062
vt 0.975956 0.691174
vt 0.978246 0.593941
vt 0.976007 0.593923
vt 0.980454 0.691217
vt 0.980484 0.593958
vt 0.982701 0.691239
vt 0.982721 0.593975
vt 0.984958 0.593993
vt 0.982781 0.288159
vt 0.984977 0.376960
vt 0.984985 0.288162
vt 0.982745 0.469397
vt 0.984961 0.557005
vt 0.984969 0.469409
vt 0.991761 0.962650
vt 0.994047 0.990723
vt 0.994038 0.962685
vt 0.987196 0.557020
vt 0.987194 0.469420
vt 0.980578 0.288156
vt 0.982764 0.376952
vt 0.980522 0.469386
vt 0.982728 0.556989
vt 0.978373 0.288153
vt 0.980551 0.376945
vt 0.980637 0.098244
vt 0.982796 0.212732
vt 0.982819 0.098238
vt 0.978298 0.469375
vt 0.980495 0.556974
vt 0.976121 0.376931
vt 0.976167 0.288150
vt 0.978453 0.098250
vt 0.980601 0.212732
vt 0.976026 0.556942
vt 0.976072 0.469363
vt 0.991621 0.376981
vt 0.993804 0.288174
vt 0.991599 0.288171
vt 0.980370 0.962477
vt 0.982641 0.990543
vt 0.982647 0.962512
vt 0.976268 0.098255
vt 0.978405 0.212733
vt 0.991664 0.557051
vt 0.993867 0.469455
vt 0.991643 0.469443
vt 0.989408 0.376974
vt 0.989396 0.288168
vt 0.978093 0.962443
vt 0.980361 0.990507
vt 0.991554 0.098214
vt 0.993777 0.212729
vt 0.993737 0.098209
vt 0.989431 0.557036
vt 0.989420 0.469432
vt 0.987191 0.288165
vt 0.975814 0.962408
vt 0.978082 0.990472
vt 0.989386 0.212730
vt 0.989371 0.098220
vt 0.987193 0.376967
vt 0.987189 0.212731
vt 0.987187 0.098226
vt 0.989488 0.990651
vt 0.984923 0.990579
vt 0.984925 0.962546
vt 0.982751 0.440650
vt 0.984972 0.440661
vt 0.982758 0.406875
vt 0.984975 0.406884
vt 0.980531 0.440640
vt 0.980541 0.406867
vt 0.978310 0.440630
vt 0.978324 0.406858
vt 0.978336 0.376938
vt 0.976088 0.440620
vt 0.976105 0.406850
vt 0.993857 0.440701
vt 0.991636 0.440691
vt 0.993845 0.406918
vt 0.991628 0.406910
vt 0.993835 0.376988
vt 0.989416 0.440681
vt 0.989411 0.406901
vt 0.987194 0.440671
vt 0.987193 0.406892
vt 0.984992 0.212731
vt 0.985002 0.098232
vt 0.982789 0.251807
vt 0.984989 0.251808
vt 0.980589 0.251805
vt 0.978388 0.251804
vt 0.976187 0.251803
vt 0.976207 0.212733
vt 0.993791 0.251813
vt 0.991591 0.251812
vt 0.991581 0.212730
vt 0.989391 0.251811
vt 0.987190 0.251809
vt 0.982724 0.575446
vt 0.984960 0.575463
vt 0.980489 0.575430
vt 0.978254 0.575413
vt 0.978261 0.556958
vt 0.976017 0.575397
vt 0.993904 0.575529
vt 0.991668 0.575512
vt 0.993898 0.557067
vt 0.989433 0.575496
vt 0.987196 0.575479
vt 0.984949 0.691262
vt 0.984940 0.799317
vt 0.982687 0.761921
vt 0.982680 0.799289
vt 0.984943 0.761947
vt 0.982695 0.722491
vt 0.984947 0.722515
vt 0.980432 0.761896
vt 0.980420 0.799262
vt 0.980444 0.722468
vt 0.978176 0.761871
vt 0.978161 0.799236
vt 0.978193 0.722445
vt 0.978206 0.691196
vt 0.975919 0.761845
vt 0.975899 0.799208
vt 0.975940 0.722421
vt 0.991722 0.799397
vt 0.993968 0.762048
vt 0.991713 0.762022
vt 0.993955 0.722609
vt 0.991704 0.722585
vt 0.993944 0.691349
vt 0.989463 0.799370
vt 0.989458 0.761997
vt 0.989452 0.722562
vt 0.987201 0.799343
vt 0.987200 0.761971
vt 0.987199 0.722538
vt 0.985010 0.010267
vt 0.987186 0.047122
vt 0.987185 0.010257
vt 0.982837 0.010277
vt 0.985007 0.047130
vt 0.989365 0.047114
vt 0.989360 0.010247
vt 0.991542 0.047105
vt 0.991533 0.010237
vt 0.993719 0.047097
vt 0.993706 0.010227
vt 0.976295 0.047163
vt 0.978490 0.010297
vt 0.976314 0.010307
vt 0.978474 0.047155
vt 0.980664 0.010287
vt 0.982829 0.047138
vt 0.980652 0.047147
vt 0.984928 0.933332
vt 0.982653 0.933298
vt 0.987204 0.933364
vt 0.989480 0.933398
vt 0.991754 0.933431
vt 0.975829 0.933199
vt 0.978105 0.933232
vt 0.980379 0.933265
vt 0.994028 0.933465
vt 0.993981 0.799425
vt 0.670749 0.100244
vt 0.654887 0.097297
vt 0.670455 0.103575
vt 0.685198 0.045743
vt 0.689664 0.027363
vt 0.682816 0.044558
vt 0.662733 0.014403
vt 0.650759 0.028304
vt 0.653141 0.029488
vt 0.689634 0.133216
vt 0.684291 0.115071
vt 0.681969 0.116368
vt 0.650729 0.134142
vt 0.663356 0.147453
vt 0.653051 0.132845
vt 0.646837 0.055104
vt 0.656679 0.064907
vt 0.648241 0.052738
vt 0.765107 0.066218
vt 0.751939 0.077440
vt 0.765295 0.077440
vt 0.647042 0.109856
vt 0.642546 0.111023
vt 0.645537 0.112519
vt 0.671928 0.057890
vt 0.751906 0.055705
vt 0.765261 0.055705
vt 0.727884 0.067950
vt 0.741158 0.081160
vt 0.741240 0.067940
vt 0.740885 0.098141
vt 0.728562 0.094617
vt 0.727525 0.098151
vt 0.727944 0.113019
vt 0.727962 0.009956
vt 0.741319 0.019391
vt 0.741317 0.009946
vt 0.727963 0.019401
vt 0.741278 0.030835
vt 0.727922 0.030845
vt 0.741260 0.043011
vt 0.727904 0.043021
vt 0.741080 0.055495
vt 0.727722 0.055505
vt 0.672382 0.061202
vt 0.681387 0.148464
vt 0.692933 0.133758
vt 0.661553 0.150268
vt 0.646610 0.050151
vt 0.692933 0.026663
vt 0.680695 0.012528
vt 0.660797 0.011677
vt 0.645526 0.107560
vt 0.643695 0.051789
vt 0.642325 0.065314
vt 0.752043 0.104728
vt 0.765254 0.110880
vt 0.765398 0.104729
vt 0.640529 0.097579
vt 0.643508 0.088934
vt 0.641217 0.073749
vt 0.639673 0.089089
vt 0.645052 0.073600
vt 0.727963 0.121262
vt 0.741301 0.113009
vt 0.751964 0.087877
vt 0.765320 0.087877
vt 0.752012 0.098055
vt 0.765368 0.098056
vt 0.752013 0.009946
vt 0.765288 0.018924
vt 0.765368 0.009946
vt 0.751932 0.018923
vt 0.765285 0.020778
vt 0.751929 0.020778
vt 0.764884 0.033916
vt 0.751814 0.044754
vt 0.765170 0.044754
vt 0.728800 0.084637
vt 0.739885 0.094609
vt 0.740120 0.084629
vt 0.646862 0.138825
vt 0.646627 0.023880
vt 0.727801 0.081170
vt 0.797709 0.812878
vt 0.796431 0.810664
vt 0.796431 0.808107
vt 0.797709 0.805893
vt 0.802480 0.814156
vt 0.805973 0.808107
vt 0.799924 0.804614
vt 0.799924 0.814156
vt 0.785101 0.810664
vt 0.789872 0.809385
vt 0.785101 0.808107
vt 0.793365 0.805893
vt 0.794643 0.808107
vt 0.788593 0.804614
vt 0.791150 0.804614
vt 0.793365 0.812878
vt 0.791150 0.814156
vt 0.786379 0.812878
vt 0.786379 0.805893
vt 0.794643 0.810664
vt 0.788593 0.814156
vt 0.882948 0.731538
vt 0.882948 0.728981
vt 0.886440 0.725489
vt 0.891211 0.733752
vt 0.892489 0.728981
vt 0.892489 0.731538
vt 0.884226 0.733752
vt 0.884226 0.726767
vt 0.887151 0.713324
vt 0.888430 0.718095
vt 0.889708 0.713324
vt 0.887151 0.722866
vt 0.884937 0.721588
vt 0.883659 0.719373
vt 0.883659 0.716817
vt 0.893200 0.719373
vt 0.891922 0.721588
vt 0.891922 0.714603
vt 0.884937 0.714603
vt 0.889708 0.722866
vt 0.893200 0.716817
vt 0.700383 0.121268
vt 0.713886 0.126016
vt 0.776251 0.111379
vt 0.789690 0.115970
vt 0.751901 0.110880
vt 0.763128 0.115636
vt 0.729990 0.126022
vt 0.741319 0.121252
vt 0.848390 0.827981
vt 0.894206 0.789092
vt 0.746278 0.916262
vt 0.742073 0.924686
vt 0.905752 0.534132
vt 0.918739 0.418338
vt 0.541211 0.010252
vt 0.543936 0.010626
vt 0.889558 0.151885
vt 0.890017 0.150239
vt 0.763975 0.136585
vt 0.108326 0.980938
vt 0.091411 0.980938
vt 0.590698 0.801383
vt 0.569499 0.764740
vt 0.553625 0.016343
vt 0.599355 0.097598
vt 0.601992 0.068679
vt 0.775712 0.066397
vt 0.630062 0.155387
vt 0.628908 0.009028
vt 0.593025 0.065577
vt 0.590606 0.101271
vt 0.775649 0.019103
vt 0.775275 0.034097
vt 0.602738 0.156260
vt 0.601520 0.010021
vt 0.959973 0.006234
vt 0.950343 0.006222
vt 0.931082 0.006197
vt 0.969604 0.006247
vt 0.814936 0.815661
vt 0.890747 0.775647
vt 0.991768 0.990686
vt 0.975799 0.990435
vt 0.652981 0.093883
vt 0.654940 0.068408
vt 0.751749 0.066218
vt 0.683294 0.151877
vt 0.682436 0.009028
vt 0.646006 0.065218
vt 0.644210 0.097498
vt 0.751524 0.033916
vt 0.656036 0.152493
vt 0.655135 0.009787
vt 0.702769 0.126027
vt 0.778574 0.116107
vt 0.753783 0.115636
vt 0.739338 0.126015
vt 0.589712 0.467872
vt 0.584323 0.460902
vt 0.584327 0.467646
vt 0.604051 0.469558
vt 0.611547 0.464459
vt 0.604889 0.463249
vt 0.568555 0.468895
vt 0.561222 0.468034
vt 0.562404 0.470429
vt 0.579204 0.467712
vt 0.578677 0.461390
vt 0.597701 0.461893
vt 0.596888 0.468560
vt 0.555267 0.473215
vt 0.574043 0.468090
vt 0.573023 0.462559
vt 0.590176 0.461010
vt 0.889791 0.503350
vt 0.900631 0.496706
vt 0.889606 0.496898
vt 0.567212 0.464631
vt 0.584032 0.453214
vt 0.606142 0.457000
vt 0.559179 0.465933
vt 0.577363 0.454157
vt 0.598969 0.454933
vt 0.570811 0.456416
vt 0.590798 0.453411
vt 0.890395 0.484394
vt 0.901528 0.479970
vt 0.891371 0.478470
vt 0.564577 0.460257
vt 0.610946 0.502504
vt 0.621930 0.494826
vt 0.610345 0.495802
vt 0.566696 0.449257
vt 0.560089 0.455939
vt 0.583564 0.443635
vt 0.612587 0.458698
vt 0.608092 0.451064
vt 0.556187 0.464446
vt 0.574861 0.445142
vt 0.601250 0.447605
vt 0.592080 0.444442
vt 0.863775 0.522315
vt 0.874231 0.511784
vt 0.864586 0.511804
vt 0.902395 0.474641
vt 0.892715 0.472923
vt 0.838614 0.511155
vt 0.838150 0.500266
vt 0.833451 0.503960
vt 0.857091 0.510580
vt 0.854200 0.520779
vt 0.891478 0.515983
vt 0.882952 0.510809
vt 0.884465 0.518029
vt 0.833081 0.494484
vt 0.830250 0.495941
vt 0.850198 0.508257
vt 0.845646 0.516933
vt 0.875406 0.521036
vt 0.828593 0.487509
vt 0.843875 0.504834
vt 0.835098 0.492307
vt 0.852971 0.500822
vt 0.847081 0.498780
vt 0.865537 0.503209
vt 0.901597 0.508484
vt 0.890408 0.509808
vt 0.841189 0.496011
vt 0.859046 0.502274
vt 0.882356 0.503646
vt 0.874109 0.503670
vt 0.854629 0.493963
vt 0.874432 0.496175
vt 0.836257 0.489724
vt 0.848911 0.492883
vt 0.866403 0.495516
vt 0.610363 0.476518
vt 0.621386 0.471230
vt 0.610825 0.470415
vt 0.842908 0.491501
vt 0.860357 0.494821
vt 0.882324 0.496679
vt 0.889810 0.490561
vt 0.882702 0.489895
vt 0.836559 0.486947
vt 0.855469 0.487247
vt 0.875029 0.488980
vt 0.849668 0.486967
vt 0.867178 0.488160
vt 0.611996 0.509019
vt 0.622643 0.501074
vt 0.843488 0.486828
vt 0.861200 0.487640
vt 0.861694 0.480271
vt 0.883478 0.483255
vt 0.835981 0.484150
vt 0.855601 0.480283
vt 0.875933 0.481847
vt 0.849420 0.480808
vt 0.867953 0.480723
vt 0.900610 0.490990
vt 0.842935 0.481999
vt 0.900971 0.502546
vt 0.848005 0.474104
vt 0.841066 0.477009
vt 0.868955 0.472771
vt 0.861960 0.472172
vt 0.884753 0.476779
vt 0.834460 0.481526
vt 0.854994 0.472567
vt 0.877372 0.474597
vt 0.853366 0.463238
vt 0.844853 0.466408
vt 0.870668 0.463691
vt 0.621444 0.488699
vt 0.610101 0.489198
vt 0.837409 0.471948
vt 0.862160 0.462425
vt 0.886752 0.470720
vt 0.831912 0.479364
vt 0.879844 0.467154
vt 0.594704 0.513721
vt 0.603158 0.503402
vt 0.594111 0.503999
vt 0.554152 0.481623
vt 0.557238 0.481076
vt 0.564420 0.505794
vt 0.564944 0.493410
vt 0.558444 0.498559
vt 0.584305 0.503244
vt 0.582345 0.513983
vt 0.622567 0.460356
vt 0.555018 0.490215
vt 0.560464 0.487809
vt 0.576943 0.501162
vt 0.572584 0.511140
vt 0.604484 0.511031
vt 0.570478 0.497867
vt 0.579859 0.493290
vt 0.574290 0.491140
vt 0.594432 0.495807
vt 0.559700 0.479649
vt 0.569129 0.488282
vt 0.586024 0.494814
vt 0.621193 0.482718
vt 0.610122 0.482771
vt 0.564279 0.484548
vt 0.602735 0.496047
vt 0.602768 0.489061
vt 0.561449 0.477675
vt 0.576749 0.485055
vt 0.595010 0.488487
vt 0.571817 0.483257
vt 0.587387 0.487540
vt 0.623506 0.455102
vt 0.613958 0.453264
vt 0.566812 0.480893
vt 0.581845 0.486451
vt 0.573425 0.478287
vt 0.568306 0.477032
vt 0.583166 0.480114
vt 0.603038 0.482383
vt 0.562483 0.475382
vt 0.578275 0.479283
vt 0.595630 0.481667
vt 0.588418 0.480850
vt 0.621172 0.476894
vt 0.589168 0.474387
vt 0.621849 0.465722
vt 0.568883 0.473028
vt 0.583964 0.473941
vt 0.603462 0.475914
vt 0.562807 0.472924
vt 0.579067 0.473580
vt 0.596242 0.475092
vt 0.574150 0.473274
vt 0.900914 0.485411
vt 0.902395 0.514547
vt 0.623506 0.507466
vt 0.187500 0.742188
vt 0.187500 0.750000
vt 0.250000 0.742188
vt 0.281250 0.742188
vt 0.250000 0.750000
vt 0.129745 0.999922
vt 0.389079 0.195537
vt 0.389079 0.293267
vt 0.256618 0.293268
vt 0.256618 0.195539
vt 0.515951 0.000080
vt 0.000078 0.999922
vt 0.129745 0.000078
vt 0.515951 0.999920
vt 0.645618 0.000080
vt 0.645618 0.999920
vt 0.256618 0.390998
vt 0.000080 0.293268
vt 0.389079 0.097807
vt 0.599680 0.000078
vt 0.600148 0.097807
vt 0.600617 0.195537
vt 0.601086 0.293267
vt 0.000080 0.097810
vt 0.256618 0.097810
vt 0.000080 0.000080
vt 0.256618 0.000080
vt 0.389079 0.390997
vt 0.601554 0.390997
vt 0.000080 0.195539
vt 0.281250 0.750000
vt 0.389079 0.999922
vt 0.389079 0.000078
vt 0.256618 0.999920
vt 0.000078 0.000078
vt 0.000080 0.390998
s 1
usemtl modern_ceiling_lamp_01_glass
f 957/1/1 419/2/2 958/3/3
f 951/4/4 412/5/5 952/6/6
f 958/3/3 420/7/7 959/8/8
f 953/9/9 412/5/5 413/10/10
f 959/8/8 421/11/11 960/12/12
f 953/9/9 414/13/13 954/14/14
f 1742/15/15 421/11/11 1697/16/16
f 955/17/17 414/13/13 415/18/18
f 955/17/17 416/19/19 409/20/20
f 409/20/20 417/21/21 956/22/22
f 956/22/22 418/23/23 957/1/1
f 951/4/4 410/24/24 411/25/25
f 417/21/21 428/26/26 429/27/27
f 417/21/21 430/28/28 418/23/23
f 410/24/24 423/29/29 411/25/25
f 419/2/2 430/28/28 431/30/30
f 412/5/5 423/29/29 424/31/31
f 419/2/2 432/32/32 420/7/7
f 413/10/10 424/31/31 425/33/33
f 420/7/7 433/34/34 421/11/11
f 413/10/10 426/35/35 414/13/13
f 421/11/11 1698/36/36 1697/16/16
f 414/13/13 427/37/37 415/18/18
f 416/19/19 427/37/37 428/26/26
f 432/32/32 443/38/38 444/39/39
f 425/33/33 436/40/40 437/41/41
f 433/34/34 444/39/39 445/42/42
f 425/33/33 438/43/43 426/35/35
f 433/34/34 1699/44/44 1698/36/36
f 426/35/35 439/45/45 427/37/37
f 428/26/26 439/45/45 440/46/46
f 428/26/26 441/47/47 429/27/27
f 430/28/28 441/47/47 442/48/48
f 423/29/29 434/49/49 435/50/50
f 430/28/28 443/38/38 431/30/30
f 423/29/29 436/40/40 424/31/31
f 438/43/43 451/51/51 439/45/45
f 440/46/46 451/51/51 452/52/52
f 440/46/46 453/53/53 441/47/47
f 441/47/47 454/54/54 442/48/48
f 434/49/49 447/55/55 435/50/50
f 442/48/48 455/56/56 443/38/38
f 435/50/50 448/57/57 436/40/40
f 444/39/39 455/56/56 456/58/58
f 436/40/40 449/59/59 437/41/41
f 444/39/39 457/60/60 445/42/42
f 437/41/41 450/61/61 438/43/43
f 445/42/42 1700/62/62 1699/44/44
f 453/53/53 466/63/63 454/54/54
f 446/64/64 459/65/65 447/55/55
f 454/54/54 467/66/66 455/56/56
f 448/57/57 459/65/65 460/67/67
f 455/56/56 468/68/68 456/58/58
f 449/59/59 460/67/67 461/69/69
f 456/58/58 469/70/70 457/60/60
f 449/59/59 462/71/71 450/61/61
f 1700/62/62 469/70/70 1701/72/72
f 451/51/51 462/71/71 463/73/73
f 451/51/51 464/74/74 452/52/52
f 452/52/52 465/75/75 453/53/53
f 469/70/70 480/76/76 481/77/77
f 461/69/69 474/78/78 462/71/71
f 469/70/70 1702/79/79 1701/72/72
f 463/73/73 474/78/78 475/80/80
f 464/74/74 475/80/80 476/81/81
f 464/74/74 477/82/82 465/75/75
f 465/75/75 478/83/83 466/63/63
f 458/84/84 471/85/85 459/65/65
f 467/66/66 478/83/83 479/86/86
f 460/67/67 471/85/85 472/87/87
f 468/68/68 479/86/86 480/76/76
f 461/69/69 472/87/87 473/88/88
f 476/81/81 487/89/89 488/90/90
f 476/81/81 489/91/91 477/82/82
f 477/82/82 490/92/92 478/83/83
f 470/93/93 483/94/94 471/85/85
f 479/86/86 490/92/92 491/95/95
f 472/87/87 483/94/94 484/96/96
f 480/76/76 491/95/95 492/97/97
f 472/87/87 485/98/98 473/88/88
f 480/76/76 493/99/99 481/77/77
f 473/88/88 486/100/100 474/78/78
f 1702/79/79 493/99/99 1703/101/101
f 475/80/80 486/100/100 487/89/89
f 491/95/95 502/102/102 503/103/103
f 484/96/96 495/104/104 496/105/105
f 492/97/97 503/103/103 504/106/106
f 485/98/98 496/105/105 497/107/107
f 492/97/97 505/108/108 493/99/99
f 485/98/98 498/109/109 486/100/100
f 493/99/99 1704/110/110 1703/101/101
f 486/100/100 499/111/111 487/89/89
f 488/90/90 499/111/111 500/112/112
f 488/90/90 501/113/113 489/91/91
f 489/91/91 502/102/102 490/92/92
f 483/94/94 494/114/114 495/104/104
f 505/108/108 1705/115/115 1704/110/110
f 499/111/111 510/116/116 511/117/117
f 500/112/112 511/117/117 512/118/118
f 500/112/112 513/119/119 501/113/113
f 501/113/113 514/120/120 502/102/102
f 495/104/104 506/121/121 507/122/122
f 503/103/103 514/120/120 515/123/123
f 496/105/105 507/122/122 508/124/124
f 503/103/103 516/125/125 504/106/106
f 497/107/107 508/124/124 509/126/126
f 504/106/106 517/127/127 505/108/108
f 497/107/107 510/116/116 498/109/109
f 512/118/118 525/128/128 513/119/119
f 513/119/119 526/129/129 514/120/120
f 507/122/122 518/130/130 519/131/131
f 515/123/123 526/129/129 527/132/132
f 507/122/122 520/133/133 508/124/124
f 515/123/123 528/134/134 516/125/125
f 509/126/126 520/133/133 521/135/135
f 517/127/127 528/134/134 529/136/136
f 509/126/126 522/137/137 510/116/116
f 1705/115/115 529/136/136 1706/138/138
f 511/117/117 522/137/137 523/139/139
f 512/118/118 523/139/139 524/140/140
f 527/132/132 540/141/141 528/134/134
f 521/135/135 532/142/142 533/143/143
f 529/136/136 540/141/141 541/144/144
f 521/135/135 534/145/145 522/137/137
f 1706/138/138 541/144/144 1707/146/146
f 522/137/137 535/147/147 523/139/139
f 523/139/139 536/148/148 524/140/140
f 524/140/140 537/149/149 525/128/128
f 525/128/128 538/150/150 526/129/129
f 519/131/131 530/151/151 531/152/152
f 527/132/132 538/150/150 539/153/153
f 520/133/133 531/152/152 532/142/142
f 535/147/147 548/154/154 536/148/148
f 536/148/148 549/155/155 537/149/149
f 537/149/149 550/156/156 538/150/150
f 531/152/152 542/157/157 543/158/158
f 539/153/153 550/156/156 551/159/159
f 531/152/152 544/160/160 532/142/142
f 540/141/141 551/159/159 552/161/161
f 533/143/143 544/160/160 545/162/162
f 540/141/141 553/163/163 541/144/144
f 533/143/143 546/164/164 534/145/145
f 541/144/144 1708/165/165 1707/146/146
f 535/147/147 546/164/164 547/166/166
f 549/155/155 562/167/167 550/156/156
f 543/158/158 554/168/168 555/169/169
f 551/159/159 562/167/167 563/170/170
f 544/160/160 555/169/169 556/171/171
f 551/159/159 564/172/172 552/161/161
f 545/162/162 556/171/171 557/173/173
f 552/161/161 565/174/174 553/163/163
f 545/162/162 558/175/175 546/164/164
f 1708/165/165 565/174/174 1709/176/176
f 547/166/166 558/175/175 559/177/177
f 547/166/166 560/178/178 548/154/154
f 548/154/154 561/179/179 549/155/155
f 564/172/172 577/180/180 565/174/174
f 557/173/173 570/181/181 558/175/175
f 565/174/174 1710/182/182 1709/176/176
f 559/177/177 570/181/181 571/183/183
f 559/177/177 572/184/184 560/178/178
f 560/178/178 573/185/185 561/179/179
f 561/179/179 574/186/186 562/167/167
f 555/169/169 566/187/187 567/188/188
f 563/170/170 574/186/186 575/189/189
f 556/171/171 567/188/188 568/190/190
f 563/170/170 576/191/191 564/172/172
f 557/173/173 568/190/190 569/192/192
f 572/184/184 585/193/193 573/185/185
f 573/185/185 586/194/194 574/186/186
f 567/188/188 578/195/195 579/196/196
f 575/189/189 586/194/194 587/197/197
f 568/190/190 579/196/196 580/198/198
f 576/191/191 587/197/197 588/199/199
f 568/190/190 581/200/200 569/192/192
f 576/191/191 589/201/201 577/180/180
f 569/192/192 582/202/202 570/181/181
f 577/180/180 1711/203/203 1710/182/182
f 571/183/183 582/202/202 583/204/204
f 571/183/183 584/205/205 572/184/184
f 587/197/197 598/206/206 599/207/207
f 580/198/198 591/208/208 592/209/209
f 587/197/197 600/210/210 588/199/199
f 581/200/200 592/209/209 593/211/211
f 588/199/199 601/212/212 589/201/201
f 581/200/200 594/213/213 582/202/202
f 589/201/201 1712/214/214 1711/203/203
f 582/202/202 595/215/215 583/204/204
f 584/205/205 595/215/215 596/216/216
f 584/205/205 597/217/217 585/193/193
f 585/193/193 598/206/206 586/194/194
f 578/195/195 591/208/208 579/196/196
f 1712/214/214 613/218/218 1713/219/219
f 595/215/215 606/220/220 607/221/221
f 596/216/216 607/221/221 608/222/222
f 596/216/216 609/223/223 597/217/217
f 597/217/217 610/224/224 598/206/206
f 590/225/225 603/226/226 591/208/208
f 599/207/207 610/224/224 611/227/227
f 592/209/209 603/226/226 604/228/228
f 600/210/210 611/227/227 612/229/229
f 592/209/209 605/230/230 593/211/211
f 601/212/212 612/229/229 613/218/218
f 593/211/211 606/220/220 594/213/213
f 609/223/223 622/231/231 610/224/224
f 602/232/232 615/233/233 603/226/226
f 611/227/227 622/231/231 623/234/234
f 604/228/228 615/233/233 616/235/235
f 612/229/229 623/234/234 624/236/236
f 605/230/230 616/235/235 617/237/237
f 612/229/229 625/238/238 613/218/218
f 605/230/230 618/239/239 606/220/220
f 1713/219/219 625/238/238 1714/240/240
f 607/221/221 618/239/239 619/241/241
f 608/222/222 619/241/241 620/242/242
f 608/222/222 621/243/243 609/223/223
f 624/236/236 635/244/244 636/245/245
f 616/235/235 629/246/246 617/237/237
f 625/238/238 636/245/245 637/247/247
f 617/237/237 630/248/248 618/239/239
f 625/238/238 1715/249/249 1714/240/240
f 618/239/239 631/250/250 619/241/241
f 620/242/242 631/250/250 632/251/251
f 620/242/242 633/252/252 621/243/243
f 621/243/243 634/253/253 622/231/231
f 615/233/233 626/254/254 627/255/255
f 623/234/234 634/253/253 635/244/244
f 615/233/233 628/256/256 616/235/235
f 632/251/251 643/257/257 644/258/258
f 632/251/251 645/259/259 633/252/252
f 633/252/252 646/260/260 634/253/253
f 627/255/255 638/261/261 639/262/262
f 634/253/253 647/263/263 635/244/244
f 627/255/255 640/264/264 628/256/256
f 635/244/244 648/265/265 636/245/245
f 628/256/256 641/266/266 629/246/246
f 637/247/247 648/265/265 649/267/267
f 629/246/246 642/268/268 630/248/248
f 1715/249/249 649/267/267 1716/269/269
f 630/248/248 643/257/257 631/250/250
f 638/261/261 651/270/270 639/262/262
f 647/263/263 658/271/271 659/272/272
f 640/264/264 651/270/270 652/273/273
f 648/265/265 659/272/272 660/274/274
f 641/266/266 652/273/273 653/275/275
f 649/267/267 660/274/274 661/276/276
f 641/266/266 654/277/277 642/268/268
f 1716/269/269 661/276/276 1717/278/278
f 642/268/268 655/279/279 643/257/257
f 644/258/258 655/279/279 656/280/280
f 644/258/258 657/281/281 645/259/259
f 645/259/259 658/271/271 646/260/260
f 661/276/276 672/282/282 673/283/283
f 653/275/275 666/284/284 654/277/277
f 661/276/276 1718/285/285 1717/278/278
f 654/277/277 667/286/286 655/279/279
f 656/280/280 667/286/286 668/287/287
f 656/280/280 669/288/288 657/281/281
f 657/281/281 670/289/289 658/271/271
f 650/290/290 663/291/291 651/270/270
f 659/272/272 670/289/289 671/292/292
f 652/273/273 663/291/291 664/293/293
f 660/274/274 671/292/292 672/282/282
f 653/275/275 664/293/293 665/294/294
f 668/287/287 681/295/295 669/288/288
f 669/288/288 682/296/296 670/289/289
f 663/291/291 674/297/297 675/298/298
f 670/289/289 683/299/299 671/292/292
f 664/293/293 675/298/298 676/300/300
f 672/282/282 683/299/299 684/301/301
f 665/294/294 676/300/300 677/302/302
f 673/283/283 684/301/301 685/303/303
f 665/294/294 678/304/304 666/284/284
f 1718/285/285 685/303/303 1719/305/305
f 666/284/284 679/306/306 667/286/286
f 668/287/287 679/306/306 680/307/307
f 676/300/300 687/308/308 688/309/309
f 684/301/301 695/310/310 696/311/311
f 677/302/302 688/309/309 689/312/312
f 685/303/303 696/311/311 697/313/313
f 677/302/302 690/314/314 678/304/304
f 1719/305/305 697/313/313 1720/315/315
f 678/304/304 691/316/316 679/306/306
f 680/307/307 691/316/316 692/317/317
f 680/307/307 693/318/318 681/295/295
f 681/295/295 694/319/319 682/296/296
f 675/298/298 686/320/320 687/308/308
f 683/299/299 694/319/319 695/310/310
f 1720/315/315 709/321/321 1721/322/322
f 690/314/314 703/323/323 691/316/316
f 692/317/317 703/323/323 704/324/324
f 692/317/317 705/325/325 693/318/318
f 693/318/318 706/326/326 694/319/319
f 687/308/308 698/327/327 699/328/328
f 695/310/310 706/326/326 707/329/329
f 688/309/309 699/328/328 700/330/330
f 695/310/310 708/331/331 696/311/311
f 689/312/312 700/330/330 701/332/332
f 697/313/313 708/331/331 709/321/321
f 689/312/312 702/333/333 690/314/314
f 705/325/325 718/334/334 706/326/326
f 699/328/328 710/335/335 711/336/336
f 707/329/329 718/334/334 719/337/337
f 700/330/330 711/336/336 712/338/338
f 707/329/329 720/339/339 708/331/331
f 701/332/332 712/338/338 713/340/340
f 709/321/321 720/339/339 721/341/341
f 701/332/332 714/342/342 702/333/333
f 1721/322/322 721/341/341 1722/343/343
f 702/333/333 715/344/344 703/323/323
f 704/324/324 715/344/344 716/345/345
f 704/324/324 717/346/346 705/325/325
f 713/340/340 724/347/347 725/348/348
f 721/341/341 732/349/349 733/350/350
f 713/340/340 726/351/351 714/342/342
f 721/341/341 1723/352/352 1722/343/343
f 714/342/342 727/353/353 715/344/344
f 715/344/344 728/354/354 716/345/345
f 716/345/345 729/355/355 717/346/346
f 717/346/346 730/356/356 718/334/334
f 711/336/336 722/357/357 723/358/358
f 719/337/337 730/356/356 731/359/359
f 712/338/338 723/358/358 724/347/347
f 719/337/337 732/349/349 720/339/339
f 728/354/354 739/360/360 740/361/361
f 728/354/354 741/362/362 729/355/355
f 729/355/355 742/363/363 730/356/356
f 723/358/358 734/364/364 735/365/365
f 731/359/359 742/363/363 743/366/366
f 724/347/347 735/365/365 736/367/367
f 732/349/349 743/366/366 744/368/368
f 724/347/347 737/369/369 725/348/348
f 732/349/349 745/370/370 733/350/350
f 725/348/348 738/371/371 726/351/351
f 1723/352/352 745/370/370 1724/372/372
f 727/353/353 738/371/371 739/360/360
f 735/365/365 746/373/373 747/374/374
f 743/366/366 754/375/375 755/376/376
f 736/367/367 747/374/374 748/377/377
f 744/368/368 755/376/376 756/378/378
f 737/369/369 748/377/377 749/379/379
f 745/370/370 756/378/378 757/380/380
f 737/369/369 750/381/381 738/371/371
f 745/370/370 1725/382/382 1724/372/372
f 739/360/360 750/381/381 751/383/383
f 740/361/361 751/383/383 752/384/384
f 740/361/361 753/385/385 741/362/362
f 741/362/362 754/375/375 742/363/363
f 749/379/379 762/386/386 750/381/381
f 757/380/380 1726/387/387 1725/382/382
f 751/383/383 762/386/386 763/388/388
f 752/384/384 763/388/388 764/389/389
f 752/384/384 765/390/390 753/385/385
f 753/385/385 766/391/391 754/375/375
f 747/374/374 758/392/392 759/393/393
f 755/376/376 766/391/391 767/394/394
f 748/377/377 759/393/393 760/395/395
f 755/376/376 768/396/396 756/378/378
f 749/379/379 760/395/395 761/397/397
f 756/378/378 769/398/398 757/380/380
f 764/389/389 777/399/399 765/390/390
f 765/390/390 778/400/400 766/391/391
f 758/392/392 771/401/401 759/393/393
f 767/394/394 778/400/400 779/402/402
f 760/395/395 771/401/401 772/403/403
f 768/396/396 779/402/402 780/404/404
f 761/397/397 772/403/403 773/405/405
f 769/398/398 780/404/404 781/406/406
f 761/397/397 774/407/407 762/386/386
f 1726/387/387 781/406/406 1727/408/408
f 763/388/388 774/407/407 775/409/409
f 764/389/389 775/409/409 776/410/410
f 772/411/403 783/412/411 784/413/412
f 780/414/404 791/415/413 792/416/414
f 773/417/405 784/413/412 785/418/415
f 780/414/404 793/419/416 781/420/406
f 773/417/405 786/421/417 774/422/407
f 781/420/406 1728/423/418 1727/424/408
f 775/425/409 786/421/417 787/426/419
f 776/427/410 787/426/419 788/428/420
f 776/427/410 789/429/421 777/430/399
f 777/430/399 790/431/422 778/432/400
f 771/433/401 782/434/423 783/412/411
f 779/435/402 790/431/422 791/415/413
f 787/426/419 798/436/424 799/437/425
f 788/428/420 799/437/425 800/438/426
f 788/428/420 801/439/427 789/429/421
f 789/429/421 802/440/428 790/431/422
f 783/412/411 794/441/429 795/442/430
f 791/415/413 802/440/428 803/443/431
f 784/413/412 795/442/430 796/444/432
f 791/415/413 804/445/433 792/416/414
f 785/418/415 796/444/432 797/446/434
f 793/419/416 804/445/433 805/447/435
f 785/418/415 798/436/424 786/421/417
f 793/419/416 1729/448/436 1728/423/418
f 802/440/428 813/449/437 814/450/438
f 795/442/430 806/451/439 807/452/440
f 803/443/431 814/450/438 815/453/441
f 796/444/432 807/452/440 808/454/442
f 803/443/431 816/455/443 804/445/433
f 797/446/434 808/454/442 809/456/444
f 805/447/435 816/455/443 817/457/445
f 797/446/434 810/458/446 798/436/424
f 805/447/435 1730/459/447 1729/448/436
f 799/437/425 810/458/446 811/460/448
f 800/438/426 811/460/448 812/461/449
f 800/438/426 813/449/437 801/439/427
f 815/453/441 828/462/450 816/455/443
f 809/456/444 820/463/451 821/464/452
f 817/457/445 828/462/450 829/465/453
f 809/456/444 822/466/454 810/458/446
f 1730/459/447 829/465/453 1731/467/455
f 810/458/446 823/468/456 811/460/448
f 812/461/449 823/468/456 824/469/457
f 812/461/449 825/470/458 813/449/437
f 813/449/437 826/471/459 814/450/438
f 807/452/440 818/472/460 819/473/461
f 815/453/441 826/471/459 827/474/462
f 807/452/440 820/463/451 808/454/442
f 823/468/456 834/475/463 835/476/464
f 824/469/457 835/476/464 836/477/465
f 824/469/457 837/478/466 825/470/458
f 825/470/458 838/479/467 826/471/459
f 819/473/461 830/480/468 831/481/469
f 827/474/462 838/479/467 839/482/470
f 819/473/461 832/483/471 820/463/451
f 827/474/462 840/484/472 828/462/450
f 821/464/452 832/483/471 833/485/473
f 829/465/453 840/484/472 841/486/474
f 821/464/452 834/475/463 822/466/454
f 1731/467/455 841/486/474 1732/487/475
f 837/478/466 850/488/476 838/479/467
f 831/481/469 842/489/477 843/490/478
f 839/482/470 850/488/476 851/491/479
f 832/483/471 843/490/478 844/492/480
f 839/482/470 852/493/481 840/484/472
f 833/485/473 844/492/480 845/494/482
f 841/486/474 852/493/481 853/495/483
f 833/485/473 846/496/484 834/475/463
f 1732/487/475 853/495/483 1733/497/485
f 834/475/463 847/498/486 835/476/464
f 836/477/465 847/498/486 848/499/487
f 836/477/465 849/500/488 837/478/466
f 853/495/483 864/501/489 865/502/490
f 845/494/482 858/503/491 846/496/484
f 1733/497/485 865/502/490 1734/504/492
f 847/498/486 858/503/491 859/505/493
f 848/499/487 859/505/493 860/506/494
f 848/499/487 861/507/495 849/500/488
f 849/500/488 862/508/496 850/488/476
f 843/490/478 854/509/497 855/510/498
f 851/491/479 862/508/496 863/511/499
f 844/492/480 855/510/498 856/512/500
f 852/493/481 863/511/499 864/501/489
f 845/494/482 856/512/500 857/513/501
f 860/506/494 871/514/502 872/515/503
f 860/506/494 873/516/504 861/507/495
f 861/507/495 874/517/505 862/508/496
f 855/510/498 866/518/506 867/519/507
f 863/511/499 874/517/505 875/520/508
f 856/512/500 867/519/507 868/521/509
f 863/511/499 876/522/510 864/501/489
f 857/513/501 868/521/509 869/523/511
f 865/502/490 876/522/510 877/524/512
f 857/513/501 870/525/513 858/503/491
f 1734/504/492 877/524/512 1735/526/514
f 859/505/493 870/525/513 871/514/502
f 875/520/508 886/527/515 887/528/516
f 867/519/507 880/529/517 868/521/509
f 876/522/510 887/528/516 888/530/518
f 869/523/511 880/529/517 881/531/519
f 877/524/512 888/530/518 889/532/520
f 869/523/511 882/533/521 870/525/513
f 1735/526/514 889/532/520 1736/534/522
f 871/514/502 882/533/521 883/535/523
f 872/515/503 883/535/523 884/536/524
f 872/515/503 885/537/525 873/516/504
f 873/516/504 886/527/515 874/517/505
f 867/519/507 878/538/526 879/539/527
f 1736/534/522 901/540/528 1737/541/529
f 883/535/523 894/542/530 895/543/531
f 884/536/524 895/543/531 896/544/532
f 884/536/524 897/545/533 885/537/525
f 885/537/525 898/546/534 886/527/515
f 879/539/527 890/547/535 891/548/536
f 887/528/516 898/546/534 899/549/537
f 879/539/527 892/550/538 880/529/517
f 887/528/516 900/551/539 888/530/518
f 881/531/519 892/550/538 893/552/540
f 889/532/520 900/551/539 901/540/528
f 881/531/519 894/542/530 882/533/521
f 896/544/532 909/553/541 897/545/533
f 897/545/533 910/554/542 898/546/534
f 891/548/536 902/555/543 903/556/544
f 899/549/537 910/554/542 911/557/545
f 892/550/538 903/556/544 904/558/546
f 900/551/539 911/557/545 912/559/547
f 893/552/540 904/558/546 905/560/548
f 901/540/528 912/559/547 913/561/549
f 893/552/540 906/562/550 894/542/530
f 1737/541/529 913/561/549 1738/563/551
f 895/543/531 906/562/550 907/564/552
f 896/544/532 907/564/552 908/565/553
f 911/557/545 924/566/554 912/559/547
f 905/560/548 916/567/555 917/568/556
f 912/559/547 925/569/557 913/561/549
f 905/560/548 918/570/558 906/562/550
f 1738/563/551 925/569/557 1739/571/559
f 907/564/552 918/570/558 919/572/560
f 908/565/553 919/572/560 920/573/561
f 908/565/553 921/574/562 909/553/541
f 909/553/541 922/575/563 910/554/542
f 903/556/544 914/576/564 915/577/565
f 911/557/545 922/575/563 923/578/566
f 904/558/546 915/577/565 916/567/555
f 920/573/561 931/579/567 932/580/568
f 920/573/561 933/581/569 921/574/562
f 921/574/562 934/582/570 922/575/563
f 915/577/565 926/583/571 927/584/572
f 923/578/566 934/582/570 935/585/573
f 915/577/565 928/586/574 916/567/555
f 924/566/554 935/585/573 936/587/575
f 917/568/556 928/586/574 929/588/576
f 925/569/557 936/587/575 937/589/577
f 917/568/556 930/590/578 918/570/558
f 925/569/557 1740/591/579 1739/571/559
f 919/572/560 930/590/578 931/579/567
f 933/581/569 946/592/580 934/582/570
f 926/583/571 939/593/581 927/584/572
f 935/585/573 946/592/580 947/594/582
f 927/584/572 940/595/583 928/586/574
f 936/587/575 947/594/582 948/596/584
f 929/588/576 940/595/583 941/597/585
f 937/589/577 948/596/584 949/598/586
f 929/588/576 942/599/587 930/590/578
f 1740/591/579 949/598/586 1741/600/588
f 931/579/567 942/599/587 943/601/589
f 932/580/568 943/601/589 944/602/590
f 932/580/568 945/603/591 933/581/569
f 949/598/586 959/8/8 960/12/12
f 941/597/585 954/14/14 942/599/587
f 949/598/586 1742/15/15 1741/600/588
f 943/601/589 954/14/14 955/17/17
f 944/602/590 955/17/17 409/20/20
f 944/602/590 956/22/22 945/603/591
f 945/603/591 957/1/1 946/592/580
f 939/593/581 950/604/592 951/4/4
f 947/594/582 957/1/1 958/3/3
f 940/595/583 951/4/4 952/6/6
f 947/594/582 959/8/8 948/596/584
f 941/597/585 952/6/6 953/9/9
f 650/290/290 980/605/593 981/606/594
f 566/187/187 975/607/595 578/195/195
f 854/509/497 997/608/596 998/609/597
f 782/434/423 991/610/598 992/611/599
f 938/612/600 1004/613/601 1005/614/602
f 950/604/592 1005/614/602 1006/615/603
f 794/441/429 994/616/604 806/451/439
f 722/357/357 988/617/605 734/364/364
f 554/168/168 974/618/606 566/187/187
f 494/114/114 967/619/607 968/620/608
f 494/114/114 969/621/609 506/121/121
f 518/130/130 969/621/609 970/622/610
f 722/357/357 986/623/611 987/624/612
f 422/625/613 963/626/614 434/49/49
f 734/364/364 989/627/615 746/373/373
f 674/297/297 982/628/616 983/629/617
f 614/630/618 977/631/619 978/632/620
f 434/49/49 964/633/621 446/64/64
f 902/555/543 1001/634/622 1002/635/623
f 662/636/624 981/606/594 982/628/616
f 866/518/506 1000/637/625 878/538/526
f 890/547/535 1000/637/625 1001/634/622
f 770/638/626 990/639/627 991/640/598
f 446/64/64 965/641/628 458/84/84
f 578/195/195 976/642/629 590/225/225
f 590/225/225 977/631/619 602/232/232
f 818/472/460 994/616/604 995/643/630
f 830/480/468 995/643/630 996/644/631
f 746/373/373 990/639/627 758/392/392
f 698/327/327 986/623/611 710/335/335
f 542/157/157 971/645/632 972/646/633
f 530/151/151 970/622/610 971/645/632
f 482/647/634 966/648/635 967/619/607
f 674/297/297 984/649/636 686/320/320
f 842/489/477 996/644/631 997/608/596
f 698/327/327 984/649/636 985/650/637
f 470/93/93 965/641/628 966/648/635
f 422/625/613 961/651/638 962/652/639
f 914/576/564 1004/613/601 926/583/571
f 554/168/168 972/646/633 973/653/640
f 914/576/564 1002/635/623 1003/654/641
f 638/261/261 979/655/642 980/605/593
f 410/24/24 1006/615/603 961/651/638
f 866/518/506 998/609/597 999/656/643
f 794/441/429 992/611/599 993/657/644
f 614/630/618 979/655/642 626/254/254
f 971/645/632 1016/658/645 1017/659/645
f 999/656/643 1046/660/645 1000/637/625
f 984/649/636 1031/661/645 985/650/637
f 971/645/632 1018/662/645 972/646/633
f 1000/637/625 1047/663/645 1001/634/622
f 986/623/611 1031/661/645 1032/664/645
f 973/653/640 1018/662/645 1019/665/645
f 1001/634/622 1048/666/645 1002/635/623
f 986/623/611 1033/667/645 987/624/612
f 974/618/606 1019/665/645 1020/668/645
f 1002/635/623 1049/669/645 1003/654/641
f 988/617/605 1033/667/645 1034/670/645
f 990/639/627 1035/671/645 1036/672/645
f 975/607/595 1020/668/645 1021/673/645
f 1004/613/601 1049/669/645 1050/674/645
f 962/652/639 1007/675/645 1008/676/645
f 988/617/605 1035/671/645 989/627/615
f 990/639/627 1037/677/645 991/640/598
f 976/642/629 1021/673/645 1022/678/645
f 1005/614/602 1050/674/645 1051/679/645
f 962/652/639 1009/680/645 963/626/614
f 991/610/598 1038/681/645 992/611/599
f 976/642/629 1023/682/645 977/631/619
f 1005/614/602 1052/683/645 1006/615/603
f 964/633/621 1009/680/645 1010/684/645
f 993/657/644 1038/681/645 1039/685/645
f 977/631/619 1024/686/645 978/632/620
f 1006/615/603 1007/675/645 961/651/638
f 965/641/628 1010/684/645 1011/687/645
f 993/657/644 1040/688/645 994/616/604
f 978/632/620 1025/689/645 979/655/642
f 966/648/635 1011/687/645 1012/690/646
f 994/616/604 1041/691/645 995/643/630
f 979/655/642 1026/692/645 980/605/593
f 966/648/635 1013/693/645 967/619/607
f 995/643/630 1042/694/645 996/644/631
f 981/606/594 1026/692/645 1027/695/645
f 967/619/607 1014/696/645 968/620/608
f 996/644/631 1043/697/645 997/608/596
f 981/606/594 1028/698/645 982/628/616
f 968/620/608 1015/699/645 969/621/609
f 998/609/597 1043/697/645 1044/700/645
f 982/628/616 1029/701/645 983/629/617
f 970/622/610 1015/699/645 1016/658/645
f 998/609/597 1045/702/645 999/656/643
f 983/629/617 1030/703/645 984/649/636
f 1602/704/647 1062/705/648 1601/706/304
f 1596/707/649 1055/708/650 1595/709/651
f 1064/710/652 1602/704/647 1603/711/653
f 1597/712/654 1056/713/655 1596/707/649
f 1065/714/656 1603/711/653 1604/715/657
f 1058/716/658 1597/712/654 1598/717/659
f 1743/718/660 1604/715/657 1788/719/661
f 1599/720/295 1058/716/658 1598/717/659
f 1053/721/307 1059/722/318 1599/720/295
f 1061/723/662 1053/721/307 1600/724/306
f 1062/705/648 1600/724/306 1601/706/304
f 1595/709/651 1054/725/663 1594/726/664
f 1073/727/323 1060/728/317 1061/723/662
f 1062/705/648 1073/727/323 1061/723/662
f 1067/729/665 1054/725/663 1055/708/650
f 1075/730/666 1062/705/648 1063/731/667
f 1056/713/655 1067/729/665 1055/708/650
f 1076/732/668 1063/731/667 1064/710/652
f 1069/733/669 1056/713/655 1057/734/670
f 1065/714/656 1076/732/668 1064/710/652
f 1070/735/671 1057/734/670 1058/716/658
f 1744/736/672 1065/714/656 1743/718/660
f 1071/737/325 1058/716/658 1059/722/318
f 1060/728/317 1071/737/325 1059/722/318
f 1076/732/668 1087/738/673 1075/730/666
f 1081/739/674 1068/740/675 1069/733/669
f 1077/741/676 1088/742/677 1076/732/668
f 1070/735/671 1081/739/674 1069/733/669
f 1744/736/672 1089/743/678 1077/741/676
f 1071/737/325 1082/744/679 1070/735/671
f 1072/745/324 1083/746/346 1071/737/325
f 1085/747/680 1072/745/324 1073/727/323
f 1074/748/681 1085/747/680 1073/727/323
f 1067/729/665 1078/749/682 1066/750/683
f 1087/738/673 1074/748/681 1075/730/666
f 1068/740/675 1079/751/684 1067/729/665
f 1083/746/346 1094/752/685 1082/744/679
f 1096/753/686 1083/746/346 1084/754/345
f 1097/755/687 1084/754/345 1085/747/680
f 1098/756/688 1085/747/680 1086/757/689
f 1091/758/690 1078/749/682 1079/751/684
f 1087/738/673 1098/756/688 1086/757/689
f 1092/759/691 1079/751/684 1080/760/692
f 1088/742/677 1099/761/693 1087/738/673
f 1093/762/694 1080/760/692 1081/739/674
f 1101/763/695 1088/742/677 1089/743/678
f 1094/752/685 1081/739/674 1082/744/679
f 1745/764/696 1101/763/695 1089/743/678
f 1110/765/697 1097/755/687 1098/756/688
f 1091/758/690 1102/766/698 1090/767/699
f 1099/761/693 1110/765/697 1098/756/688
f 1092/759/691 1103/768/700 1091/758/690
f 1112/769/701 1099/761/693 1100/770/702
f 1093/762/694 1104/771/703 1092/759/691
f 1101/763/695 1112/769/701 1100/770/702
f 1106/772/704 1093/762/694 1094/752/685
f 1746/773/705 1113/774/706 1101/763/695
f 1095/775/355 1106/772/704 1094/752/685
f 1108/776/707 1095/775/355 1096/753/686
f 1097/755/687 1108/776/707 1096/753/686
f 1125/777/708 1112/769/701 1113/774/706
f 1118/778/709 1105/779/710 1106/772/704
f 1747/780/711 1125/777/708 1113/774/706
f 1107/781/362 1118/778/709 1106/772/704
f 1108/776/707 1119/782/385 1107/781/362
f 1121/783/712 1108/776/707 1109/784/713
f 1122/785/714 1109/784/713 1110/765/697
f 1115/786/715 1102/766/698 1103/768/700
f 1111/787/716 1122/785/714 1110/765/697
f 1104/771/703 1115/786/715 1103/768/700
f 1124/788/717 1111/787/716 1112/769/701
f 1117/789/718 1104/771/703 1105/779/710
f 1120/790/384 1131/791/390 1119/782/385
f 1133/792/388 1120/790/384 1121/783/712
f 1134/793/719 1121/783/712 1122/785/714
f 1115/786/715 1126/794/720 1114/795/721
f 1123/796/722 1134/793/719 1122/785/714
f 1128/797/723 1115/786/715 1116/798/724
f 1136/799/725 1123/796/722 1124/788/717
f 1129/800/726 1116/798/724 1117/789/718
f 1125/777/708 1136/799/725 1124/788/717
f 1130/801/727 1117/789/718 1118/778/709
f 1749/802/728 1125/777/708 1748/803/729
f 1119/782/385 1130/801/727 1118/778/709
f 1147/804/730 1134/793/719 1135/805/731
f 1140/806/732 1127/807/733 1128/797/723
f 1148/808/734 1135/805/731 1136/799/725
f 1129/800/726 1140/806/732 1128/797/723
f 1137/809/735 1148/808/734 1136/799/725
f 1130/801/727 1141/810/736 1129/800/726
f 1750/811/737 1137/809/735 1749/802/728
f 1131/791/390 1142/812/400 1130/801/727
f 1144/813/410 1131/791/390 1132/814/389
f 1133/792/388 1144/813/410 1132/814/389
f 1146/815/407 1133/792/388 1134/793/719
f 1139/816/738 1126/794/720 1127/807/733
f 1750/811/737 1161/817/739 1149/818/740
f 1155/819/741 1142/812/400 1143/820/399
f 1156/821/420 1143/820/399 1144/813/410
f 1157/822/742 1144/813/410 1145/823/743
f 1146/815/407 1157/822/742 1145/823/743
f 1151/824/744 1138/825/745 1139/816/738
f 1147/804/730 1158/826/417 1146/815/407
f 1140/806/732 1151/824/744 1139/816/738
f 1160/827/746 1147/804/730 1148/808/734
f 1141/810/736 1152/828/747 1140/806/732
f 1149/818/740 1160/827/746 1148/808/734
f 1142/812/400 1153/829/748 1141/810/736
f 1169/830/749 1156/821/420 1157/822/742
f 1158/826/417 1169/830/749 1157/822/742
f 1151/824/744 1162/831/750 1150/832/751
f 1171/833/434 1158/826/417 1159/834/752
f 1164/835/753 1151/824/744 1152/828/747
f 1172/836/754 1159/834/752 1160/827/746
f 1153/829/748 1164/835/753 1152/828/747
f 1173/837/755 1160/827/746 1161/817/739
f 1166/838/428 1153/829/748 1154/839/756
f 1751/840/757 1173/837/755 1161/817/739
f 1167/841/427 1154/839/756 1155/819/741
f 1156/821/420 1167/841/427 1155/819/741
f 1172/836/754 1183/842/758 1171/833/434
f 1177/843/759 1164/835/753 1165/844/760
f 1185/845/761 1172/836/754 1173/837/755
f 1166/838/428 1177/843/759 1165/844/760
f 1752/846/762 1185/845/761 1173/837/755
f 1167/841/427 1178/847/763 1166/838/428
f 1168/848/426 1179/849/764 1167/841/427
f 1181/850/448 1168/848/426 1169/830/749
f 1182/851/446 1169/830/749 1170/852/765
f 1175/853/766 1162/831/750 1163/854/767
f 1183/842/758 1170/852/765 1171/833/434
f 1176/855/768 1163/854/767 1164/835/753
f 1180/856/449 1191/857/458 1179/849/764
f 1193/858/769 1180/856/449 1181/850/448
f 1194/859/454 1181/850/448 1182/851/446
f 1187/860/770 1174/861/771 1175/853/766
f 1183/842/758 1194/859/454 1182/851/446
f 1176/855/768 1187/860/770 1175/853/766
f 1196/862/772 1183/842/758 1184/863/773
f 1189/864/774 1176/855/768 1177/843/759
f 1197/865/775 1184/863/773 1185/845/761
f 1190/866/776 1177/843/759 1178/847/763
f 1753/867/777 1197/865/775 1185/845/761
f 1179/849/764 1190/866/776 1178/847/763
f 1206/868/778 1193/858/769 1194/859/454
f 1187/860/770 1198/869/779 1186/870/780
f 1195/871/781 1206/868/778 1194/859/454
f 1188/872/782 1199/873/783 1187/860/770
f 1208/874/784 1195/871/781 1196/862/772
f 1189/864/774 1200/875/785 1188/872/782
f 1197/865/775 1208/874/784 1196/862/772
f 1202/876/786 1189/864/774 1190/866/776
f 1755/877/787 1197/865/775 1754/878/788
f 1191/857/458 1202/876/786 1190/866/776
f 1204/879/465 1191/857/458 1192/880/457
f 1205/881/789 1192/880/457 1193/858/769
f 1209/882/790 1220/883/791 1208/874/784
f 1214/884/792 1201/885/793 1202/876/786
f 1756/886/794 1209/882/790 1755/877/787
f 1203/887/795 1214/884/792 1202/876/786
f 1216/888/487 1203/887/795 1204/879/465
f 1205/881/789 1216/888/487 1204/879/465
f 1218/889/796 1205/881/789 1206/868/778
f 1211/890/797 1198/869/779 1199/873/783
f 1207/891/798 1218/889/796 1206/868/778
f 1200/875/785 1211/890/797 1199/873/783
f 1208/874/784 1219/892/799 1207/891/798
f 1213/893/800 1200/875/785 1201/885/793
f 1229/894/493 1216/888/487 1217/895/801
f 1230/896/802 1217/895/801 1218/889/796
f 1211/890/797 1222/897/803 1210/898/804
f 1219/892/799 1230/896/802 1218/889/796
f 1212/899/805 1223/900/806 1211/890/797
f 1220/883/791 1231/901/501 1219/892/799
f 1225/902/807 1212/899/805 1213/893/800
f 1233/903/808 1220/883/791 1221/904/809
f 1226/905/810 1213/893/800 1214/884/792
f 1757/906/811 1221/904/809 1756/886/794
f 1215/907/812 1226/905/810 1214/884/792
f 1216/888/487 1227/908/813 1215/907/812
f 1231/901/501 1242/909/513 1230/896/802
f 1224/910/814 1235/911/815 1223/900/806
f 1232/912/816 1243/913/817 1231/901/501
f 1225/902/807 1236/914/818 1224/910/814
f 1245/915/819 1232/912/816 1233/903/808
f 1238/916/820 1225/902/807 1226/905/810
f 1757/906/811 1245/915/819 1233/903/808
f 1239/917/821 1226/905/810 1227/908/813
f 1228/918/822 1239/917/821 1227/908/813
f 1241/919/502 1228/918/822 1229/894/493
f 1230/896/802 1241/919/502 1229/894/493
f 1223/900/806 1234/920/823 1222/897/803
f 1758/921/824 1257/922/825 1245/915/819
f 1239/917/821 1250/923/826 1238/916/820
f 1252/924/827 1239/917/821 1240/925/828
f 1253/926/523 1240/925/828 1241/919/502
f 1254/927/829 1241/919/502 1242/909/513
f 1247/928/830 1234/920/823 1235/911/815
f 1243/913/817 1254/927/829 1242/909/513
f 1236/914/818 1247/928/830 1235/911/815
f 1244/929/831 1255/930/832 1243/913/817
f 1237/931/833 1248/932/834 1236/914/818
f 1257/922/825 1244/929/831 1245/915/819
f 1250/923/826 1237/931/833 1238/916/820
f 1254/927/829 1265/933/531 1253/926/523
f 1259/934/835 1246/935/836 1247/928/830
f 1255/930/832 1266/936/837 1254/927/829
f 1260/937/838 1247/928/830 1248/932/834
f 1256/938/839 1267/939/840 1255/930/832
f 1249/940/841 1260/937/838 1248/932/834
f 1257/922/825 1268/941/842 1256/938/839
f 1262/942/843 1249/940/841 1250/923/826
f 1760/943/844 1257/922/825 1759/944/845
f 1251/945/525 1262/942/843 1250/923/826
f 1252/924/827 1263/946/846 1251/945/525
f 1265/933/531 1252/924/827 1253/926/523
f 1268/941/842 1279/947/847 1267/939/840
f 1273/948/848 1260/937/838 1261/949/849
f 1281/950/850 1268/941/842 1269/951/851
f 1274/952/852 1261/949/849 1262/942/843
f 1761/953/853 1269/951/851 1760/943/844
f 1275/954/854 1262/942/843 1263/946/846
f 1264/955/532 1275/954/854 1263/946/846
f 1277/956/552 1264/955/532 1265/933/531
f 1266/936/837 1277/956/552 1265/933/531
f 1271/957/855 1258/958/856 1259/934/835
f 1267/939/840 1278/959/550 1266/936/837
f 1272/960/857 1259/934/835 1260/937/838
f 1276/961/553 1287/962/562 1275/954/854
f 1289/963/560 1276/961/553 1277/956/552
f 1290/964/858 1277/956/552 1278/959/550
f 1271/957/855 1282/965/859 1270/966/860
f 1291/967/861 1278/959/550 1279/947/847
f 1272/960/857 1283/968/862 1271/957/855
f 1292/969/863 1279/947/847 1280/970/864
f 1273/948/848 1284/971/865 1272/960/857
f 1293/972/866 1280/970/864 1281/950/850
f 1286/973/867 1273/948/848 1274/952/852
f 1761/953/853 1293/972/866 1281/950/850
f 1287/962/562 1274/952/852 1275/954/854
f 1283/968/862 1294/974/868 1282/965/859
f 1291/967/861 1302/975/869 1290/964/858
f 1296/976/870 1283/968/862 1284/971/865
f 1292/969/863 1303/977/871 1291/967/861
f 1285/978/872 1296/976/870 1284/971/865
f 1305/979/873 1292/969/863 1293/972/866
f 1298/980/874 1285/978/872 1286/973/867
f 1763/981/875 1293/972/866 1762/982/876
f 1299/983/877 1286/973/867 1287/962/562
f 1288/984/561 1299/983/877 1287/962/562
f 1289/963/560 1300/985/568 1288/984/561
f 1302/975/869 1289/963/560 1290/964/858
f 1317/986/878 1304/987/879 1305/979/873
f 1310/988/880 1297/989/881 1298/980/874
f 1763/981/875 1317/986/878 1305/979/873
f 1299/983/877 1310/988/880 1298/980/874
f 1300/985/568 1311/990/591 1299/983/877
f 1313/991/882 1300/985/568 1301/992/567
f 1314/993/587 1301/992/567 1302/975/869
f 1307/994/883 1294/974/868 1295/995/884
f 1303/977/871 1314/993/587 1302/975/869
f 1308/996/885 1295/995/884 1296/976/870
f 1304/987/879 1315/997/886 1303/977/871
f 1297/989/881 1308/996/885 1296/976/870
f 1325/998/887 1312/999/590 1313/991/882
f 1314/993/587 1325/998/887 1313/991/882
f 1307/994/883 1318/1000/888 1306/1001/889
f 1327/1002/890 1314/993/587 1315/997/886
f 1320/1003/891 1307/994/883 1308/996/885
f 1316/1004/892 1327/1002/890 1315/997/886
f 1321/1005/893 1308/996/885 1309/1006/894
f 1317/986/878 1328/1007/895 1316/1004/892
f 1310/988/880 1321/1005/893 1309/1006/894
f 1764/1008/896 1329/1009/897 1317/986/878
f 1323/1010/22 1310/988/880 1311/990/591
f 1324/1011/20 1311/990/591 1312/999/590
f 1320/1003/891 1331/1012/898 1319/1013/899
f 1340/1014/900 1327/1002/890 1328/1007/895
f 1321/1005/893 1332/1015/901 1320/1003/891
f 1341/1016/902 1328/1007/895 1329/1009/897
f 1334/1017/903 1321/1005/893 1322/1018/904
f 1766/1019/905 1329/1009/897 1765/1020/906
f 1323/1010/22 1334/1017/903 1322/1018/904
f 1324/1011/20 1335/1021/21 1323/1010/22
f 1337/1022/907 1324/1011/20 1325/998/887
f 1338/1023/908 1325/998/887 1326/1024/909
f 1319/1013/899 1330/1025/910 1318/1000/888
f 1327/1002/890 1338/1023/908 1326/1024/909
f 1767/1026/911 1341/1016/902 1766/1019/905
f 1347/1027/27 1334/1017/903 1335/1021/21
f 1336/1028/19 1347/1027/27 1335/1021/21
f 1349/1029/912 1336/1028/19 1337/1022/907
f 1338/1023/908 1349/1029/912 1337/1022/907
f 1343/1030/913 1330/1025/910 1331/1012/898
f 1339/1031/914 1350/1032/915 1338/1023/908
f 1332/1015/901 1343/1030/913 1331/1012/898
f 1352/1033/916 1339/1031/914 1340/1014/900
f 1345/1034/917 1332/1015/901 1333/1035/918
f 1341/1016/902 1352/1033/916 1340/1014/900
f 1346/1036/919 1333/1035/918 1334/1017/903
f 1362/1037/920 1349/1029/912 1350/1032/915
f 1343/1030/913 1354/1038/921 1342/1039/922
f 1363/1040/923 1350/1032/915 1351/1041/924
f 1344/1042/925 1355/1043/926 1343/1030/913
f 1364/1044/927 1351/1041/924 1352/1033/916
f 1357/1045/928 1344/1042/925 1345/1034/917
f 1353/1046/929 1364/1044/927 1352/1033/916
f 1346/1036/919 1357/1045/928 1345/1034/917
f 1767/1026/911 1365/1047/930 1353/1046/929
f 1359/1048/47 1346/1036/919 1347/1027/27
f 1348/1049/26 1359/1048/47 1347/1027/27
f 1361/1050/931 1348/1049/26 1349/1029/912
f 1369/1051/932 1356/1052/933 1357/1045/928
f 1365/1047/930 1376/1053/934 1364/1044/927
f 1370/1054/54 1357/1045/928 1358/1055/935
f 1769/1056/936 1365/1047/930 1768/1057/937
f 1359/1048/47 1370/1054/54 1358/1055/935
f 1372/1058/938 1359/1048/47 1360/1059/46
f 1373/1060/939 1360/1059/46 1361/1050/931
f 1374/1061/940 1361/1050/931 1362/1037/920
f 1367/1062/941 1354/1038/921 1355/1043/926
f 1363/1040/923 1374/1061/940 1362/1037/920
f 1368/1063/942 1355/1043/926 1356/1052/933
f 1364/1044/927 1375/1064/943 1363/1040/923
f 1384/1065/74 1371/1066/53 1372/1058/938
f 1385/1067/944 1372/1058/938 1373/1060/939
f 1386/1068/945 1373/1060/939 1374/1061/940
f 1367/1062/941 1378/1069/946 1366/1070/947
f 1375/1064/943 1386/1068/945 1374/1061/940
f 1368/1063/942 1379/1071/948 1367/1062/941
f 1388/1072/949 1375/1064/943 1376/1053/934
f 1369/1051/932 1380/1073/950 1368/1063/942
f 1377/1074/951 1388/1072/949 1376/1053/934
f 1382/1075/952 1369/1051/932 1370/1054/54
f 1769/1056/936 1389/1076/953 1377/1074/951
f 1371/1066/53 1382/1075/952 1370/1054/54
f 1379/1071/948 1390/1077/954 1378/1069/946
f 1387/1078/955 1398/1079/78 1386/1068/945
f 1380/1073/950 1391/1080/956 1379/1071/948
f 1400/1081/957 1387/1078/955 1388/1072/949
f 1393/1082/958 1380/1073/950 1381/1083/959
f 1401/1084/960 1388/1072/949 1389/1076/953
f 1394/1085/83 1381/1083/959 1382/1075/952
f 1770/1086/961 1401/1084/960 1389/1076/953
f 1383/1087/962 1394/1085/83 1382/1075/952
f 1384/1065/74 1395/1088/963 1383/1087/962
f 1397/1089/80 1384/1065/74 1385/1067/944
f 1398/1079/78 1385/1067/944 1386/1068/945
f 1406/1090/92 1393/1082/958 1394/1085/83
f 1772/1091/964 1401/1084/960 1771/1092/965
f 1407/1093/91 1394/1085/83 1395/1088/963
f 1396/1094/81 1407/1093/91 1395/1088/963
f 1409/1095/89 1396/1094/81 1397/1089/80
f 1410/1096/100 1397/1089/80 1398/1079/78
f 1391/1080/956 1402/1097/966 1390/1077/954
f 1399/1098/967 1410/1096/100 1398/1079/78
f 1404/1099/968 1391/1080/956 1392/1100/969
f 1412/1101/970 1399/1098/967 1400/1081/957
f 1393/1082/958 1404/1099/968 1392/1100/969
f 1401/1084/960 1412/1101/970 1400/1081/957
f 1421/1102/971 1408/1103/90 1409/1095/89
f 1422/1104/109 1409/1095/89 1410/1096/100
f 1415/1105/972 1402/1097/966 1403/1106/973
f 1423/1107/974 1410/1096/100 1411/1108/98
f 1416/1109/975 1403/1106/973 1404/1099/968
f 1424/1110/976 1411/1108/98 1412/1101/970
f 1405/1111/977 1416/1109/975 1404/1099/968
f 1413/1112/978 1424/1110/976 1412/1101/970
f 1418/1113/102 1405/1111/977 1406/1090/92
f 1773/1114/979 1413/1112/978 1772/1091/964
f 1407/1093/91 1418/1113/102 1406/1090/92
f 1420/1115/112 1407/1093/91 1408/1103/90
f 1416/1116/975 1427/1117/980 1415/1118/972
f 1436/1119/981 1423/1120/974 1424/1121/976
f 1417/1122/982 1428/1123/983 1416/1116/975
f 1437/1124/984 1424/1121/976 1425/1125/985
f 1430/1126/120 1417/1122/982 1418/1127/102
f 1773/1128/979 1437/1124/984 1425/1125/985
f 1431/1129/119 1418/1127/102 1419/1130/113
f 1420/1131/112 1431/1129/119 1419/1130/113
f 1433/1132/117 1420/1131/112 1421/1133/971
f 1422/1134/109 1433/1132/117 1421/1133/971
f 1427/1117/980 1414/1135/986 1415/1118/972
f 1435/1136/987 1422/1134/109 1423/1120/974
f 1443/1137/128 1430/1126/120 1431/1129/119
f 1432/1138/118 1443/1137/128 1431/1129/119
f 1445/1139/139 1432/1138/118 1433/1132/117
f 1434/1140/116 1445/1139/139 1433/1132/117
f 1427/1117/980 1438/1141/988 1426/1142/989
f 1447/1143/990 1434/1140/116 1435/1136/987
f 1440/1144/991 1427/1117/980 1428/1123/983
f 1436/1119/981 1447/1143/990 1435/1136/987
f 1429/1145/992 1440/1144/991 1428/1123/983
f 1449/1146/993 1436/1119/981 1437/1124/984
f 1442/1147/129 1429/1145/992 1430/1126/120
f 1775/1148/994 1437/1124/984 1774/1149/995
f 1458/1150/145 1445/1139/139 1446/1151/996
f 1439/1152/997 1450/1153/998 1438/1141/988
f 1459/1154/999 1446/1151/996 1447/1143/990
f 1452/1155/1000 1439/1152/997 1440/1144/991
f 1448/1156/1001 1459/1154/999 1447/1143/990
f 1441/1157/1002 1452/1155/1000 1440/1144/991
f 1449/1146/993 1460/1158/1003 1448/1156/1001
f 1442/1147/129 1453/1159/1004 1441/1157/1002
f 1775/1148/994 1461/1160/1005 1449/1146/993
f 1455/1161/1006 1442/1147/129 1443/1137/128
f 1444/1162/140 1455/1161/1006 1443/1137/128
f 1457/1163/1007 1444/1162/140 1445/1139/139
f 1460/1158/1003 1471/1164/1008 1459/1154/999
f 1453/1159/1004 1464/1165/1009 1452/1155/1000
f 1473/1166/1010 1460/1158/1003 1461/1160/1005
f 1466/1167/1011 1453/1159/1004 1454/1168/150
f 1776/1169/1012 1473/1166/1010 1461/1160/1005
f 1467/1170/155 1454/1168/150 1455/1161/1006
f 1456/1171/148 1467/1170/155 1455/1161/1006
f 1469/1172/166 1456/1171/148 1457/1163/1007
f 1470/1173/1013 1457/1163/1007 1458/1150/145
f 1463/1174/1014 1450/1153/998 1451/1175/1015
f 1459/1154/999 1470/1173/1013 1458/1150/145
f 1464/1165/1009 1451/1175/1015 1452/1155/1000
f 1467/1170/155 1478/1176/1016 1466/1167/1011
f 1468/1177/154 1479/1178/1017 1467/1170/155
f 1481/1179/177 1468/1177/154 1469/1172/166
f 1482/1180/1018 1469/1172/166 1470/1173/1013
f 1463/1174/1014 1474/1181/1019 1462/1182/1020
f 1471/1164/1008 1482/1180/1018 1470/1173/1013
f 1464/1165/1009 1475/1183/1021 1463/1174/1014
f 1484/1184/1022 1471/1164/1008 1472/1185/1023
f 1465/1186/1024 1476/1187/1025 1464/1165/1009
f 1473/1166/1010 1484/1184/1022 1472/1185/1023
f 1478/1176/1016 1465/1186/1024 1466/1167/1011
f 1778/1188/1026 1473/1166/1010 1777/1189/1027
f 1494/1190/1028 1481/1179/177 1482/1180/1018
f 1487/1191/1029 1474/1181/1019 1475/1183/1021
f 1483/1192/1030 1494/1190/1028 1482/1180/1018
f 1476/1187/1025 1487/1191/1029 1475/1183/1021
f 1496/1193/1031 1483/1192/1030 1484/1184/1022
f 1489/1194/1032 1476/1187/1025 1477/1195/1033
f 1485/1196/1034 1496/1193/1031 1484/1184/1022
f 1490/1197/1035 1477/1195/1033 1478/1176/1016
f 1778/1188/1026 1497/1198/1036 1485/1196/1034
f 1479/1178/1017 1490/1197/1035 1478/1176/1016
f 1492/1199/184 1479/1178/1017 1480/1200/1037
f 1481/1179/177 1492/1199/184 1480/1200/1037
f 1509/1201/1038 1496/1193/1031 1497/1198/1036
f 1502/1202/1039 1489/1194/1032 1490/1197/1035
f 1780/1203/1040 1497/1198/1036 1779/1204/1041
f 1491/1205/1042 1502/1202/1039 1490/1197/1035
f 1492/1199/184 1503/1206/1043 1491/1205/1042
f 1505/1207/1044 1492/1199/184 1493/1208/1045
f 1506/1209/1046 1493/1208/1045 1494/1190/1028
f 1487/1191/1029 1498/1210/1047 1486/1211/1048
f 1495/1212/1049 1506/1209/1046 1494/1190/1028
f 1500/1213/1050 1487/1191/1029 1488/1214/1051
f 1496/1193/1031 1507/1215/1052 1495/1212/1049
f 1501/1216/1053 1488/1214/1051 1489/1194/1032
f 1504/1217/205 1515/1218/1054 1503/1206/1043
f 1517/1219/215 1504/1217/205 1505/1207/1044
f 1506/1209/1046 1517/1219/215 1505/1207/1044
f 1499/1220/1055 1510/1221/1056 1498/1210/1047
f 1507/1215/1052 1518/1222/1057 1506/1209/1046
f 1500/1213/1050 1511/1223/1058 1499/1220/1055
f 1508/1224/1059 1519/1225/211 1507/1215/1052
f 1513/1226/1060 1500/1213/1050 1501/1216/1053
f 1521/1227/1061 1508/1224/1059 1509/1201/1038
f 1514/1228/206 1501/1216/1053 1502/1202/1039
f 1780/1203/1040 1521/1227/1061 1509/1201/1038
f 1503/1206/1043 1514/1228/206 1502/1202/1039
f 1519/1225/211 1530/1229/1062 1518/1222/1057
f 1512/1230/1063 1523/1231/1064 1511/1223/1058
f 1520/1232/1065 1531/1233/1066 1519/1225/211
f 1513/1226/1060 1524/1234/1067 1512/1230/1063
f 1533/1235/1068 1520/1232/1065 1521/1227/1061
f 1526/1236/1069 1513/1226/1060 1514/1228/206
f 1781/1237/1070 1533/1235/1068 1521/1227/1061
f 1515/1218/1054 1526/1236/1069 1514/1228/206
f 1528/1238/222 1515/1218/1054 1516/1239/1071
f 1529/1240/1072 1516/1239/1071 1517/1219/215
f 1530/1229/1062 1517/1219/215 1518/1222/1057
f 1511/1223/1058 1522/1241/1073 1510/1221/1056
f 1783/1242/1074 1533/1235/1068 1782/1243/1075
f 1527/1244/1076 1538/1245/1077 1526/1236/1069
f 1528/1238/222 1539/1246/1078 1527/1244/1076
f 1541/1247/241 1528/1238/222 1529/1240/1072
f 1542/1248/1079 1529/1240/1072 1530/1229/1062
f 1523/1231/1064 1534/1249/1080 1522/1241/1073
f 1531/1233/1066 1542/1248/1079 1530/1229/1062
f 1536/1250/1081 1523/1231/1064 1524/1234/1067
f 1532/1251/1082 1543/1252/1083 1531/1233/1066
f 1525/1253/1084 1536/1250/1081 1524/1234/1067
f 1533/1235/1068 1544/1254/1085 1532/1251/1082
f 1538/1245/1077 1525/1253/1084 1526/1236/1069
f 1553/1255/1086 1540/1256/242 1541/1247/241
f 1542/1248/1079 1553/1255/1086 1541/1247/241
f 1547/1257/1087 1534/1249/1080 1535/1258/1088
f 1543/1252/1083 1554/1259/1089 1542/1248/1079
f 1548/1260/1090 1535/1258/1088 1536/1250/1081
f 1544/1254/1085 1555/1261/1091 1543/1252/1083
f 1537/1262/1092 1548/1260/1090 1536/1250/1081
f 1557/1263/1093 1544/1254/1085 1545/1264/1094
f 1550/1265/253 1537/1262/1092 1538/1245/1077
f 1784/1266/1095 1545/1264/1094 1783/1242/1074
f 1551/1267/252 1538/1245/1077 1539/1246/1078
f 1540/1256/242 1551/1267/252 1539/1246/1078
f 1568/1268/1096 1555/1261/1091 1556/1269/1097
f 1549/1270/1098 1560/1271/1099 1548/1260/1090
f 1557/1263/1093 1568/1268/1096 1556/1269/1097
f 1562/1272/1100 1549/1270/1098 1550/1265/253
f 1784/1266/1095 1569/1273/1101 1557/1263/1093
f 1563/1274/259 1550/1265/253 1551/1267/252
f 1552/1275/251 1563/1274/259 1551/1267/252
f 1565/1276/1102 1552/1275/251 1553/1255/1086
f 1566/1277/1103 1553/1255/1086 1554/1259/1089
f 1547/1257/1087 1558/1278/1104 1546/1279/1105
f 1567/1280/1106 1554/1259/1089 1555/1261/1091
f 1548/1260/1090 1559/1281/1107 1547/1257/1087
f 1564/1282/258 1575/1283/281 1563/1274/259
f 1577/1284/1108 1564/1282/258 1565/1276/1102
f 1578/1285/1109 1565/1276/1102 1566/1277/1103
f 1559/1281/1107 1570/1286/1110 1558/1278/1104
f 1567/1280/1106 1578/1285/1109 1566/1277/1103
f 1572/1287/1111 1559/1281/1107 1560/1271/1099
f 1580/1288/1112 1567/1280/1106 1568/1268/1096
f 1561/1289/1113 1572/1287/1111 1560/1271/1099
f 1581/1290/1114 1568/1268/1096 1569/1273/1101
f 1574/1291/1115 1561/1289/1113 1562/1272/1100
f 1786/1292/1116 1569/1273/1101 1785/1293/1117
f 1563/1274/259 1574/1291/1115 1562/1272/1100
f 1590/1294/1118 1577/1284/1108 1578/1285/1109
f 1571/1295/1119 1582/1296/1120 1570/1286/1110
f 1579/1297/1121 1590/1294/1118 1578/1285/1109
f 1584/1298/1122 1571/1295/1119 1572/1287/1111
f 1580/1288/1112 1591/1299/1123 1579/1297/1121
f 1573/1300/1124 1584/1298/1122 1572/1287/1111
f 1593/1301/1125 1580/1288/1112 1581/1290/1114
f 1586/1302/289 1573/1300/1124 1574/1291/1115
f 1787/1303/1126 1581/1290/1114 1786/1292/1116
f 1575/1283/281 1586/1302/289 1574/1291/1115
f 1576/1304/280 1587/1305/1127 1575/1283/281
f 1589/1306/1128 1576/1304/280 1577/1284/1108
f 1593/1301/1125 1603/711/653 1592/1307/1129
f 1598/717/659 1585/1308/1130 1586/1302/289
f 1787/1303/1126 1604/715/657 1593/1301/1125
f 1599/720/295 1586/1302/289 1587/1305/1127
f 1588/1309/287 1599/720/295 1587/1305/1127
f 1600/724/306 1588/1309/287 1589/1306/1128
f 1590/1294/1118 1600/724/306 1589/1306/1128
f 1595/709/651 1582/1296/1120 1583/1310/1131
f 1602/704/647 1590/1294/1118 1591/1299/1123
f 1596/707/649 1583/1310/1131 1584/1298/1122
f 1592/1307/1129 1602/704/647 1591/1299/1123
f 1585/1308/1130 1596/707/649 1584/1298/1122
f 1306/1311/889 1625/1312/1132 1294/1313/868
f 1620/1314/1133 1222/1315/803 1234/1316/823
f 1643/1317/1134 1498/1318/1047 1510/1319/1056
f 1438/1320/988 1636/1321/1135 1426/1322/989
f 1594/1323/664 1649/1324/1136 1582/1325/1120
f 1605/1326/1137 1594/1323/664 1054/1327/663
f 1639/1328/1138 1450/1329/998 1462/1330/1020
f 1390/1331/954 1632/1332/1139 1378/1333/946
f 1222/1315/803 1618/1334/1140 1210/1335/804
f 1613/1336/1141 1138/1337/745 1150/1338/751
f 1162/1339/750 1613/1336/1141 1150/1338/751
f 1174/1340/771 1614/1341/1142 1162/1339/750
f 1632/1332/1139 1366/1342/947 1378/1333/946
f 1608/1343/1143 1078/1344/682 1090/1345/699
f 1402/1346/966 1633/1347/1144 1390/1331/954
f 1628/1348/1145 1318/1349/888 1330/1350/910
f 1270/1351/860 1622/1352/1146 1258/1353/856
f 1609/1354/1147 1090/1345/699 1102/1355/698
f 1647/1356/1148 1546/1357/1105 1558/1358/1104
f 1318/1349/888 1626/1359/1149 1306/1311/889
f 1645/1360/1150 1522/1361/1073 1534/1362/1080
f 1546/1357/1105 1645/1360/1150 1534/1362/1080
f 1636/1321/1135 1414/1363/986 1426/1322/989
f 1114/1364/721 1609/1354/1147 1102/1355/698
f 1621/1365/1151 1234/1316/823 1246/1366/836
f 1622/1352/1146 1246/1366/836 1258/1353/856
f 1640/1367/1152 1462/1330/1020 1474/1368/1019
f 1641/1369/1153 1474/1368/1019 1486/1370/1048
f 1414/1363/986 1634/1371/1154 1402/1346/966
f 1631/1372/1155 1354/1373/921 1366/1342/947
f 1617/1374/1156 1186/1375/780 1198/1376/779
f 1186/1375/780 1615/1377/1157 1174/1340/771
f 1138/1337/745 1611/1378/1158 1126/1379/720
f 1629/1380/1159 1330/1350/910 1342/1381/922
f 1498/1318/1047 1641/1369/1153 1486/1370/1048
f 1630/1382/1160 1342/1381/922 1354/1373/921
f 1126/1379/720 1610/1383/1161 1114/1364/721
f 1607/1384/1162 1066/1385/683 1078/1344/682
f 1582/1325/1120 1648/1386/1163 1570/1387/1110
f 1618/1334/1140 1198/1376/779 1210/1335/804
f 1570/1387/1110 1647/1356/1148 1558/1358/1104
f 1294/1313/868 1624/1388/1164 1282/1389/859
f 1644/1390/1165 1510/1319/1056 1522/1361/1073
f 1450/1329/998 1637/1391/1166 1438/1320/988
f 1624/1388/1164 1270/1351/860 1282/1389/859
f 1678/1392/1167 1631/1372/1155 1632/1332/1139
f 1665/1393/1167 1618/1334/1140 1619/1394/1168
f 1692/1395/1167 1645/1360/1150 1646/1396/1169
f 1606/1397/1170 1651/1398/1167 1605/1326/1137
f 1679/1399/1167 1632/1332/1139 1633/1347/1144
f 1666/1400/1167 1619/1394/1168 1620/1314/1133
f 1647/1356/1148 1692/1395/1167 1646/1396/1169
f 1653/1401/1167 1606/1397/1170 1607/1384/1162
f 1634/1371/1154 1679/1399/1167 1633/1347/1144
f 1621/1365/1151 1666/1400/1167 1620/1314/1133
f 1648/1386/1163 1693/1402/1167 1647/1356/1148
f 1654/1403/1167 1607/1384/1162 1608/1343/1143
f 1681/1404/1167 1634/1371/1154 1635/1405/1171
f 1668/1406/1167 1621/1365/1151 1622/1352/1146
f 1649/1324/1136 1694/1407/1167 1648/1386/1163
f 1655/1408/1167 1608/1343/1143 1609/1354/1147
f 1682/1409/1167 1635/1405/1171 1636/1321/1135
f 1669/1410/1167 1622/1352/1146 1623/1411/1172
f 1696/1412/1167 1649/1324/1136 1650/1413/1173
f 1610/1383/1161 1655/1408/1167 1609/1354/1147
f 1683/1414/1167 1636/1321/1135 1637/1391/1166
f 1670/1415/1167 1623/1411/1172 1624/1388/1164
f 1651/1398/1167 1650/1413/1173 1605/1326/1137
f 1657/1416/1167 1610/1383/1161 1611/1378/1158
f 1638/1417/1174 1683/1414/1167 1637/1391/1166
f 1625/1312/1132 1670/1415/1167 1624/1388/1164
f 1612/1418/1175 1657/1416/1167 1611/1378/1158
f 1685/1419/1167 1638/1417/1174 1639/1328/1138
f 1672/1420/1167 1625/1312/1132 1626/1359/1149
f 1659/1421/1167 1612/1418/1175 1613/1336/1141
f 1686/1422/1167 1639/1328/1138 1640/1367/1152
f 1627/1423/1176 1672/1420/1167 1626/1359/1149
f 1660/1424/1167 1613/1336/1141 1614/1341/1142
f 1687/1425/1167 1640/1367/1152 1641/1369/1153
f 1628/1348/1145 1673/1426/1167 1627/1423/1176
f 1661/1427/1167 1614/1341/1142 1615/1377/1157
f 1688/1428/1167 1641/1369/1153 1642/1429/1177
f 1675/1430/1167 1628/1348/1145 1629/1380/1159
f 1662/1431/1167 1615/1377/1157 1616/1432/1178
f 1689/1433/1167 1642/1429/1177 1643/1317/1134
f 1630/1382/1160 1675/1430/1167 1629/1380/1159
f 1617/1374/1156 1662/1431/1167 1616/1432/1178
f 1690/1434/1167 1643/1317/1134 1644/1390/1165
f 1677/1435/1167 1630/1382/1160 1631/1372/1155
f 1664/1436/1167 1617/1374/1156 1618/1334/1140
f 1645/1360/1150 1690/1434/1167 1644/1390/1165
f 1792/1437/1179 1743/1438/660 1790/1439/1180
f 1924/1440/1181 1787/1441/1126 1921/1442/1182
f 1918/1443/1183 1787/1441/1126 1786/1444/1116
f 1915/1445/1184 1786/1444/1116 1785/1446/1117
f 1912/1447/1185 1785/1446/1117 1784/1448/1095
f 1909/1449/1186 1784/1448/1095 1783/1450/1074
f 1906/1451/1187 1783/1450/1074 1782/1452/1075
f 1906/1451/1187 1781/1453/1070 1903/1454/1188
f 1903/1454/1188 1780/1455/1040 1900/1456/1189
f 1900/1456/1189 1779/1457/1041 1897/1458/1190
f 1897/1458/1190 1778/1459/1026 1894/1460/1191
f 1894/1460/1191 1777/1461/1027 1891/1462/1192
f 1891/1462/1192 1776/1463/1012 1888/1464/1193
f 1885/1465/1194 1776/1463/1012 1775/1466/994
f 1882/1467/1195 1775/1466/994 1774/1468/995
f 1879/1469/1196 1774/1468/995 1773/1470/979
f 1876/1471/1197 1773/1472/979 1772/1473/964
f 1876/1471/1197 1771/1474/965 1873/1475/1198
f 1873/1475/1198 1770/1476/961 1870/1477/1199
f 1870/1477/1199 1769/1478/936 1867/1479/1200
f 1867/1479/1200 1768/1480/937 1864/1481/1201
f 1864/1481/1201 1767/1482/911 1861/1483/1202
f 1861/1483/1202 1766/1484/905 1858/1485/1203
f 1858/1485/1203 1765/1486/906 1855/1487/1204
f 1852/1488/1205 1765/1486/906 1764/1489/896
f 1849/1490/1206 1764/1489/896 1763/1491/875
f 1846/1492/1207 1763/1491/875 1762/1493/876
f 1843/1494/1208 1762/1493/876 1761/1495/853
f 1840/1496/1209 1761/1495/853 1760/1497/844
f 1837/1498/1210 1760/1497/844 1759/1499/845
f 1834/1500/1211 1759/1499/845 1758/1501/824
f 1834/1500/1211 1757/1502/811 1831/1503/1212
f 1831/1503/1212 1756/1504/794 1828/1505/1213
f 1828/1505/1213 1755/1506/787 1825/1507/1214
f 1825/1507/1214 1754/1508/788 1822/1509/1215
f 1822/1509/1215 1753/1510/777 1819/1511/1216
f 1816/1512/1217 1753/1510/777 1752/1513/762
f 1813/1514/1218 1752/1513/762 1751/1515/757
f 1810/1516/1219 1751/1515/757 1750/1517/737
f 1807/1518/1220 1750/1517/737 1749/1519/728
f 1807/1518/1220 1748/1520/729 1804/1521/1221
f 1804/1521/1221 1747/1522/711 1801/1523/1222
f 1801/1523/1222 1746/1524/705 1798/1525/1223
f 1798/1525/1223 1745/1526/696 1795/1527/1224
f 1795/1527/1224 1744/1528/672 1792/1437/1179
f 1698/36/36 1789/1529/1225 1697/16/16
f 1925/1530/1226 1741/600/588 1742/15/15
f 1922/1531/1227 1740/591/579 1741/600/588
f 1919/1532/1228 1739/571/559 1740/591/579
f 1916/1533/1229 1738/563/551 1739/571/559
f 1913/1534/1230 1737/541/529 1738/563/551
f 1910/1535/1231 1736/534/522 1737/541/529
f 1736/534/522 1904/1536/1232 1735/526/514
f 1735/526/514 1901/1537/1233 1734/504/492
f 1734/504/492 1898/1538/1234 1733/497/485
f 1733/497/485 1895/1539/1235 1732/487/475
f 1895/1539/1235 1731/467/455 1732/487/475
f 1892/1540/1236 1730/459/447 1731/467/455
f 1889/1541/1237 1729/448/436 1730/459/447
f 1886/1542/1238 1728/423/418 1729/448/436
f 1883/1543/1239 1727/424/408 1728/423/418
f 1880/1544/1240 1726/387/387 1727/408/408
f 1726/387/387 1874/1545/1241 1725/382/382
f 1725/382/382 1871/1546/1242 1724/372/372
f 1724/372/372 1868/1547/1243 1723/352/352
f 1723/352/352 1865/1548/1244 1722/343/343
f 1722/343/343 1862/1549/1245 1721/322/322
f 1721/322/322 1859/1550/1246 1720/315/315
f 1720/315/315 1856/1551/1247 1719/305/305
f 1856/1551/1247 1718/285/285 1719/305/305
f 1853/1552/1248 1717/278/278 1718/285/285
f 1850/1553/1249 1716/269/269 1717/278/278
f 1847/1554/1250 1715/249/249 1716/269/269
f 1844/1555/1251 1714/240/240 1715/249/249
f 1714/240/240 1838/1556/1252 1713/219/219
f 1713/219/219 1835/1557/1253 1712/214/214
f 1712/214/214 1832/1558/1254 1711/203/203
f 1711/203/203 1829/1559/1255 1710/182/182
f 1710/182/182 1826/1560/1256 1709/176/176
f 1826/1560/1256 1708/165/165 1709/176/176
f 1823/1561/1257 1707/146/146 1708/165/165
f 1820/1562/1258 1706/138/138 1707/146/146
f 1817/1563/1259 1705/115/115 1706/138/138
f 1814/1564/1260 1704/110/110 1705/115/115
f 1811/1565/1261 1703/101/101 1704/110/110
f 1808/1566/1262 1702/79/79 1703/101/101
f 1805/1567/1263 1701/72/72 1702/79/79
f 1802/1568/1264 1700/62/62 1701/72/72
f 1700/62/62 1796/1569/1265 1699/44/44
f 1699/44/44 1793/1570/1266 1698/36/36
f 1697/16/16 1925/1530/1226 1742/15/15
f 1924/1440/1181 1791/1571/1267 1790/1439/1180
f 1926/1572/1268 1789/1529/1225 1791/1571/1267
f 1924/1440/1181 1923/1573/1269 1926/1572/1268
f 1926/1572/1268 1922/1531/1227 1925/1530/1226
f 1921/1442/1182 1920/1574/1270 1923/1573/1269
f 1923/1573/1269 1919/1532/1228 1922/1531/1227
f 1918/1443/1183 1917/1575/1271 1920/1574/1270
f 1920/1574/1270 1916/1533/1229 1919/1532/1228
f 1915/1445/1184 1914/1576/1272 1917/1575/1271
f 1917/1575/1271 1913/1534/1230 1916/1533/1229
f 1912/1447/1185 1911/1577/1273 1914/1576/1272
f 1911/1577/1273 1913/1534/1230 1914/1576/1272
f 1909/1449/1186 1908/1578/1274 1911/1577/1273
f 1911/1577/1273 1907/1579/1275 1910/1535/1231
f 1906/1451/1187 1905/1580/1276 1908/1578/1274
f 1905/1580/1276 1907/1579/1275 1908/1578/1274
f 1900/1456/1189 1905/1580/1276 1903/1454/1188
f 1902/1581/1277 1904/1536/1232 1905/1580/1276
f 1897/1458/1190 1902/1581/1277 1900/1456/1189
f 1899/1582/1278 1901/1537/1233 1902/1581/1277
f 1894/1460/1191 1899/1582/1278 1897/1458/1190
f 1896/1583/1279 1898/1538/1234 1899/1582/1278
f 1891/1462/1192 1896/1583/1279 1894/1460/1191
f 1893/1584/1280 1895/1539/1235 1896/1583/1279
f 1891/1462/1192 1890/1585/1281 1893/1584/1280
f 1890/1585/1281 1892/1540/1236 1893/1584/1280
f 1888/1464/1193 1887/1586/1282 1890/1585/1281
f 1890/1585/1281 1886/1542/1238 1889/1541/1237
f 1885/1465/1194 1884/1587/1283 1887/1586/1282
f 1887/1586/1282 1883/1543/1239 1886/1542/1238
f 1882/1467/1195 1881/1588/1284 1884/1587/1283
f 1884/1587/1283 1880/1589/1240 1883/1543/1239
f 1879/1590/1196 1878/1591/1285 1881/1592/1284
f 1881/1592/1284 1877/1593/1286 1880/1544/1240
f 1873/1475/1198 1878/1591/1285 1876/1471/1197
f 1878/1591/1285 1874/1545/1241 1877/1593/1286
f 1870/1477/1199 1875/1594/1287 1873/1475/1198
f 1872/1595/1288 1874/1545/1241 1875/1594/1287
f 1867/1479/1200 1872/1595/1288 1870/1477/1199
f 1872/1595/1288 1868/1547/1243 1871/1546/1242
f 1864/1481/1201 1869/1596/1289 1867/1479/1200
f 1866/1597/1290 1868/1547/1243 1869/1596/1289
f 1861/1483/1202 1866/1597/1290 1864/1481/1201
f 1863/1598/1291 1865/1548/1244 1866/1597/1290
f 1858/1485/1203 1863/1598/1291 1861/1483/1202
f 1860/1599/1292 1862/1549/1245 1863/1598/1291
f 1855/1487/1204 1860/1599/1292 1858/1485/1203
f 1857/1600/1293 1859/1550/1246 1860/1599/1292
f 1855/1487/1204 1854/1601/1294 1857/1600/1293
f 1857/1600/1293 1853/1552/1248 1856/1551/1247
f 1852/1488/1205 1851/1602/1295 1854/1601/1294
f 1854/1601/1294 1850/1553/1249 1853/1552/1248
f 1849/1490/1206 1848/1603/1296 1851/1602/1295
f 1851/1602/1295 1847/1554/1250 1850/1553/1249
f 1846/1492/1207 1845/1604/1297 1848/1603/1296
f 1848/1603/1296 1844/1555/1251 1847/1554/1250
f 1840/1496/1209 1845/1604/1297 1843/1494/1208
f 1845/1604/1297 1841/1605/1298 1844/1555/1251
f 1840/1496/1209 1839/1606/1299 1842/1607/1300
f 1842/1607/1300 1838/1556/1252 1841/1605/1298
f 1834/1500/1211 1839/1606/1299 1837/1498/1210
f 1836/1608/1301 1838/1556/1252 1839/1606/1299
f 1831/1503/1212 1836/1608/1301 1834/1500/1211
f 1833/1609/1302 1835/1557/1253 1836/1608/1301
f 1828/1505/1213 1833/1609/1302 1831/1503/1212
f 1830/1610/1303 1832/1558/1254 1833/1609/1302
f 1825/1507/1214 1830/1610/1303 1828/1505/1213
f 1827/1611/1304 1829/1559/1255 1830/1610/1303
f 1822/1509/1215 1827/1611/1304 1825/1507/1214
f 1824/1612/1305 1826/1560/1256 1827/1611/1304
f 1819/1511/1216 1824/1612/1305 1822/1509/1215
f 1821/1613/1306 1823/1561/1257 1824/1612/1305
f 1819/1511/1216 1818/1614/1307 1821/1613/1306
f 1821/1613/1306 1817/1563/1259 1820/1562/1258
f 1816/1512/1217 1815/1615/1308 1818/1614/1307
f 1818/1614/1307 1814/1564/1260 1817/1563/1259
f 1813/1514/1218 1812/1616/1309 1815/1615/1308
f 1815/1615/1308 1811/1565/1261 1814/1564/1260
f 1810/1516/1219 1809/1617/1310 1812/1616/1309
f 1812/1616/1309 1808/1566/1262 1811/1565/1261
f 1807/1518/1220 1806/1618/1311 1809/1617/1310
f 1806/1618/1311 1808/1566/1262 1809/1617/1310
f 1801/1523/1222 1806/1618/1311 1804/1521/1221
f 1803/1619/1312 1805/1567/1263 1806/1618/1311
f 1801/1523/1222 1800/1620/1313 1803/1619/1312
f 1800/1620/1313 1802/1568/1264 1803/1619/1312
f 1795/1527/1224 1800/1620/1313 1798/1525/1223
f 1797/1621/1314 1799/1622/1315 1800/1620/1313
f 1792/1437/1179 1797/1621/1314 1795/1527/1224
f 1794/1623/1316 1796/1569/1265 1797/1621/1314
f 1790/1439/1180 1794/1623/1316 1792/1437/1179
f 1791/1571/1267 1793/1570/1266 1794/1623/1316
f 1790/1439/1180 1788/1624/661 1924/1440/1181
f 1606/1397/1170 1054/1327/663 1066/1385/683
f 957/1/1 418/23/23 419/2/2
f 951/4/4 411/25/25 412/5/5
f 958/3/3 419/2/2 420/7/7
f 953/9/9 952/6/6 412/5/5
f 959/8/8 420/7/7 421/11/11
f 953/9/9 413/10/10 414/13/13
f 1742/15/15 960/12/12 421/11/11
f 955/17/17 954/14/14 414/13/13
f 955/17/17 415/18/18 416/19/19
f 409/20/20 416/19/19 417/21/21
f 956/22/22 417/21/21 418/23/23
f 951/4/4 950/604/592 410/24/24
f 417/21/21 416/19/19 428/26/26
f 417/21/21 429/27/27 430/28/28
f 410/24/24 422/625/613 423/29/29
f 419/2/2 418/23/23 430/28/28
f 412/5/5 411/25/25 423/29/29
f 419/2/2 431/30/30 432/32/32
f 413/10/10 412/5/5 424/31/31
f 420/7/7 432/32/32 433/34/34
f 413/10/10 425/33/33 426/35/35
f 421/11/11 433/34/34 1698/36/36
f 414/13/13 426/35/35 427/37/37
f 416/19/19 415/18/18 427/37/37
f 432/32/32 431/30/30 443/38/38
f 425/33/33 424/31/31 436/40/40
f 433/34/34 432/32/32 444/39/39
f 425/33/33 437/41/41 438/43/43
f 433/34/34 445/42/42 1699/44/44
f 426/35/35 438/43/43 439/45/45
f 428/26/26 427/37/37 439/45/45
f 428/26/26 440/46/46 441/47/47
f 430/28/28 429/27/27 441/47/47
f 423/29/29 422/625/613 434/49/49
f 430/28/28 442/48/48 443/38/38
f 423/29/29 435/50/50 436/40/40
f 438/43/43 450/61/61 451/51/51
f 440/46/46 439/45/45 451/51/51
f 440/46/46 452/52/52 453/53/53
f 441/47/47 453/53/53 454/54/54
f 434/49/49 446/64/64 447/55/55
f 442/48/48 454/54/54 455/56/56
f 435/50/50 447/55/55 448/57/57
f 444/39/39 443/38/38 455/56/56
f 436/40/40 448/57/57 449/59/59
f 444/39/39 456/58/58 457/60/60
f 437/41/41 449/59/59 450/61/61
f 445/42/42 457/60/60 1700/62/62
f 453/53/53 465/75/75 466/63/63
f 446/64/64 458/84/84 459/65/65
f 454/54/54 466/63/63 467/66/66
f 448/57/57 447/55/55 459/65/65
f 455/56/56 467/66/66 468/68/68
f 449/59/59 448/57/57 460/67/67
f 456/58/58 468/68/68 469/70/70
f 449/59/59 461/69/69 462/71/71
f 1700/62/62 457/60/60 469/70/70
f 451/51/51 450/61/61 462/71/71
f 451/51/51 463/73/73 464/74/74
f 452/52/52 464/74/74 465/75/75
f 469/70/70 468/68/68 480/76/76
f 461/69/69 473/88/88 474/78/78
f 469/70/70 481/77/77 1702/79/79
f 463/73/73 462/71/71 474/78/78
f 464/74/74 463/73/73 475/80/80
f 464/74/74 476/81/81 477/82/82
f 465/75/75 477/82/82 478/83/83
f 458/84/84 470/93/93 471/85/85
f 467/66/66 466/63/63 478/83/83
f 460/67/67 459/65/65 471/85/85
f 468/68/68 467/66/66 479/86/86
f 461/69/69 460/67/67 472/87/87
f 476/81/81 475/80/80 487/89/89
f 476/81/81 488/90/90 489/91/91
f 477/82/82 489/91/91 490/92/92
f 470/93/93 482/647/634 483/94/94
f 479/86/86 478/83/83 490/92/92
f 472/87/87 471/85/85 483/94/94
f 480/76/76 479/86/86 491/95/95
f 472/87/87 484/96/96 485/98/98
f 480/76/76 492/97/97 493/99/99
f 473/88/88 485/98/98 486/100/100
f 1702/79/79 481/77/77 493/99/99
f 475/80/80 474/78/78 486/100/100
f 491/95/95 490/92/92 502/102/102
f 484/96/96 483/94/94 495/104/104
f 492/97/97 491/95/95 503/103/103
f 485/98/98 484/96/96 496/105/105
f 492/97/97 504/106/106 505/108/108
f 485/98/98 497/107/107 498/109/109
f 493/99/99 505/108/108 1704/110/110
f 486/100/100 498/109/109 499/111/111
f 488/90/90 487/89/89 499/111/111
f 488/90/90 500/112/112 501/113/113
f 489/91/91 501/113/113 502/102/102
f 483/94/94 482/647/634 494/114/114
f 505/108/108 517/127/127 1705/115/115
f 499/111/111 498/109/109 510/116/116
f 500/112/112 499/111/111 511/117/117
f 500/112/112 512/118/118 513/119/119
f 501/113/113 513/119/119 514/120/120
f 495/104/104 494/114/114 506/121/121
f 503/103/103 502/102/102 514/120/120
f 496/105/105 495/104/104 507/122/122
f 503/103/103 515/123/123 516/125/125
f 497/107/107 496/105/105 508/124/124
f 504/106/106 516/125/125 517/127/127
f 497/107/107 509/126/126 510/116/116
f 512/118/118 524/140/140 525/128/128
f 513/119/119 525/128/128 526/129/129
f 507/122/122 506/121/121 518/130/130
f 515/123/123 514/120/120 526/129/129
f 507/122/122 519/131/131 520/133/133
f 515/123/123 527/132/132 528/134/134
f 509/126/126 508/124/124 520/133/133
f 517/127/127 516/125/125 528/134/134
f 509/126/126 521/135/135 522/137/137
f 1705/115/115 517/127/127 529/136/136
f 511/117/117 510/116/116 522/137/137
f 512/118/118 511/117/117 523/139/139
f 527/132/132 539/153/153 540/141/141
f 521/135/135 520/133/133 532/142/142
f 529/136/136 528/134/134 540/141/141
f 521/135/135 533/143/143 534/145/145
f 1706/138/138 529/136/136 541/144/144
f 522/137/137 534/145/145 535/147/147
f 523/139/139 535/147/147 536/148/148
f 524/140/140 536/148/148 537/149/149
f 525/128/128 537/149/149 538/150/150
f 519/131/131 518/130/130 530/151/151
f 527/132/132 526/129/129 538/150/150
f 520/133/133 519/131/131 531/152/152
f 535/147/147 547/166/166 548/154/154
f 536/148/148 548/154/154 549/155/155
f 537/149/149 549/155/155 550/156/156
f 531/152/152 530/151/151 542/157/157
f 539/153/153 538/150/150 550/156/156
f 531/152/152 543/158/158 544/160/160
f 540/141/141 539/153/153 551/159/159
f 533/143/143 532/142/142 544/160/160
f 540/141/141 552/161/161 553/163/163
f 533/143/143 545/162/162 546/164/164
f 541/144/144 553/163/163 1708/165/165
f 535/147/147 534/145/145 546/164/164
f 549/155/155 561/179/179 562/167/167
f 543/158/158 542/157/157 554/168/168
f 551/159/159 550/156/156 562/167/167
f 544/160/160 543/158/158 555/169/169
f 551/159/159 563/170/170 564/172/172
f 545/162/162 544/160/160 556/171/171
f 552/161/161 564/172/172 565/174/174
f 545/162/162 557/173/173 558/175/175
f 1708/165/165 553/163/163 565/174/174
f 547/166/166 546/164/164 558/175/175
f 547/166/166 559/177/177 560/178/178
f 548/154/154 560/178/178 561/179/179
f 564/172/172 576/191/191 577/180/180
f 557/173/173 569/192/192 570/181/181
f 565/174/174 577/180/180 1710/182/182
f 559/177/177 558/175/175 570/181/181
f 559/177/177 571/183/183 572/184/184
f 560/178/178 572/184/184 573/185/185
f 561/179/179 573/185/185 574/186/186
f 555/169/169 554/168/168 566/187/187
f 563/170/170 562/167/167 574/186/186
f 556/171/171 555/169/169 567/188/188
f 563/170/170 575/189/189 576/191/191
f 557/173/173 556/171/171 568/190/190
f 572/184/184 584/205/205 585/193/193
f 573/185/185 585/193/193 586/194/194
f 567/188/188 566/187/187 578/195/195
f 575/189/189 574/186/186 586/194/194
f 568/190/190 567/188/188 579/196/196
f 576/191/191 575/189/189 587/197/197
f 568/190/190 580/198/198 581/200/200
f 576/191/191 588/199/199 589/201/201
f 569/192/192 581/200/200 582/202/202
f 577/180/180 589/201/201 1711/203/203
f 571/183/183 570/181/181 582/202/202
f 571/183/183 583/204/204 584/205/205
f 587/197/197 586/194/194 598/206/206
f 580/198/198 579/196/196 591/208/208
f 587/197/197 599/207/207 600/210/210
f 581/200/200 580/198/198 592/209/209
f 588/199/199 600/210/210 601/212/212
f 581/200/200 593/211/211 594/213/213
f 589/201/201 601/212/212 1712/214/214
f 582/202/202 594/213/213 595/215/215
f 584/205/205 583/204/204 595/215/215
f 584/205/205 596/216/216 597/217/217
f 585/193/193 597/217/217 598/206/206
f 578/195/195 590/225/225 591/208/208
f 1712/214/214 601/212/212 613/218/218
f 595/215/215 594/213/213 606/220/220
f 596/216/216 595/215/215 607/221/221
f 596/216/216 608/222/222 609/223/223
f 597/217/217 609/223/223 610/224/224
f 590/225/225 602/232/232 603/226/226
f 599/207/207 598/206/206 610/224/224
f 592/209/209 591/208/208 603/226/226
f 600/210/210 599/207/207 611/227/227
f 592/209/209 604/228/228 605/230/230
f 601/212/212 600/210/210 612/229/229
f 593/211/211 605/230/230 606/220/220
f 609/223/223 621/243/243 622/231/231
f 602/232/232 614/630/618 615/233/233
f 611/227/227 610/224/224 622/231/231
f 604/228/228 603/226/226 615/233/233
f 612/229/229 611/227/227 623/234/234
f 605/230/230 604/228/228 616/235/235
f 612/229/229 624/236/236 625/238/238
f 605/230/230 617/237/237 618/239/239
f 1713/219/219 613/218/218 625/238/238
f 607/221/221 606/220/220 618/239/239
f 608/222/222 607/221/221 619/241/241
f 608/222/222 620/242/242 621/243/243
f 624/236/236 623/234/234 635/244/244
f 616/235/235 628/256/256 629/246/246
f 625/238/238 624/236/236 636/245/245
f 617/237/237 629/246/246 630/248/248
f 625/238/238 637/247/247 1715/249/249
f 618/239/239 630/248/248 631/250/250
f 620/242/242 619/241/241 631/250/250
f 620/242/242 632/251/251 633/252/252
f 621/243/243 633/252/252 634/253/253
f 615/233/233 614/630/618 626/254/254
f 623/234/234 622/231/231 634/253/253
f 615/233/233 627/255/255 628/256/256
f 632/251/251 631/250/250 643/257/257
f 632/251/251 644/258/258 645/259/259
f 633/252/252 645/259/259 646/260/260
f 627/255/255 626/254/254 638/261/261
f 634/253/253 646/260/260 647/263/263
f 627/255/255 639/262/262 640/264/264
f 635/244/244 647/263/263 648/265/265
f 628/256/256 640/264/264 641/266/266
f 637/247/247 636/245/245 648/265/265
f 629/246/246 641/266/266 642/268/268
f 1715/249/249 637/247/247 649/267/267
f 630/248/248 642/268/268 643/257/257
f 638/261/261 650/290/290 651/270/270
f 647/263/263 646/260/260 658/271/271
f 640/264/264 639/262/262 651/270/270
f 648/265/265 647/263/263 659/272/272
f 641/266/266 640/264/264 652/273/273
f 649/267/267 648/265/265 660/274/274
f 641/266/266 653/275/275 654/277/277
f 1716/269/269 649/267/267 661/276/276
f 642/268/268 654/277/277 655/279/279
f 644/258/258 643/257/257 655/279/279
f 644/258/258 656/280/280 657/281/281
f 645/259/259 657/281/281 658/271/271
f 661/276/276 660/274/274 672/282/282
f 653/275/275 665/294/294 666/284/284
f 661/276/276 673/283/283 1718/285/285
f 654/277/277 666/284/284 667/286/286
f 656/280/280 655/279/279 667/286/286
f 656/280/280 668/287/287 669/288/288
f 657/281/281 669/288/288 670/289/289
f 650/290/290 662/636/624 663/291/291
f 659/272/272 658/271/271 670/289/289
f 652/273/273 651/270/270 663/291/291
f 660/274/274 659/272/272 671/292/292
f 653/275/275 652/273/273 664/293/293
f 668/287/287 680/307/307 681/295/295
f 669/288/288 681/295/295 682/296/296
f 663/291/291 662/636/624 674/297/297
f 670/289/289 682/296/296 683/299/299
f 664/293/293 663/291/291 675/298/298
f 672/282/282 671/292/292 683/299/299
f 665/294/294 664/293/293 676/300/300
f 673/283/283 672/282/282 684/301/301
f 665/294/294 677/302/302 678/304/304
f 1718/285/285 673/283/283 685/303/303
f 666/284/284 678/304/304 679/306/306
f 668/287/287 667/286/286 679/306/306
f 676/300/300 675/298/298 687/308/308
f 684/301/301 683/299/299 695/310/310
f 677/302/302 676/300/300 688/309/309
f 685/303/303 684/301/301 696/311/311
f 677/302/302 689/312/312 690/314/314
f 1719/305/305 685/303/303 697/313/313
f 678/304/304 690/314/314 691/316/316
f 680/307/307 679/306/306 691/316/316
f 680/307/307 692/317/317 693/318/318
f 681/295/295 693/318/318 694/319/319
f 675/298/298 674/297/297 686/320/320
f 683/299/299 682/296/296 694/319/319
f 1720/315/315 697/313/313 709/321/321
f 690/314/314 702/333/333 703/323/323
f 692/317/317 691/316/316 703/323/323
f 692/317/317 704/324/324 705/325/325
f 693/318/318 705/325/325 706/326/326
f 687/308/308 686/320/320 698/327/327
f 695/310/310 694/319/319 706/326/326
f 688/309/309 687/308/308 699/328/328
f 695/310/310 707/329/329 708/331/331
f 689/312/312 688/309/309 700/330/330
f 697/313/313 696/311/311 708/331/331
f 689/312/312 701/332/332 702/333/333
f 705/325/325 717/346/346 718/334/334
f 699/328/328 698/327/327 710/335/335
f 707/329/329 706/326/326 718/334/334
f 700/330/330 699/328/328 711/336/336
f 707/329/329 719/337/337 720/339/339
f 701/332/332 700/330/330 712/338/338
f 709/321/321 708/331/331 720/339/339
f 701/332/332 713/340/340 714/342/342
f 1721/322/322 709/321/321 721/341/341
f 702/333/333 714/342/342 715/344/344
f 704/324/324 703/323/323 715/344/344
f 704/324/324 716/345/345 717/346/346
f 713/340/340 712/338/338 724/347/347
f 721/341/341 720/339/339 732/349/349
f 713/340/340 725/348/348 726/351/351
f 721/341/341 733/350/350 1723/352/352
f 714/342/342 726/351/351 727/353/353
f 715/344/344 727/353/353 728/354/354
f 716/345/345 728/354/354 729/355/355
f 717/346/346 729/355/355 730/356/356
f 711/336/336 710/335/335 722/357/357
f 719/337/337 718/334/334 730/356/356
f 712/338/338 711/336/336 723/358/358
f 719/337/337 731/359/359 732/349/349
f 728/354/354 727/353/353 739/360/360
f 728/354/354 740/361/361 741/362/362
f 729/355/355 741/362/362 742/363/363
f 723/358/358 722/357/357 734/364/364
f 731/359/359 730/356/356 742/363/363
f 724/347/347 723/358/358 735/365/365
f 732/349/349 731/359/359 743/366/366
f 724/347/347 736/367/367 737/369/369
f 732/349/349 744/368/368 745/370/370
f 725/348/348 737/369/369 738/371/371
f 1723/352/352 733/350/350 745/370/370
f 727/353/353 726/351/351 738/371/371
f 735/365/365 734/364/364 746/373/373
f 743/366/366 742/363/363 754/375/375
f 736/367/367 735/365/365 747/374/374
f 744/368/368 743/366/366 755/376/376
f 737/369/369 736/367/367 748/377/377
f 745/370/370 744/368/368 756/378/378
f 737/369/369 749/379/379 750/381/381
f 745/370/370 757/380/380 1725/382/382
f 739/360/360 738/371/371 750/381/381
f 740/361/361 739/360/360 751/383/383
f 740/361/361 752/384/384 753/385/385
f 741/362/362 753/385/385 754/375/375
f 749/379/379 761/397/397 762/386/386
f 757/380/380 769/398/398 1726/387/387
f 751/383/383 750/381/381 762/386/386
f 752/384/384 751/383/383 763/388/388
f 752/384/384 764/389/389 765/390/390
f 753/385/385 765/390/390 766/391/391
f 747/374/374 746/373/373 758/392/392
f 755/376/376 754/375/375 766/391/391
f 748/377/377 747/374/374 759/393/393
f 755/376/376 767/394/394 768/396/396
f 749/379/379 748/377/377 760/395/395
f 756/378/378 768/396/396 769/398/398
f 764/389/389 776/410/410 777/399/399
f 765/390/390 777/399/399 778/400/400
f 758/392/392 770/638/626 771/401/401
f 767/394/394 766/391/391 778/400/400
f 760/395/395 759/393/393 771/401/401
f 768/396/396 767/394/394 779/402/402
f 761/397/397 760/395/395 772/403/403
f 769/398/398 768/396/396 780/404/404
f 761/397/397 773/405/405 774/407/407
f 1726/387/387 769/398/398 781/406/406
f 763/388/388 762/386/386 774/407/407
f 764/389/389 763/388/388 775/409/409
f 772/411/403 771/433/401 783/412/411
f 780/414/404 779/435/402 791/415/413
f 773/417/405 772/411/403 784/413/412
f 780/414/404 792/416/414 793/419/416
f 773/417/405 785/418/415 786/421/417
f 781/420/406 793/419/416 1728/423/418
f 775/425/409 774/422/407 786/421/417
f 776/427/410 775/425/409 787/426/419
f 776/427/410 788/428/420 789/429/421
f 777/430/399 789/429/421 790/431/422
f 771/433/401 770/1625/626 782/434/423
f 779/435/402 778/432/400 790/431/422
f 787/426/419 786/421/417 798/436/424
f 788/428/420 787/426/419 799/437/425
f 788/428/420 800/438/426 801/439/427
f 789/429/421 801/439/427 802/440/428
f 783/412/411 782/434/423 794/441/429
f 791/415/413 790/431/422 802/440/428
f 784/413/412 783/412/411 795/442/430
f 791/415/413 803/443/431 804/445/433
f 785/418/415 784/413/412 796/444/432
f 793/419/416 792/416/414 804/445/433
f 785/418/415 797/446/434 798/436/424
f 793/419/416 805/447/435 1729/448/436
f 802/440/428 801/439/427 813/449/437
f 795/442/430 794/441/429 806/451/439
f 803/443/431 802/440/428 814/450/438
f 796/444/432 795/442/430 807/452/440
f 803/443/431 815/453/441 816/455/443
f 797/446/434 796/444/432 808/454/442
f 805/447/435 804/445/433 816/455/443
f 797/446/434 809/456/444 810/458/446
f 805/447/435 817/457/445 1730/459/447
f 799/437/425 798/436/424 810/458/446
f 800/438/426 799/437/425 811/460/448
f 800/438/426 812/461/449 813/449/437
f 815/453/441 827/474/462 828/462/450
f 809/456/444 808/454/442 820/463/451
f 817/457/445 816/455/443 828/462/450
f 809/456/444 821/464/452 822/466/454
f 1730/459/447 817/457/445 829/465/453
f 810/458/446 822/466/454 823/468/456
f 812/461/449 811/460/448 823/468/456
f 812/461/449 824/469/457 825/470/458
f 813/449/437 825/470/458 826/471/459
f 807/452/440 806/451/439 818/472/460
f 815/453/441 814/450/438 826/471/459
f 807/452/440 819/473/461 820/463/451
f 823/468/456 822/466/454 834/475/463
f 824/469/457 823/468/456 835/476/464
f 824/469/457 836/477/465 837/478/466
f 825/470/458 837/478/466 838/479/467
f 819/473/461 818/472/460 830/480/468
f 827/474/462 826/471/459 838/479/467
f 819/473/461 831/481/469 832/483/471
f 827/474/462 839/482/470 840/484/472
f 821/464/452 820/463/451 832/483/471
f 829/465/453 828/462/450 840/484/472
f 821/464/452 833/485/473 834/475/463
f 1731/467/455 829/465/453 841/486/474
f 837/478/466 849/500/488 850/488/476
f 831/481/469 830/480/468 842/489/477
f 839/482/470 838/479/467 850/488/476
f 832/483/471 831/481/469 843/490/478
f 839/482/470 851/491/479 852/493/481
f 833/485/473 832/483/471 844/492/480
f 841/486/474 840/484/472 852/493/481
f 833/485/473 845/494/482 846/496/484
f 1732/487/475 841/486/474 853/495/483
f 834/475/463 846/496/484 847/498/486
f 836/477/465 835/476/464 847/498/486
f 836/477/465 848/499/487 849/500/488
f 853/495/483 852/493/481 864/501/489
f 845/494/482 857/513/501 858/503/491
f 1733/497/485 853/495/483 865/502/490
f 847/498/486 846/496/484 858/503/491
f 848/499/487 847/498/486 859/505/493
f 848/499/487 860/506/494 861/507/495
f 849/500/488 861/507/495 862/508/496
f 843/490/478 842/489/477 854/509/497
f 851/491/479 850/488/476 862/508/496
f 844/492/480 843/490/478 855/510/498
f 852/493/481 851/491/479 863/511/499
f 845/494/482 844/492/480 856/512/500
f 860/506/494 859/505/493 871/514/502
f 860/506/494 872/515/503 873/516/504
f 861/507/495 873/516/504 874/517/505
f 855/510/498 854/509/497 866/518/506
f 863/511/499 862/508/496 874/517/505
f 856/512/500 855/510/498 867/519/507
f 863/511/499 875/520/508 876/522/510
f 857/513/501 856/512/500 868/521/509
f 865/502/490 864/501/489 876/522/510
f 857/513/501 869/523/511 870/525/513
f 1734/504/492 865/502/490 877/524/512
f 859/505/493 858/503/491 870/525/513
f 875/520/508 874/517/505 886/527/515
f 867/519/507 879/539/527 880/529/517
f 876/522/510 875/520/508 887/528/516
f 869/523/511 868/521/509 880/529/517
f 877/524/512 876/522/510 888/530/518
f 869/523/511 881/531/519 882/533/521
f 1735/526/514 877/524/512 889/532/520
f 871/514/502 870/525/513 882/533/521
f 872/515/503 871/514/502 883/535/523
f 872/515/503 884/536/524 885/537/525
f 873/516/504 885/537/525 886/527/515
f 867/519/507 866/518/506 878/538/526
f 1736/534/522 889/532/520 901/540/528
f 883/535/523 882/533/521 894/542/530
f 884/536/524 883/535/523 895/543/531
f 884/536/524 896/544/532 897/545/533
f 885/537/525 897/545/533 898/546/534
f 879/539/527 878/538/526 890/547/535
f 887/528/516 886/527/515 898/546/534
f 879/539/527 891/548/536 892/550/538
f 887/528/516 899/549/537 900/551/539
f 881/531/519 880/529/517 892/550/538
f 889/532/520 888/530/518 900/551/539
f 881/531/519 893/552/540 894/542/530
f 896/544/532 908/565/553 909/553/541
f 897/545/533 909/553/541 910/554/542
f 891/548/536 890/547/535 902/555/543
f 899/549/537 898/546/534 910/554/542
f 892/550/538 891/548/536 903/556/544
f 900/551/539 899/549/537 911/557/545
f 893/552/540 892/550/538 904/558/546
f 901/540/528 900/551/539 912/559/547
f 893/552/540 905/560/548 906/562/550
f 1737/541/529 901/540/528 913/561/549
f 895/543/531 894/542/530 906/562/550
f 896/544/532 895/543/531 907/564/552
f 911/557/545 923/578/566 924/566/554
f 905/560/548 904/558/546 916/567/555
f 912/559/547 924/566/554 925/569/557
f 905/560/548 917/568/556 918/570/558
f 1738/563/551 913/561/549 925/569/557
f 907/564/552 906/562/550 918/570/558
f 908/565/553 907/564/552 919/572/560
f 908/565/553 920/573/561 921/574/562
f 909/553/541 921/574/562 922/575/563
f 903/556/544 902/555/543 914/576/564
f 911/557/545 910/554/542 922/575/563
f 904/558/546 903/556/544 915/577/565
f 920/573/561 919/572/560 931/579/567
f 920/573/561 932/580/568 933/581/569
f 921/574/562 933/581/569 934/582/570
f 915/577/565 914/576/564 926/583/571
f 923/578/566 922/575/563 934/582/570
f 915/577/565 927/584/572 928/586/574
f 924/566/554 923/578/566 935/585/573
f 917/568/556 916/567/555 928/586/574
f 925/569/557 924/566/554 936/587/575
f 917/568/556 929/588/576 930/590/578
f 925/569/557 937/589/577 1740/591/579
f 919/572/560 918/570/558 930/590/578
f 933/581/569 945/603/591 946/592/580
f 926/583/571 938/612/600 939/593/581
f 935/585/573 934/582/570 946/592/580
f 927/584/572 939/593/581 940/595/583
f 936/587/575 935/585/573 947/594/582
f 929/588/576 928/586/574 940/595/583
f 937/589/577 936/587/575 948/596/584
f 929/588/576 941/597/585 942/599/587
f 1740/591/579 937/589/577 949/598/586
f 931/579/567 930/590/578 942/599/587
f 932/580/568 931/579/567 943/601/589
f 932/580/568 944/602/590 945/603/591
f 949/598/586 948/596/584 959/8/8
f 941/597/585 953/9/9 954/14/14
f 949/598/586 960/12/12 1742/15/15
f 943/601/589 942/599/587 954/14/14
f 944/602/590 943/601/589 955/17/17
f 944/602/590 409/20/20 956/22/22
f 945/603/591 956/22/22 957/1/1
f 939/593/581 938/612/600 950/604/592
f 947/594/582 946/592/580 957/1/1
f 940/595/583 939/593/581 951/4/4
f 947/594/582 958/3/3 959/8/8
f 941/597/585 940/595/583 952/6/6
f 650/290/290 638/261/261 980/605/593
f 566/187/187 974/618/606 975/607/595
f 854/509/497 842/489/477 997/608/596
f 782/434/423 770/1625/626 991/610/598
f 938/612/600 926/583/571 1004/613/601
f 950/604/592 938/612/600 1005/614/602
f 794/441/429 993/657/644 994/616/604
f 722/357/357 987/624/612 988/617/605
f 554/168/168 973/653/640 974/618/606
f 494/114/114 482/647/634 967/619/607
f 494/114/114 968/620/608 969/621/609
f 518/130/130 506/121/121 969/621/609
f 722/357/357 710/335/335 986/623/611
f 422/625/613 962/652/639 963/626/614
f 734/364/364 988/617/605 989/627/615
f 674/297/297 662/636/624 982/628/616
f 614/630/618 602/232/232 977/631/619
f 434/49/49 963/626/614 964/633/621
f 902/555/543 890/547/535 1001/634/622
f 662/636/624 650/290/290 981/606/594
f 866/518/506 999/656/643 1000/637/625
f 890/547/535 878/538/526 1000/637/625
f 770/638/626 758/392/392 990/639/627
f 446/64/64 964/633/621 965/641/628
f 578/195/195 975/607/595 976/642/629
f 590/225/225 976/642/629 977/631/619
f 818/472/460 806/451/439 994/616/604
f 830/480/468 818/472/460 995/643/630
f 746/373/373 989/627/615 990/639/627
f 698/327/327 985/650/637 986/623/611
f 542/157/157 530/151/151 971/645/632
f 530/151/151 518/130/130 970/622/610
f 482/647/634 470/93/93 966/648/635
f 674/297/297 983/629/617 984/649/636
f 842/489/477 830/480/468 996/644/631
f 698/327/327 686/320/320 984/649/636
f 470/93/93 458/84/84 965/641/628
f 422/625/613 410/24/24 961/651/638
f 914/576/564 1003/654/641 1004/613/601
f 554/168/168 542/157/157 972/646/633
f 914/576/564 902/555/543 1002/635/623
f 638/261/261 626/254/254 979/655/642
f 410/24/24 950/604/592 1006/615/603
f 866/518/506 854/509/497 998/609/597
f 794/441/429 782/434/423 992/611/599
f 614/630/618 978/632/620 979/655/642
f 971/645/632 970/622/610 1016/658/645
f 999/656/643 1045/702/645 1046/660/645
f 984/649/636 1030/703/645 1031/661/645
f 971/645/632 1017/659/645 1018/662/645
f 1000/637/625 1046/660/645 1047/663/645
f 986/623/611 985/650/637 1031/661/645
f 973/653/640 972/646/633 1018/662/645
f 1001/634/622 1047/663/645 1048/666/645
f 986/623/611 1032/664/645 1033/667/645
f 974/618/606 973/653/640 1019/665/645
f 1002/635/623 1048/666/645 1049/669/645
f 988/617/605 987/624/612 1033/667/645
f 990/639/627 989/627/615 1035/671/645
f 975/607/595 974/618/606 1020/668/645
f 1004/613/601 1003/654/641 1049/669/645
f 962/652/639 961/651/638 1007/675/645
f 988/617/605 1034/670/645 1035/671/645
f 990/639/627 1036/672/645 1037/677/645
f 976/642/629 975/607/595 1021/673/645
f 1005/614/602 1004/613/601 1050/674/645
f 962/652/639 1008/676/645 1009/680/645
f 991/610/598 1037/1626/645 1038/681/645
f 976/642/629 1022/678/645 1023/682/645
f 1005/614/602 1051/679/645 1052/683/645
f 964/633/621 963/626/614 1009/680/645
f 993/657/644 992/611/599 1038/681/645
f 977/631/619 1023/682/645 1024/686/645
f 1006/615/603 1052/683/645 1007/675/645
f 965/641/628 964/633/621 1010/684/645
f 993/657/644 1039/685/645 1040/688/645
f 978/632/620 1024/686/645 1025/689/645
f 966/648/635 965/641/628 1011/687/645
f 994/616/604 1040/688/645 1041/691/645
f 979/655/642 1025/689/645 1026/692/645
f 966/648/635 1012/690/646 1013/693/645
f 995/643/630 1041/691/645 1042/694/645
f 981/606/594 980/605/593 1026/692/645
f 967/619/607 1013/693/645 1014/696/645
f 996/644/631 1042/694/645 1043/697/645
f 981/606/594 1027/695/645 1028/698/645
f 968/620/608 1014/696/645 1015/699/645
f 998/609/597 997/608/596 1043/697/645
f 982/628/616 1028/698/645 1029/701/645
f 970/622/610 969/621/609 1015/699/645
f 998/609/597 1044/700/645 1045/702/645
f 983/629/617 1029/701/645 1030/703/645
f 1602/704/647 1063/731/667 1062/705/648
f 1596/707/649 1056/713/655 1055/708/650
f 1064/710/652 1063/731/667 1602/704/647
f 1597/712/654 1057/734/670 1056/713/655
f 1065/714/656 1064/710/652 1603/711/653
f 1058/716/658 1057/734/670 1597/712/654
f 1743/718/660 1065/714/656 1604/715/657
f 1599/720/295 1059/722/318 1058/716/658
f 1053/721/307 1060/728/317 1059/722/318
f 1061/723/662 1060/728/317 1053/721/307
f 1062/705/648 1061/723/662 1600/724/306
f 1595/709/651 1055/708/650 1054/725/663
f 1073/727/323 1072/745/324 1060/728/317
f 1062/705/648 1074/748/681 1073/727/323
f 1067/729/665 1066/750/683 1054/725/663
f 1075/730/666 1074/748/681 1062/705/648
f 1056/713/655 1068/740/675 1067/729/665
f 1076/732/668 1075/730/666 1063/731/667
f 1069/733/669 1068/740/675 1056/713/655
f 1065/714/656 1077/741/676 1076/732/668
f 1070/735/671 1069/733/669 1057/734/670
f 1744/736/672 1077/741/676 1065/714/656
f 1071/737/325 1070/735/671 1058/716/658
f 1060/728/317 1072/745/324 1071/737/325
f 1076/732/668 1088/742/677 1087/738/673
f 1081/739/674 1080/760/692 1068/740/675
f 1077/741/676 1089/743/678 1088/742/677
f 1070/735/671 1082/744/679 1081/739/674
f 1744/736/672 1745/764/696 1089/743/678
f 1071/737/325 1083/746/346 1082/744/679
f 1072/745/324 1084/754/345 1083/746/346
f 1085/747/680 1084/754/345 1072/745/324
f 1074/748/681 1086/757/689 1085/747/680
f 1067/729/665 1079/751/684 1078/749/682
f 1087/738/673 1086/757/689 1074/748/681
f 1068/740/675 1080/760/692 1079/751/684
f 1083/746/346 1095/775/355 1094/752/685
f 1096/753/686 1095/775/355 1083/746/346
f 1097/755/687 1096/753/686 1084/754/345
f 1098/756/688 1097/755/687 1085/747/680
f 1091/758/690 1090/767/699 1078/749/682
f 1087/738/673 1099/761/693 1098/756/688
f 1092/759/691 1091/758/690 1079/751/684
f 1088/742/677 1100/770/702 1099/761/693
f 1093/762/694 1092/759/691 1080/760/692
f 1101/763/695 1100/770/702 1088/742/677
f 1094/752/685 1093/762/694 1081/739/674
f 1745/764/696 1746/773/705 1101/763/695
f 1110/765/697 1109/784/713 1097/755/687
f 1091/758/690 1103/768/700 1102/766/698
f 1099/761/693 1111/787/716 1110/765/697
f 1092/759/691 1104/771/703 1103/768/700
f 1112/769/701 1111/787/716 1099/761/693
f 1093/762/694 1105/779/710 1104/771/703
f 1101/763/695 1113/774/706 1112/769/701
f 1106/772/704 1105/779/710 1093/762/694
f 1746/773/705 1747/780/711 1113/774/706
f 1095/775/355 1107/781/362 1106/772/704
f 1108/776/707 1107/781/362 1095/775/355
f 1097/755/687 1109/784/713 1108/776/707
f 1125/777/708 1124/788/717 1112/769/701
f 1118/778/709 1117/789/718 1105/779/710
f 1747/780/711 1748/803/729 1125/777/708
f 1107/781/362 1119/782/385 1118/778/709
f 1108/776/707 1120/790/384 1119/782/385
f 1121/783/712 1120/790/384 1108/776/707
f 1122/785/714 1121/783/712 1109/784/713
f 1115/786/715 1114/795/721 1102/766/698
f 1111/787/716 1123/796/722 1122/785/714
f 1104/771/703 1116/798/724 1115/786/715
f 1124/788/717 1123/796/722 1111/787/716
f 1117/789/718 1116/798/724 1104/771/703
f 1120/790/384 1132/814/389 1131/791/390
f 1133/792/388 1132/814/389 1120/790/384
f 1134/793/719 1133/792/388 1121/783/712
f 1115/786/715 1127/807/733 1126/794/720
f 1123/796/722 1135/805/731 1134/793/719
f 1128/797/723 1127/807/733 1115/786/715
f 1136/799/725 1135/805/731 1123/796/722
f 1129/800/726 1128/797/723 1116/798/724
f 1125/777/708 1137/809/735 1136/799/725
f 1130/801/727 1129/800/726 1117/789/718
f 1749/802/728 1137/809/735 1125/777/708
f 1119/782/385 1131/791/390 1130/801/727
f 1147/804/730 1146/815/407 1134/793/719
f 1140/806/732 1139/816/738 1127/807/733
f 1148/808/734 1147/804/730 1135/805/731
f 1129/800/726 1141/810/736 1140/806/732
f 1137/809/735 1149/818/740 1148/808/734
f 1130/801/727 1142/812/400 1141/810/736
f 1750/811/737 1149/818/740 1137/809/735
f 1131/791/390 1143/820/399 1142/812/400
f 1144/813/410 1143/820/399 1131/791/390
f 1133/792/388 1145/823/743 1144/813/410
f 1146/815/407 1145/823/743 1133/792/388
f 1139/816/738 1138/825/745 1126/794/720
f 1750/811/737 1751/840/757 1161/817/739
f 1155/819/741 1154/839/756 1142/812/400
f 1156/821/420 1155/819/741 1143/820/399
f 1157/822/742 1156/821/420 1144/813/410
f 1146/815/407 1158/826/417 1157/822/742
f 1151/824/744 1150/832/751 1138/825/745
f 1147/804/730 1159/834/752 1158/826/417
f 1140/806/732 1152/828/747 1151/824/744
f 1160/827/746 1159/834/752 1147/804/730
f 1141/810/736 1153/829/748 1152/828/747
f 1149/818/740 1161/817/739 1160/827/746
f 1142/812/400 1154/839/756 1153/829/748
f 1169/830/749 1168/848/426 1156/821/420
f 1158/826/417 1170/852/765 1169/830/749
f 1151/824/744 1163/854/767 1162/831/750
f 1171/833/434 1170/852/765 1158/826/417
f 1164/835/753 1163/854/767 1151/824/744
f 1172/836/754 1171/833/434 1159/834/752
f 1153/829/748 1165/844/760 1164/835/753
f 1173/837/755 1172/836/754 1160/827/746
f 1166/838/428 1165/844/760 1153/829/748
f 1751/840/757 1752/846/762 1173/837/755
f 1167/841/427 1166/838/428 1154/839/756
f 1156/821/420 1168/848/426 1167/841/427
f 1172/836/754 1184/863/773 1183/842/758
f 1177/843/759 1176/855/768 1164/835/753
f 1185/845/761 1184/863/773 1172/836/754
f 1166/838/428 1178/847/763 1177/843/759
f 1752/846/762 1753/867/777 1185/845/761
f 1167/841/427 1179/849/764 1178/847/763
f 1168/848/426 1180/856/449 1179/849/764
f 1181/850/448 1180/856/449 1168/848/426
f 1182/851/446 1181/850/448 1169/830/749
f 1175/853/766 1174/861/771 1162/831/750
f 1183/842/758 1182/851/446 1170/852/765
f 1176/855/768 1175/853/766 1163/854/767
f 1180/856/449 1192/880/457 1191/857/458
f 1193/858/769 1192/880/457 1180/856/449
f 1194/859/454 1193/858/769 1181/850/448
f 1187/860/770 1186/870/780 1174/861/771
f 1183/842/758 1195/871/781 1194/859/454
f 1176/855/768 1188/872/782 1187/860/770
f 1196/862/772 1195/871/781 1183/842/758
f 1189/864/774 1188/872/782 1176/855/768
f 1197/865/775 1196/862/772 1184/863/773
f 1190/866/776 1189/864/774 1177/843/759
f 1753/867/777 1754/878/788 1197/865/775
f 1179/849/764 1191/857/458 1190/866/776
f 1206/868/778 1205/881/789 1193/858/769
f 1187/860/770 1199/873/783 1198/869/779
f 1195/871/781 1207/891/798 1206/868/778
f 1188/872/782 1200/875/785 1199/873/783
f 1208/874/784 1207/891/798 1195/871/781
f 1189/864/774 1201/885/793 1200/875/785
f 1197/865/775 1209/882/790 1208/874/784
f 1202/876/786 1201/885/793 1189/864/774
f 1755/877/787 1209/882/790 1197/865/775
f 1191/857/458 1203/887/795 1202/876/786
f 1204/879/465 1203/887/795 1191/857/458
f 1205/881/789 1204/879/465 1192/880/457
f 1209/882/790 1221/904/809 1220/883/791
f 1214/884/792 1213/893/800 1201/885/793
f 1756/886/794 1221/904/809 1209/882/790
f 1203/887/795 1215/907/812 1214/884/792
f 1216/888/487 1215/907/812 1203/887/795
f 1205/881/789 1217/895/801 1216/888/487
f 1218/889/796 1217/895/801 1205/881/789
f 1211/890/797 1210/898/804 1198/869/779
f 1207/891/798 1219/892/799 1218/889/796
f 1200/875/785 1212/899/805 1211/890/797
f 1208/874/784 1220/883/791 1219/892/799
f 1213/893/800 1212/899/805 1200/875/785
f 1229/894/493 1228/918/822 1216/888/487
f 1230/896/802 1229/894/493 1217/895/801
f 1211/890/797 1223/900/806 1222/897/803
f 1219/892/799 1231/901/501 1230/896/802
f 1212/899/805 1224/910/814 1223/900/806
f 1220/883/791 1232/912/816 1231/901/501
f 1225/902/807 1224/910/814 1212/899/805
f 1233/903/808 1232/912/816 1220/883/791
f 1226/905/810 1225/902/807 1213/893/800
f 1757/906/811 1233/903/808 1221/904/809
f 1215/907/812 1227/908/813 1226/905/810
f 1216/888/487 1228/918/822 1227/908/813
f 1231/901/501 1243/913/817 1242/909/513
f 1224/910/814 1236/914/818 1235/911/815
f 1232/912/816 1244/929/831 1243/913/817
f 1225/902/807 1237/931/833 1236/914/818
f 1245/915/819 1244/929/831 1232/912/816
f 1238/916/820 1237/931/833 1225/902/807
f 1757/906/811 1758/921/824 1245/915/819
f 1239/917/821 1238/916/820 1226/905/810
f 1228/918/822 1240/925/828 1239/917/821
f 1241/919/502 1240/925/828 1228/918/822
f 1230/896/802 1242/909/513 1241/919/502
f 1223/900/806 1235/911/815 1234/920/823
f 1758/921/824 1759/944/845 1257/922/825
f 1239/917/821 1251/945/525 1250/923/826
f 1252/924/827 1251/945/525 1239/917/821
f 1253/926/523 1252/924/827 1240/925/828
f 1254/927/829 1253/926/523 1241/919/502
f 1247/928/830 1246/935/836 1234/920/823
f 1243/913/817 1255/930/832 1254/927/829
f 1236/914/818 1248/932/834 1247/928/830
f 1244/929/831 1256/938/839 1255/930/832
f 1237/931/833 1249/940/841 1248/932/834
f 1257/922/825 1256/938/839 1244/929/831
f 1250/923/826 1249/940/841 1237/931/833
f 1254/927/829 1266/936/837 1265/933/531
f 1259/934/835 1258/958/856 1246/935/836
f 1255/930/832 1267/939/840 1266/936/837
f 1260/937/838 1259/934/835 1247/928/830
f 1256/938/839 1268/941/842 1267/939/840
f 1249/940/841 1261/949/849 1260/937/838
f 1257/922/825 1269/951/851 1268/941/842
f 1262/942/843 1261/949/849 1249/940/841
f 1760/943/844 1269/951/851 1257/922/825
f 1251/945/525 1263/946/846 1262/942/843
f 1252/924/827 1264/955/532 1263/946/846
f 1265/933/531 1264/955/532 1252/924/827
f 1268/941/842 1280/970/864 1279/947/847
f 1273/948/848 1272/960/857 1260/937/838
f 1281/950/850 1280/970/864 1268/941/842
f 1274/952/852 1273/948/848 1261/949/849
f 1761/953/853 1281/950/850 1269/951/851
f 1275/954/854 1274/952/852 1262/942/843
f 1264/955/532 1276/961/553 1275/954/854
f 1277/956/552 1276/961/553 1264/955/532
f 1266/936/837 1278/959/550 1277/956/552
f 1271/957/855 1270/966/860 1258/958/856
f 1267/939/840 1279/947/847 1278/959/550
f 1272/960/857 1271/957/855 1259/934/835
f 1276/961/553 1288/984/561 1287/962/562
f 1289/963/560 1288/984/561 1276/961/553
f 1290/964/858 1289/963/560 1277/956/552
f 1271/957/855 1283/968/862 1282/965/859
f 1291/967/861 1290/964/858 1278/959/550
f 1272/960/857 1284/971/865 1283/968/862
f 1292/969/863 1291/967/861 1279/947/847
f 1273/948/848 1285/978/872 1284/971/865
f 1293/972/866 1292/969/863 1280/970/864
f 1286/973/867 1285/978/872 1273/948/848
f 1761/953/853 1762/982/876 1293/972/866
f 1287/962/562 1286/973/867 1274/952/852
f 1283/968/862 1295/995/884 1294/974/868
f 1291/967/861 1303/977/871 1302/975/869
f 1296/976/870 1295/995/884 1283/968/862
f 1292/969/863 1304/987/879 1303/977/871
f 1285/978/872 1297/989/881 1296/976/870
f 1305/979/873 1304/987/879 1292/969/863
f 1298/980/874 1297/989/881 1285/978/872
f 1763/981/875 1305/979/873 1293/972/866
f 1299/983/877 1298/980/874 1286/973/867
f 1288/984/561 1300/985/568 1299/983/877
f 1289/963/560 1301/992/567 1300/985/568
f 1302/975/869 1301/992/567 1289/963/560
f 1317/986/878 1316/1004/892 1304/987/879
f 1310/988/880 1309/1006/894 1297/989/881
f 1763/981/875 1764/1008/896 1317/986/878
f 1299/983/877 1311/990/591 1310/988/880
f 1300/985/568 1312/999/590 1311/990/591
f 1313/991/882 1312/999/590 1300/985/568
f 1314/993/587 1313/991/882 1301/992/567
f 1307/994/883 1306/1001/889 1294/974/868
f 1303/977/871 1315/997/886 1314/993/587
f 1308/996/885 1307/994/883 1295/995/884
f 1304/987/879 1316/1004/892 1315/997/886
f 1297/989/881 1309/1006/894 1308/996/885
f 1325/998/887 1324/1011/20 1312/999/590
f 1314/993/587 1326/1024/909 1325/998/887
f 1307/994/883 1319/1013/899 1318/1000/888
f 1327/1002/890 1326/1024/909 1314/993/587
f 1320/1003/891 1319/1013/899 1307/994/883
f 1316/1004/892 1328/1007/895 1327/1002/890
f 1321/1005/893 1320/1003/891 1308/996/885
f 1317/986/878 1329/1009/897 1328/1007/895
f 1310/988/880 1322/1018/904 1321/1005/893
f 1764/1008/896 1765/1020/906 1329/1009/897
f 1323/1010/22 1322/1018/904 1310/988/880
f 1324/1011/20 1323/1010/22 1311/990/591
f 1320/1003/891 1332/1015/901 1331/1012/898
f 1340/1014/900 1339/1031/914 1327/1002/890
f 1321/1005/893 1333/1035/918 1332/1015/901
f 1341/1016/902 1340/1014/900 1328/1007/895
f 1334/1017/903 1333/1035/918 1321/1005/893
f 1766/1019/905 1341/1016/902 1329/1009/897
f 1323/1010/22 1335/1021/21 1334/1017/903
f 1324/1011/20 1336/1028/19 1335/1021/21
f 1337/1022/907 1336/1028/19 1324/1011/20
f 1338/1023/908 1337/1022/907 1325/998/887
f 1319/1013/899 1331/1012/898 1330/1025/910
f 1327/1002/890 1339/1031/914 1338/1023/908
f 1767/1026/911 1353/1046/929 1341/1016/902
f 1347/1027/27 1346/1036/919 1334/1017/903
f 1336/1028/19 1348/1049/26 1347/1027/27
f 1349/1029/912 1348/1049/26 1336/1028/19
f 1338/1023/908 1350/1032/915 1349/1029/912
f 1343/1030/913 1342/1039/922 1330/1025/910
f 1339/1031/914 1351/1041/924 1350/1032/915
f 1332/1015/901 1344/1042/925 1343/1030/913
f 1352/1033/916 1351/1041/924 1339/1031/914
f 1345/1034/917 1344/1042/925 1332/1015/901
f 1341/1016/902 1353/1046/929 1352/1033/916
f 1346/1036/919 1345/1034/917 1333/1035/918
f 1362/1037/920 1361/1050/931 1349/1029/912
f 1343/1030/913 1355/1043/926 1354/1038/921
f 1363/1040/923 1362/1037/920 1350/1032/915
f 1344/1042/925 1356/1052/933 1355/1043/926
f 1364/1044/927 1363/1040/923 1351/1041/924
f 1357/1045/928 1356/1052/933 1344/1042/925
f 1353/1046/929 1365/1047/930 1364/1044/927
f 1346/1036/919 1358/1055/935 1357/1045/928
f 1767/1026/911 1768/1057/937 1365/1047/930
f 1359/1048/47 1358/1055/935 1346/1036/919
f 1348/1049/26 1360/1059/46 1359/1048/47
f 1361/1050/931 1360/1059/46 1348/1049/26
f 1369/1051/932 1368/1063/942 1356/1052/933
f 1365/1047/930 1377/1074/951 1376/1053/934
f 1370/1054/54 1369/1051/932 1357/1045/928
f 1769/1056/936 1377/1074/951 1365/1047/930
f 1359/1048/47 1371/1066/53 1370/1054/54
f 1372/1058/938 1371/1066/53 1359/1048/47
f 1373/1060/939 1372/1058/938 1360/1059/46
f 1374/1061/940 1373/1060/939 1361/1050/931
f 1367/1062/941 1366/1070/947 1354/1038/921
f 1363/1040/923 1375/1064/943 1374/1061/940
f 1368/1063/942 1367/1062/941 1355/1043/926
f 1364/1044/927 1376/1053/934 1375/1064/943
f 1384/1065/74 1383/1087/962 1371/1066/53
f 1385/1067/944 1384/1065/74 1372/1058/938
f 1386/1068/945 1385/1067/944 1373/1060/939
f 1367/1062/941 1379/1071/948 1378/1069/946
f 1375/1064/943 1387/1078/955 1386/1068/945
f 1368/1063/942 1380/1073/950 1379/1071/948
f 1388/1072/949 1387/1078/955 1375/1064/943
f 1369/1051/932 1381/1083/959 1380/1073/950
f 1377/1074/951 1389/1076/953 1388/1072/949
f 1382/1075/952 1381/1083/959 1369/1051/932
f 1769/1056/936 1770/1086/961 1389/1076/953
f 1371/1066/53 1383/1087/962 1382/1075/952
f 1379/1071/948 1391/1080/956 1390/1077/954
f 1387/1078/955 1399/1098/967 1398/1079/78
f 1380/1073/950 1392/1100/969 1391/1080/956
f 1400/1081/957 1399/1098/967 1387/1078/955
f 1393/1082/958 1392/1100/969 1380/1073/950
f 1401/1084/960 1400/1081/957 1388/1072/949
f 1394/1085/83 1393/1082/958 1381/1083/959
f 1770/1086/961 1771/1092/965 1401/1084/960
f 1383/1087/962 1395/1088/963 1394/1085/83
f 1384/1065/74 1396/1094/81 1395/1088/963
f 1397/1089/80 1396/1094/81 1384/1065/74
f 1398/1079/78 1397/1089/80 1385/1067/944
f 1406/1090/92 1405/1111/977 1393/1082/958
f 1772/1091/964 1413/1112/978 1401/1084/960
f 1407/1093/91 1406/1090/92 1394/1085/83
f 1396/1094/81 1408/1103/90 1407/1093/91
f 1409/1095/89 1408/1103/90 1396/1094/81
f 1410/1096/100 1409/1095/89 1397/1089/80
f 1391/1080/956 1403/1106/973 1402/1097/966
f 1399/1098/967 1411/1108/98 1410/1096/100
f 1404/1099/968 1403/1106/973 1391/1080/956
f 1412/1101/970 1411/1108/98 1399/1098/967
f 1393/1082/958 1405/1111/977 1404/1099/968
f 1401/1084/960 1413/1112/978 1412/1101/970
f 1421/1102/971 1420/1115/112 1408/1103/90
f 1422/1104/109 1421/1102/971 1409/1095/89
f 1415/1105/972 1414/1627/986 1402/1097/966
f 1423/1107/974 1422/1104/109 1410/1096/100
f 1416/1109/975 1415/1105/972 1403/1106/973
f 1424/1110/976 1423/1107/974 1411/1108/98
f 1405/1111/977 1417/1628/982 1416/1109/975
f 1413/1112/978 1425/1629/985 1424/1110/976
f 1418/1113/102 1417/1628/982 1405/1111/977
f 1773/1114/979 1425/1629/985 1413/1112/978
f 1407/1093/91 1419/1630/113 1418/1113/102
f 1420/1115/112 1419/1630/113 1407/1093/91
f 1416/1116/975 1428/1123/983 1427/1117/980
f 1436/1119/981 1435/1136/987 1423/1120/974
f 1417/1122/982 1429/1145/992 1428/1123/983
f 1437/1124/984 1436/1119/981 1424/1121/976
f 1430/1126/120 1429/1145/992 1417/1122/982
f 1773/1128/979 1774/1149/995 1437/1124/984
f 1431/1129/119 1430/1126/120 1418/1127/102
f 1420/1131/112 1432/1138/118 1431/1129/119
f 1433/1132/117 1432/1138/118 1420/1131/112
f 1422/1134/109 1434/1140/116 1433/1132/117
f 1427/1117/980 1426/1142/989 1414/1135/986
f 1435/1136/987 1434/1140/116 1422/1134/109
f 1443/1137/128 1442/1147/129 1430/1126/120
f 1432/1138/118 1444/1162/140 1443/1137/128
f 1445/1139/139 1444/1162/140 1432/1138/118
f 1434/1140/116 1446/1151/996 1445/1139/139
f 1427/1117/980 1439/1152/997 1438/1141/988
f 1447/1143/990 1446/1151/996 1434/1140/116
f 1440/1144/991 1439/1152/997 1427/1117/980
f 1436/1119/981 1448/1156/1001 1447/1143/990
f 1429/1145/992 1441/1157/1002 1440/1144/991
f 1449/1146/993 1448/1156/1001 1436/1119/981
f 1442/1147/129 1441/1157/1002 1429/1145/992
f 1775/1148/994 1449/1146/993 1437/1124/984
f 1458/1150/145 1457/1163/1007 1445/1139/139
f 1439/1152/997 1451/1175/1015 1450/1153/998
f 1459/1154/999 1458/1150/145 1446/1151/996
f 1452/1155/1000 1451/1175/1015 1439/1152/997
f 1448/1156/1001 1460/1158/1003 1459/1154/999
f 1441/1157/1002 1453/1159/1004 1452/1155/1000
f 1449/1146/993 1461/1160/1005 1460/1158/1003
f 1442/1147/129 1454/1168/150 1453/1159/1004
f 1775/1148/994 1776/1169/1012 1461/1160/1005
f 1455/1161/1006 1454/1168/150 1442/1147/129
f 1444/1162/140 1456/1171/148 1455/1161/1006
f 1457/1163/1007 1456/1171/148 1444/1162/140
f 1460/1158/1003 1472/1185/1023 1471/1164/1008
f 1453/1159/1004 1465/1186/1024 1464/1165/1009
f 1473/1166/1010 1472/1185/1023 1460/1158/1003
f 1466/1167/1011 1465/1186/1024 1453/1159/1004
f 1776/1169/1012 1777/1189/1027 1473/1166/1010
f 1467/1170/155 1466/1167/1011 1454/1168/150
f 1456/1171/148 1468/1177/154 1467/1170/155
f 1469/1172/166 1468/1177/154 1456/1171/148
f 1470/1173/1013 1469/1172/166 1457/1163/1007
f 1463/1174/1014 1462/1182/1020 1450/1153/998
f 1459/1154/999 1471/1164/1008 1470/1173/1013
f 1464/1165/1009 1463/1174/1014 1451/1175/1015
f 1467/1170/155 1479/1178/1017 1478/1176/1016
f 1468/1177/154 1480/1200/1037 1479/1178/1017
f 1481/1179/177 1480/1200/1037 1468/1177/154
f 1482/1180/1018 1481/1179/177 1469/1172/166
f 1463/1174/1014 1475/1183/1021 1474/1181/1019
f 1471/1164/1008 1483/1192/1030 1482/1180/1018
f 1464/1165/1009 1476/1187/1025 1475/1183/1021
f 1484/1184/1022 1483/1192/1030 1471/1164/1008
f 1465/1186/1024 1477/1195/1033 1476/1187/1025
f 1473/1166/1010 1485/1196/1034 1484/1184/1022
f 1478/1176/1016 1477/1195/1033 1465/1186/1024
f 1778/1188/1026 1485/1196/1034 1473/1166/1010
f 1494/1190/1028 1493/1208/1045 1481/1179/177
f 1487/1191/1029 1486/1211/1048 1474/1181/1019
f 1483/1192/1030 1495/1212/1049 1494/1190/1028
f 1476/1187/1025 1488/1214/1051 1487/1191/1029
f 1496/1193/1031 1495/1212/1049 1483/1192/1030
f 1489/1194/1032 1488/1214/1051 1476/1187/1025
f 1485/1196/1034 1497/1198/1036 1496/1193/1031
f 1490/1197/1035 1489/1194/1032 1477/1195/1033
f 1778/1188/1026 1779/1204/1041 1497/1198/1036
f 1479/1178/1017 1491/1205/1042 1490/1197/1035
f 1492/1199/184 1491/1205/1042 1479/1178/1017
f 1481/1179/177 1493/1208/1045 1492/1199/184
f 1509/1201/1038 1508/1224/1059 1496/1193/1031
f 1502/1202/1039 1501/1216/1053 1489/1194/1032
f 1780/1203/1040 1509/1201/1038 1497/1198/1036
f 1491/1205/1042 1503/1206/1043 1502/1202/1039
f 1492/1199/184 1504/1217/205 1503/1206/1043
f 1505/1207/1044 1504/1217/205 1492/1199/184
f 1506/1209/1046 1505/1207/1044 1493/1208/1045
f 1487/1191/1029 1499/1220/1055 1498/1210/1047
f 1495/1212/1049 1507/1215/1052 1506/1209/1046
f 1500/1213/1050 1499/1220/1055 1487/1191/1029
f 1496/1193/1031 1508/1224/1059 1507/1215/1052
f 1501/1216/1053 1500/1213/1050 1488/1214/1051
f 1504/1217/205 1516/1239/1071 1515/1218/1054
f 1517/1219/215 1516/1239/1071 1504/1217/205
f 1506/1209/1046 1518/1222/1057 1517/1219/215
f 1499/1220/1055 1511/1223/1058 1510/1221/1056
f 1507/1215/1052 1519/1225/211 1518/1222/1057
f 1500/1213/1050 1512/1230/1063 1511/1223/1058
f 1508/1224/1059 1520/1232/1065 1519/1225/211
f 1513/1226/1060 1512/1230/1063 1500/1213/1050
f 1521/1227/1061 1520/1232/1065 1508/1224/1059
f 1514/1228/206 1513/1226/1060 1501/1216/1053
f 1780/1203/1040 1781/1237/1070 1521/1227/1061
f 1503/1206/1043 1515/1218/1054 1514/1228/206
f 1519/1225/211 1531/1233/1066 1530/1229/1062
f 1512/1230/1063 1524/1234/1067 1523/1231/1064
f 1520/1232/1065 1532/1251/1082 1531/1233/1066
f 1513/1226/1060 1525/1253/1084 1524/1234/1067
f 1533/1235/1068 1532/1251/1082 1520/1232/1065
f 1526/1236/1069 1525/1253/1084 1513/1226/1060
f 1781/1237/1070 1782/1243/1075 1533/1235/1068
f 1515/1218/1054 1527/1244/1076 1526/1236/1069
f 1528/1238/222 1527/1244/1076 1515/1218/1054
f 1529/1240/1072 1528/1238/222 1516/1239/1071
f 1530/1229/1062 1529/1240/1072 1517/1219/215
f 1511/1223/1058 1523/1231/1064 1522/1241/1073
f 1783/1242/1074 1545/1264/1094 1533/1235/1068
f 1527/1244/1076 1539/1246/1078 1538/1245/1077
f 1528/1238/222 1540/1256/242 1539/1246/1078
f 1541/1247/241 1540/1256/242 1528/1238/222
f 1542/1248/1079 1541/1247/241 1529/1240/1072
f 1523/1231/1064 1535/1258/1088 1534/1249/1080
f 1531/1233/1066 1543/1252/1083 1542/1248/1079
f 1536/1250/1081 1535/1258/1088 1523/1231/1064
f 1532/1251/1082 1544/1254/1085 1543/1252/1083
f 1525/1253/1084 1537/1262/1092 1536/1250/1081
f 1533/1235/1068 1545/1264/1094 1544/1254/1085
f 1538/1245/1077 1537/1262/1092 1525/1253/1084
f 1553/1255/1086 1552/1275/251 1540/1256/242
f 1542/1248/1079 1554/1259/1089 1553/1255/1086
f 1547/1257/1087 1546/1279/1105 1534/1249/1080
f 1543/1252/1083 1555/1261/1091 1554/1259/1089
f 1548/1260/1090 1547/1257/1087 1535/1258/1088
f 1544/1254/1085 1556/1269/1097 1555/1261/1091
f 1537/1262/1092 1549/1270/1098 1548/1260/1090
f 1557/1263/1093 1556/1269/1097 1544/1254/1085
f 1550/1265/253 1549/1270/1098 1537/1262/1092
f 1784/1266/1095 1557/1263/1093 1545/1264/1094
f 1551/1267/252 1550/1265/253 1538/1245/1077
f 1540/1256/242 1552/1275/251 1551/1267/252
f 1568/1268/1096 1567/1280/1106 1555/1261/1091
f 1549/1270/1098 1561/1289/1113 1560/1271/1099
f 1557/1263/1093 1569/1273/1101 1568/1268/1096
f 1562/1272/1100 1561/1289/1113 1549/1270/1098
f 1784/1266/1095 1785/1293/1117 1569/1273/1101
f 1563/1274/259 1562/1272/1100 1550/1265/253
f 1552/1275/251 1564/1282/258 1563/1274/259
f 1565/1276/1102 1564/1282/258 1552/1275/251
f 1566/1277/1103 1565/1276/1102 1553/1255/1086
f 1547/1257/1087 1559/1281/1107 1558/1278/1104
f 1567/1280/1106 1566/1277/1103 1554/1259/1089
f 1548/1260/1090 1560/1271/1099 1559/1281/1107
f 1564/1282/258 1576/1304/280 1575/1283/281
f 1577/1284/1108 1576/1304/280 1564/1282/258
f 1578/1285/1109 1577/1284/1108 1565/1276/1102
f 1559/1281/1107 1571/1295/1119 1570/1286/1110
f 1567/1280/1106 1579/1297/1121 1578/1285/1109
f 1572/1287/1111 1571/1295/1119 1559/1281/1107
f 1580/1288/1112 1579/1297/1121 1567/1280/1106
f 1561/1289/1113 1573/1300/1124 1572/1287/1111
f 1581/1290/1114 1580/1288/1112 1568/1268/1096
f 1574/1291/1115 1573/1300/1124 1561/1289/1113
f 1786/1292/1116 1581/1290/1114 1569/1273/1101
f 1563/1274/259 1575/1283/281 1574/1291/1115
f 1590/1294/1118 1589/1306/1128 1577/1284/1108
f 1571/1295/1119 1583/1310/1131 1582/1296/1120
f 1579/1297/1121 1591/1299/1123 1590/1294/1118
f 1584/1298/1122 1583/1310/1131 1571/1295/1119
f 1580/1288/1112 1592/1307/1129 1591/1299/1123
f 1573/1300/1124 1585/1308/1130 1584/1298/1122
f 1593/1301/1125 1592/1307/1129 1580/1288/1112
f 1586/1302/289 1585/1308/1130 1573/1300/1124
f 1787/1303/1126 1593/1301/1125 1581/1290/1114
f 1575/1283/281 1587/1305/1127 1586/1302/289
f 1576/1304/280 1588/1309/287 1587/1305/1127
f 1589/1306/1128 1588/1309/287 1576/1304/280
f 1593/1301/1125 1604/715/657 1603/711/653
f 1598/717/659 1597/712/654 1585/1308/1130
f 1787/1303/1126 1788/719/661 1604/715/657
f 1599/720/295 1598/717/659 1586/1302/289
f 1588/1309/287 1053/721/307 1599/720/295
f 1600/724/306 1053/721/307 1588/1309/287
f 1590/1294/1118 1601/706/304 1600/724/306
f 1595/709/651 1594/726/664 1582/1296/1120
f 1602/704/647 1601/706/304 1590/1294/1118
f 1596/707/649 1595/709/651 1583/1310/1131
f 1592/1307/1129 1603/711/653 1602/704/647
f 1585/1308/1130 1597/712/654 1596/707/649
f 1306/1311/889 1626/1359/1149 1625/1312/1132
f 1620/1314/1133 1619/1394/1168 1222/1315/803
f 1643/1317/1134 1642/1429/1177 1498/1318/1047
f 1438/1320/988 1637/1391/1166 1636/1321/1135
f 1594/1323/664 1650/1413/1173 1649/1324/1136
f 1605/1326/1137 1650/1413/1173 1594/1323/664
f 1639/1328/1138 1638/1417/1174 1450/1329/998
f 1390/1331/954 1633/1347/1144 1632/1332/1139
f 1222/1315/803 1619/1394/1168 1618/1334/1140
f 1613/1336/1141 1612/1418/1175 1138/1337/745
f 1162/1339/750 1614/1341/1142 1613/1336/1141
f 1174/1340/771 1615/1377/1157 1614/1341/1142
f 1632/1332/1139 1631/1372/1155 1366/1342/947
f 1608/1343/1143 1607/1384/1162 1078/1344/682
f 1402/1346/966 1634/1371/1154 1633/1347/1144
f 1628/1348/1145 1627/1423/1176 1318/1349/888
f 1270/1351/860 1623/1411/1172 1622/1352/1146
f 1609/1354/1147 1608/1343/1143 1090/1345/699
f 1647/1356/1148 1646/1396/1169 1546/1357/1105
f 1318/1349/888 1627/1423/1176 1626/1359/1149
f 1645/1360/1150 1644/1390/1165 1522/1361/1073
f 1546/1357/1105 1646/1396/1169 1645/1360/1150
f 1636/1321/1135 1635/1405/1171 1414/1363/986
f 1114/1364/721 1610/1383/1161 1609/1354/1147
f 1621/1365/1151 1620/1314/1133 1234/1316/823
f 1622/1352/1146 1621/1365/1151 1246/1366/836
f 1640/1367/1152 1639/1328/1138 1462/1330/1020
f 1641/1369/1153 1640/1367/1152 1474/1368/1019
f 1414/1363/986 1635/1405/1171 1634/1371/1154
f 1631/1372/1155 1630/1382/1160 1354/1373/921
f 1617/1374/1156 1616/1432/1178 1186/1375/780
f 1186/1375/780 1616/1432/1178 1615/1377/1157
f 1138/1337/745 1612/1418/1175 1611/1378/1158
f 1629/1380/1159 1628/1348/1145 1330/1350/910
f 1498/1318/1047 1642/1429/1177 1641/1369/1153
f 1630/1382/1160 1629/1380/1159 1342/1381/922
f 1126/1379/720 1611/1378/1158 1610/1383/1161
f 1607/1384/1162 1606/1397/1170 1066/1385/683
f 1582/1325/1120 1649/1324/1136 1648/1386/1163
f 1618/1334/1140 1617/1374/1156 1198/1376/779
f 1570/1387/1110 1648/1386/1163 1647/1356/1148
f 1294/1313/868 1625/1312/1132 1624/1388/1164
f 1644/1390/1165 1643/1317/1134 1510/1319/1056
f 1450/1329/998 1638/1417/1174 1637/1391/1166
f 1624/1388/1164 1623/1411/1172 1270/1351/860
f 1678/1392/1167 1677/1435/1167 1631/1372/1155
f 1665/1393/1167 1664/1436/1167 1618/1334/1140
f 1692/1395/1167 1691/1631/1167 1645/1360/1150
f 1606/1397/1170 1652/1632/1167 1651/1398/1167
f 1679/1399/1167 1678/1392/1167 1632/1332/1139
f 1666/1400/1167 1665/1393/1167 1619/1394/1168
f 1647/1356/1148 1693/1402/1167 1692/1395/1167
f 1653/1401/1167 1652/1632/1167 1606/1397/1170
f 1634/1371/1154 1680/1633/1167 1679/1399/1167
f 1621/1365/1151 1667/1634/1167 1666/1400/1167
f 1648/1386/1163 1694/1407/1167 1693/1402/1167
f 1654/1403/1167 1653/1401/1167 1607/1384/1162
f 1681/1404/1167 1680/1633/1167 1634/1371/1154
f 1668/1406/1167 1667/1634/1167 1621/1365/1151
f 1649/1324/1136 1695/1635/1167 1694/1407/1167
f 1655/1408/1167 1654/1403/1167 1608/1343/1143
f 1682/1409/1167 1681/1404/1167 1635/1405/1171
f 1669/1410/1167 1668/1406/1167 1622/1352/1146
f 1696/1412/1167 1695/1635/1167 1649/1324/1136
f 1610/1383/1161 1656/1636/1167 1655/1408/1167
f 1683/1414/1167 1682/1409/1167 1636/1321/1135
f 1670/1415/1167 1669/1410/1167 1623/1411/1172
f 1651/1398/1167 1696/1412/1167 1650/1413/1173
f 1657/1416/1167 1656/1636/1167 1610/1383/1161
f 1638/1417/1174 1684/1637/1167 1683/1414/1167
f 1625/1312/1132 1671/1638/1167 1670/1415/1167
f 1612/1418/1175 1658/1639/1167 1657/1416/1167
f 1685/1419/1167 1684/1637/1167 1638/1417/1174
f 1672/1420/1167 1671/1638/1167 1625/1312/1132
f 1659/1421/1167 1658/1639/1167 1612/1418/1175
f 1686/1422/1167 1685/1419/1167 1639/1328/1138
f 1627/1423/1176 1673/1426/1167 1672/1420/1167
f 1660/1424/1167 1659/1421/1167 1613/1336/1141
f 1687/1425/1167 1686/1422/1167 1640/1367/1152
f 1628/1348/1145 1674/1640/1167 1673/1426/1167
f 1661/1427/1167 1660/1424/1167 1614/1341/1142
f 1688/1428/1167 1687/1425/1167 1641/1369/1153
f 1675/1430/1167 1674/1640/1167 1628/1348/1145
f 1662/1431/1167 1661/1427/1167 1615/1377/1157
f 1689/1433/1167 1688/1428/1167 1642/1429/1177
f 1630/1382/1160 1676/1641/1167 1675/1430/1167
f 1617/1374/1156 1663/1642/1167 1662/1431/1167
f 1690/1434/1167 1689/1433/1167 1643/1317/1134
f 1677/1435/1167 1676/1641/1167 1630/1382/1160
f 1664/1436/1167 1663/1642/1167 1617/1374/1156
f 1645/1360/1150 1691/1631/1167 1690/1434/1167
f 1792/1437/1179 1744/1528/672 1743/1438/660
f 1924/1440/1181 1788/1624/661 1787/1441/1126
f 1918/1443/1183 1921/1442/1182 1787/1441/1126
f 1915/1445/1184 1918/1443/1183 1786/1444/1116
f 1912/1447/1185 1915/1445/1184 1785/1446/1117
f 1909/1449/1186 1912/1447/1185 1784/1448/1095
f 1906/1451/1187 1909/1449/1186 1783/1450/1074
f 1906/1451/1187 1782/1452/1075 1781/1453/1070
f 1903/1454/1188 1781/1453/1070 1780/1455/1040
f 1900/1456/1189 1780/1455/1040 1779/1457/1041
f 1897/1458/1190 1779/1457/1041 1778/1459/1026
f 1894/1460/1191 1778/1459/1026 1777/1461/1027
f 1891/1462/1192 1777/1461/1027 1776/1463/1012
f 1885/1465/1194 1888/1464/1193 1776/1463/1012
f 1882/1467/1195 1885/1465/1194 1775/1466/994
f 1879/1469/1196 1882/1467/1195 1774/1468/995
f 1876/1471/1197 1879/1590/1196 1773/1472/979
f 1876/1471/1197 1772/1473/964 1771/1474/965
f 1873/1475/1198 1771/1474/965 1770/1476/961
f 1870/1477/1199 1770/1476/961 1769/1478/936
f 1867/1479/1200 1769/1478/936 1768/1480/937
f 1864/1481/1201 1768/1480/937 1767/1482/911
f 1861/1483/1202 1767/1482/911 1766/1484/905
f 1858/1485/1203 1766/1484/905 1765/1486/906
f 1852/1488/1205 1855/1487/1204 1765/1486/906
f 1849/1490/1206 1852/1488/1205 1764/1489/896
f 1846/1492/1207 1849/1490/1206 1763/1491/875
f 1843/1494/1208 1846/1492/1207 1762/1493/876
f 1840/1496/1209 1843/1494/1208 1761/1495/853
f 1837/1498/1210 1840/1496/1209 1760/1497/844
f 1834/1500/1211 1837/1498/1210 1759/1499/845
f 1834/1500/1211 1758/1501/824 1757/1502/811
f 1831/1503/1212 1757/1502/811 1756/1504/794
f 1828/1505/1213 1756/1504/794 1755/1506/787
f 1825/1507/1214 1755/1506/787 1754/1508/788
f 1822/1509/1215 1754/1508/788 1753/1510/777
f 1816/1512/1217 1819/1511/1216 1753/1510/777
f 1813/1514/1218 1816/1512/1217 1752/1513/762
f 1810/1516/1219 1813/1514/1218 1751/1515/757
f 1807/1518/1220 1810/1516/1219 1750/1517/737
f 1807/1518/1220 1749/1519/728 1748/1520/729
f 1804/1521/1221 1748/1520/729 1747/1522/711
f 1801/1523/1222 1747/1522/711 1746/1524/705
f 1798/1525/1223 1746/1524/705 1745/1526/696
f 1795/1527/1224 1745/1526/696 1744/1528/672
f 1698/36/36 1793/1570/1266 1789/1529/1225
f 1925/1530/1226 1922/1531/1227 1741/600/588
f 1922/1531/1227 1919/1532/1228 1740/591/579
f 1919/1532/1228 1916/1533/1229 1739/571/559
f 1916/1533/1229 1913/1534/1230 1738/563/551
f 1913/1534/1230 1910/1535/1231 1737/541/529
f 1910/1535/1231 1907/1579/1275 1736/534/522
f 1736/534/522 1907/1579/1275 1904/1536/1232
f 1735/526/514 1904/1536/1232 1901/1537/1233
f 1734/504/492 1901/1537/1233 1898/1538/1234
f 1733/497/485 1898/1538/1234 1895/1539/1235
f 1895/1539/1235 1892/1540/1236 1731/467/455
f 1892/1540/1236 1889/1541/1237 1730/459/447
f 1889/1541/1237 1886/1542/1238 1729/448/436
f 1886/1542/1238 1883/1543/1239 1728/423/418
f 1883/1543/1239 1880/1589/1240 1727/424/408
f 1880/1544/1240 1877/1593/1286 1726/387/387
f 1726/387/387 1877/1593/1286 1874/1545/1241
f 1725/382/382 1874/1545/1241 1871/1546/1242
f 1724/372/372 1871/1546/1242 1868/1547/1243
f 1723/352/352 1868/1547/1243 1865/1548/1244
f 1722/343/343 1865/1548/1244 1862/1549/1245
f 1721/322/322 1862/1549/1245 1859/1550/1246
f 1720/315/315 1859/1550/1246 1856/1551/1247
f 1856/1551/1247 1853/1552/1248 1718/285/285
f 1853/1552/1248 1850/1553/1249 1717/278/278
f 1850/1553/1249 1847/1554/1250 1716/269/269
f 1847/1554/1250 1844/1555/1251 1715/249/249
f 1844/1555/1251 1841/1605/1298 1714/240/240
f 1714/240/240 1841/1605/1298 1838/1556/1252
f 1713/219/219 1838/1556/1252 1835/1557/1253
f 1712/214/214 1835/1557/1253 1832/1558/1254
f 1711/203/203 1832/1558/1254 1829/1559/1255
f 1710/182/182 1829/1559/1255 1826/1560/1256
f 1826/1560/1256 1823/1561/1257 1708/165/165
f 1823/1561/1257 1820/1562/1258 1707/146/146
f 1820/1562/1258 1817/1563/1259 1706/138/138
f 1817/1563/1259 1814/1564/1260 1705/115/115
f 1814/1564/1260 1811/1565/1261 1704/110/110
f 1811/1565/1261 1808/1566/1262 1703/101/101
f 1808/1566/1262 1805/1567/1263 1702/79/79
f 1805/1567/1263 1802/1568/1264 1701/72/72
f 1802/1568/1264 1799/1622/1315 1700/62/62
f 1700/62/62 1799/1622/1315 1796/1569/1265
f 1699/44/44 1796/1569/1265 1793/1570/1266
f 1697/16/16 1789/1529/1225 1925/1530/1226
f 1924/1440/1181 1926/1572/1268 1791/1571/1267
f 1926/1572/1268 1925/1530/1226 1789/1529/1225
f 1924/1440/1181 1921/1442/1182 1923/1573/1269
f 1926/1572/1268 1923/1573/1269 1922/1531/1227
f 1921/1442/1182 1918/1443/1183 1920/1574/1270
f 1923/1573/1269 1920/1574/1270 1919/1532/1228
f 1918/1443/1183 1915/1445/1184 1917/1575/1271
f 1920/1574/1270 1917/1575/1271 1916/1533/1229
f 1915/1445/1184 1912/1447/1185 1914/1576/1272
f 1917/1575/1271 1914/1576/1272 1913/1534/1230
f 1912/1447/1185 1909/1449/1186 1911/1577/1273
f 1911/1577/1273 1910/1535/1231 1913/1534/1230
f 1909/1449/1186 1906/1451/1187 1908/1578/1274
f 1911/1577/1273 1908/1578/1274 1907/1579/1275
f 1906/1451/1187 1903/1454/1188 1905/1580/1276
f 1905/1580/1276 1904/1536/1232 1907/1579/1275
f 1900/1456/1189 1902/1581/1277 1905/1580/1276
f 1902/1581/1277 1901/1537/1233 1904/1536/1232
f 1897/1458/1190 1899/1582/1278 1902/1581/1277
f 1899/1582/1278 1898/1538/1234 1901/1537/1233
f 1894/1460/1191 1896/1583/1279 1899/1582/1278
f 1896/1583/1279 1895/1539/1235 1898/1538/1234
f 1891/1462/1192 1893/1584/1280 1896/1583/1279
f 1893/1584/1280 1892/1540/1236 1895/1539/1235
f 1891/1462/1192 1888/1464/1193 1890/1585/1281
f 1890/1585/1281 1889/1541/1237 1892/1540/1236
f 1888/1464/1193 1885/1465/1194 1887/1586/1282
f 1890/1585/1281 1887/1586/1282 1886/1542/1238
f 1885/1465/1194 1882/1467/1195 1884/1587/1283
f 1887/1586/1282 1884/1587/1283 1883/1543/1239
f 1882/1467/1195 1879/1469/1196 1881/1588/1284
f 1884/1587/1283 1881/1588/1284 1880/1589/1240
f 1879/1590/1196 1876/1471/1197 1878/1591/1285
f 1881/1592/1284 1878/1591/1285 1877/1593/1286
f 1873/1475/1198 1875/1594/1287 1878/1591/1285
f 1878/1591/1285 1875/1594/1287 1874/1545/1241
f 1870/1477/1199 1872/1595/1288 1875/1594/1287
f 1872/1595/1288 1871/1546/1242 1874/1545/1241
f 1867/1479/1200 1869/1596/1289 1872/1595/1288
f 1872/1595/1288 1869/1596/1289 1868/1547/1243
f 1864/1481/1201 1866/1597/1290 1869/1596/1289
f 1866/1597/1290 1865/1548/1244 1868/1547/1243
f 1861/1483/1202 1863/1598/1291 1866/1597/1290
f 1863/1598/1291 1862/1549/1245 1865/1548/1244
f 1858/1485/1203 1860/1599/1292 1863/1598/1291
f 1860/1599/1292 1859/1550/1246 1862/1549/1245
f 1855/1487/1204 1857/1600/1293 1860/1599/1292
f 1857/1600/1293 1856/1551/1247 1859/1550/1246
f 1855/1487/1204 1852/1488/1205 1854/1601/1294
f 1857/1600/1293 1854/1601/1294 1853/1552/1248
f 1852/1488/1205 1849/1490/1206 1851/1602/1295
f 1854/1601/1294 1851/1602/1295 1850/1553/1249
f 1849/1490/1206 1846/1492/1207 1848/1603/1296
f 1851/1602/1295 1848/1603/1296 1847/1554/1250
f 1846/1492/1207 1843/1494/1208 1845/1604/1297
f 1848/1603/1296 1845/1604/1297 1844/1555/1251
f 1840/1496/1209 1842/1607/1300 1845/1604/1297
f 1845/1604/1297 1842/1607/1300 1841/1605/1298
f 1840/1496/1209 1837/1498/1210 1839/1606/1299
f 1842/1607/1300 1839/1606/1299 1838/1556/1252
f 1834/1500/1211 1836/1608/1301 1839/1606/1299
f 1836/1608/1301 1835/1557/1253 1838/1556/1252
f 1831/1503/1212 1833/1609/1302 1836/1608/1301
f 1833/1609/1302 1832/1558/1254 1835/1557/1253
f 1828/1505/1213 1830/1610/1303 1833/1609/1302
f 1830/1610/1303 1829/1559/1255 1832/1558/1254
f 1825/1507/1214 1827/1611/1304 1830/1610/1303
f 1827/1611/1304 1826/1560/1256 1829/1559/1255
f 1822/1509/1215 1824/1612/1305 1827/1611/1304
f 1824/1612/1305 1823/1561/1257 1826/1560/1256
f 1819/1511/1216 1821/1613/1306 1824/1612/1305
f 1821/1613/1306 1820/1562/1258 1823/1561/1257
f 1819/1511/1216 1816/1512/1217 1818/1614/1307
f 1821/1613/1306 1818/1614/1307 1817/1563/1259
f 1816/1512/1217 1813/1514/1218 1815/1615/1308
f 1818/1614/1307 1815/1615/1308 1814/1564/1260
f 1813/1514/1218 1810/1516/1219 1812/1616/1309
f 1815/1615/1308 1812/1616/1309 1811/1565/1261
f 1810/1516/1219 1807/1518/1220 1809/1617/1310
f 1812/1616/1309 1809/1617/1310 1808/1566/1262
f 1807/1518/1220 1804/1521/1221 1806/1618/1311
f 1806/1618/1311 1805/1567/1263 1808/1566/1262
f 1801/1523/1222 1803/1619/1312 1806/1618/1311
f 1803/1619/1312 1802/1568/1264 1805/1567/1263
f 1801/1523/1222 1798/1525/1223 1800/1620/1313
f 1800/1620/1313 1799/1622/1315 1802/1568/1264
f 1795/1527/1224 1797/1621/1314 1800/1620/1313
f 1797/1621/1314 1796/1569/1265 1799/1622/1315
f 1792/1437/1179 1794/1623/1316 1797/1621/1314
f 1794/1623/1316 1793/1570/1266 1796/1569/1265
f 1790/1439/1180 1791/1571/1267 1794/1623/1316
f 1791/1571/1267 1789/1529/1225 1793/1570/1266
f 1790/1439/1180 1743/1438/660 1788/1624/661
f 1606/1397/1170 1605/1326/1137 1054/1327/663
usemtl modern_ceiling_lamp_01
f 1/1643/1317 49/1644/1318 23/1645/1319
f 18/1646/1320 25/1647/645 24/1648/1321
f 16/1649/1322 25/1647/645 18/1646/1320
f 14/1650/1323 25/1647/645 16/1649/1322
f 12/1651/1324 25/1647/645 14/1650/1323
f 10/1652/1325 25/1647/645 12/1651/1324
f 8/1653/1326 25/1647/645 10/1652/1325
f 6/1654/1327 25/1647/645 8/1653/1326
f 4/1655/1328 25/1647/645 6/1654/1327
f 2/1656/1329 25/1647/645 4/1655/1328
f 9/1657/1330 33/1658/1331 7/1659/1332
f 20/1660/1333 25/1647/645 2/1656/1329
f 22/1661/1334 25/1647/645 20/1660/1333
f 24/1648/1321 27/1662/1335 28/1663/1336
f 7/1659/1332 31/1664/1337 5/1665/1338
f 23/1645/1319 47/1666/1339 21/1667/1340
f 19/1668/1341 47/1666/1339 45/1669/1342
f 17/1670/1343 45/1669/1342 43/1671/1344
f 15/1672/1345 43/1671/1344 41/1673/1346
f 15/1672/1345 39/1674/1347 13/1675/1348
f 13/1675/1348 37/1676/1349 11/1677/1350
f 11/1677/1350 35/1678/1351 9/1679/1330
f 5/1665/1338 29/1680/1352 3/1681/1353
f 3/1681/1353 26/1682/1354 1/1643/1317
f 28/1663/1336 26/1683/1354 29/1684/1352
f 30/1685/1355 29/1684/1352 31/1686/1337
f 33/1687/1331 30/1685/1355 31/1686/1337
f 35/1688/1351 32/1689/1356 33/1687/1331
f 36/1690/1357 35/1688/1351 37/1691/1349
f 38/1692/1358 37/1691/1349 39/1693/1347
f 40/1694/1359 39/1693/1347 41/1695/1346
f 42/1696/1360 41/1695/1346 43/1697/1344
f 44/1698/1361 43/1697/1344 45/1699/1342
f 46/1700/1362 45/1699/1342 47/1701/1339
f 48/1702/1363 47/1701/1339 49/1703/1318
f 27/1662/1335 49/1703/1318 26/1683/1354
f 24/1648/1321 25/1647/645 22/1661/1334
f 22/1661/1334 48/1702/1363 27/1662/1335
f 20/1660/1333 46/1700/1362 48/1702/1363
f 2/1656/1329 44/1698/1361 46/1700/1362
f 4/1655/1328 42/1696/1360 44/1698/1361
f 6/1654/1327 40/1694/1359 42/1696/1360
f 8/1653/1326 38/1692/1358 40/1694/1359
f 38/1692/1358 12/1651/1324 36/1690/1357
f 36/1690/1357 14/1650/1323 34/1704/1364
f 34/1704/1364 16/1649/1322 32/1689/1356
f 32/1689/1356 18/1646/1320 30/1685/1355
f 18/1646/1320 28/1663/1336 30/1685/1355
f 50/1705/1365 83/1706/1366 67/1707/1367
f 50/1705/1365 84/1708/1368 85/1709/1369
f 84/1708/1368 52/1710/1370 82/1711/1371
f 82/1711/1371 89/1712/1372 88/1713/1373
f 81/1714/1374 90/1715/1375 89/1712/1372
f 80/1716/1376 91/1717/1377 90/1715/1375
f 78/1718/1378 91/1717/1377 79/1719/1379
f 78/1718/1378 93/1720/1380 92/1721/1381
f 76/1722/1382 93/1720/1380 77/1723/1383
f 76/1722/1382 95/1724/1384 94/1725/1385
f 74/1726/1386 95/1724/1384 75/1727/1387
f 73/1728/1388 96/1729/1389 74/1726/1386
f 72/1730/1390 97/1731/1391 73/1728/1388
f 71/1732/1392 98/1733/1393 72/1730/1390
f 70/1734/1394 99/1735/1395 71/1732/1392
f 69/1736/1396 100/1737/1397 70/1734/1394
f 68/1738/1398 101/1739/1399 69/1736/1396
f 68/1738/1398 103/1740/1400 102/1741/1401
f 66/1742/1402 69/1736/1396 65/1743/1403
f 85/1709/1369 87/1744/1404 86/1745/1405
f 88/1713/1373 84/1708/1368 82/1711/1371
f 52/1710/1370 81/1714/1374 82/1711/1371
f 53/1746/1406 80/1716/1376 81/1714/1374
f 54/1747/1407 79/1719/1379 80/1716/1376
f 55/1748/1408 78/1718/1378 79/1719/1379
f 56/1749/1409 77/1723/1383 78/1718/1378
f 58/1750/1410 77/1723/1383 57/1751/1411
f 59/1752/1412 76/1722/1382 58/1750/1410
f 60/1753/1413 75/1727/1387 59/1752/1412
f 61/1754/1414 74/1726/1386 60/1753/1413
f 62/1755/1415 73/1728/1388 61/1754/1414
f 63/1756/1416 72/1730/1390 62/1755/1415
f 64/1757/1417 71/1732/1392 63/1756/1416
f 65/1743/1403 70/1734/1394 64/1757/1417
f 92/1721/1381 2619/1758/645 91/1717/1377
f 67/1707/1367 68/1738/1398 66/1742/1402
f 85/1709/1369 103/1740/1400 83/1706/1366
f 57/1759/1411 115/1760/1418 114/1761/1419
f 51/1762/1420 119/1763/1421 52/1764/1370
f 63/1765/1416 107/1766/1422 64/1767/1417
f 58/1768/1410 112/1769/1423 59/1770/1412
f 53/1771/1406 117/1772/1424 54/1773/1407
f 65/1774/1403 105/1775/1425 66/1776/1402
f 60/1777/1413 110/1778/1426 61/1779/1414
f 55/1780/1408 115/1760/1418 56/1781/1409
f 67/1782/1367 121/1783/1427 50/1784/1365
f 62/1785/1415 108/1786/1428 63/1765/1416
f 50/1784/1365 120/1787/1429 51/1762/1420
f 57/1759/1411 113/1788/1430 58/1768/1410
f 52/1764/1370 118/1789/1431 53/1771/1406
f 64/1767/1417 106/1790/1432 65/1791/1403
f 59/1770/1412 111/1792/1433 60/1777/1413
f 54/1773/1407 116/1793/1434 55/1780/1408
f 66/1776/1402 104/1794/1435 67/1782/1367
f 61/1779/1414 109/1795/1338 62/1785/1415
f 171/1796/1167 145/1797/1167 170/1798/1167
f 163/1799/1167 153/1800/1167 162/1801/1167
f 170/1798/1167 146/1802/1167 169/1803/1167
f 161/1804/1167 153/1800/1167 154/1805/1167
f 169/1803/1167 147/1806/1167 168/1807/1167
f 160/1808/1167 154/1805/1167 155/1809/1167
f 167/1810/1167 147/1806/1167 148/1811/1167
f 175/1812/1167 141/1813/1167 174/1814/1167
f 160/1808/1167 156/1815/1167 159/1816/1167
f 166/1817/1167 148/1811/1167 149/1818/1167
f 174/1814/1167 142/1819/1167 173/1820/1167
f 158/1821/1167 156/1815/1167 157/1822/1167
f 166/1817/1167 150/1823/1167 165/1824/1167
f 173/1820/1167 143/1825/1167 172/1826/1167
f 158/1821/1167 140/1827/1167 175/1812/1167
f 164/1828/1167 150/1823/1167 151/1829/1167
f 171/1796/1167 143/1825/1167 144/1830/1167
f 163/1799/1167 151/1829/1167 152/1831/1167
f 128/1832/1436 168/1833/1437 129/1834/1438
f 123/1835/1439 173/1836/1419 124/1837/1440
f 135/1838/1441 161/1839/1428 136/1840/1442
f 130/1841/1443 166/1842/1348 131/1843/1444
f 125/1844/1445 171/1845/1434 126/1846/1446
f 138/1847/1447 160/1848/1448 159/1849/1449
f 132/1850/1450 164/1851/1451 133/1852/1452
f 127/1853/1453 169/1854/1343 128/1832/1436
f 139/1855/1454 175/1856/1455 122/1857/1456
f 135/1838/1441 163/1858/1457 162/1859/1458
f 122/1857/1456 174/1860/1459 123/1835/1439
f 129/1834/1438 167/1861/1429 130/1841/1443
f 124/1837/1440 172/1862/1418 125/1844/1445
f 136/1840/1442 160/1848/1448 137/1863/1460
f 131/1843/1444 165/1864/1435 132/1850/1450
f 127/1853/1453 171/1845/1434 170/1865/1424
f 138/1847/1447 158/1866/1433 139/1855/1454
f 133/1852/1452 163/1867/1457 134/1868/1461
f 146/1869/1462 181/1870/1424 182/1871/1431
f 153/1872/1463 190/1873/1428 154/1874/1428
f 147/1875/1437 182/1871/1431 183/1876/1464
f 155/1877/1465 190/1873/1428 191/1878/1448
f 148/1879/1429 183/1876/1464 184/1880/1429
f 140/1881/1317 177/1882/1466 141/1883/1430
f 155/1877/1465 192/1884/1467 156/1885/1467
f 148/1879/1429 185/1886/1348 149/1887/1348
f 141/1883/1430 178/1888/1419 142/1889/1419
f 156/1885/1467 193/1890/1433 157/1891/1433
f 149/1887/1348 186/1892/1435 150/1893/1435
f 143/1894/1418 178/1888/1419 179/1895/1418
f 157/1891/1433 176/1896/20 140/1881/1317
f 150/1893/1435 187/1897/1468 151/1898/1468
f 143/1894/1418 180/1899/1434 144/1900/1469
f 151/1898/1468 188/1901/1457 152/1902/1457
f 145/1903/1470 180/1899/1434 181/1870/1424
f 152/1904/1457 189/1905/1463 153/1872/1463
f 179/1906/1167 198/1907/1167 180/1908/1167
f 188/1909/1167 205/1910/1167 206/1911/1167
f 180/1908/1167 199/1912/1167 181/1913/1167
f 188/1909/1167 207/1914/1167 189/1915/1167
f 181/1913/1167 200/1916/1167 182/1917/1167
f 189/1915/1167 208/1918/1167 190/1919/1167
f 182/1917/1167 201/1920/1167 183/1921/1167
f 191/1922/1167 208/1918/1167 209/1923/1167
f 184/1924/1167 201/1920/1167 202/1925/1167
f 177/1926/1167 194/1927/1167 195/1928/1167
f 191/1922/1167 210/1929/1167 192/1930/1167
f 184/1924/1167 203/1931/1167 185/1932/1167
f 177/1926/1167 196/1933/1167 178/1934/1167
f 192/1930/1167 211/1935/1167 193/1936/1167
f 185/1932/1167 204/1937/1167 186/1938/1167
f 178/1934/1167 197/1939/1167 179/1906/1167
f 176/1940/1167 211/1935/1167 194/1927/1167
f 187/1941/1167 204/1937/1167 205/1910/1167
f 199/1942/1424 216/1943/1434 217/1944/1471
f 206/1945/1457 225/1946/1463 207/1947/1472
f 200/1948/1473 217/1944/1471 218/1949/1431
f 207/1947/1472 226/1950/1428 208/1951/1474
f 200/1948/1473 219/1952/1475 201/1953/1464
f 209/1954/1448 226/1950/1428 227/1955/1448
f 201/1953/1464 220/1956/1429 202/1957/1429
f 194/1958/1423 213/1959/1430 195/1960/1430
f 209/1954/1448 228/1961/1476 210/1962/1426
f 202/1957/1429 221/1963/1348 203/1964/1348
f 196/1965/1419 213/1959/1430 214/1966/1419
f 210/1962/1426 229/1967/1433 211/1968/1433
f 203/1964/1348 222/1969/1435 204/1970/1435
f 196/1965/1419 215/1971/1418 197/1972/1418
f 211/1968/1433 212/1973/1317 194/1958/1423
f 204/1970/1435 223/1974/1468 205/1975/1468
f 197/1972/1418 216/1943/1434 198/1976/1477
f 206/1977/1457 223/1974/1468 224/1978/1457
f 122/1979/1456 231/1980/1167 230/1981/1167
f 136/1982/1442 245/1983/1167 244/1984/1167
f 130/1985/1443 237/1986/1167 129/1987/1438
f 138/1988/1447 245/1983/1167 137/1989/1460
f 130/1985/1443 239/1990/1167 238/1991/1167
f 124/1992/1440 231/1980/1167 123/1993/1439
f 138/1988/1447 247/1994/1167 246/1995/1167
f 131/1996/1444 240/1997/1167 239/1990/1167
f 125/1998/1445 232/1999/1167 124/1992/1440
f 122/1979/1456 247/1994/1167 139/2000/1454
f 133/2001/1452 240/1997/1167 132/2002/1450
f 125/1998/1445 234/2003/1167 233/2004/1167
f 133/2001/1452 242/2005/1167 241/2006/1167
f 126/2007/1446 235/2008/1167 234/2003/1167
f 135/2009/1441 242/2005/1167 134/2010/1461
f 128/2011/1436 235/2008/1167 127/2012/1453
f 136/1982/1442 243/2013/1478 135/2009/1441
f 129/1987/1438 236/2014/1167 128/2011/1436
f 2198/2015/1479 1981/2016/645 1927/2017/1480
f 2198/2015/1479 1928/2018/1481 2199/2019/1482
f 2200/2020/1483 1928/2018/1481 1929/2021/1484
f 2201/2022/1485 1929/2021/1484 1930/2023/1486
f 2202/2024/1487 1930/2023/1486 1931/2025/1488
f 2295/2026/1489 1931/2025/1488 2250/2027/1490
f 1931/2025/1488 2251/2028/1491 2250/2027/1490
f 1927/2017/1480 1981/2016/645 1933/2029/1492
f 1927/2017/1480 1934/2030/1493 1928/2018/1481
f 1928/2018/1481 1935/2031/1494 1929/2021/1484
f 1929/2021/1484 1936/2032/1495 1930/2023/1486
f 1931/2025/1488 1936/2032/1495 1937/2033/1496
f 1933/2029/1492 1981/2016/645 1939/2034/1497
f 1934/2030/1493 1939/2034/1497 1940/2035/1498
f 1934/2030/1493 1941/2036/1499 1935/2031/1494
f 1935/2031/1494 1942/2037/1500 1936/2032/1495
f 1936/2032/1495 1943/2038/1501 1937/2033/1496
f 2251/2028/1491 1943/2038/1501 2252/2039/1502
f 1941/2036/1499 1948/2040/1503 1942/2037/1500
f 1942/2037/1500 1949/2041/1504 1943/2038/1501
f 2252/2039/1502 1949/2041/1504 2253/2042/1505
f 1939/2034/1497 1981/2016/645 1945/2043/1506
f 1939/2034/1497 1946/2044/1507 1940/2035/1498
f 1940/2035/1498 1947/2045/1508 1941/2036/1499
f 1945/2043/1506 1981/2016/645 1951/2046/1509
f 1945/2043/1506 1952/2047/1510 1946/2044/1507
f 1946/2044/1507 1953/2048/1511 1947/2045/1508
f 1947/2045/1508 1954/2049/1512 1948/2040/1503
f 1948/2040/1503 1955/2050/1513 1949/2041/1504
f 1949/2041/1504 2254/2051/1514 2253/2042/1505
f 1951/2046/1509 1958/2052/1515 1952/2047/1510
f 1952/2047/1510 1959/2053/1516 1953/2048/1511
f 1954/2049/1512 1959/2053/1516 1960/2054/1517
f 1955/2050/1513 1960/2054/1517 1961/2055/1518
f 1955/2050/1513 2255/2056/1519 2254/2051/1514
f 1951/2046/1509 1981/2016/645 1957/2057/1520
f 1960/2054/1517 1967/2058/1521 1961/2055/1518
f 1961/2055/1518 2256/2059/1522 2255/2056/1519
f 1957/2057/1520 1981/2016/645 1963/2060/1523
f 1957/2057/1520 1964/2061/1524 1958/2052/1515
f 1958/2052/1515 1965/2062/1525 1959/2053/1516
f 1960/2054/1517 1965/2062/1525 1966/2063/1526
f 1963/2060/1523 1981/2016/645 1969/2064/1527
f 1963/2060/1523 1970/2065/1528 1964/2061/1524
f 1964/2061/1524 1971/2066/1529 1965/2062/1525
f 1966/2063/1526 1971/2066/1529 1972/2067/1530
f 1967/2058/1521 1972/2067/1530 1973/2068/1531
f 1967/2058/1521 2257/2069/1532 2256/2059/1522
f 1970/2065/1528 1977/2070/1533 1971/2066/1529
f 1971/2066/1529 1978/2071/1534 1972/2067/1530
f 1972/2067/1530 1979/2072/1535 1973/2068/1531
f 1973/2068/1531 2258/2073/1536 2257/2069/1532
f 1969/2064/1527 1981/2016/645 1975/2074/1537
f 1969/2064/1527 1976/2075/1538 1970/2065/1528
f 1979/2072/1535 2259/2076/1539 2258/2073/1536
f 1975/2074/1537 1981/2016/645 1982/2077/1540
f 1975/2074/1537 1983/2078/1541 1976/2075/1538
f 1977/2070/1533 1983/2078/1541 1984/2079/1542
f 1977/2070/1533 1985/2080/1543 1978/2071/1534
f 1979/2072/1535 1985/2080/1543 1986/2081/1544
f 1982/2077/1540 1981/2016/645 1988/2082/1545
f 1983/2078/1541 1988/2082/1545 1989/2083/1546
f 1983/2078/1541 1990/2084/1547 1984/2079/1542
f 1984/2079/1542 1991/2085/1548 1985/2080/1543
f 1986/2081/1544 1991/2085/1548 1992/2086/1549
f 1986/2081/1544 2260/2087/1550 2259/2076/1539
f 1991/2085/1548 1996/2088/1551 1997/2089/1552
f 1991/2085/1548 1998/2090/1553 1992/2086/1549
f 1992/2086/1549 2261/2091/1554 2260/2087/1550
f 1988/2082/1545 1981/2016/645 1994/2092/1555
f 1988/2082/1545 1995/2093/1556 1989/2083/1546
f 1989/2083/1546 1996/2088/1551 1990/2084/1547
f 1994/2092/1555 1981/2016/645 2000/2094/1557
f 1994/2092/1555 2001/2095/1558 1995/2093/1556
f 1995/2093/1556 2002/2096/1559 1996/2088/1551
f 1996/2088/1551 2003/2097/1560 1997/2089/1552
f 1998/2090/1553 2003/2097/1560 2004/2098/1561
f 1998/2090/1553 2262/2099/1562 2261/2091/1554
f 2000/2094/1557 2007/2100/1563 2001/2095/1558
f 2001/2095/1558 2008/2101/1564 2002/2096/1559
f 2002/2096/1559 2009/2102/1565 2003/2097/1560
f 2004/2098/1561 2009/2102/1565 2010/2103/1566
f 2262/2099/1562 2010/2103/1566 2263/2104/1567
f 2000/2094/1557 1981/2016/645 2006/2105/1568
f 2009/2102/1565 2016/2106/1569 2010/2103/1566
f 2263/2104/1567 2016/2106/1569 2264/2107/1570
f 2006/2105/1568 1981/2016/645 2012/2108/1571
f 2006/2105/1568 2013/2109/1572 2007/2100/1563
f 2008/2101/1564 2013/2109/1572 2014/2110/1573
f 2008/2101/1564 2015/2111/1574 2009/2102/1565
f 2012/2108/1571 1981/2016/645 2018/2112/1575
f 2012/2108/1571 2019/2113/1576 2013/2109/1572
f 2013/2109/1572 2020/2114/1577 2014/2110/1573
f 2014/2110/1573 2021/2115/1578 2015/2111/1574
f 2016/2106/1569 2021/2115/1578 2022/2116/1579
f 2264/2107/1570 2022/2116/1579 2265/2117/1580
f 2019/2113/1576 2026/2118/1581 2020/2114/1577
f 2020/2114/1577 2027/2119/1582 2021/2115/1578
f 2022/2116/1579 2027/2119/1582 2028/2120/1583
f 2022/2116/1579 2266/2121/1584 2265/2117/1580
f 2018/2112/1575 1981/2016/645 2024/2122/1585
f 2018/2112/1575 2025/2123/1586 2019/2113/1576
f 2028/2120/1583 2267/2124/1587 2266/2121/1584
f 2024/2122/1585 1981/2016/645 2030/2125/1588
f 2024/2122/1585 2031/2126/1589 2025/2123/1586
f 2025/2123/1586 2032/2127/1590 2026/2118/1581
f 2026/2118/1581 2033/2128/1591 2027/2119/1582
f 2028/2120/1583 2033/2128/1591 2034/2129/1592
f 2030/2125/1588 2037/2130/1593 2031/2126/1589
f 2031/2126/1589 2038/2131/1594 2032/2127/1590
f 2032/2127/1590 2039/2132/1595 2033/2128/1591
f 2033/2128/1591 2040/2133/1596 2034/2129/1592
f 2034/2129/1592 2268/2134/1597 2267/2124/1587
f 2030/2125/1588 1981/2016/645 2036/2135/1598
f 2039/2132/1595 2044/2136/1599 2045/2137/1600
f 2040/2133/1596 2045/2137/1600 2046/2138/1601
f 2040/2133/1596 2269/2139/1602 2268/2134/1597
f 2036/2135/1598 1981/2016/645 2042/2140/1603
f 2036/2135/1598 2043/2141/1604 2037/2130/1593
f 2037/2130/1593 2044/2136/1599 2038/2131/1594
f 2042/2140/1603 1981/2016/645 2048/2142/1605
f 2042/2140/1603 2049/2143/1606 2043/2141/1604
f 2043/2141/1604 2050/2144/1607 2044/2136/1599
f 2044/2136/1599 2051/2145/1608 2045/2137/1600
f 2046/2138/1601 2051/2145/1608 2052/2146/1609
f 2046/2138/1601 2270/2147/1610 2269/2139/1602
f 2049/2143/1606 2056/2148/1611 2050/2144/1607
f 2050/2144/1607 2057/2149/1612 2051/2145/1608
f 2052/2146/1609 2057/2149/1612 2058/2150/1613
f 2052/2146/1609 2271/2151/1614 2270/2147/1610
f 2048/2142/1605 1981/2016/645 2054/2152/1615
f 2049/2143/1606 2054/2152/1615 2055/2153/1616
f 2058/2150/1613 2063/2154/1617 2064/2155/1618
f 2058/2150/1613 2272/2156/1619 2271/2151/1614
f 2054/2152/1615 1981/2016/645 2060/2157/1620
f 2054/2152/1615 2061/2158/1621 2055/2153/1616
f 2055/2153/1616 2062/2159/1622 2056/2148/1611
f 2057/2149/1612 2062/2159/1622 2063/2154/1617
f 2060/2157/1620 1981/2016/645 2066/2160/1623
f 2060/2157/1620 2067/2161/1624 2061/2158/1621
f 2061/2158/1621 2068/2162/1625 2062/2159/1622
f 2062/2159/1622 2069/2163/1626 2063/2154/1617
f 2063/2154/1617 2070/2164/1627 2064/2155/1618
f 2064/2155/1618 2273/2165/1628 2272/2156/1619
f 2068/2162/1625 2075/2166/1629 2069/2163/1626
f 2070/2164/1627 2075/2166/1629 2076/2167/1630
f 2070/2164/1627 2274/2168/1631 2273/2165/1628
f 2066/2160/1623 1981/2016/645 2072/2169/1632
f 2066/2160/1623 2073/2170/1633 2067/2161/1624
f 2067/2161/1624 2074/2171/1634 2068/2162/1625
f 2076/2167/1630 2275/2172/1635 2274/2168/1631
f 2072/2169/1632 1981/2016/645 2078/2173/1636
f 2073/2170/1633 2078/2173/1636 2079/2174/1637
f 2073/2170/1633 2080/2175/1638 2074/2171/1634
f 2074/2171/1634 2081/2176/1639 2075/2166/1629
f 2075/2166/1629 2082/2177/1640 2076/2167/1630
f 2078/2173/1636 2085/2178/1641 2079/2174/1637
f 2079/2174/1637 2086/2179/1642 2080/2175/1638
f 2081/2176/1639 2086/2179/1642 2087/2180/1643
f 2082/2177/1640 2087/2180/1643 2088/2181/1644
f 2082/2177/1640 2276/2182/1645 2275/2172/1635
f 2078/2173/1636 1981/2016/645 2084/2183/1646
f 2088/2181/1644 2093/2184/1647 2094/2185/1648
f 2088/2181/1644 2277/2186/1649 2276/2182/1645
f 2084/2183/1646 1981/2016/645 2090/2187/1650
f 2084/2183/1646 2091/2188/1651 2085/2178/1641
f 2085/2178/1641 2092/2189/1652 2086/2179/1642
f 2086/2179/1642 2093/2184/1647 2087/2180/1643
f 2090/2187/1650 1981/2016/645 2096/2190/1653
f 2090/2187/1650 2097/2191/1654 2091/2188/1651
f 2091/2188/1651 2098/2192/1655 2092/2189/1652
f 2092/2189/1652 2099/2193/1656 2093/2184/1647
f 2094/2185/1648 2099/2193/1656 2100/2194/1657
f 2094/2185/1648 2278/2195/1658 2277/2186/1649
f 2097/2191/1654 2104/2196/1659 2098/2192/1655
f 2099/2193/1656 2104/2196/1659 2105/2197/1660
f 2100/2194/1657 2105/2197/1660 2106/2198/1661
f 2100/2194/1657 2279/2199/1662 2278/2195/1658
f 2096/2190/1653 1981/2016/645 2102/2200/1663
f 2096/2190/1653 2103/2201/1664 2097/2191/1654
f 2106/2198/1661 2280/2202/1665 2279/2199/1662
f 2102/2200/1663 1981/2016/645 2108/2203/1666
f 2102/2200/1663 2109/2204/1667 2103/2201/1664
f 2103/2201/1664 2110/2205/1668 2104/2196/1659
f 2104/2196/1659 2111/2206/1669 2105/2197/1660
f 2106/2198/1661 2111/2206/1669 2112/2207/1670
f 2108/2203/1666 1981/2016/645 2114/2208/1671
f 2109/2204/1667 2114/2208/1671 2115/2209/1672
f 2109/2204/1667 2116/2210/1673 2110/2205/1668
f 2111/2206/1669 2116/2210/1673 2117/2211/1674
f 2112/2207/1670 2117/2211/1674 2118/2212/1675
f 2112/2207/1670 2281/2213/1676 2280/2202/1665
f 2117/2211/1674 2122/2214/1677 2123/2215/1678
f 2117/2211/1674 2124/2216/1679 2118/2212/1675
f 2118/2212/1675 2282/2217/1680 2281/2213/1676
f 2114/2208/1671 1981/2016/645 2120/2218/1681
f 2115/2209/1672 2120/2218/1681 2121/2219/1682
f 2116/2210/1673 2121/2219/1682 2122/2214/1677
f 2120/2218/1681 1981/2016/645 2126/2220/1683
f 2120/2218/1681 2127/2221/1684 2121/2219/1682
f 2122/2214/1677 2127/2221/1684 2128/2222/1685
f 2122/2214/1677 2129/2223/1686 2123/2215/1678
f 2124/2216/1679 2129/2223/1686 2130/2224/1687
f 2124/2216/1679 2283/2225/1688 2282/2217/1680
f 2126/2220/1683 1981/2016/645 2132/2226/1689
f 2126/2220/1683 2133/2227/1690 2127/2221/1684
f 2127/2221/1684 2134/2228/1691 2128/2222/1685
f 2129/2223/1686 2134/2228/1691 2135/2229/1692
f 2129/2223/1686 2136/2230/1693 2130/2224/1687
f 2130/2224/1687 2284/2231/1694 2283/2225/1688
f 2135/2229/1692 2140/2232/1695 2141/2233/1696
f 2136/2230/1693 2141/2233/1696 2142/2234/1697
f 2136/2230/1693 2285/2235/1698 2284/2231/1694
f 2132/2226/1689 1981/2016/645 2138/2236/1699
f 2133/2227/1690 2138/2236/1699 2139/2237/1700
f 2134/2228/1691 2139/2237/1700 2140/2232/1695
f 2138/2236/1699 1981/2016/645 2144/2238/1701
f 2138/2236/1699 2145/2239/1702 2139/2237/1700
f 2139/2237/1700 2146/2240/1703 2140/2232/1695
f 2140/2232/1695 2147/2241/1704 2141/2233/1696
f 2142/2234/1697 2147/2241/1704 2148/2242/1705
f 2142/2234/1697 2286/2243/1706 2285/2235/1698
f 2144/2238/1701 2151/2244/1707 2145/2239/1702
f 2145/2239/1702 2152/2245/1708 2146/2240/1703
f 2147/2241/1704 2152/2245/1708 2153/2246/1709
f 2148/2242/1705 2153/2246/1709 2154/2247/1710
f 2148/2242/1705 2287/2248/1711 2286/2243/1706
f 2144/2238/1701 1981/2016/645 2150/2249/1712
f 2153/2246/1709 2160/2250/1713 2154/2247/1710
f 2154/2247/1710 2288/2251/1714 2287/2248/1711
f 2150/2249/1712 1981/2016/645 2156/2252/1715
f 2150/2249/1712 2157/2253/1716 2151/2244/1707
f 2151/2244/1707 2158/2254/1717 2152/2245/1708
f 2152/2245/1708 2159/2255/1718 2153/2246/1709
f 2156/2252/1715 1981/2016/645 2162/2256/1719
f 2157/2253/1716 2162/2256/1719 2163/2257/1720
f 2157/2253/1716 2164/2258/1721 2158/2254/1717
f 2158/2254/1717 2165/2259/1722 2159/2255/1718
f 2160/2250/1713 2165/2259/1722 2166/2260/1723
f 2160/2250/1713 2289/2261/1724 2288/2251/1714
f 2163/2257/1720 2170/2262/1725 2164/2258/1721
f 2165/2259/1722 2170/2262/1725 2171/2263/1726
f 2166/2260/1723 2171/2263/1726 2172/2264/1727
f 2166/2260/1723 2290/2265/1728 2289/2261/1724
f 2162/2256/1719 1981/2016/645 2168/2266/1729
f 2162/2256/1719 2169/2267/1730 2163/2257/1720
f 2172/2264/1727 2291/2268/1731 2290/2265/1728
f 2168/2266/1729 1981/2016/645 2174/2269/1732
f 2168/2266/1729 2175/2270/1733 2169/2267/1730
f 2169/2267/1730 2176/2271/1734 2170/2262/1725
f 2170/2262/1725 2177/2272/1735 2171/2263/1726
f 2172/2264/1727 2177/2272/1735 2178/2273/1736
f 2174/2269/1732 1981/2016/645 2180/2274/1737
f 2174/2269/1732 2181/2275/1738 2175/2270/1733
f 2175/2270/1733 2182/2276/1739 2176/2271/1734
f 2177/2272/1735 2182/2276/1739 2183/2277/1740
f 2178/2273/1736 2183/2277/1740 2184/2278/1741
f 2178/2273/1736 2292/2279/1742 2291/2268/1731
f 2182/2276/1739 2189/2280/1743 2183/2277/1740
f 2183/2277/1740 2190/2281/1744 2184/2278/1741
f 2184/2278/1741 2293/2282/1745 2292/2279/1742
f 2180/2274/1737 1981/2016/645 2186/2283/1746
f 2181/2275/1738 2186/2283/1746 2187/2284/1747
f 2182/2276/1739 2187/2284/1747 2188/2285/1748
f 2186/2283/1746 1981/2016/645 2192/2286/1749
f 2186/2283/1746 2193/2287/1750 2187/2284/1747
f 2187/2284/1747 2194/2288/1751 2188/2285/1748
f 2189/2280/1743 2194/2288/1751 2195/2289/1752
f 2190/2281/1744 2195/2289/1752 2196/2290/1753
f 2190/2281/1744 2294/2291/1754 2293/2282/1745
f 2192/2286/1749 2199/2019/1482 2193/2287/1750
f 2193/2287/1750 2200/2020/1483 2194/2288/1751
f 2195/2289/1752 2200/2020/1483 2201/2022/1485
f 2196/2290/1753 2201/2022/1485 2202/2024/1487
f 2196/2290/1753 2295/2026/1489 2294/2291/1754
f 2192/2286/1749 1981/2016/645 2198/2015/1479
f 1938/2292/1755 2204/2293/1756 1932/2294/1757
f 1944/2295/1758 2205/2296/1759 1938/2292/1755
f 1950/2297/1760 2206/2298/1761 1944/2295/1758
f 1956/2299/1762 2207/2300/1763 1950/2297/1760
f 1962/2301/1764 2208/2302/1765 1956/2299/1762
f 1968/2303/1766 2209/2304/1767 1962/2301/1764
f 1968/2303/1766 2211/2305/1768 2210/2306/1769
f 1974/2307/1770 2212/2308/1771 2211/2305/1768
f 1980/2309/1772 2213/2310/1773 2212/2308/1771
f 1987/2311/1774 2214/2312/1775 2213/2310/1773
f 1999/2313/1776 2214/2312/1775 1993/2314/1777
f 2005/2315/1778 2215/2316/1779 1999/2313/1776
f 2011/2317/1780 2216/2318/1781 2005/2315/1778
f 2017/2319/1782 2217/2320/1783 2011/2317/1780
f 2023/2321/1784 2218/2322/1785 2017/2319/1782
f 2023/2321/1784 2220/2323/1786 2219/2324/1787
f 2029/2325/1788 2221/2326/1789 2220/2323/1786
f 2035/2327/1790 2222/2328/1791 2221/2326/1789
f 2041/2329/1792 2223/2330/1793 2222/2328/1791
f 2047/2331/1794 2224/2332/1795 2223/2330/1793
f 2053/2333/1796 2225/2334/1797 2224/2332/1795
f 2059/2335/1798 2226/2336/1799 2225/2334/1797
f 2071/2337/1800 2226/2336/1799 2065/2338/1801
f 2077/2339/1802 2227/2340/1803 2071/2337/1800
f 2083/2341/1804 2228/2342/1805 2077/2339/1802
f 2089/2343/1806 2229/2344/1807 2083/2341/1804
f 2095/2345/1808 2230/2346/1809 2089/2343/1806
f 2101/2347/1810 2231/2348/1811 2095/2345/1808
f 2107/2349/1812 2232/2350/1813 2101/2347/1810
f 2107/2349/1812 2234/2351/1814 2233/2352/1815
f 2113/2353/1816 2235/2354/1817 2234/2355/1814
f 2119/2356/1818 2236/2357/1819 2235/2354/1817
f 2125/2358/1820 2237/2359/1821 2236/2357/1819
f 2137/2360/1822 2237/2359/1821 2131/2361/1823
f 2143/2362/1824 2238/2363/1825 2137/2360/1822
f 2149/2364/1826 2239/2365/1827 2143/2362/1824
f 2155/2366/1828 2240/2367/1829 2149/2364/1826
f 2161/2368/1830 2241/2369/1831 2155/2366/1828
f 2161/2368/1830 2243/2370/1832 2242/2371/1833
f 2167/2372/1834 2244/2373/1835 2243/2370/1832
f 2173/2374/1836 2245/2375/1837 2244/2373/1835
f 2179/2376/1838 2246/2377/1839 2245/2375/1837
f 2185/2378/1840 2247/2379/1841 2246/2377/1839
f 2191/2380/1842 2248/2381/1843 2247/2379/1841
f 2197/2382/1844 2249/2383/1845 2248/2381/1843
f 1932/2294/1757 2249/2383/1845 2203/2384/1846
f 2294/2291/1754 2203/2385/1846 2197/2386/1844
f 2293/2282/1745 2197/2386/1844 2191/2387/1842
f 2292/2279/1742 2191/2387/1842 2185/2388/1840
f 2291/2268/1731 2185/2388/1840 2179/2389/1838
f 2290/2265/1728 2179/2389/1838 2173/2390/1836
f 2289/2261/1724 2173/2390/1836 2167/2391/1834
f 2161/2392/1830 2289/2261/1724 2167/2391/1834
f 2287/2248/1711 2161/2392/1830 2155/2393/1828
f 2286/2243/1706 2155/2393/1828 2149/2394/1826
f 2285/2235/1698 2149/2394/1826 2143/2395/1824
f 2284/2231/1694 2143/2395/1824 2137/2396/1822
f 2283/2225/1688 2137/2396/1822 2131/2397/1823
f 2282/2217/1680 2131/2397/1823 2125/2398/1820
f 2281/2213/1676 2125/2398/1820 2119/2399/1818
f 2280/2202/1665 2119/2399/1818 2113/2400/1816
f 2107/2401/1812 2280/2202/1665 2113/2400/1816
f 2278/2195/1658 2107/2401/1812 2101/2402/1810
f 2277/2186/1649 2101/2402/1810 2095/2403/1808
f 2276/2182/1645 2095/2403/1808 2089/2404/1806
f 2275/2172/1635 2089/2404/1806 2083/2405/1804
f 2077/2406/1802 2275/2172/1635 2083/2405/1804
f 2273/2165/1628 2077/2406/1802 2071/2407/1800
f 2272/2156/1619 2071/2407/1800 2065/2408/1801
f 2271/2151/1614 2065/2408/1801 2059/2409/1798
f 2270/2147/1610 2059/2409/1798 2053/2410/1796
f 2269/2139/1602 2053/2410/1796 2047/2411/1794
f 2268/2134/1597 2047/2411/1794 2041/2412/1792
f 2267/2124/1587 2041/2412/1792 2035/2413/1790
f 2266/2121/1584 2035/2413/1790 2029/2414/1788
f 2265/2117/1580 2029/2414/1788 2023/2415/1784
f 2264/2107/1570 2023/2415/1784 2017/2416/1782
f 2263/2104/1567 2017/2416/1782 2011/2417/1780
f 2262/2099/1562 2011/2417/1780 2005/2418/1778
f 1999/2419/1776 2262/2099/1562 2005/2418/1778
f 2260/2087/1550 1999/2419/1776 1993/2420/1777
f 2259/2076/1539 1993/2420/1777 1987/2421/1774
f 2258/2073/1536 1987/2421/1774 1980/2422/1772
f 2257/2069/1532 1980/2422/1772 1974/2423/1770
f 2256/2059/1522 1974/2423/1770 1968/2424/1766
f 2255/2056/1519 1968/2424/1766 1962/2425/1764
f 2254/2051/1514 1962/2425/1764 1956/2426/1762
f 2253/2042/1505 1956/2426/1762 1950/2427/1760
f 2252/2039/1502 1950/2427/1760 1944/2428/1758
f 2251/2028/1491 1944/2428/1758 1938/2429/1755
f 2250/2027/1490 1938/2429/1755 1932/2430/1757
f 2295/2026/1489 1932/2430/1757 2203/2385/1846
f 2248/2381/1843 2341/2431/1847 2340/2432/1848
f 2247/2379/1841 2340/2432/1848 2339/2433/1849
f 2246/2377/1839 2339/2433/1849 2338/2434/1850
f 2246/2377/1839 2337/2435/1851 2245/2375/1837
f 2245/2375/1837 2336/2436/1852 2244/2373/1835
f 2243/2370/1832 2336/2436/1852 2335/2437/1853
f 2242/2371/1833 2335/2437/1853 2334/2438/1854
f 2242/2371/1833 2333/2439/1855 2241/2369/1831
f 2241/2369/1831 2332/2440/1856 2240/2367/1829
f 2240/2367/1829 2331/2441/1857 2239/2365/1827
f 2239/2365/1827 2330/2442/1858 2238/2363/1825
f 2238/2363/1825 2329/2443/1859 2237/2359/1821
f 2237/2359/1821 2328/2444/1860 2236/2357/1819
f 2236/2357/1819 2327/2445/1861 2235/2354/1817
f 2235/2354/1817 2326/2446/1862 2234/2355/1814
f 2234/2351/1814 2325/2447/1863 2233/2352/1815
f 2233/2352/1815 2324/2448/1864 2232/2350/1813
f 2231/2348/1811 2324/2448/1864 2323/2449/1865
f 2231/2348/1811 2322/2450/1866 2230/2346/1809
f 2230/2346/1809 2321/2451/1867 2229/2344/1807
f 2228/2342/1805 2321/2451/1867 2320/2452/1868
f 2227/2340/1803 2320/2452/1868 2319/2453/1869
f 2227/2340/1803 2318/2454/1870 2226/2336/1799
f 2226/2336/1799 2317/2455/1871 2225/2334/1797
f 2225/2334/1797 2316/2456/1872 2224/2332/1795
f 2224/2332/1795 2315/2457/1873 2223/2330/1793
f 2223/2330/1793 2314/2458/1874 2222/2328/1791
f 2222/2328/1791 2313/2459/1875 2221/2326/1789
f 2221/2326/1789 2312/2460/1876 2220/2323/1786
f 2219/2324/1787 2312/2460/1876 2311/2461/1877
f 2219/2324/1787 2310/2462/1878 2218/2322/1785
f 2218/2322/1785 2309/2463/1879 2217/2320/1783
f 2217/2320/1783 2308/2464/1880 2216/2318/1781
f 2216/2318/1781 2307/2465/1881 2215/2316/1779
f 2215/2316/1779 2306/2466/1882 2214/2312/1775
f 2214/2312/1775 2305/2467/1883 2213/2310/1773
f 2213/2310/1773 2304/2468/1884 2212/2308/1771
f 2212/2308/1771 2303/2469/1885 2211/2305/1768
f 2211/2305/1768 2302/2470/1886 2210/2306/1769
f 2210/2306/1769 2301/2471/1887 2209/2304/1767
f 2209/2304/1767 2300/2472/1888 2208/2302/1765
f 2208/2302/1765 2299/2473/1889 2207/2300/1763
f 2207/2300/1763 2298/2474/1890 2206/2298/1761
f 2205/2296/1759 2298/2474/1890 2297/2475/1891
f 2204/2293/1756 2297/2475/1891 2296/2476/1892
f 2204/2293/1756 2341/2431/1847 2249/2383/1845
f 2342/2477/1427 2401/2478/1893 2364/2479/1894
f 2368/2480/1895 2365/2481/1896 2359/2482/1897
f 2369/2483/1898 2359/2482/1897 2357/2484/1899
f 2370/2485/1900 2357/2484/1899 2355/2486/1901
f 2371/2487/1902 2355/2486/1901 2353/2488/1903
f 2351/2489/1904 2371/2487/1902 2353/2488/1903
f 2349/2490/1905 2372/2491/1906 2351/2489/1904
f 2374/2492/1907 2349/2490/1905 2347/2493/1908
f 2345/2494/1909 2374/2492/1907 2347/2493/1908
f 2376/2495/1910 2345/2494/1909 2343/2496/1911
f 2350/2497/1448 2385/2498/1912 2348/2499/1332
f 2377/2500/1913 2343/2496/1911 2361/2501/1914
f 2363/2502/1915 2377/2500/1913 2361/2501/1914
f 2370/2485/1900 2374/2492/1907 2367/2503/1916
f 2365/2481/1896 2379/2504/1917 2380/2505/1918
f 2348/2499/1332 2383/2506/1919 2346/2507/1330
f 2364/2479/1894 2399/2508/1920 2362/2509/1473
f 2362/2509/1473 2397/2510/1921 2360/2511/1922
f 2360/2511/1922 2395/2512/1923 2358/2513/1340
f 2358/2514/1340 2393/2515/1924 2356/2516/1319
f 2356/2516/1319 2391/2517/1925 2354/2518/1423
f 2354/2518/1423 2389/2519/1926 2352/2520/1927
f 2352/2520/1927 2387/2521/1928 2350/2497/1448
f 2346/2507/1330 2381/2522/1929 2344/2523/1350
f 2344/2523/1350 2378/2524/1930 2342/2477/1427
f 2380/2505/1918 2378/2525/1930 2381/2526/1929
f 2383/2527/1919 2380/2505/1918 2381/2526/1929
f 2384/2528/1931 2383/2527/1919 2385/2529/1912
f 2386/2530/1932 2385/2529/1912 2387/2531/1928
f 2388/2532/1933 2387/2531/1928 2389/2533/1926
f 2390/2534/1934 2389/2533/1926 2391/2535/1925
f 2392/2536/1935 2391/2535/1925 2393/2537/1924
f 2394/2538/1936 2393/2537/1924 2395/2539/1923
f 2396/2540/1937 2395/2539/1923 2397/2541/1921
f 2398/2542/1938 2397/2541/1921 2399/2543/1920
f 2400/2544/1939 2399/2543/1920 2401/2545/1893
f 2379/2504/1917 2401/2545/1893 2378/2525/1930
f 2366/2546/1940 2363/2502/1915 2365/2481/1896
f 2379/2504/1917 2361/2501/1914 2400/2544/1939
f 2361/2501/1914 2398/2542/1938 2400/2544/1939
f 2343/2496/1911 2396/2540/1937 2398/2542/1938
f 2345/2494/1909 2394/2538/1936 2396/2540/1937
f 2394/2538/1936 2349/2490/1905 2392/2536/1935
f 2349/2490/1905 2390/2534/1934 2392/2536/1935
f 2390/2534/1934 2353/2488/1903 2388/2532/1933
f 2388/2532/1933 2355/2486/1901 2386/2530/1932
f 2386/2530/1932 2357/2484/1899 2384/2528/1931
f 2357/2484/1899 2382/2547/1941 2384/2528/1931
f 2382/2547/1941 2365/2481/1896 2380/2505/1918
f 2403/2548/1942 2457/2549/1943 2456/2550/1944
f 2405/2551/1945 2458/2552/1946 2457/2549/1943
f 2407/2553/1947 2459/2554/1948 2458/2552/1946
f 2409/2555/1949 2460/2556/1950 2459/2554/1948
f 2411/2557/1951 2461/2558/1952 2460/2556/1950
f 2413/2559/1953 2462/2560/1954 2461/2558/1952
f 2415/2561/1955 2463/2562/1956 2462/2560/1954
f 2417/2563/1957 2464/2564/1958 2463/2562/1956
f 2419/2565/1959 2465/2566/1960 2464/2564/1958
f 2421/2567/1961 2466/2568/1962 2465/2566/1960
f 2423/2569/1963 2467/2570/1964 2466/2568/1962
f 2425/2571/1965 2468/2572/1966 2467/2570/1964
f 2427/2573/1967 2469/2574/1968 2468/2572/1966
f 2429/2575/1969 2470/2576/1970 2469/2574/1968
f 2431/2577/1971 2471/2578/1972 2470/2576/1970
f 2471/2578/1972 2435/2579/1973 2472/2580/1974
f 2553/2581/1975 2424/2582/1976 2561/2583/1977
f 2435/2579/1973 2473/2584/1978 2472/2580/1974
f 2437/2585/1979 2456/2586/1944 2473/2584/1978
f 2477/2587/1980 2440/2588/1981 2441/2589/1982
f 2566/2590/1983 2586/2591/1984 2568/2592/1985
f 2474/2593/1986 2455/2594/1987 2438/2595/1988
f 2490/2596/1989 2455/2594/1987 2491/2597/1990
f 2489/2598/1991 2454/2599/1992 2490/2596/1989
f 2488/2600/1993 2453/2601/1994 2489/2598/1991
f 2487/2602/1995 2452/2603/1996 2488/2600/1993
f 2486/2604/1997 2451/2605/1998 2487/2602/1995
f 2485/2606/1999 2450/2607/2000 2486/2604/1997
f 2485/2606/1999 2448/2608/2001 2449/2609/2002
f 2483/2610/2003 2448/2608/2001 2484/2611/2004
f 2482/2612/2005 2447/2613/2006 2483/2610/2003
f 2481/2614/2007 2446/2615/2008 2482/2612/2005
f 2480/2616/2009 2445/2617/2010 2481/2614/2007
f 2480/2616/2009 2443/2618/2011 2444/2619/2012
f 2478/2620/2013 2443/2618/2011 2479/2621/2014
f 2478/2620/2013 2441/2589/1982 2442/2622/2015
f 2487/2602/1995 2944/2623/1167 2486/2604/1997
f 2473/2624/1978 2438/2595/1988 2455/2594/1987
f 2472/2625/1974 2455/2594/1987 2454/2599/1992
f 2471/2626/1972 2454/2599/1992 2453/2601/1994
f 2470/2627/1970 2453/2601/1994 2452/2603/1996
f 2469/2628/1968 2452/2603/1996 2451/2605/1998
f 2468/2629/1966 2451/2605/1998 2450/2607/2000
f 2449/2609/2002 2468/2629/1966 2450/2607/2000
f 2466/2630/1962 2449/2609/2002 2448/2608/2001
f 2465/2631/1960 2448/2608/2001 2447/2613/2006
f 2446/2615/2008 2465/2631/1960 2447/2613/2006
f 2445/2617/2010 2464/2632/1958 2446/2615/2008
f 2444/2619/2012 2463/2633/1956 2445/2617/2010
f 2443/2618/2011 2462/2634/1954 2444/2619/2012
f 2442/2622/2015 2461/2635/1952 2443/2618/2011
f 2441/2589/1982 2460/2636/1950 2442/2622/2015
f 2440/2588/1981 2459/2637/1948 2441/2589/1982
f 2439/2638/2016 2458/2639/1946 2440/2588/1981
f 2456/2640/1944 2439/2638/2016 2438/2595/1988
f 2475/2641/2017 2440/2588/1981 2476/2642/2018
f 2560/2643/2019 2416/2644/2020 2414/2645/2021
f 2559/2646/2022 2406/2647/2023 2404/2648/2024
f 2558/2649/2025 2430/2650/2026 2428/2651/2027
f 2549/2652/2028 2418/2653/2029 2557/2654/2030
f 2548/2655/2031 2408/2656/2032 2556/2657/2033
f 2555/2658/2034 2436/2659/2035 2432/2660/2036
f 2561/2583/1977 2422/2661/2037 2554/2662/2038
f 2563/2663/2039 2414/2645/2021 2412/2664/2040
f 2562/2665/2041 2404/2648/2024 2402/2666/2042
f 2558/2649/2025 2426/2667/2043 2553/2581/1975
f 2557/2654/2030 2416/2644/2020 2552/2668/2044
f 2556/2657/2033 2406/2647/2023 2551/2669/2045
f 2555/2658/2034 2430/2650/2026 2550/2670/2046
f 2554/2662/2038 2420/2671/2047 2549/2652/2028
f 2546/2672/2048 2436/2659/2035 2547/2673/2049
f 2563/2663/2039 2410/2674/2050 2548/2655/2031
f 2562/2665/2041 2434/2675/2051 2546/2672/2048
f 2437/2676/2052 2492/2677/2053 2403/2678/2054
f 2427/2679/2055 2497/2680/2056 2429/2681/2057
f 2405/2682/2058 2492/2677/2053 2495/2683/2059
f 2417/2684/2060 2499/2685/2061 2419/2686/2062
f 2407/2687/2063 2501/2688/2064 2409/2689/2065
f 2433/2690/2066 2496/2691/2067 2503/2692/2068
f 2421/2693/2069 2505/2694/2070 2423/2695/2071
f 2411/2696/2072 2507/2697/2073 2413/2698/2074
f 2435/2699/2075 2508/2700/2076 2437/2676/2052
f 2425/2701/2077 2509/2702/2078 2427/2679/2055
f 2417/2684/2060 2506/2703/2079 2493/2704/2080
f 2405/2682/2058 2494/2705/2081 2407/2687/2063
f 2431/2706/2082 2497/2680/2056 2496/2691/2067
f 2419/2686/2062 2498/2707/2083 2421/2693/2069
f 2411/2696/2072 2501/2688/2064 2500/2708/2084
f 2433/2690/2066 2502/2709/2085 2435/2699/2075
f 2425/2701/2077 2505/2694/2070 2504/2710/2086
f 2413/2698/2074 2506/2703/2079 2415/2711/2087
f 2508/2700/2076 2510/2712/2088 2492/2677/2053
f 2509/2702/2078 2512/2713/2089 2497/2680/2056
f 2492/2677/2053 2511/2714/2090 2495/2683/2059
f 2493/2704/2080 2513/2715/2091 2499/2685/2061
f 2494/2705/2081 2514/2716/2092 2501/2688/2064
f 2496/2691/2067 2515/2717/2093 2503/2692/2068
f 2498/2707/2083 2516/2718/2094 2505/2694/2070
f 2500/2708/2084 2517/2719/2095 2507/2697/2073
f 2502/2709/2085 2526/2720/2096 2508/2700/2076
f 2504/2710/2086 2527/2721/2097 2509/2702/2078
f 2506/2703/2079 2518/2722/2098 2493/2704/2080
f 2495/2683/2059 2519/2723/2099 2494/2705/2081
f 2497/2680/2056 2520/2724/2100 2496/2691/2067
f 2499/2685/2061 2521/2725/2101 2498/2707/2083
f 2501/2688/2064 2522/2726/2102 2500/2708/2084
f 2503/2692/2068 2523/2727/2103 2502/2709/2085
f 2505/2694/2070 2524/2728/2104 2504/2710/2086
f 2507/2697/2073 2525/2729/2105 2506/2703/2079
f 2526/2720/2096 2528/2730/2106 2510/2712/2088
f 2527/2721/2097 2530/2731/2107 2512/2713/2089
f 2511/2714/2090 2528/2730/2106 2529/2732/2108
f 2518/2722/2098 2531/2733/2109 2513/2715/2091
f 2519/2723/2099 2532/2734/2110 2514/2716/2092
f 2515/2717/2093 2538/2735/2111 2533/2736/2112
f 2521/2725/2101 2534/2737/2113 2516/2718/2094
f 2522/2726/2102 2535/2738/2114 2517/2719/2095
f 2526/2720/2096 2541/2739/2115 2544/2740/2116
f 2527/2721/2097 2542/2741/2117 2545/2742/2118
f 2525/2729/2105 2536/2743/2119 2518/2722/2098
f 2511/2714/2090 2537/2744/2120 2519/2723/2099
f 2520/2724/2100 2530/2731/2107 2538/2735/2111
f 2521/2725/2101 2531/2733/2109 2539/2745/2121
f 2522/2726/2102 2532/2734/2110 2540/2746/2122
f 2515/2717/2093 2541/2739/2115 2523/2727/2103
f 2524/2728/2104 2534/2737/2113 2542/2741/2117
f 2517/2719/2095 2543/2747/2123 2525/2729/2105
f 2544/2740/2116 2546/2672/2048 2528/2730/2106
f 2545/2742/2118 2548/2655/2031 2530/2731/2107
f 2528/2730/2106 2547/2673/2049 2529/2732/2108
f 2531/2733/2109 2554/2662/2038 2549/2652/2028
f 2537/2744/2120 2550/2670/2046 2532/2734/2110
f 2533/2736/2112 2556/2657/2033 2551/2669/2045
f 2539/2745/2121 2552/2668/2044 2534/2737/2113
f 2540/2746/2122 2553/2581/1975 2535/2738/2114
f 2541/2739/2115 2562/2665/2041 2544/2740/2116
f 2542/2741/2117 2563/2663/2039 2545/2742/2118
f 2536/2743/2119 2561/2583/1977 2554/2662/2038
f 2537/2744/2120 2547/2673/2049 2555/2658/2034
f 2530/2731/2107 2556/2657/2033 2538/2735/2111
f 2531/2733/2109 2557/2654/2030 2539/2745/2121
f 2540/2746/2122 2550/2670/2046 2558/2649/2025
f 2533/2736/2112 2559/2646/2022 2541/2739/2115
f 2534/2737/2113 2560/2643/2019 2542/2741/2117
f 2535/2738/2114 2561/2583/1977 2543/2747/2123
f 2578/2748/2124 2596/2749/2125 2579/2750/2126
f 2592/2751/2127 2573/2752/2128 2571/2753/2129
f 2583/2754/2130 2580/2755/2131 2575/2756/2132
f 2593/2757/2133 2571/2753/2129 2569/2758/2134
f 2564/2759/2135 2587/2760/2136 2566/2590/1983
f 2574/2761/2137 2597/2762/2138 2578/2748/2124
f 2589/2763/2139 2564/2759/2135 2577/2764/2140
f 2598/2765/2141 2574/2761/2137 2581/2766/2142
f 2584/2767/2143 2575/2756/2132 2572/2768/2144
f 2594/2769/2145 2569/2758/2134 2567/2770/2146
f 2585/2771/2147 2572/2768/2144 2570/2772/2148
f 2565/2773/2149 2594/2769/2145 2567/2770/2146
f 2590/2774/2150 2577/2764/2140 2576/2775/2151
f 2580/2755/2131 2434/2776/2051 2402/2777/2042
f 2591/2778/2152 2576/2775/2151 2573/2752/2128
f 2568/2592/1985 2585/2771/2147 2570/2772/2148
f 2596/2749/2125 2565/2773/2149 2579/2750/2126
f 2573/2752/2128 2418/2779/2029 2420/2780/2047
f 2577/2764/2140 2414/2781/2021 2416/2782/2020
f 2566/2590/1983 2410/2783/2050 2412/2784/2040
f 2410/2783/2050 2570/2772/2148 2408/2785/2032
f 2581/2766/2142 2436/2786/2035 2434/2787/2051
f 2578/2748/2124 2430/2788/2026 2432/2789/2036
f 2430/2788/2026 2565/2773/2149 2428/2790/2027
f 2572/2768/2144 2404/2791/2024 2406/2792/2023
f 2422/2793/2037 2573/2752/2128 2420/2780/2047
f 2426/2794/2043 2569/2758/2134 2424/2795/1976
f 2575/2756/2132 2402/2777/2042 2404/2791/2024
f 2570/2772/2148 2406/2792/2023 2408/2785/2032
f 2424/2795/1976 2571/2753/2129 2422/2793/2037
f 2565/2773/2149 2426/2794/2043 2428/2790/2027
f 2564/2759/2135 2412/2784/2040 2414/2781/2021
f 2576/2775/2151 2416/2782/2020 2418/2779/2029
f 2574/2761/2137 2432/2789/2036 2436/2786/2035
f 2583/2754/2130 2600/2796/1433 2582/2797/2153
f 2599/2798/2154 2615/2799/1419 2597/2762/2138
f 2591/2778/2152 2608/2800/1348 2590/2774/2150
f 2584/2767/2143 2601/2801/1467 2583/2754/2130
f 2598/2765/2141 2617/2802/1430 2599/2798/2154
f 2592/2751/2127 2609/2803/1429 2591/2778/2152
f 2585/2771/2147 2602/2804/1448 2584/2767/2143
f 2593/2757/2133 2610/2805/1475 2592/2751/2127
f 2586/2591/1984 2603/2806/1428 2585/2771/2147
f 2594/2769/2145 2611/2807/1343 2593/2757/2133
f 2587/2760/2136 2604/2808/1422 2586/2591/1984
f 2595/2809/2155 2612/2810/1470 2594/2769/2145
f 2588/2811/2156 2605/2812/1457 2587/2760/2136
f 2596/2749/2125 2613/2813/2157 2595/2809/2155
f 2589/2763/2139 2606/2814/1425 2588/2811/2156
f 2582/2797/2153 2616/2815/1317 2598/2816/2141
f 2597/2762/2138 2614/2817/1418 2596/2749/2125
f 2590/2774/2150 2607/2818/1435 2589/2763/2139
f 2580/2755/2131 2598/2816/2141 2581/2819/2142
f 2474/2593/1986 2439/2638/2016 2475/2641/2017
f 2613/2820/645 2614/2821/645 2618/2822/645
f 2606/2823/645 2607/2824/645 2618/2822/645
f 2616/2825/645 2600/2826/645 2618/2822/645
f 2614/2821/645 2615/2827/645 2618/2822/645
f 2607/2824/645 2608/2828/645 2618/2822/645
f 2600/2826/645 2601/2829/645 2618/2822/645
f 2615/2827/645 2617/2830/645 2618/2822/645
f 2608/2828/645 2609/2831/645 2618/2822/645
f 2601/2829/645 2602/2832/645 2618/2822/645
f 2617/2830/645 2616/2825/645 2618/2822/645
f 2609/2831/645 2610/2833/645 2618/2822/645
f 2602/2832/645 2603/2834/645 2618/2822/645
f 2610/2833/645 2611/2835/645 2618/2822/645
f 2603/2834/645 2604/2836/645 2618/2822/645
f 2611/2835/645 2612/2837/645 2618/2822/645
f 2604/2836/645 2605/2838/645 2618/2822/645
f 2612/2837/645 2613/2820/645 2618/2822/645
f 2605/2838/645 2606/2823/645 2618/2822/645
f 100/1737/1397 2619/1758/645 99/1735/1395
f 93/1720/1380 2619/1758/645 92/1721/1381
f 101/1739/1399 2619/1758/645 100/1737/1397
f 94/1725/1385 2619/1758/645 93/1720/1380
f 87/1744/1404 2619/1758/645 86/1745/1405
f 102/1741/1401 2619/1758/645 101/1739/1399
f 95/1724/1384 2619/1758/645 94/1725/1385
f 88/1713/1373 2619/1758/645 87/1744/1404
f 103/1740/1400 2619/1758/645 102/1741/1401
f 96/1729/1389 2619/1758/645 95/1724/1384
f 89/1712/1372 2619/1758/645 88/1713/1373
f 86/1745/1405 2619/1758/645 103/1740/1400
f 97/1731/1391 2619/1758/645 96/1729/1389
f 90/1715/1375 2619/1758/645 89/1712/1372
f 98/1733/1393 2619/1758/645 97/1731/1391
f 91/1717/1377 2619/1758/645 90/1715/1375
f 99/1735/1395 2619/1758/645 98/1733/1393
f 2646/2839/2158 2628/2840/2159 2630/2841/2160
f 2649/2842/2161 2635/2843/2162 2633/2844/2163
f 2623/2845/2164 2641/2846/2165 2625/2847/2166
f 2634/2848/2167 2648/2849/2168 2632/2850/2169
f 2640/2851/2170 2622/2852/2171 2624/2853/2172
f 2655/2854/2173 2629/2855/2174 2653/2856/2175
f 2635/2857/2162 2632/2858/2169 2633/2859/2163
f 2652/2860/2176 2642/2861/2177 2626/2862/2178
f 2631/2863/2179 2649/2842/2161 2633/2844/2163
f 2620/2864/2180 2635/2857/2162 2621/2865/2181
f 2636/2866/2182 2638/2867/2183 2639/2868/2184
f 2641/2869/2165 2666/2870/2185 2640/2871/2170
f 2642/2872/2177 2641/2869/2165 2640/2871/2170
f 2654/2873/2186 2645/2874/2187 2655/2875/2173
f 2644/2876/2188 2647/2877/2189 2645/2874/2187
f 2646/2878/2158 2649/2879/2161 2647/2877/2189
f 2648/2880/2168 2651/2881/2190 2649/2879/2161
f 2636/2866/2182 2651/2881/2190 2650/2882/2191
f 2629/2855/2174 2647/2883/2189 2631/2863/2179
f 2626/2862/2178 2640/2851/2170 2624/2853/2172
f 2620/2884/2180 2650/2885/2191 2634/2848/2167
f 2637/2886/2192 2620/2884/2180 2622/2852/2171
f 2641/2846/2165 2627/2887/2193 2625/2847/2166
f 2651/2888/2190 2621/2889/2181 2635/2843/2162
f 2621/2889/2181 2638/2890/2183 2623/2845/2164
f 2648/2849/2168 2630/2841/2160 2632/2850/2169
f 2628/2840/2159 2654/2891/2186 2652/2860/2176
f 2643/2892/2194 2653/2856/2175 2627/2887/2193
f 2656/2893/2195 2655/2854/2173 2643/2892/2194
f 2655/2894/2173 2662/2895/2196 2654/2896/2186
f 2654/2891/2186 2659/2897/2197 2642/2861/2177
f 2663/2898/2198 2657/2899/2199 2658/2900/2200
f 2660/2901/2201 2656/2893/2195 2657/2899/2199
f 2659/2897/2197 2663/2898/2198 2658/2900/2200
f 2642/2872/2177 2656/2902/2195 2643/2903/2194
f 2633/2859/2163 2630/2904/2160 2631/2905/2179
f 2631/2905/2179 2628/2906/2159 2629/2907/2174
f 2628/2908/2159 2653/2909/2175 2629/2910/2174
f 2653/2909/2175 2626/2911/2178 2627/2912/2193
f 2626/2911/2178 2625/2913/2166 2627/2912/2193
f 2625/2913/2166 2622/2914/2171 2623/2915/2164
f 2623/2915/2164 2620/2864/2180 2621/2865/2181
f 2665/2916/2202 2667/2917/2203 2664/2918/2204
f 2666/2919/2185 2637/2886/2192 2640/2851/2170
f 2638/2890/2183 2667/2920/2203 2641/2846/2165
f 2637/2921/2192 2664/2918/2204 2638/2867/2183
f 2669/2922/2205 2670/2923/2206 2668/2924/2205
f 2670/2923/2206 2673/2925/2207 2672/2926/2207
f 2673/2925/2207 2674/2927/2208 2672/2926/2207
f 2674/2927/2208 2677/2928/2209 2676/2929/2209
f 2676/2929/2209 2679/2930/2210 2678/2931/2210
f 2679/2930/2210 2680/2932/2211 2678/2931/2210
f 2681/2933/2211 2682/2934/2212 2680/2932/2211
f 2682/2935/2212 2669/2922/2205 2668/2924/2205
f 2695/2936/2213 2696/2937/2214 2707/2938/2215
f 2687/2939/2216 2700/2940/2217 2699/2941/2218
f 2687/2939/2216 2698/2942/2219 2686/2943/2220
f 2694/2944/2221 2707/2938/2215 2706/2945/2222
f 2694/2946/2221 2705/2947/2223 2693/2948/2224
f 2692/2949/2225 2705/2947/2223 2704/2950/2226
f 2692/2949/2225 2703/2951/2227 2691/2952/2228
f 2690/2953/2229 2703/2951/2227 2702/2954/2230
f 2689/2955/2231 2702/2954/2230 2701/2956/2232
f 2689/2955/2231 2700/2940/2217 2688/2957/2233
f 2686/2943/2220 2697/2958/2234 2685/2959/2235
f 2685/2959/2235 2696/2937/2214 2684/2960/2236
f 2687/2961/2216 2940/2962/2237 2688/2963/2233
f 2690/2964/2229 2940/2962/2237 2691/2965/2228
f 2719/2966/2238 2720/2967/2239 2731/2968/2240
f 2711/2969/2241 2724/2970/2217 2723/2971/2242
f 2710/2972/2243 2723/2971/2242 2722/2973/2244
f 2718/2974/2245 2731/2968/2240 2730/2975/2246
f 2718/2976/2245 2729/2977/2247 2717/2978/2248
f 2717/2978/2248 2728/2979/2249 2716/2980/2250
f 2715/2981/2251 2728/2979/2249 2727/2982/2252
f 2715/2981/2251 2726/2983/2253 2714/2984/2254
f 2714/2984/2254 2725/2985/2255 2713/2986/2256
f 2713/2986/2256 2724/2970/2217 2712/2987/2257
f 2709/2988/2258 2722/2973/2244 2721/2989/2259
f 2709/2988/2258 2720/2967/2239 2708/2990/2260
f 2730/2991/2246 2942/2992/2261 2729/2993/2247
f 2723/2994/2242 2942/2992/2261 2722/2995/2244
f 2735/2996/2262 2879/2997/2263 2878/2998/2264
f 2832/2999/2265 2811/3000/2266 2808/3001/2267
f 2836/3002/2268 2814/3003/2269 2811/3000/2266
f 2840/3004/2270 2817/3005/2271 2814/3003/2269
f 2844/3006/2272 2820/3007/2273 2817/3008/2271
f 2820/3007/2273 2852/3009/2274 2823/3010/2275
f 2823/3010/2275 2856/3011/2276 2826/3012/2277
f 2804/3013/2278 2832/2999/2265 2808/3001/2267
f 2802/3014/2279 2749/3015/2280 2780/3016/2281
f 2777/3017/2282 2805/3018/2283 2748/3019/2284
f 2880/3020/2285 2741/3021/2286 2881/3022/2287
f 2748/3019/2284 2807/3023/2288 2753/3024/2289
f 2799/3025/2290 2776/3026/2291 2802/3014/2279
f 2773/3027/2292 2825/3028/2293 2777/3017/2282
f 2796/3029/2294 2772/3030/2295 2799/3025/2290
f 2875/3031/2296 2801/3032/2297 2869/3033/2298
f 2769/3034/2299 2822/3035/2300 2773/3027/2292
f 2764/3036/2301 2796/3029/2294 2793/3037/2302
f 2874/3038/2303 2798/3039/2304 2875/3031/2296
f 2816/3040/2305 2769/3034/2299 2765/3041/2306
f 2760/3042/2307 2793/3043/2302 2790/3044/2308
f 2883/3045/2309 2747/3046/2310 2876/3047/2311
f 2873/3048/2312 2795/3049/2313 2874/3038/2303
f 2813/3050/2314 2765/3051/2306 2761/3052/2315
f 2756/3053/2316 2790/3044/2308 2787/3054/2317
f 2882/3055/2318 2745/3056/2319 2883/3045/2309
f 2872/3057/2320 2792/3058/2321 2873/3059/2312
f 2810/3060/2322 2761/3052/2315 2757/3061/2323
f 2784/3062/2324 2756/3053/2316 2787/3054/2317
f 2881/3063/2287 2743/3064/2325 2882/3055/2318
f 2786/3065/2326 2872/3057/2320 2871/3066/2327
f 2807/3023/2288 2757/3061/2323 2753/3024/2289
f 2780/3016/2281 2752/3067/2328 2784/3062/2324
f 2783/3068/2329 2871/3066/2327 2870/3069/2330
f 2737/3070/2331 2880/3020/2285 2879/2997/2263
f 2733/3071/2332 2878/2998/2264 2877/3072/2333
f 2748/3019/2284 2779/3073/2334 2777/3017/2282
f 2750/3074/2335 2778/3075/2336 2779/3073/2334
f 2751/3076/2337 2776/3026/2291 2778/3075/2336
f 2777/3017/2282 2775/3077/2338 2773/3027/2292
f 2779/3073/2334 2774/3078/2339 2775/3077/2338
f 2778/3075/2336 2772/3030/2295 2774/3078/2339
f 2773/3027/2292 2771/3079/2340 2769/3034/2299
f 2775/3077/2338 2770/3080/2341 2771/3079/2340
f 2774/3078/2339 2768/3081/2342 2770/3080/2341
f 2769/3034/2299 2767/3082/2343 2765/3041/2306
f 2767/3082/2343 2770/3080/2341 2766/3083/2344
f 2766/3083/2344 2768/3081/2342 2764/3036/2301
f 2761/3052/2315 2767/3084/2343 2763/3085/2345
f 2763/3085/2345 2766/3086/2344 2762/3087/2346
f 2762/3087/2346 2764/3088/2301 2760/3042/2307
f 2757/3061/2323 2763/3085/2345 2759/3089/2347
f 2759/3089/2347 2762/3087/2346 2758/3090/2348
f 2758/3090/2348 2760/3042/2307 2756/3053/2316
f 2753/3024/2289 2759/3089/2347 2755/3091/2349
f 2759/3089/2347 2754/3092/2350 2755/3091/2349
f 2758/3090/2348 2752/3067/2328 2754/3092/2350
f 2753/3024/2289 2750/3074/2335 2748/3019/2284
f 2755/3091/2349 2751/3076/2337 2750/3074/2335
f 2754/3092/2350 2749/3015/2280 2751/3076/2337
f 2869/3033/2298 2781/3093/2351 2868/3094/2352
f 2780/3016/2281 2803/3095/2353 2802/3014/2279
f 2782/3096/2354 2801/3032/2297 2803/3095/2353
f 2802/3014/2279 2800/3097/2355 2799/3025/2290
f 2803/3095/2353 2798/3039/2304 2800/3097/2355
f 2799/3025/2290 2797/3098/2356 2796/3029/2294
f 2800/3097/2355 2795/3049/2313 2797/3098/2356
f 2796/3029/2294 2794/3099/2357 2793/3037/2302
f 2797/3098/2356 2792/3100/2321 2794/3099/2357
f 2790/3044/2308 2794/3101/2357 2791/3102/2358
f 2791/3102/2358 2792/3058/2321 2789/3103/2359
f 2787/3054/2317 2791/3102/2358 2788/3104/2360
f 2788/3104/2360 2789/3103/2359 2786/3065/2326
f 2784/3062/2324 2788/3104/2360 2785/3105/2361
f 2785/3105/2361 2786/3065/2326 2783/3068/2329
f 2784/3062/2324 2782/3096/2354 2780/3016/2281
f 2785/3105/2361 2781/3093/2351 2782/3096/2354
f 2781/3093/2351 2870/3069/2330 2868/3094/2352
f 2804/3013/2278 2827/3106/2362 2826/3012/2277
f 2806/3107/2363 2825/3028/2293 2827/3106/2362
f 2826/3012/2277 2824/3108/2364 2823/3010/2275
f 2827/3106/2362 2822/3035/2300 2824/3108/2364
f 2823/3010/2275 2821/3109/2365 2820/3007/2273
f 2824/3108/2364 2819/3110/2366 2821/3109/2365
f 2820/3007/2273 2818/3111/2367 2817/3008/2271
f 2818/3111/2367 2819/3110/2366 2816/3040/2305
f 2814/3003/2269 2818/3112/2367 2815/3113/2368
f 2815/3113/2368 2816/3114/2305 2813/3050/2314
f 2811/3000/2266 2815/3113/2368 2812/3115/2369
f 2812/3115/2369 2813/3050/2314 2810/3060/2322
f 2808/3001/2267 2812/3115/2369 2809/3116/2370
f 2812/3115/2369 2807/3023/2288 2809/3116/2370
f 2808/3001/2267 2806/3107/2363 2804/3013/2278
f 2809/3116/2370 2805/3018/2283 2806/3107/2363
f 2826/3012/2277 2829/3117/2371 2804/3013/2278
f 2828/3118/2372 2859/3119/2373 2857/3120/2374
f 2830/3121/2375 2858/3122/2376 2859/3119/2373
f 2831/3123/2377 2856/3011/2276 2858/3122/2376
f 2857/3120/2374 2855/3124/2378 2853/3125/2379
f 2859/3119/2373 2854/3126/2380 2855/3124/2378
f 2858/3122/2376 2852/3009/2274 2854/3126/2380
f 2853/3125/2379 2851/3127/2381 2849/3128/2382
f 2855/3124/2378 2850/3129/2383 2851/3127/2381
f 2854/3126/2380 2848/3130/2384 2850/3129/2383
f 2849/3128/2382 2847/3131/2385 2845/3132/2386
f 2851/3127/2381 2846/3133/2387 2847/3131/2385
f 2846/3133/2387 2848/3130/2384 2844/3006/2272
f 2841/3134/2388 2847/3135/2385 2843/3136/2389
f 2843/3136/2389 2846/3137/2387 2842/3138/2390
f 2842/3138/2390 2844/3139/2272 2840/3004/2270
f 2837/3140/2391 2843/3136/2389 2839/3141/2392
f 2839/3141/2392 2842/3138/2390 2838/3142/2393
f 2838/3142/2393 2840/3004/2270 2836/3002/2268
f 2833/3143/2394 2839/3141/2392 2835/3144/2395
f 2835/3144/2395 2838/3142/2393 2834/3145/2396
f 2838/3142/2393 2832/2999/2265 2834/3145/2396
f 2828/3118/2372 2835/3144/2395 2830/3121/2375
f 2835/3144/2395 2831/3123/2377 2830/3121/2375
f 2834/3145/2396 2829/3117/2371 2831/3123/2377
f 2876/3047/2311 2733/3071/2332 2877/3072/2333
f 2732/3146/2397 2861/3147/2398 2734/3148/2399
f 2746/3149/2400 2860/3150/2401 2732/3146/2397
f 2734/3148/2399 2863/3151/2402 2736/3152/2403
f 2736/3152/2403 2864/3153/2404 2738/3154/2405
f 2738/3154/2405 2865/3155/2406 2740/3156/2407
f 2865/3157/2406 2742/3158/2408 2740/3159/2407
f 2866/3160/2409 2744/3161/2410 2742/3158/2408
f 2744/3161/2410 2862/3162/2411 2746/3149/2400
f 2860/3150/2401 2870/3069/2330 2861/3147/2398
f 2862/3162/2411 2868/3094/2352 2860/3150/2401
f 2861/3147/2398 2871/3066/2327 2863/3151/2402
f 2863/3151/2402 2872/3057/2320 2864/3153/2404
f 2872/3057/2320 2865/3155/2406 2864/3153/2404
f 2873/3048/2312 2866/3160/2409 2865/3157/2406
f 2874/3038/2303 2867/3163/2412 2866/3160/2409
f 2875/3031/2296 2862/3162/2411 2867/3163/2412
f 2876/3047/2311 2884/3164/2413 2891/3165/2414
f 2877/3072/2333 2885/3166/2415 2884/3164/2413
f 2886/3167/2416 2880/3020/2285 2887/3168/2417
f 2888/3169/2418 2882/3055/2318 2889/3170/2419
f 2889/3170/2419 2883/3045/2309 2890/3171/2420
f 2890/3171/2420 2876/3047/2311 2891/3165/2414
f 2887/3168/2417 2881/3022/2287 2888/3172/2418
f 2878/2998/2264 2886/3167/2416 2885/3166/2415
f 2833/3143/2394 2886/3167/2416 2837/3140/2391
f 2887/3168/2417 2845/3173/2386 2841/3134/2388
f 2853/3125/2379 2891/3165/2414 2857/3120/2374
f 2889/3170/2419 2853/3125/2379 2849/3128/2382
f 2888/3169/2418 2849/3128/2382 2845/3132/2386
f 2886/3167/2416 2841/3134/2388 2837/3140/2391
f 2828/3118/2372 2885/3166/2415 2833/3143/2394
f 2857/3120/2374 2884/3164/2413 2828/3118/2372
f 2918/3174/2421 2900/3175/2422 2902/3176/2423
f 2921/3177/2424 2907/3178/2425 2905/3179/2426
f 2895/3180/2427 2913/3181/2428 2897/3182/2429
f 2906/3183/2430 2920/3184/2431 2904/3185/2432
f 2912/3186/2433 2894/3187/2434 2896/3188/2435
f 2927/3189/2436 2901/3190/2437 2925/3191/2438
f 2907/3192/2425 2904/3193/2432 2905/3194/2426
f 2924/3195/2439 2914/3196/2440 2898/3197/2441
f 2903/3198/2442 2921/3177/2424 2905/3179/2426
f 2892/3199/2443 2907/3192/2425 2893/3200/2444
f 2908/3201/2445 2910/3202/2446 2911/3203/2447
f 2913/3204/2428 2938/3205/2448 2912/3206/2433
f 2914/3207/2440 2913/3204/2428 2912/3206/2433
f 2926/3208/2449 2917/3209/2450 2927/3210/2436
f 2916/3211/2451 2919/3212/2452 2917/3209/2450
f 2918/3213/2421 2921/3214/2424 2919/3212/2452
f 2920/3215/2431 2923/3216/2453 2921/3214/2424
f 2908/3201/2445 2923/3216/2453 2922/3217/2454
f 2901/3190/2437 2919/3218/2452 2903/3198/2442
f 2898/3197/2441 2912/3186/2433 2896/3188/2435
f 2892/3219/2443 2922/3220/2454 2906/3183/2430
f 2909/3221/2455 2892/3219/2443 2894/3187/2434
f 2913/3181/2428 2899/3222/2456 2897/3182/2429
f 2923/3223/2453 2893/3224/2444 2907/3178/2425
f 2893/3224/2444 2910/3225/2446 2895/3180/2427
f 2920/3184/2431 2902/3176/2423 2904/3185/2432
f 2900/3175/2422 2926/3226/2449 2924/3195/2439
f 2915/3227/2457 2925/3191/2438 2899/3222/2456
f 2928/3228/2458 2927/3189/2436 2915/3227/2457
f 2927/3229/2436 2934/3230/2459 2926/3231/2449
f 2926/3226/2449 2931/3232/2460 2914/3196/2440
f 2935/3233/2461 2929/3234/2462 2930/3235/2463
f 2932/3236/2464 2928/3228/2458 2929/3234/2462
f 2931/3232/2460 2935/3233/2461 2930/3235/2463
f 2931/3237/2460 2915/3238/2457 2914/3207/2440
f 2905/3194/2426 2902/3239/2423 2903/3240/2442
f 2903/3240/2442 2900/3241/2422 2901/3242/2437
f 2900/3243/2422 2925/3244/2438 2901/3245/2437
f 2924/3246/2439 2899/3247/2456 2925/3244/2438
f 2898/3248/2441 2897/3249/2429 2899/3247/2456
f 2897/3249/2429 2894/3250/2434 2895/3251/2427
f 2895/3251/2427 2892/3199/2443 2893/3200/2444
f 2937/3252/2465 2939/3253/2466 2936/3254/2467
f 2938/3255/2448 2909/3221/2455 2912/3186/2433
f 2910/3225/2446 2939/3256/2466 2913/3181/2428
f 2909/3257/2455 2936/3254/2467 2910/3202/2446
f 2694/3258/2221 2940/2962/2237 2695/3259/2213
f 2684/3260/2236 2940/2962/2237 2685/3261/2235
f 2691/2965/2228 2940/2962/2237 2692/3262/2225
f 2688/2963/2233 2940/2962/2237 2689/3263/2231
f 2695/3259/2213 2940/2962/2237 2684/3260/2236
f 2685/3261/2235 2940/2962/2237 2686/3264/2220
f 2692/3262/2225 2940/2962/2237 2693/3265/2224
f 2689/3263/2231 2940/2962/2237 2690/2964/2229
f 2686/3264/2220 2940/2962/2237 2687/2961/2216
f 2693/3265/2224 2940/2962/2237 2694/3258/2221
f 2701/3266/2232 2941/3267/2261 2700/3268/2217
f 2696/3269/2214 2941/3267/2261 2707/3270/2215
f 2698/3271/2219 2941/3267/2261 2697/3272/2234
f 2705/3273/2223 2941/3267/2261 2704/3274/2226
f 2702/3275/2230 2941/3267/2261 2701/3266/2232
f 2699/3276/2218 2941/3267/2261 2698/3271/2219
f 2706/3277/2222 2941/3267/2261 2705/3273/2223
f 2703/3278/2227 2941/3267/2261 2702/3275/2230
f 2700/3268/2217 2941/3267/2261 2699/3276/2218
f 2707/3270/2215 2941/3267/2261 2706/3277/2222
f 2697/3272/2234 2941/3267/2261 2696/3269/2214
f 2704/3274/2226 2941/3267/2261 2703/3278/2227
f 2727/3279/2252 2942/2992/2261 2726/3280/2253
f 2724/3281/2217 2942/2992/2261 2723/2994/2242
f 2731/3282/2240 2942/2992/2261 2730/2991/2246
f 2721/3283/2259 2942/2992/2261 2720/3284/2239
f 2728/3285/2249 2942/2992/2261 2727/3279/2252
f 2725/3286/2255 2942/2992/2261 2724/3281/2217
f 2720/3284/2239 2942/2992/2261 2731/3282/2240
f 2722/2995/2244 2942/2992/2261 2721/3283/2259
f 2729/2993/2247 2942/2992/2261 2728/3285/2249
f 2726/3280/2253 2942/2992/2261 2725/3286/2255
f 2712/3287/2257 2943/3288/2237 2713/3289/2256
f 2719/3290/2238 2943/3288/2237 2708/3291/2260
f 2709/3292/2258 2943/3288/2237 2710/3293/2243
f 2716/3294/2250 2943/3288/2237 2717/3295/2248
f 2713/3289/2256 2943/3288/2237 2714/3296/2254
f 2710/3293/2243 2943/3288/2237 2711/3297/2241
f 2717/3295/2248 2943/3288/2237 2718/3298/2245
f 2714/3296/2254 2943/3288/2237 2715/3299/2251
f 2711/3297/2241 2943/3288/2237 2712/3287/2257
f 2718/3298/2245 2943/3288/2237 2719/3290/2238
f 2708/3291/2260 2943/3288/2237 2709/3292/2258
f 2715/3299/2251 2943/3288/2237 2716/3294/2250
f 2659/3300/2197 2657/3301/2199 2656/2902/2195
f 2661/3302/2468 2663/3303/2198 2662/2895/2196
f 2480/2616/2009 2944/2623/1167 2479/2621/2014
f 2933/3304/2469 2935/3305/2461 2934/3230/2459
f 2930/3306/2463 2928/3307/2458 2931/3237/2460
f 2488/2600/1993 2944/2623/1167 2487/2602/1995
f 2481/2614/2007 2944/2623/1167 2480/2616/2009
f 2489/2598/1991 2944/2623/1167 2488/2600/1993
f 2482/2612/2005 2944/2623/1167 2481/2614/2007
f 2475/2641/2017 2944/2623/1167 2474/2593/1986
f 2490/2596/1989 2944/2623/1167 2489/2598/1991
f 2483/2610/2003 2944/2623/1167 2482/2612/2005
f 2476/2642/2018 2944/2623/1167 2475/2641/2017
f 2491/2597/1990 2944/2623/1167 2490/2596/1989
f 2484/2611/2004 2944/2623/1167 2483/2610/2003
f 2477/2587/1980 2944/2623/1167 2476/2642/2018
f 2474/2593/1986 2944/2623/1167 2491/2597/1990
f 2485/2606/1999 2944/2623/1167 2484/2611/2004
f 2478/2620/2013 2944/2623/1167 2477/2587/1980
f 2486/2604/1997 2944/2623/1167 2485/2606/1999
f 2479/2621/2014 2944/2623/1167 2478/2620/2013
f 1/1643/1317 26/1682/1354 49/1644/1318
f 9/1657/1330 35/3308/1351 33/1658/1331
f 24/1648/1321 22/1661/1334 27/1662/1335
f 7/1659/1332 33/1658/1331 31/1664/1337
f 23/1645/1319 49/1644/1318 47/1666/1339
f 19/1668/1341 21/1667/1340 47/1666/1339
f 17/1670/1343 19/1668/1341 45/1669/1342
f 15/1672/1345 17/1670/1343 43/1671/1344
f 15/1672/1345 41/1673/1346 39/1674/1347
f 13/1675/1348 39/1674/1347 37/1676/1349
f 11/1677/1350 37/1676/1349 35/1678/1351
f 5/1665/1338 31/1664/1337 29/1680/1352
f 3/1681/1353 29/1680/1352 26/1682/1354
f 28/1663/1336 27/1662/1335 26/1683/1354
f 30/1685/1355 28/1663/1336 29/1684/1352
f 33/1687/1331 32/1689/1356 30/1685/1355
f 35/1688/1351 34/1704/1364 32/1689/1356
f 36/1690/1357 34/1704/1364 35/1688/1351
f 38/1692/1358 36/1690/1357 37/1691/1349
f 40/1694/1359 38/1692/1358 39/1693/1347
f 42/1696/1360 40/1694/1359 41/1695/1346
f 44/1698/1361 42/1696/1360 43/1697/1344
f 46/1700/1362 44/1698/1361 45/1699/1342
f 48/1702/1363 46/1700/1362 47/1701/1339
f 27/1662/1335 48/1702/1363 49/1703/1318
f 22/1661/1334 20/1660/1333 48/1702/1363
f 20/1660/1333 2/1656/1329 46/1700/1362
f 2/1656/1329 4/1655/1328 44/1698/1361
f 4/1655/1328 6/1654/1327 42/1696/1360
f 6/1654/1327 8/1653/1326 40/1694/1359
f 8/1653/1326 10/1652/1325 38/1692/1358
f 38/1692/1358 10/1652/1325 12/1651/1324
f 36/1690/1357 12/1651/1324 14/1650/1323
f 34/1704/1364 14/1650/1323 16/1649/1322
f 32/1689/1356 16/1649/1322 18/1646/1320
f 18/1646/1320 24/1648/1321 28/1663/1336
f 50/1705/1365 85/1709/1369 83/1706/1366
f 50/1705/1365 51/3309/1420 84/1708/1368
f 84/1708/1368 51/3309/1420 52/1710/1370
f 82/1711/1371 81/1714/1374 89/1712/1372
f 81/1714/1374 80/1716/1376 90/1715/1375
f 80/1716/1376 79/1719/1379 91/1717/1377
f 78/1718/1378 92/1721/1381 91/1717/1377
f 78/1718/1378 77/1723/1383 93/1720/1380
f 76/1722/1382 94/1725/1385 93/1720/1380
f 76/1722/1382 75/1727/1387 95/1724/1384
f 74/1726/1386 96/1729/1389 95/1724/1384
f 73/1728/1388 97/1731/1391 96/1729/1389
f 72/1730/1390 98/1733/1393 97/1731/1391
f 71/1732/1392 99/1735/1395 98/1733/1393
f 70/1734/1394 100/1737/1397 99/1735/1395
f 69/1736/1396 101/1739/1399 100/1737/1397
f 68/1738/1398 102/1741/1401 101/1739/1399
f 68/1738/1398 83/1706/1366 103/1740/1400
f 66/1742/1402 68/1738/1398 69/1736/1396
f 85/1709/1369 84/1708/1368 87/1744/1404
f 88/1713/1373 87/1744/1404 84/1708/1368
f 52/1710/1370 53/1746/1406 81/1714/1374
f 53/1746/1406 54/1747/1407 80/1716/1376
f 54/1747/1407 55/1748/1408 79/1719/1379
f 55/1748/1408 56/1749/1409 78/1718/1378
f 56/1749/1409 57/1751/1411 77/1723/1383
f 58/1750/1410 76/1722/1382 77/1723/1383
f 59/1752/1412 75/1727/1387 76/1722/1382
f 60/1753/1413 74/1726/1386 75/1727/1387
f 61/1754/1414 73/1728/1388 74/1726/1386
f 62/1755/1415 72/1730/1390 73/1728/1388
f 63/1756/1416 71/1732/1392 72/1730/1390
f 64/1757/1417 70/1734/1394 71/1732/1392
f 65/1743/1403 69/1736/1396 70/1734/1394
f 67/1707/1367 83/1706/1366 68/1738/1398
f 85/1709/1369 86/1745/1405 103/1740/1400
f 57/1759/1411 56/1781/1409 115/1760/1418
f 51/1762/1420 120/1787/1429 119/1763/1421
f 63/1765/1416 108/1786/1428 107/1766/1422
f 58/1768/1410 113/1788/1430 112/1769/1423
f 53/1771/1406 118/1789/1431 117/1772/1424
f 65/1774/1403 106/3310/1432 105/1775/1425
f 60/1777/1413 111/1792/1433 110/1778/1426
f 55/1780/1408 116/1793/1434 115/1760/1418
f 67/1782/1367 104/1794/1435 121/1783/1427
f 62/1785/1415 109/1795/1338 108/1786/1428
f 50/1784/1365 121/1783/1427 120/1787/1429
f 57/1759/1411 114/1761/1419 113/1788/1430
f 52/1764/1370 119/1763/1421 118/1789/1431
f 64/1767/1417 107/1766/1422 106/1790/1432
f 59/1770/1412 112/1769/1423 111/1792/1433
f 54/1773/1407 117/1772/1424 116/1793/1434
f 66/1776/1402 105/1775/1425 104/1794/1435
f 61/1779/1414 110/1778/1426 109/1795/1338
f 171/1796/1167 144/1830/1167 145/1797/1167
f 163/1799/1167 152/1831/1167 153/1800/1167
f 170/1798/1167 145/1797/1167 146/1802/1167
f 161/1804/1167 162/1801/1167 153/1800/1167
f 169/1803/1167 146/1802/1167 147/1806/1167
f 160/1808/1167 161/1804/1167 154/1805/1167
f 167/1810/1167 168/1807/1167 147/1806/1167
f 175/1812/1167 140/1827/1167 141/1813/1167
f 160/1808/1167 155/1809/1167 156/1815/1167
f 166/1817/1167 167/1810/1167 148/1811/1167
f 174/1814/1167 141/1813/1167 142/1819/1167
f 158/1821/1167 159/1816/1167 156/1815/1167
f 166/1817/1167 149/1818/1167 150/1823/1167
f 173/1820/1167 142/1819/1167 143/1825/1167
f 158/1821/1167 157/1822/1167 140/1827/1167
f 164/1828/1167 165/1824/1167 150/1823/1167
f 171/1796/1167 172/1826/1167 143/1825/1167
f 163/1799/1167 164/1828/1167 151/1829/1167
f 128/1832/1436 169/1854/1343 168/1833/1437
f 123/1835/1439 174/1860/1459 173/1836/1419
f 135/1838/1441 162/1859/1458 161/1839/1428
f 130/1841/1443 167/1861/1429 166/1842/1348
f 125/1844/1445 172/1862/1418 171/1845/1434
f 138/1847/1447 137/1863/1460 160/1848/1448
f 132/1850/1450 165/1864/1435 164/1851/1451
f 127/1853/1453 170/1865/1424 169/1854/1343
f 139/1855/1454 158/1866/1433 175/1856/1455
f 135/1838/1441 134/3311/1461 163/1858/1457
f 122/1857/1456 175/1856/1455 174/1860/1459
f 129/1834/1438 168/1833/1437 167/1861/1429
f 124/1837/1440 173/1836/1419 172/1862/1418
f 136/1840/1442 161/1839/1428 160/1848/1448
f 131/1843/1444 166/1842/1348 165/1864/1435
f 127/1853/1453 126/1846/1446 171/1845/1434
f 138/1847/1447 159/1849/1449 158/1866/1433
f 133/1852/1452 164/1851/1451 163/1867/1457
f 146/1869/1462 145/1903/1470 181/1870/1424
f 153/1872/1463 189/1905/1463 190/1873/1428
f 147/1875/1437 146/1869/1462 182/1871/1431
f 155/1877/1465 154/1874/1428 190/1873/1428
f 148/1879/1429 147/1875/1437 183/1876/1464
f 140/1881/1317 176/1896/20 177/1882/1466
f 155/1877/1465 191/1878/1448 192/1884/1467
f 148/1879/1429 184/1880/1429 185/1886/1348
f 141/1883/1430 177/1882/1466 178/1888/1419
f 156/1885/1467 192/1884/1467 193/1890/1433
f 149/1887/1348 185/1886/1348 186/1892/1435
f 143/1894/1418 142/1889/1419 178/1888/1419
f 157/1891/1433 193/1890/1433 176/1896/20
f 150/1893/1435 186/1892/1435 187/1897/1468
f 143/1894/1418 179/1895/1418 180/1899/1434
f 151/1898/1468 187/1897/1468 188/1901/1457
f 145/1903/1470 144/1900/1469 180/1899/1434
f 152/1904/1457 188/3312/1457 189/1905/1463
f 179/1906/1167 197/1939/1167 198/1907/1167
f 188/1909/1167 187/1941/1167 205/1910/1167
f 180/1908/1167 198/1907/1167 199/1912/1167
f 188/1909/1167 206/1911/1167 207/1914/1167
f 181/1913/1167 199/1912/1167 200/1916/1167
f 189/1915/1167 207/1914/1167 208/1918/1167
f 182/1917/1167 200/1916/1167 201/1920/1167
f 191/1922/1167 190/1919/1167 208/1918/1167
f 184/1924/1167 183/1921/1167 201/1920/1167
f 177/1926/1167 176/1940/1167 194/1927/1167
f 191/1922/1167 209/1923/1167 210/1929/1167
f 184/1924/1167 202/1925/1167 203/1931/1167
f 177/1926/1167 195/1928/1167 196/1933/1167
f 192/1930/1167 210/1929/1167 211/1935/1167
f 185/1932/1167 203/1931/1167 204/1937/1167
f 178/1934/1167 196/1933/1167 197/1939/1167
f 176/1940/1167 193/1936/1167 211/1935/1167
f 187/1941/1167 186/1938/1167 204/1937/1167
f 199/1942/1424 198/1976/1477 216/1943/1434
f 206/1945/1457 224/3313/1457 225/1946/1463
f 200/1948/1473 199/1942/1424 217/1944/1471
f 207/1947/1472 225/1946/1463 226/1950/1428
f 200/1948/1473 218/1949/1431 219/1952/1475
f 209/1954/1448 208/1951/1474 226/1950/1428
f 201/1953/1464 219/1952/1475 220/1956/1429
f 194/1958/1423 212/1973/1317 213/1959/1430
f 209/1954/1448 227/1955/1448 228/1961/1476
f 202/1957/1429 220/1956/1429 221/1963/1348
f 196/1965/1419 195/1960/1430 213/1959/1430
f 210/1962/1426 228/1961/1476 229/1967/1433
f 203/1964/1348 221/1963/1348 222/1969/1435
f 196/1965/1419 214/1966/1419 215/1971/1418
f 211/1968/1433 229/1967/1433 212/1973/1317
f 204/1970/1435 222/1969/1435 223/1974/1468
f 197/1972/1418 215/1971/1418 216/1943/1434
f 206/1977/1457 205/1975/1468 223/1974/1468
f 122/1979/1456 123/1993/1439 231/1980/1167
f 136/1982/1442 137/1989/1460 245/1983/1167
f 130/1985/1443 238/1991/1167 237/1986/1167
f 138/1988/1447 246/1995/1167 245/1983/1167
f 130/1985/1443 131/1996/1444 239/1990/1167
f 124/1992/1440 232/1999/1167 231/1980/1167
f 138/1988/1447 139/2000/1454 247/1994/1167
f 131/1996/1444 132/2002/1450 240/1997/1167
f 125/1998/1445 233/2004/1167 232/1999/1167
f 122/1979/1456 230/1981/1167 247/1994/1167
f 133/2001/1452 241/2006/1167 240/1997/1167
f 125/1998/1445 126/2007/1446 234/2003/1167
f 133/2001/1452 134/2010/1461 242/2005/1167
f 126/2007/1446 127/2012/1453 235/2008/1167
f 135/2009/1441 243/2013/1478 242/2005/1167
f 128/2011/1436 236/2014/1167 235/2008/1167
f 136/1982/1442 244/1984/1167 243/2013/1478
f 129/1987/1438 237/1986/1167 236/2014/1167
f 2198/2015/1479 1927/2017/1480 1928/2018/1481
f 2200/2020/1483 2199/2019/1482 1928/2018/1481
f 2201/2022/1485 2200/2020/1483 1929/2021/1484
f 2202/2024/1487 2201/2022/1485 1930/2023/1486
f 2295/2026/1489 2202/2024/1487 1931/2025/1488
f 1931/2025/1488 1937/2033/1496 2251/2028/1491
f 1927/2017/1480 1933/2029/1492 1934/2030/1493
f 1928/2018/1481 1934/2030/1493 1935/2031/1494
f 1929/2021/1484 1935/2031/1494 1936/2032/1495
f 1931/2025/1488 1930/2023/1486 1936/2032/1495
f 1934/2030/1493 1933/2029/1492 1939/2034/1497
f 1934/2030/1493 1940/2035/1498 1941/2036/1499
f 1935/2031/1494 1941/2036/1499 1942/2037/1500
f 1936/2032/1495 1942/2037/1500 1943/2038/1501
f 2251/2028/1491 1937/2033/1496 1943/2038/1501
f 1941/2036/1499 1947/2045/1508 1948/2040/1503
f 1942/2037/1500 1948/2040/1503 1949/2041/1504
f 2252/2039/1502 1943/2038/1501 1949/2041/1504
f 1939/2034/1497 1945/2043/1506 1946/2044/1507
f 1940/2035/1498 1946/2044/1507 1947/2045/1508
f 1945/2043/1506 1951/2046/1509 1952/2047/1510
f 1946/2044/1507 1952/2047/1510 1953/2048/1511
f 1947/2045/1508 1953/2048/1511 1954/2049/1512
f 1948/2040/1503 1954/2049/1512 1955/2050/1513
f 1949/2041/1504 1955/2050/1513 2254/2051/1514
f 1951/2046/1509 1957/2057/1520 1958/2052/1515
f 1952/2047/1510 1958/2052/1515 1959/2053/1516
f 1954/2049/1512 1953/2048/1511 1959/2053/1516
f 1955/2050/1513 1954/2049/1512 1960/2054/1517
f 1955/2050/1513 1961/2055/1518 2255/2056/1519
f 1960/2054/1517 1966/2063/1526 1967/2058/1521
f 1961/2055/1518 1967/2058/1521 2256/2059/1522
f 1957/2057/1520 1963/2060/1523 1964/2061/1524
f 1958/2052/1515 1964/2061/1524 1965/2062/1525
f 1960/2054/1517 1959/2053/1516 1965/2062/1525
f 1963/2060/1523 1969/2064/1527 1970/2065/1528
f 1964/2061/1524 1970/2065/1528 1971/2066/1529
f 1966/2063/1526 1965/2062/1525 1971/2066/1529
f 1967/2058/1521 1966/2063/1526 1972/2067/1530
f 1967/2058/1521 1973/2068/1531 2257/2069/1532
f 1970/2065/1528 1976/2075/1538 1977/2070/1533
f 1971/2066/1529 1977/2070/1533 1978/2071/1534
f 1972/2067/1530 1978/2071/1534 1979/2072/1535
f 1973/2068/1531 1979/2072/1535 2258/2073/1536
f 1969/2064/1527 1975/2074/1537 1976/2075/1538
f 1979/2072/1535 1986/2081/1544 2259/2076/1539
f 1975/2074/1537 1982/2077/1540 1983/2078/1541
f 1977/2070/1533 1976/2075/1538 1983/2078/1541
f 1977/2070/1533 1984/2079/1542 1985/2080/1543
f 1979/2072/1535 1978/2071/1534 1985/2080/1543
f 1983/2078/1541 1982/2077/1540 1988/2082/1545
f 1983/2078/1541 1989/2083/1546 1990/2084/1547
f 1984/2079/1542 1990/2084/1547 1991/2085/1548
f 1986/2081/1544 1985/2080/1543 1991/2085/1548
f 1986/2081/1544 1992/2086/1549 2260/2087/1550
f 1991/2085/1548 1990/2084/1547 1996/2088/1551
f 1991/2085/1548 1997/2089/1552 1998/2090/1553
f 1992/2086/1549 1998/2090/1553 2261/2091/1554
f 1988/2082/1545 1994/2092/1555 1995/2093/1556
f 1989/2083/1546 1995/2093/1556 1996/2088/1551
f 1994/2092/1555 2000/2094/1557 2001/2095/1558
f 1995/2093/1556 2001/2095/1558 2002/2096/1559
f 1996/2088/1551 2002/2096/1559 2003/2097/1560
f 1998/2090/1553 1997/2089/1552 2003/2097/1560
f 1998/2090/1553 2004/2098/1561 2262/2099/1562
f 2000/2094/1557 2006/2105/1568 2007/2100/1563
f 2001/2095/1558 2007/2100/1563 2008/2101/1564
f 2002/2096/1559 2008/2101/1564 2009/2102/1565
f 2004/2098/1561 2003/2097/1560 2009/2102/1565
f 2262/2099/1562 2004/2098/1561 2010/2103/1566
f 2009/2102/1565 2015/2111/1574 2016/2106/1569
f 2263/2104/1567 2010/2103/1566 2016/2106/1569
f 2006/2105/1568 2012/2108/1571 2013/2109/1572
f 2008/2101/1564 2007/2100/1563 2013/2109/1572
f 2008/2101/1564 2014/2110/1573 2015/2111/1574
f 2012/2108/1571 2018/2112/1575 2019/2113/1576
f 2013/2109/1572 2019/2113/1576 2020/2114/1577
f 2014/2110/1573 2020/2114/1577 2021/2115/1578
f 2016/2106/1569 2015/2111/1574 2021/2115/1578
f 2264/2107/1570 2016/2106/1569 2022/2116/1579
f 2019/2113/1576 2025/2123/1586 2026/2118/1581
f 2020/2114/1577 2026/2118/1581 2027/2119/1582
f 2022/2116/1579 2021/2115/1578 2027/2119/1582
f 2022/2116/1579 2028/2120/1583 2266/2121/1584
f 2018/2112/1575 2024/2122/1585 2025/2123/1586
f 2028/2120/1583 2034/2129/1592 2267/2124/1587
f 2024/2122/1585 2030/2125/1588 2031/2126/1589
f 2025/2123/1586 2031/2126/1589 2032/2127/1590
f 2026/2118/1581 2032/2127/1590 2033/2128/1591
f 2028/2120/1583 2027/2119/1582 2033/2128/1591
f 2030/2125/1588 2036/2135/1598 2037/2130/1593
f 2031/2126/1589 2037/2130/1593 2038/2131/1594
f 2032/2127/1590 2038/2131/1594 2039/2132/1595
f 2033/2128/1591 2039/2132/1595 2040/2133/1596
f 2034/2129/1592 2040/2133/1596 2268/2134/1597
f 2039/2132/1595 2038/2131/1594 2044/2136/1599
f 2040/2133/1596 2039/2132/1595 2045/2137/1600
f 2040/2133/1596 2046/2138/1601 2269/2139/1602
f 2036/2135/1598 2042/2140/1603 2043/2141/1604
f 2037/2130/1593 2043/2141/1604 2044/2136/1599
f 2042/2140/1603 2048/2142/1605 2049/2143/1606
f 2043/2141/1604 2049/2143/1606 2050/2144/1607
f 2044/2136/1599 2050/2144/1607 2051/2145/1608
f 2046/2138/1601 2045/2137/1600 2051/2145/1608
f 2046/2138/1601 2052/2146/1609 2270/2147/1610
f 2049/2143/1606 2055/2153/1616 2056/2148/1611
f 2050/2144/1607 2056/2148/1611 2057/2149/1612
f 2052/2146/1609 2051/2145/1608 2057/2149/1612
f 2052/2146/1609 2058/2150/1613 2271/2151/1614
f 2049/2143/1606 2048/2142/1605 2054/2152/1615
f 2058/2150/1613 2057/2149/1612 2063/2154/1617
f 2058/2150/1613 2064/2155/1618 2272/2156/1619
f 2054/2152/1615 2060/2157/1620 2061/2158/1621
f 2055/2153/1616 2061/2158/1621 2062/2159/1622
f 2057/2149/1612 2056/2148/1611 2062/2159/1622
f 2060/2157/1620 2066/2160/1623 2067/2161/1624
f 2061/2158/1621 2067/2161/1624 2068/2162/1625
f 2062/2159/1622 2068/2162/1625 2069/2163/1626
f 2063/2154/1617 2069/2163/1626 2070/2164/1627
f 2064/2155/1618 2070/2164/1627 2273/2165/1628
f 2068/2162/1625 2074/2171/1634 2075/2166/1629
f 2070/2164/1627 2069/2163/1626 2075/2166/1629
f 2070/2164/1627 2076/2167/1630 2274/2168/1631
f 2066/2160/1623 2072/2169/1632 2073/2170/1633
f 2067/2161/1624 2073/2170/1633 2074/2171/1634
f 2076/2167/1630 2082/2177/1640 2275/2172/1635
f 2073/2170/1633 2072/2169/1632 2078/2173/1636
f 2073/2170/1633 2079/2174/1637 2080/2175/1638
f 2074/2171/1634 2080/2175/1638 2081/2176/1639
f 2075/2166/1629 2081/2176/1639 2082/2177/1640
f 2078/2173/1636 2084/2183/1646 2085/2178/1641
f 2079/2174/1637 2085/2178/1641 2086/2179/1642
f 2081/2176/1639 2080/2175/1638 2086/2179/1642
f 2082/2177/1640 2081/2176/1639 2087/2180/1643
f 2082/2177/1640 2088/2181/1644 2276/2182/1645
f 2088/2181/1644 2087/2180/1643 2093/2184/1647
f 2088/2181/1644 2094/2185/1648 2277/2186/1649
f 2084/2183/1646 2090/2187/1650 2091/2188/1651
f 2085/2178/1641 2091/2188/1651 2092/2189/1652
f 2086/2179/1642 2092/2189/1652 2093/2184/1647
f 2090/2187/1650 2096/2190/1653 2097/2191/1654
f 2091/2188/1651 2097/2191/1654 2098/2192/1655
f 2092/2189/1652 2098/2192/1655 2099/2193/1656
f 2094/2185/1648 2093/2184/1647 2099/2193/1656
f 2094/2185/1648 2100/2194/1657 2278/2195/1658
f 2097/2191/1654 2103/2201/1664 2104/2196/1659
f 2099/2193/1656 2098/2192/1655 2104/2196/1659
f 2100/2194/1657 2099/2193/1656 2105/2197/1660
f 2100/2194/1657 2106/2198/1661 2279/2199/1662
f 2096/2190/1653 2102/2200/1663 2103/2201/1664
f 2106/2198/1661 2112/2207/1670 2280/2202/1665
f 2102/2200/1663 2108/2203/1666 2109/2204/1667
f 2103/2201/1664 2109/2204/1667 2110/2205/1668
f 2104/2196/1659 2110/2205/1668 2111/2206/1669
f 2106/2198/1661 2105/2197/1660 2111/2206/1669
f 2109/2204/1667 2108/2203/1666 2114/2208/1671
f 2109/2204/1667 2115/2209/1672 2116/2210/1673
f 2111/2206/1669 2110/2205/1668 2116/2210/1673
f 2112/2207/1670 2111/2206/1669 2117/2211/1674
f 2112/2207/1670 2118/2212/1675 2281/2213/1676
f 2117/2211/1674 2116/2210/1673 2122/2214/1677
f 2117/2211/1674 2123/2215/1678 2124/2216/1679
f 2118/2212/1675 2124/2216/1679 2282/2217/1680
f 2115/2209/1672 2114/2208/1671 2120/2218/1681
f 2116/2210/1673 2115/2209/1672 2121/2219/1682
f 2120/2218/1681 2126/2220/1683 2127/2221/1684
f 2122/2214/1677 2121/2219/1682 2127/2221/1684
f 2122/2214/1677 2128/2222/1685 2129/2223/1686
f 2124/2216/1679 2123/2215/1678 2129/2223/1686
f 2124/2216/1679 2130/2224/1687 2283/2225/1688
f 2126/2220/1683 2132/2226/1689 2133/2227/1690
f 2127/2221/1684 2133/2227/1690 2134/2228/1691
f 2129/2223/1686 2128/2222/1685 2134/2228/1691
f 2129/2223/1686 2135/2229/1692 2136/2230/1693
f 2130/2224/1687 2136/2230/1693 2284/2231/1694
f 2135/2229/1692 2134/2228/1691 2140/2232/1695
f 2136/2230/1693 2135/2229/1692 2141/2233/1696
f 2136/2230/1693 2142/2234/1697 2285/2235/1698
f 2133/2227/1690 2132/2226/1689 2138/2236/1699
f 2134/2228/1691 2133/2227/1690 2139/2237/1700
f 2138/2236/1699 2144/2238/1701 2145/2239/1702
f 2139/2237/1700 2145/2239/1702 2146/2240/1703
f 2140/2232/1695 2146/2240/1703 2147/2241/1704
f 2142/2234/1697 2141/2233/1696 2147/2241/1704
f 2142/2234/1697 2148/2242/1705 2286/2243/1706
f 2144/2238/1701 2150/2249/1712 2151/2244/1707
f 2145/2239/1702 2151/2244/1707 2152/2245/1708
f 2147/2241/1704 2146/2240/1703 2152/2245/1708
f 2148/2242/1705 2147/2241/1704 2153/2246/1709
f 2148/2242/1705 2154/2247/1710 2287/2248/1711
f 2153/2246/1709 2159/2255/1718 2160/2250/1713
f 2154/2247/1710 2160/2250/1713 2288/2251/1714
f 2150/2249/1712 2156/2252/1715 2157/2253/1716
f 2151/2244/1707 2157/2253/1716 2158/2254/1717
f 2152/2245/1708 2158/2254/1717 2159/2255/1718
f 2157/2253/1716 2156/2252/1715 2162/2256/1719
f 2157/2253/1716 2163/2257/1720 2164/2258/1721
f 2158/2254/1717 2164/2258/1721 2165/2259/1722
f 2160/2250/1713 2159/2255/1718 2165/2259/1722
f 2160/2250/1713 2166/2260/1723 2289/2261/1724
f 2163/2257/1720 2169/2267/1730 2170/2262/1725
f 2165/2259/1722 2164/2258/1721 2170/2262/1725
f 2166/2260/1723 2165/2259/1722 2171/2263/1726
f 2166/2260/1723 2172/2264/1727 2290/2265/1728
f 2162/2256/1719 2168/2266/1729 2169/2267/1730
f 2172/2264/1727 2178/2273/1736 2291/2268/1731
f 2168/2266/1729 2174/2269/1732 2175/2270/1733
f 2169/2267/1730 2175/2270/1733 2176/2271/1734
f 2170/2262/1725 2176/2271/1734 2177/2272/1735
f 2172/2264/1727 2171/2263/1726 2177/2272/1735
f 2174/2269/1732 2180/2274/1737 2181/2275/1738
f 2175/2270/1733 2181/2275/1738 2182/2276/1739
f 2177/2272/1735 2176/2271/1734 2182/2276/1739
f 2178/2273/1736 2177/2272/1735 2183/2277/1740
f 2178/2273/1736 2184/2278/1741 2292/2279/1742
f 2182/2276/1739 2188/2285/1748 2189/2280/1743
f 2183/2277/1740 2189/2280/1743 2190/2281/1744
f 2184/2278/1741 2190/2281/1744 2293/2282/1745
f 2181/2275/1738 2180/2274/1737 2186/2283/1746
f 2182/2276/1739 2181/2275/1738 2187/2284/1747
f 2186/2283/1746 2192/2286/1749 2193/2287/1750
f 2187/2284/1747 2193/2287/1750 2194/2288/1751
f 2189/2280/1743 2188/2285/1748 2194/2288/1751
f 2190/2281/1744 2189/2280/1743 2195/2289/1752
f 2190/2281/1744 2196/2290/1753 2294/2291/1754
f 2192/2286/1749 2198/2015/1479 2199/2019/1482
f 2193/2287/1750 2199/2019/1482 2200/2020/1483
f 2195/2289/1752 2194/2288/1751 2200/2020/1483
f 2196/2290/1753 2195/2289/1752 2201/2022/1485
f 2196/2290/1753 2202/2024/1487 2295/2026/1489
f 1938/2292/1755 2205/2296/1759 2204/2293/1756
f 1944/2295/1758 2206/2298/1761 2205/2296/1759
f 1950/2297/1760 2207/2300/1763 2206/2298/1761
f 1956/2299/1762 2208/2302/1765 2207/2300/1763
f 1962/2301/1764 2209/2304/1767 2208/2302/1765
f 1968/2303/1766 2210/2306/1769 2209/2304/1767
f 1968/2303/1766 1974/2307/1770 2211/2305/1768
f 1974/2307/1770 1980/2309/1772 2212/2308/1771
f 1980/2309/1772 1987/2311/1774 2213/2310/1773
f 1987/2311/1774 1993/2314/1777 2214/2312/1775
f 1999/2313/1776 2215/2316/1779 2214/2312/1775
f 2005/2315/1778 2216/2318/1781 2215/2316/1779
f 2011/2317/1780 2217/2320/1783 2216/2318/1781
f 2017/2319/1782 2218/2322/1785 2217/2320/1783
f 2023/2321/1784 2219/2324/1787 2218/2322/1785
f 2023/2321/1784 2029/2325/1788 2220/2323/1786
f 2029/2325/1788 2035/2327/1790 2221/2326/1789
f 2035/2327/1790 2041/2329/1792 2222/2328/1791
f 2041/2329/1792 2047/2331/1794 2223/2330/1793
f 2047/2331/1794 2053/2333/1796 2224/2332/1795
f 2053/2333/1796 2059/2335/1798 2225/2334/1797
f 2059/2335/1798 2065/2338/1801 2226/2336/1799
f 2071/2337/1800 2227/2340/1803 2226/2336/1799
f 2077/2339/1802 2228/2342/1805 2227/2340/1803
f 2083/2341/1804 2229/2344/1807 2228/2342/1805
f 2089/2343/1806 2230/2346/1809 2229/2344/1807
f 2095/2345/1808 2231/2348/1811 2230/2346/1809
f 2101/2347/1810 2232/2350/1813 2231/2348/1811
f 2107/2349/1812 2233/2352/1815 2232/2350/1813
f 2107/2349/1812 2113/3314/1816 2234/2351/1814
f 2113/2353/1816 2119/2356/1818 2235/2354/1817
f 2119/2356/1818 2125/2358/1820 2236/2357/1819
f 2125/2358/1820 2131/2361/1823 2237/2359/1821
f 2137/2360/1822 2238/2363/1825 2237/2359/1821
f 2143/2362/1824 2239/2365/1827 2238/2363/1825
f 2149/2364/1826 2240/2367/1829 2239/2365/1827
f 2155/2366/1828 2241/2369/1831 2240/2367/1829
f 2161/2368/1830 2242/2371/1833 2241/2369/1831
f 2161/2368/1830 2167/2372/1834 2243/2370/1832
f 2167/2372/1834 2173/2374/1836 2244/2373/1835
f 2173/2374/1836 2179/2376/1838 2245/2375/1837
f 2179/2376/1838 2185/2378/1840 2246/2377/1839
f 2185/2378/1840 2191/2380/1842 2247/2379/1841
f 2191/2380/1842 2197/2382/1844 2248/2381/1843
f 2197/2382/1844 2203/2384/1846 2249/2383/1845
f 1932/2294/1757 2204/2293/1756 2249/2383/1845
f 2294/2291/1754 2295/2026/1489 2203/2385/1846
f 2293/2282/1745 2294/2291/1754 2197/2386/1844
f 2292/2279/1742 2293/2282/1745 2191/2387/1842
f 2291/2268/1731 2292/2279/1742 2185/2388/1840
f 2290/2265/1728 2291/2268/1731 2179/2389/1838
f 2289/2261/1724 2290/2265/1728 2173/2390/1836
f 2161/2392/1830 2288/2251/1714 2289/2261/1724
f 2287/2248/1711 2288/2251/1714 2161/2392/1830
f 2286/2243/1706 2287/2248/1711 2155/2393/1828
f 2285/2235/1698 2286/2243/1706 2149/2394/1826
f 2284/2231/1694 2285/2235/1698 2143/2395/1824
f 2283/2225/1688 2284/2231/1694 2137/2396/1822
f 2282/2217/1680 2283/2225/1688 2131/2397/1823
f 2281/2213/1676 2282/2217/1680 2125/2398/1820
f 2280/2202/1665 2281/2213/1676 2119/2399/1818
f 2107/2401/1812 2279/2199/1662 2280/2202/1665
f 2278/2195/1658 2279/2199/1662 2107/2401/1812
f 2277/2186/1649 2278/2195/1658 2101/2402/1810
f 2276/2182/1645 2277/2186/1649 2095/2403/1808
f 2275/2172/1635 2276/2182/1645 2089/2404/1806
f 2077/2406/1802 2274/2168/1631 2275/2172/1635
f 2273/2165/1628 2274/2168/1631 2077/2406/1802
f 2272/2156/1619 2273/2165/1628 2071/2407/1800
f 2271/2151/1614 2272/2156/1619 2065/2408/1801
f 2270/2147/1610 2271/2151/1614 2059/2409/1798
f 2269/2139/1602 2270/2147/1610 2053/2410/1796
f 2268/2134/1597 2269/2139/1602 2047/2411/1794
f 2267/2124/1587 2268/2134/1597 2041/2412/1792
f 2266/2121/1584 2267/2124/1587 2035/2413/1790
f 2265/2117/1580 2266/2121/1584 2029/2414/1788
f 2264/2107/1570 2265/2117/1580 2023/2415/1784
f 2263/2104/1567 2264/2107/1570 2017/2416/1782
f 2262/2099/1562 2263/2104/1567 2011/2417/1780
f 1999/2419/1776 2261/2091/1554 2262/2099/1562
f 2260/2087/1550 2261/2091/1554 1999/2419/1776
f 2259/2076/1539 2260/2087/1550 1993/2420/1777
f 2258/2073/1536 2259/2076/1539 1987/2421/1774
f 2257/2069/1532 2258/2073/1536 1980/2422/1772
f 2256/2059/1522 2257/2069/1532 1974/2423/1770
f 2255/2056/1519 2256/2059/1522 1968/2424/1766
f 2254/2051/1514 2255/2056/1519 1962/2425/1764
f 2253/2042/1505 2254/2051/1514 1956/2426/1762
f 2252/2039/1502 2253/2042/1505 1950/2427/1760
f 2251/2028/1491 2252/2039/1502 1944/2428/1758
f 2250/2027/1490 2251/2028/1491 1938/2429/1755
f 2295/2026/1489 2250/2027/1490 1932/2430/1757
f 2248/2381/1843 2249/2383/1845 2341/2431/1847
f 2247/2379/1841 2248/2381/1843 2340/2432/1848
f 2246/2377/1839 2247/2379/1841 2339/2433/1849
f 2246/2377/1839 2338/2434/1850 2337/2435/1851
f 2245/2375/1837 2337/2435/1851 2336/2436/1852
f 2243/2370/1832 2244/2373/1835 2336/2436/1852
f 2242/2371/1833 2243/2370/1832 2335/2437/1853
f 2242/2371/1833 2334/2438/1854 2333/2439/1855
f 2241/2369/1831 2333/2439/1855 2332/2440/1856
f 2240/2367/1829 2332/2440/1856 2331/2441/1857
f 2239/2365/1827 2331/2441/1857 2330/2442/1858
f 2238/2363/1825 2330/2442/1858 2329/2443/1859
f 2237/2359/1821 2329/2443/1859 2328/2444/1860
f 2236/2357/1819 2328/2444/1860 2327/2445/1861
f 2235/2354/1817 2327/2445/1861 2326/2446/1862
f 2234/2351/1814 2326/3315/1862 2325/2447/1863
f 2233/2352/1815 2325/2447/1863 2324/2448/1864
f 2231/2348/1811 2232/2350/1813 2324/2448/1864
f 2231/2348/1811 2323/2449/1865 2322/2450/1866
f 2230/2346/1809 2322/2450/1866 2321/2451/1867
f 2228/2342/1805 2229/2344/1807 2321/2451/1867
f 2227/2340/1803 2228/2342/1805 2320/2452/1868
f 2227/2340/1803 2319/2453/1869 2318/2454/1870
f 2226/2336/1799 2318/2454/1870 2317/2455/1871
f 2225/2334/1797 2317/2455/1871 2316/2456/1872
f 2224/2332/1795 2316/2456/1872 2315/2457/1873
f 2223/2330/1793 2315/2457/1873 2314/2458/1874
f 2222/2328/1791 2314/2458/1874 2313/2459/1875
f 2221/2326/1789 2313/2459/1875 2312/2460/1876
f 2219/2324/1787 2220/2323/1786 2312/2460/1876
f 2219/2324/1787 2311/2461/1877 2310/2462/1878
f 2218/2322/1785 2310/2462/1878 2309/2463/1879
f 2217/2320/1783 2309/2463/1879 2308/2464/1880
f 2216/2318/1781 2308/2464/1880 2307/2465/1881
f 2215/2316/1779 2307/2465/1881 2306/2466/1882
f 2214/2312/1775 2306/2466/1882 2305/2467/1883
f 2213/2310/1773 2305/2467/1883 2304/2468/1884
f 2212/2308/1771 2304/2468/1884 2303/2469/1885
f 2211/2305/1768 2303/2469/1885 2302/2470/1886
f 2210/2306/1769 2302/2470/1886 2301/2471/1887
f 2209/2304/1767 2301/2471/1887 2300/2472/1888
f 2208/2302/1765 2300/2472/1888 2299/2473/1889
f 2207/2300/1763 2299/2473/1889 2298/2474/1890
f 2205/2296/1759 2206/2298/1761 2298/2474/1890
f 2204/2293/1756 2205/2296/1759 2297/2475/1891
f 2204/2293/1756 2296/2476/1892 2341/2431/1847
f 2342/2477/1427 2378/2524/1930 2401/2478/1893
f 2368/2480/1895 2366/2546/1940 2365/2481/1896
f 2369/2483/1898 2368/2480/1895 2359/2482/1897
f 2370/2485/1900 2369/2483/1898 2357/2484/1899
f 2371/2487/1902 2370/2485/1900 2355/2486/1901
f 2351/2489/1904 2372/2491/1906 2371/2487/1902
f 2349/2490/1905 2373/3316/2470 2372/2491/1906
f 2374/2492/1907 2373/3316/2470 2349/2490/1905
f 2345/2494/1909 2375/3317/2471 2374/2492/1907
f 2376/2495/1910 2375/3317/2471 2345/2494/1909
f 2350/2497/1448 2387/2521/1928 2385/2498/1912
f 2377/2500/1913 2376/2495/1910 2343/2496/1911
f 2363/2502/1915 2367/2503/1916 2377/2500/1913
f 2367/2503/1916 2366/2546/1940 2368/2480/1895
f 2368/2480/1895 2369/2483/1898 2370/2485/1900
f 2370/2485/1900 2371/2487/1902 2372/2491/1906
f 2372/2491/1906 2373/3316/2470 2374/2492/1907
f 2374/2492/1907 2375/3317/2471 2376/2495/1910
f 2376/2495/1910 2377/2500/1913 2367/2503/1916
f 2367/2503/1916 2368/2480/1895 2370/2485/1900
f 2370/2485/1900 2372/2491/1906 2374/2492/1907
f 2374/2492/1907 2376/2495/1910 2367/2503/1916
f 2365/2481/1896 2363/2502/1915 2379/2504/1917
f 2348/2499/1332 2385/2498/1912 2383/2506/1919
f 2364/2479/1894 2401/2478/1893 2399/2508/1920
f 2362/2509/1473 2399/2508/1920 2397/2510/1921
f 2360/2511/1922 2397/2510/1921 2395/2512/1923
f 2358/2514/1340 2395/3318/1923 2393/2515/1924
f 2356/2516/1319 2393/2515/1924 2391/2517/1925
f 2354/2518/1423 2391/2517/1925 2389/2519/1926
f 2352/2520/1927 2389/2519/1926 2387/2521/1928
f 2346/2507/1330 2383/2506/1919 2381/2522/1929
f 2344/2523/1350 2381/2522/1929 2378/2524/1930
f 2380/2505/1918 2379/2504/1917 2378/2525/1930
f 2383/2527/1919 2382/2547/1941 2380/2505/1918
f 2384/2528/1931 2382/2547/1941 2383/2527/1919
f 2386/2530/1932 2384/2528/1931 2385/2529/1912
f 2388/2532/1933 2386/2530/1932 2387/2531/1928
f 2390/2534/1934 2388/2532/1933 2389/2533/1926
f 2392/2536/1935 2390/2534/1934 2391/2535/1925
f 2394/2538/1936 2392/2536/1935 2393/2537/1924
f 2396/2540/1937 2394/2538/1936 2395/2539/1923
f 2398/2542/1938 2396/2540/1937 2397/2541/1921
f 2400/2544/1939 2398/2542/1938 2399/2543/1920
f 2379/2504/1917 2400/2544/1939 2401/2545/1893
f 2366/2546/1940 2367/2503/1916 2363/2502/1915
f 2379/2504/1917 2363/2502/1915 2361/2501/1914
f 2361/2501/1914 2343/2496/1911 2398/2542/1938
f 2343/2496/1911 2345/2494/1909 2396/2540/1937
f 2345/2494/1909 2347/2493/1908 2394/2538/1936
f 2394/2538/1936 2347/2493/1908 2349/2490/1905
f 2349/2490/1905 2351/2489/1904 2390/2534/1934
f 2390/2534/1934 2351/2489/1904 2353/2488/1903
f 2388/2532/1933 2353/2488/1903 2355/2486/1901
f 2386/2530/1932 2355/2486/1901 2357/2484/1899
f 2357/2484/1899 2359/2482/1897 2382/2547/1941
f 2382/2547/1941 2359/2482/1897 2365/2481/1896
f 2403/2548/1942 2405/2551/1945 2457/2549/1943
f 2405/2551/1945 2407/2553/1947 2458/2552/1946
f 2407/2553/1947 2409/2555/1949 2459/2554/1948
f 2409/2555/1949 2411/2557/1951 2460/2556/1950
f 2411/2557/1951 2413/2559/1953 2461/2558/1952
f 2413/2559/1953 2415/2561/1955 2462/2560/1954
f 2415/2561/1955 2417/2563/1957 2463/2562/1956
f 2417/2563/1957 2419/2565/1959 2464/2564/1958
f 2419/2565/1959 2421/2567/1961 2465/2566/1960
f 2421/2567/1961 2423/2569/1963 2466/2568/1962
f 2423/2569/1963 2425/2571/1965 2467/2570/1964
f 2425/2571/1965 2427/2573/1967 2468/2572/1966
f 2427/2573/1967 2429/2575/1969 2469/2574/1968
f 2429/2575/1969 2431/2577/1971 2470/2576/1970
f 2431/2577/1971 2433/3319/2472 2471/2578/1972
f 2471/2578/1972 2433/3319/2472 2435/2579/1973
f 2553/2581/1975 2426/2667/2043 2424/2582/1976
f 2435/2579/1973 2437/2585/1979 2473/2584/1978
f 2437/2585/1979 2403/3320/1942 2456/2586/1944
f 2477/2587/1980 2476/2642/2018 2440/2588/1981
f 2566/2590/1983 2587/2760/2136 2586/2591/1984
f 2474/2593/1986 2491/2597/1990 2455/2594/1987
f 2490/2596/1989 2454/2599/1992 2455/2594/1987
f 2489/2598/1991 2453/2601/1994 2454/2599/1992
f 2488/2600/1993 2452/2603/1996 2453/2601/1994
f 2487/2602/1995 2451/2605/1998 2452/2603/1996
f 2486/2604/1997 2450/2607/2000 2451/2605/1998
f 2485/2606/1999 2449/2609/2002 2450/2607/2000
f 2485/2606/1999 2484/2611/2004 2448/2608/2001
f 2483/2610/2003 2447/2613/2006 2448/2608/2001
f 2482/2612/2005 2446/2615/2008 2447/2613/2006
f 2481/2614/2007 2445/2617/2010 2446/2615/2008
f 2480/2616/2009 2444/2619/2012 2445/2617/2010
f 2480/2616/2009 2479/2621/2014 2443/2618/2011
f 2478/2620/2013 2442/2622/2015 2443/2618/2011
f 2478/2620/2013 2477/2587/1980 2441/2589/1982
f 2473/2624/1978 2456/2640/1944 2438/2595/1988
f 2472/2625/1974 2473/2624/1978 2455/2594/1987
f 2471/2626/1972 2472/2625/1974 2454/2599/1992
f 2470/2627/1970 2471/2626/1972 2453/2601/1994
f 2469/2628/1968 2470/2627/1970 2452/2603/1996
f 2468/2629/1966 2469/2628/1968 2451/2605/1998
f 2449/2609/2002 2467/3321/1964 2468/2629/1966
f 2466/2630/1962 2467/3321/1964 2449/2609/2002
f 2465/2631/1960 2466/2630/1962 2448/2608/2001
f 2446/2615/2008 2464/2632/1958 2465/2631/1960
f 2445/2617/2010 2463/2633/1956 2464/2632/1958
f 2444/2619/2012 2462/2634/1954 2463/2633/1956
f 2443/2618/2011 2461/2635/1952 2462/2634/1954
f 2442/2622/2015 2460/2636/1950 2461/2635/1952
f 2441/2589/1982 2459/2637/1948 2460/2636/1950
f 2440/2588/1981 2458/2639/1946 2459/2637/1948
f 2439/2638/2016 2457/3322/1943 2458/2639/1946
f 2456/2640/1944 2457/3322/1943 2439/2638/2016
f 2475/2641/2017 2439/2638/2016 2440/2588/1981
f 2560/2643/2019 2552/2668/2044 2416/2644/2020
f 2559/2646/2022 2551/2669/2045 2406/2647/2023
f 2558/2649/2025 2550/2670/2046 2430/2650/2026
f 2549/2652/2028 2420/2671/2047 2418/2653/2029
f 2548/2655/2031 2410/2674/2050 2408/2656/2032
f 2555/2658/2034 2547/2673/2049 2436/2659/2035
f 2561/2583/1977 2424/2582/1976 2422/2661/2037
f 2563/2663/2039 2560/2643/2019 2414/2645/2021
f 2562/2665/2041 2559/2646/2022 2404/2648/2024
f 2558/2649/2025 2428/2651/2027 2426/2667/2043
f 2557/2654/2030 2418/2653/2029 2416/2644/2020
f 2556/2657/2033 2408/2656/2032 2406/2647/2023
f 2555/2658/2034 2432/2660/2036 2430/2650/2026
f 2554/2662/2038 2422/2661/2037 2420/2671/2047
f 2546/2672/2048 2434/2675/2051 2436/2659/2035
f 2563/2663/2039 2412/2664/2040 2410/2674/2050
f 2562/2665/2041 2402/2666/2042 2434/2675/2051
f 2437/2676/2052 2508/2700/2076 2492/2677/2053
f 2427/2679/2055 2509/2702/2078 2497/2680/2056
f 2405/2682/2058 2403/2678/2054 2492/2677/2053
f 2417/2684/2060 2493/2704/2080 2499/2685/2061
f 2407/2687/2063 2494/2705/2081 2501/2688/2064
f 2433/2690/2066 2431/2706/2082 2496/2691/2067
f 2421/2693/2069 2498/2707/2083 2505/2694/2070
f 2411/2696/2072 2500/2708/2084 2507/2697/2073
f 2435/2699/2075 2502/2709/2085 2508/2700/2076
f 2425/2701/2077 2504/2710/2086 2509/2702/2078
f 2417/2684/2060 2415/2711/2087 2506/2703/2079
f 2405/2682/2058 2495/2683/2059 2494/2705/2081
f 2431/2706/2082 2429/2681/2057 2497/2680/2056
f 2419/2686/2062 2499/2685/2061 2498/2707/2083
f 2411/2696/2072 2409/2689/2065 2501/2688/2064
f 2433/2690/2066 2503/2692/2068 2502/2709/2085
f 2425/2701/2077 2423/2695/2071 2505/2694/2070
f 2413/2698/2074 2507/2697/2073 2506/2703/2079
f 2508/2700/2076 2526/2720/2096 2510/2712/2088
f 2509/2702/2078 2527/2721/2097 2512/2713/2089
f 2492/2677/2053 2510/2712/2088 2511/2714/2090
f 2493/2704/2080 2518/2722/2098 2513/2715/2091
f 2494/2705/2081 2519/2723/2099 2514/2716/2092
f 2496/2691/2067 2520/2724/2100 2515/2717/2093
f 2498/2707/2083 2521/2725/2101 2516/2718/2094
f 2500/2708/2084 2522/2726/2102 2517/2719/2095
f 2502/2709/2085 2523/2727/2103 2526/2720/2096
f 2504/2710/2086 2524/2728/2104 2527/2721/2097
f 2506/2703/2079 2525/2729/2105 2518/2722/2098
f 2495/2683/2059 2511/2714/2090 2519/2723/2099
f 2497/2680/2056 2512/2713/2089 2520/2724/2100
f 2499/2685/2061 2513/2715/2091 2521/2725/2101
f 2501/2688/2064 2514/2716/2092 2522/2726/2102
f 2503/2692/2068 2515/2717/2093 2523/2727/2103
f 2505/2694/2070 2516/2718/2094 2524/2728/2104
f 2507/2697/2073 2517/2719/2095 2525/2729/2105
f 2526/2720/2096 2544/2740/2116 2528/2730/2106
f 2527/2721/2097 2545/2742/2118 2530/2731/2107
f 2511/2714/2090 2510/2712/2088 2528/2730/2106
f 2518/2722/2098 2536/2743/2119 2531/2733/2109
f 2519/2723/2099 2537/2744/2120 2532/2734/2110
f 2515/2717/2093 2520/2724/2100 2538/2735/2111
f 2521/2725/2101 2539/2745/2121 2534/2737/2113
f 2522/2726/2102 2540/2746/2122 2535/2738/2114
f 2526/2720/2096 2523/2727/2103 2541/2739/2115
f 2527/2721/2097 2524/2728/2104 2542/2741/2117
f 2525/2729/2105 2543/2747/2123 2536/2743/2119
f 2511/2714/2090 2529/2732/2108 2537/2744/2120
f 2520/2724/2100 2512/2713/2089 2530/2731/2107
f 2521/2725/2101 2513/2715/2091 2531/2733/2109
f 2522/2726/2102 2514/2716/2092 2532/2734/2110
f 2515/2717/2093 2533/2736/2112 2541/2739/2115
f 2524/2728/2104 2516/2718/2094 2534/2737/2113
f 2517/2719/2095 2535/2738/2114 2543/2747/2123
f 2544/2740/2116 2562/2665/2041 2546/2672/2048
f 2545/2742/2118 2563/2663/2039 2548/2655/2031
f 2528/2730/2106 2546/2672/2048 2547/2673/2049
f 2531/2733/2109 2536/2743/2119 2554/2662/2038
f 2537/2744/2120 2555/2658/2034 2550/2670/2046
f 2533/2736/2112 2538/2735/2111 2556/2657/2033
f 2539/2745/2121 2557/2654/2030 2552/2668/2044
f 2540/2746/2122 2558/2649/2025 2553/2581/1975
f 2541/2739/2115 2559/2646/2022 2562/2665/2041
f 2542/2741/2117 2560/2643/2019 2563/2663/2039
f 2536/2743/2119 2543/2747/2123 2561/2583/1977
f 2537/2744/2120 2529/2732/2108 2547/2673/2049
f 2530/2731/2107 2548/2655/2031 2556/2657/2033
f 2531/2733/2109 2549/2652/2028 2557/2654/2030
f 2540/2746/2122 2532/2734/2110 2550/2670/2046
f 2533/2736/2112 2551/2669/2045 2559/2646/2022
f 2534/2737/2113 2552/2668/2044 2560/2643/2019
f 2535/2738/2114 2553/2581/1975 2561/2583/1977
f 2578/2748/2124 2597/2762/2138 2596/2749/2125
f 2592/2751/2127 2591/2778/2152 2573/2752/2128
f 2583/2754/2130 2582/2797/2153 2580/2755/2131
f 2593/2757/2133 2592/2751/2127 2571/2753/2129
f 2564/2759/2135 2588/2811/2156 2587/2760/2136
f 2574/2761/2137 2599/2798/2154 2597/2762/2138
f 2589/2763/2139 2588/2811/2156 2564/2759/2135
f 2598/2765/2141 2599/2798/2154 2574/2761/2137
f 2584/2767/2143 2583/2754/2130 2575/2756/2132
f 2594/2769/2145 2593/2757/2133 2569/2758/2134
f 2585/2771/2147 2584/2767/2143 2572/2768/2144
f 2565/2773/2149 2595/2809/2155 2594/2769/2145
f 2590/2774/2150 2589/2763/2139 2577/2764/2140
f 2580/2755/2131 2581/2819/2142 2434/2776/2051
f 2591/2778/2152 2590/2774/2150 2576/2775/2151
f 2568/2592/1985 2586/2591/1984 2585/2771/2147
f 2596/2749/2125 2595/2809/2155 2565/2773/2149
f 2573/2752/2128 2576/2775/2151 2418/2779/2029
f 2577/2764/2140 2564/2759/2135 2414/2781/2021
f 2566/2590/1983 2568/2592/1985 2410/2783/2050
f 2410/2783/2050 2568/2592/1985 2570/2772/2148
f 2581/2766/2142 2574/2761/2137 2436/2786/2035
f 2578/2748/2124 2579/2750/2126 2430/2788/2026
f 2430/2788/2026 2579/2750/2126 2565/2773/2149
f 2572/2768/2144 2575/2756/2132 2404/2791/2024
f 2422/2793/2037 2571/2753/2129 2573/2752/2128
f 2426/2794/2043 2567/2770/2146 2569/2758/2134
f 2575/2756/2132 2580/2755/2131 2402/2777/2042
f 2570/2772/2148 2572/2768/2144 2406/2792/2023
f 2424/2795/1976 2569/2758/2134 2571/2753/2129
f 2565/2773/2149 2567/2770/2146 2426/2794/2043
f 2564/2759/2135 2566/2590/1983 2412/2784/2040
f 2576/2775/2151 2577/2764/2140 2416/2782/2020
f 2574/2761/2137 2578/2748/2124 2432/2789/2036
f 2583/2754/2130 2601/2801/1467 2600/2796/1433
f 2599/2798/2154 2617/2802/1430 2615/2799/1419
f 2591/2778/2152 2609/2803/1429 2608/2800/1348
f 2584/2767/2143 2602/2804/1448 2601/2801/1467
f 2598/2765/2141 2616/3323/1317 2617/2802/1430
f 2592/2751/2127 2610/2805/1475 2609/2803/1429
f 2585/2771/2147 2603/2806/1428 2602/2804/1448
f 2593/2757/2133 2611/2807/1343 2610/2805/1475
f 2586/2591/1984 2604/2808/1422 2603/2806/1428
f 2594/2769/2145 2612/2810/1470 2611/2807/1343
f 2587/2760/2136 2605/2812/1457 2604/2808/1422
f 2595/2809/2155 2613/2813/2157 2612/2810/1470
f 2588/2811/2156 2606/2814/1425 2605/2812/1457
f 2596/2749/2125 2614/2817/1418 2613/2813/2157
f 2589/2763/2139 2607/2818/1435 2606/2814/1425
f 2582/2797/2153 2600/2796/1433 2616/2815/1317
f 2597/2762/2138 2615/2799/1419 2614/2817/1418
f 2590/2774/2150 2608/2800/1348 2607/2818/1435
f 2580/2755/2131 2582/2797/2153 2598/2816/2141
f 2474/2593/1986 2438/2595/1988 2439/2638/2016
f 2646/2839/2158 2644/3324/2188 2628/2840/2159
f 2649/2842/2161 2651/2888/2190 2635/2843/2162
f 2623/2845/2164 2638/2890/2183 2641/2846/2165
f 2634/2848/2167 2650/2885/2191 2648/2849/2168
f 2640/2851/2170 2637/2886/2192 2622/2852/2171
f 2655/2854/2173 2645/3325/2187 2629/2855/2174
f 2635/2857/2162 2634/3326/2167 2632/2858/2169
f 2652/2860/2176 2654/2891/2186 2642/2861/2177
f 2631/2863/2179 2647/2883/2189 2649/2842/2161
f 2620/2864/2180 2634/3326/2167 2635/2857/2162
f 2636/2866/2182 2637/2921/2192 2638/2867/2183
f 2641/2869/2165 2667/2917/2203 2666/2870/2185
f 2642/2872/2177 2643/2903/2194 2641/2869/2165
f 2654/2873/2186 2644/2876/2188 2645/2874/2187
f 2644/2876/2188 2646/2878/2158 2647/2877/2189
f 2646/2878/2158 2648/2880/2168 2649/2879/2161
f 2648/2880/2168 2650/2882/2191 2651/2881/2190
f 2636/2866/2182 2639/2868/2184 2651/2881/2190
f 2629/2855/2174 2645/3325/2187 2647/2883/2189
f 2626/2862/2178 2642/2861/2177 2640/2851/2170
f 2620/2884/2180 2636/3327/2182 2650/2885/2191
f 2637/2886/2192 2636/3327/2182 2620/2884/2180
f 2641/2846/2165 2643/2892/2194 2627/2887/2193
f 2651/2888/2190 2639/3328/2184 2621/2889/2181
f 2621/2889/2181 2639/3328/2184 2638/2890/2183
f 2648/2849/2168 2646/2839/2158 2630/2841/2160
f 2628/2840/2159 2644/3324/2188 2654/2891/2186
f 2643/2892/2194 2655/2854/2173 2653/2856/2175
f 2656/2893/2195 2661/3329/2468 2655/2854/2173
f 2655/2894/2173 2661/3302/2468 2662/2895/2196
f 2654/2891/2186 2662/3330/2196 2659/2897/2197
f 2663/2898/2198 2660/2901/2201 2657/2899/2199
f 2660/2901/2201 2661/3329/2468 2656/2893/2195
f 2659/2897/2197 2662/3330/2196 2663/2898/2198
f 2642/2872/2177 2659/3300/2197 2656/2902/2195
f 2633/2859/2163 2632/2858/2169 2630/2904/2160
f 2631/2905/2179 2630/2904/2160 2628/2906/2159
f 2628/2908/2159 2652/3331/2176 2653/2909/2175
f 2653/2909/2175 2652/3331/2176 2626/2911/2178
f 2626/2911/2178 2624/3332/2172 2625/2913/2166
f 2625/2913/2166 2624/3332/2172 2622/2914/2171
f 2623/2915/2164 2622/2914/2171 2620/2864/2180
f 2665/2916/2202 2666/2870/2185 2667/2917/2203
f 2666/2919/2185 2665/3333/2202 2637/2886/2192
f 2638/2890/2183 2664/3334/2204 2667/2920/2203
f 2637/2921/2192 2665/2916/2202 2664/2918/2204
f 2669/2922/2205 2671/3335/2206 2670/2923/2206
f 2670/2923/2206 2671/3335/2206 2673/2925/2207
f 2673/2925/2207 2675/3336/2208 2674/2927/2208
f 2674/2927/2208 2675/3336/2208 2677/2928/2209
f 2676/2929/2209 2677/2928/2209 2679/2930/2210
f 2679/2930/2210 2681/2933/2211 2680/2932/2211
f 2681/2933/2211 2683/3337/2212 2682/2934/2212
f 2682/2935/2212 2683/3338/2212 2669/2922/2205
f 2695/2936/2213 2684/2960/2236 2696/2937/2214
f 2687/2939/2216 2688/2957/2233 2700/2940/2217
f 2687/2939/2216 2699/2941/2218 2698/2942/2219
f 2694/2944/2221 2695/2936/2213 2707/2938/2215
f 2694/2946/2221 2706/3339/2222 2705/2947/2223
f 2692/2949/2225 2693/2948/2224 2705/2947/2223
f 2692/2949/2225 2704/2950/2226 2703/2951/2227
f 2690/2953/2229 2691/2952/2228 2703/2951/2227
f 2689/2955/2231 2690/2953/2229 2702/2954/2230
f 2689/2955/2231 2701/2956/2232 2700/2940/2217
f 2686/2943/2220 2698/2942/2219 2697/2958/2234
f 2685/2959/2235 2697/2958/2234 2696/2937/2214
f 2719/2966/2238 2708/2990/2260 2720/2967/2239
f 2711/2969/2241 2712/2987/2257 2724/2970/2217
f 2710/2972/2243 2711/2969/2241 2723/2971/2242
f 2718/2974/2245 2719/2966/2238 2731/2968/2240
f 2718/2976/2245 2730/3340/2246 2729/2977/2247
f 2717/2978/2248 2729/2977/2247 2728/2979/2249
f 2715/2981/2251 2716/2980/2250 2728/2979/2249
f 2715/2981/2251 2727/2982/2252 2726/2983/2253
f 2714/2984/2254 2726/2983/2253 2725/2985/2255
f 2713/2986/2256 2725/2985/2255 2724/2970/2217
f 2709/2988/2258 2710/2972/2243 2722/2973/2244
f 2709/2988/2258 2721/2989/2259 2720/2967/2239
f 2735/2996/2262 2737/3070/2331 2879/2997/2263
f 2832/2999/2265 2836/3002/2268 2811/3000/2266
f 2836/3002/2268 2840/3004/2270 2814/3003/2269
f 2840/3004/2270 2844/3139/2272 2817/3005/2271
f 2844/3006/2272 2848/3130/2384 2820/3007/2273
f 2820/3007/2273 2848/3130/2384 2852/3009/2274
f 2823/3010/2275 2852/3009/2274 2856/3011/2276
f 2804/3013/2278 2829/3117/2371 2832/2999/2265
f 2802/3014/2279 2776/3026/2291 2749/3015/2280
f 2777/3017/2282 2825/3028/2293 2805/3018/2283
f 2880/3020/2285 2739/3341/2473 2741/3021/2286
f 2748/3019/2284 2805/3018/2283 2807/3023/2288
f 2799/3025/2290 2772/3030/2295 2776/3026/2291
f 2773/3027/2292 2822/3035/2300 2825/3028/2293
f 2796/3029/2294 2768/3081/2342 2772/3030/2295
f 2875/3031/2296 2798/3039/2304 2801/3032/2297
f 2769/3034/2299 2819/3110/2366 2822/3035/2300
f 2764/3036/2301 2768/3081/2342 2796/3029/2294
f 2874/3038/2303 2795/3049/2313 2798/3039/2304
f 2816/3040/2305 2819/3110/2366 2769/3034/2299
f 2760/3042/2307 2764/3088/2301 2793/3043/2302
f 2883/3045/2309 2745/3056/2319 2747/3046/2310
f 2873/3048/2312 2792/3100/2321 2795/3049/2313
f 2813/3050/2314 2816/3114/2305 2765/3051/2306
f 2756/3053/2316 2760/3042/2307 2790/3044/2308
f 2882/3055/2318 2743/3064/2325 2745/3056/2319
f 2872/3057/2320 2789/3103/2359 2792/3058/2321
f 2810/3060/2322 2813/3050/2314 2761/3052/2315
f 2784/3062/2324 2752/3067/2328 2756/3053/2316
f 2881/3063/2287 2741/3342/2286 2743/3064/2325
f 2786/3065/2326 2789/3103/2359 2872/3057/2320
f 2807/3023/2288 2810/3060/2322 2757/3061/2323
f 2780/3016/2281 2749/3015/2280 2752/3067/2328
f 2783/3068/2329 2786/3065/2326 2871/3066/2327
f 2737/3070/2331 2739/3341/2473 2880/3020/2285
f 2733/3071/2332 2735/2996/2262 2878/2998/2264
f 2748/3019/2284 2750/3074/2335 2779/3073/2334
f 2750/3074/2335 2751/3076/2337 2778/3075/2336
f 2751/3076/2337 2749/3015/2280 2776/3026/2291
f 2777/3017/2282 2779/3073/2334 2775/3077/2338
f 2779/3073/2334 2778/3075/2336 2774/3078/2339
f 2778/3075/2336 2776/3026/2291 2772/3030/2295
f 2773/3027/2292 2775/3077/2338 2771/3079/2340
f 2775/3077/2338 2774/3078/2339 2770/3080/2341
f 2774/3078/2339 2772/3030/2295 2768/3081/2342
f 2769/3034/2299 2771/3079/2340 2767/3082/2343
f 2767/3082/2343 2771/3079/2340 2770/3080/2341
f 2766/3083/2344 2770/3080/2341 2768/3081/2342
f 2761/3052/2315 2765/3051/2306 2767/3084/2343
f 2763/3085/2345 2767/3084/2343 2766/3086/2344
f 2762/3087/2346 2766/3086/2344 2764/3088/2301
f 2757/3061/2323 2761/3052/2315 2763/3085/2345
f 2759/3089/2347 2763/3085/2345 2762/3087/2346
f 2758/3090/2348 2762/3087/2346 2760/3042/2307
f 2753/3024/2289 2757/3061/2323 2759/3089/2347
f 2759/3089/2347 2758/3090/2348 2754/3092/2350
f 2758/3090/2348 2756/3053/2316 2752/3067/2328
f 2753/3024/2289 2755/3091/2349 2750/3074/2335
f 2755/3091/2349 2754/3092/2350 2751/3076/2337
f 2754/3092/2350 2752/3067/2328 2749/3015/2280
f 2869/3033/2298 2801/3032/2297 2781/3093/2351
f 2780/3016/2281 2782/3096/2354 2803/3095/2353
f 2782/3096/2354 2781/3093/2351 2801/3032/2297
f 2802/3014/2279 2803/3095/2353 2800/3097/2355
f 2803/3095/2353 2801/3032/2297 2798/3039/2304
f 2799/3025/2290 2800/3097/2355 2797/3098/2356
f 2800/3097/2355 2798/3039/2304 2795/3049/2313
f 2796/3029/2294 2797/3098/2356 2794/3099/2357
f 2797/3098/2356 2795/3049/2313 2792/3100/2321
f 2790/3044/2308 2793/3043/2302 2794/3101/2357
f 2791/3102/2358 2794/3101/2357 2792/3058/2321
f 2787/3054/2317 2790/3044/2308 2791/3102/2358
f 2788/3104/2360 2791/3102/2358 2789/3103/2359
f 2784/3062/2324 2787/3054/2317 2788/3104/2360
f 2785/3105/2361 2788/3104/2360 2786/3065/2326
f 2784/3062/2324 2785/3105/2361 2782/3096/2354
f 2785/3105/2361 2783/3068/2329 2781/3093/2351
f 2781/3093/2351 2783/3068/2329 2870/3069/2330
f 2804/3013/2278 2806/3107/2363 2827/3106/2362
f 2806/3107/2363 2805/3018/2283 2825/3028/2293
f 2826/3012/2277 2827/3106/2362 2824/3108/2364
f 2827/3106/2362 2825/3028/2293 2822/3035/2300
f 2823/3010/2275 2824/3108/2364 2821/3109/2365
f 2824/3108/2364 2822/3035/2300 2819/3110/2366
f 2820/3007/2273 2821/3109/2365 2818/3111/2367
f 2818/3111/2367 2821/3109/2365 2819/3110/2366
f 2814/3003/2269 2817/3005/2271 2818/3112/2367
f 2815/3113/2368 2818/3112/2367 2816/3114/2305
f 2811/3000/2266 2814/3003/2269 2815/3113/2368
f 2812/3115/2369 2815/3113/2368 2813/3050/2314
f 2808/3001/2267 2811/3000/2266 2812/3115/2369
f 2812/3115/2369 2810/3060/2322 2807/3023/2288
f 2808/3001/2267 2809/3116/2370 2806/3107/2363
f 2809/3116/2370 2807/3023/2288 2805/3018/2283
f 2826/3012/2277 2856/3011/2276 2829/3117/2371
f 2828/3118/2372 2830/3121/2375 2859/3119/2373
f 2830/3121/2375 2831/3123/2377 2858/3122/2376
f 2831/3123/2377 2829/3117/2371 2856/3011/2276
f 2857/3120/2374 2859/3119/2373 2855/3124/2378
f 2859/3119/2373 2858/3122/2376 2854/3126/2380
f 2858/3122/2376 2856/3011/2276 2852/3009/2274
f 2853/3125/2379 2855/3124/2378 2851/3127/2381
f 2855/3124/2378 2854/3126/2380 2850/3129/2383
f 2854/3126/2380 2852/3009/2274 2848/3130/2384
f 2849/3128/2382 2851/3127/2381 2847/3131/2385
f 2851/3127/2381 2850/3129/2383 2846/3133/2387
f 2846/3133/2387 2850/3129/2383 2848/3130/2384
f 2841/3134/2388 2845/3173/2386 2847/3135/2385
f 2843/3136/2389 2847/3135/2385 2846/3137/2387
f 2842/3138/2390 2846/3137/2387 2844/3139/2272
f 2837/3140/2391 2841/3134/2388 2843/3136/2389
f 2839/3141/2392 2843/3136/2389 2842/3138/2390
f 2838/3142/2393 2842/3138/2390 2840/3004/2270
f 2833/3143/2394 2837/3140/2391 2839/3141/2392
f 2835/3144/2395 2839/3141/2392 2838/3142/2393
f 2838/3142/2393 2836/3002/2268 2832/2999/2265
f 2828/3118/2372 2833/3143/2394 2835/3144/2395
f 2835/3144/2395 2834/3145/2396 2831/3123/2377
f 2834/3145/2396 2832/2999/2265 2829/3117/2371
f 2876/3047/2311 2747/3046/2310 2733/3071/2332
f 2732/3146/2397 2860/3150/2401 2861/3147/2398
f 2746/3149/2400 2862/3162/2411 2860/3150/2401
f 2734/3148/2399 2861/3147/2398 2863/3151/2402
f 2736/3152/2403 2863/3151/2402 2864/3153/2404
f 2738/3154/2405 2864/3153/2404 2865/3155/2406
f 2865/3157/2406 2866/3160/2409 2742/3158/2408
f 2866/3160/2409 2867/3163/2412 2744/3161/2410
f 2744/3161/2410 2867/3163/2412 2862/3162/2411
f 2860/3150/2401 2868/3094/2352 2870/3069/2330
f 2862/3162/2411 2869/3033/2298 2868/3094/2352
f 2861/3147/2398 2870/3069/2330 2871/3066/2327
f 2863/3151/2402 2871/3066/2327 2872/3057/2320
f 2872/3057/2320 2873/3059/2312 2865/3155/2406
f 2873/3048/2312 2874/3038/2303 2866/3160/2409
f 2874/3038/2303 2875/3031/2296 2867/3163/2412
f 2875/3031/2296 2869/3033/2298 2862/3162/2411
f 2876/3047/2311 2877/3072/2333 2884/3164/2413
f 2877/3072/2333 2878/2998/2264 2885/3166/2415
f 2886/3167/2416 2879/2997/2263 2880/3020/2285
f 2888/3169/2418 2881/3063/2287 2882/3055/2318
f 2889/3170/2419 2882/3055/2318 2883/3045/2309
f 2890/3171/2420 2883/3045/2309 2876/3047/2311
f 2887/3168/2417 2880/3020/2285 2881/3022/2287
f 2878/2998/2264 2879/2997/2263 2886/3167/2416
f 2833/3143/2394 2885/3166/2415 2886/3167/2416
f 2887/3168/2417 2888/3172/2418 2845/3173/2386
f 2853/3125/2379 2890/3171/2420 2891/3165/2414
f 2889/3170/2419 2890/3171/2420 2853/3125/2379
f 2888/3169/2418 2889/3170/2419 2849/3128/2382
f 2886/3167/2416 2887/3168/2417 2841/3134/2388
f 2828/3118/2372 2884/3164/2413 2885/3166/2415
f 2857/3120/2374 2891/3165/2414 2884/3164/2413
f 2918/3174/2421 2916/3343/2451 2900/3175/2422
f 2921/3177/2424 2923/3223/2453 2907/3178/2425
f 2895/3180/2427 2910/3225/2446 2913/3181/2428
f 2906/3183/2430 2922/3220/2454 2920/3184/2431
f 2912/3186/2433 2909/3221/2455 2894/3187/2434
f 2927/3189/2436 2917/3344/2450 2901/3190/2437
f 2907/3192/2425 2906/3345/2430 2904/3193/2432
f 2924/3195/2439 2926/3226/2449 2914/3196/2440
f 2903/3198/2442 2919/3218/2452 2921/3177/2424
f 2892/3199/2443 2906/3345/2430 2907/3192/2425
f 2908/3201/2445 2909/3257/2455 2910/3202/2446
f 2913/3204/2428 2939/3253/2466 2938/3205/2448
f 2914/3207/2440 2915/3238/2457 2913/3204/2428
f 2926/3208/2449 2916/3211/2451 2917/3209/2450
f 2916/3211/2451 2918/3213/2421 2919/3212/2452
f 2918/3213/2421 2920/3215/2431 2921/3214/2424
f 2920/3215/2431 2922/3217/2454 2923/3216/2453
f 2908/3201/2445 2911/3203/2447 2923/3216/2453
f 2901/3190/2437 2917/3344/2450 2919/3218/2452
f 2898/3197/2441 2914/3196/2440 2912/3186/2433
f 2892/3219/2443 2908/3346/2445 2922/3220/2454
f 2909/3221/2455 2908/3346/2445 2892/3219/2443
f 2913/3181/2428 2915/3227/2457 2899/3222/2456
f 2923/3223/2453 2911/3347/2447 2893/3224/2444
f 2893/3224/2444 2911/3347/2447 2910/3225/2446
f 2920/3184/2431 2918/3174/2421 2902/3176/2423
f 2900/3175/2422 2916/3343/2451 2926/3226/2449
f 2915/3227/2457 2927/3189/2436 2925/3191/2438
f 2928/3228/2458 2933/3348/2469 2927/3189/2436
f 2927/3229/2436 2933/3304/2469 2934/3230/2459
f 2926/3226/2449 2934/3349/2459 2931/3232/2460
f 2935/3233/2461 2932/3236/2464 2929/3234/2462
f 2932/3236/2464 2933/3348/2469 2928/3228/2458
f 2931/3232/2460 2934/3349/2459 2935/3233/2461
f 2931/3237/2460 2928/3307/2458 2915/3238/2457
f 2905/3194/2426 2904/3193/2432 2902/3239/2423
f 2903/3240/2442 2902/3239/2423 2900/3241/2422
f 2900/3243/2422 2924/3246/2439 2925/3244/2438
f 2924/3246/2439 2898/3248/2441 2899/3247/2456
f 2898/3248/2441 2896/3350/2435 2897/3249/2429
f 2897/3249/2429 2896/3350/2435 2894/3250/2434
f 2895/3251/2427 2894/3250/2434 2892/3199/2443
f 2937/3252/2465 2938/3205/2448 2939/3253/2466
f 2938/3255/2448 2937/3351/2465 2909/3221/2455
f 2910/3225/2446 2936/3352/2467 2939/3256/2466
f 2909/3257/2455 2937/3252/2465 2936/3254/2467
f 2659/3300/2197 2658/3353/2200 2657/3301/2199
f 2661/3302/2468 2660/3354/2201 2663/3303/2198
f 2933/3304/2469 2932/3355/2464 2935/3305/2461
f 2930/3306/2463 2929/3356/2462 2928/3307/2458
usemtl modern_ceiling_globe
f 250/3357/2474 260/3358/2475 251/3359/1423
f 391/3360/2476 256/3361/2477 257/3362/2478
f 253/3363/2479 264/3364/2480 254/3365/2481
f 252/3366/2482 260/3358/2475 261/3367/2483
f 391/3360/2476 258/3368/2484 249/3369/2485
f 255/3370/1167 254/3365/2481 264/3364/2480
f 392/3371/2486 261/3367/2483 262/3372/2487
f 249/3369/2485 259/3373/2488 250/3357/2474
f 292/3374/2489 399/3375/2490 301/3376/2491
f 392/3371/2486 263/3377/2492 253/3363/2479
f 259/3373/2488 269/3378/2493 260/3358/2475
f 256/3361/2477 266/3379/2494 257/3362/2478
f 263/3377/2492 273/3380/2495 264/3364/2480
f 261/3367/2483 269/3378/2493 270/3381/2496
f 257/3362/2478 267/3382/2497 258/3368/2484
f 255/3370/1167 264/3364/2480 273/3380/2495
f 262/3372/2487 270/3381/2496 271/3383/2498
f 258/3368/2484 268/3384/2499 259/3373/2488
f 319/3385/2500 402/3386/2501 328/3387/2502
f 262/3372/2487 272/3388/2503 263/3377/2492
f 346/3389/2504 405/3390/2505 355/3391/2506
f 272/3388/2503 280/3392/2507 281/3393/2508
f 268/3384/2499 278/3394/2509 269/3378/2493
f 265/3395/2510 275/3396/2511 266/3379/2494
f 273/3380/2495 281/3393/2508 282/3397/2512
f 270/3381/2496 278/3394/2509 279/3398/2513
f 266/3379/2494 276/3399/2514 267/3382/2497
f 255/3370/1167 273/3380/2495 282/3397/2512
f 270/3381/2496 280/3392/2507 271/3383/2498
f 267/3382/2497 277/3400/2515 268/3384/2499
f 277/3401/2515 285/3402/2516 286/3403/2517
f 328/3387/2502 403/3404/2518 337/3405/2519
f 280/3406/2507 290/3407/2520 281/3408/2508
f 277/3401/2515 287/3409/1922 278/3410/2509
f 274/3411/2521 284/3412/2522 275/3413/2511
f 281/3408/2508 291/3414/2523 282/3415/2512
f 278/3410/2509 288/3416/2524 279/3417/2513
f 276/3418/2514 284/3412/2522 285/3402/2516
f 255/3419/1167 282/3415/2512 291/3414/2523
f 279/3417/2513 289/3420/2525 280/3406/2507
f 255/3419/1167 291/3414/2523 300/3421/2526
f 289/3420/2525 297/3422/2527 298/3423/2528
f 285/3402/2516 295/3424/2529 286/3403/2517
f 274/3411/2521 397/3425/2530 283/3426/2531
f 290/3407/2520 298/3423/2528 299/3427/2532
f 287/3409/1922 295/3424/2529 296/3428/2533
f 283/3426/2531 293/3429/2534 284/3412/2522
f 291/3414/2523 299/3427/2532 300/3421/2526
f 287/3409/1922 297/3422/2527 288/3416/2524
f 285/3402/2516 293/3429/2534 294/3430/2535
f 296/3428/2533 306/3431/2536 297/3422/2527
f 293/3429/2534 303/3432/2537 294/3430/2535
f 255/3419/1167 300/3421/2526 309/3433/2538
f 298/3423/2528 306/3431/2536 307/3434/2539
f 294/3430/2535 304/3435/2540 295/3424/2529
f 382/3436/2541 393/3437/1317 248/3438/2542
f 299/3427/2532 307/3434/2539 308/3439/2543
f 296/3428/2533 304/3435/2540 305/3440/2544
f 292/3374/2489 302/3441/2545 293/3429/2534
f 300/3421/2526 308/3439/2543 309/3433/2538
f 302/3441/2545 310/3442/2546 311/3443/2547
f 308/3439/2543 318/3444/2548 309/3433/2538
f 305/3440/2544 315/3445/2549 306/3431/2536
f 302/3441/2545 312/3446/2550 303/3432/2537
f 255/3419/1167 309/3433/2538 318/3444/2548
f 307/3434/2539 315/3445/2549 316/3447/2551
f 303/3432/2537 313/3448/2552 304/3435/2540
f 337/3449/2519 404/3450/2553 346/3389/2504
f 308/3439/2543 316/3447/2551 317/3451/2554
f 305/3440/2544 313/3448/2552 314/3452/2555
f 313/3448/2552 323/3453/1427 314/3452/2555
f 310/3442/2546 320/3454/2556 311/3443/2547
f 317/3451/2554 327/3455/2557 318/3444/2548
f 315/3445/2549 323/3453/1427 324/3456/2558
f 311/3443/2547 321/3457/2559 312/3446/2550
f 255/3419/1167 318/3444/2548 327/3455/2557
f 315/3445/2549 325/3458/2560 316/3447/2551
f 312/3446/2550 322/3459/2561 313/3448/2552
f 301/3376/2491 400/3460/2562 310/3442/2546
f 316/3447/2551 326/3461/2563 317/3451/2554
f 283/3426/2531 398/3462/2533 292/3374/2489
f 326/3461/2563 334/3463/2564 335/3464/2565
f 323/3453/1427 331/3465/2566 332/3466/2501
f 319/3385/2500 329/3467/2567 320/3454/2556
f 326/3461/2563 336/3468/2568 327/3455/2557
f 323/3453/1427 333/3469/2569 324/3456/2558
f 320/3454/2556 330/3470/2570 321/3457/2559
f 255/3419/1167 327/3455/2557 336/3468/2568
f 324/3456/2558 334/3463/2564 325/3458/2560
f 321/3457/2559 331/3465/2566 322/3459/2561
f 334/3463/2564 342/3471/2571 343/3472/2572
f 330/3470/2570 340/3473/2573 331/3465/2566
f 355/3391/2506 406/3474/2574 364/3475/2575
f 334/3463/2564 344/3476/2576 335/3464/2565
f 331/3465/2566 341/3477/2577 332/3466/2501
f 328/3387/2502 338/3478/2578 329/3467/2567
f 335/3464/2565 345/3479/2579 336/3468/2568
f 333/3469/2569 341/3477/2577 342/3471/2571
f 329/3467/2567 339/3480/2580 330/3470/2570
f 255/3419/1167 336/3468/2568 345/3479/2579
f 339/3481/2580 347/3482/2581 348/3483/2582
f 255/3370/1167 345/3484/2579 354/3485/2583
f 342/3486/2571 352/3487/2584 343/3488/2572
f 339/3481/2580 349/3489/2585 340/3490/2573
f 256/3361/2477 395/3491/2586 265/3395/2510
f 344/3492/2576 352/3487/2584 353/3493/2587
f 340/3490/2573 350/3494/2588 341/3495/2577
f 337/3449/2519 347/3482/2581 338/3496/2578
f 344/3492/2576 354/3485/2583 345/3484/2579
f 342/3486/2571 350/3494/2588 351/3497/2589
f 351/3497/2589 359/3498/1332 360/3499/2590
f 347/3482/2581 357/3500/2591 348/3483/2582
f 255/3370/1167 354/3485/2583 363/3501/2592
f 351/3497/2589 361/3502/2593 352/3487/2584
f 348/3483/2582 358/3503/2594 349/3489/2585
f 364/3475/2575 407/3504/2595 373/3505/2596
f 353/3493/2587 361/3502/2593 362/3506/2597
f 349/3489/2585 359/3498/1332 350/3494/2588
f 347/3482/2581 355/3391/2506 356/3507/2598
f 353/3493/2587 363/3501/2592 354/3485/2583
f 356/3507/2598 364/3475/2575 365/3508/2599
f 362/3506/2597 372/3509/2600 363/3501/2592
f 359/3498/1332 369/3510/2601 360/3499/2590
f 356/3507/2598 366/3511/2602 357/3500/2591
f 255/3370/1167 363/3501/2592 372/3509/2600
f 360/3499/2590 370/3512/2603 361/3502/2593
f 357/3500/2591 367/3513/2604 358/3503/2594
f 265/3395/2510 396/3514/2605 274/3515/2521
f 362/3506/2597 370/3512/2603 371/3516/2606
f 358/3503/2594 368/3517/2607 359/3498/1332
f 371/3516/2606 379/3518/2608 380/3519/2609
f 367/3513/2604 377/3520/2610 368/3517/2607
f 364/3475/2575 374/3521/2611 365/3508/2599
f 371/3516/2606 381/3522/2612 372/3509/2600
f 368/3517/2607 378/3523/2613 369/3510/2601
f 365/3508/2599 375/3524/2614 366/3511/2602
f 255/3370/1167 372/3509/2600 381/3522/2612
f 369/3510/2601 379/3518/2608 370/3512/2603
f 366/3511/2602 376/3525/2615 367/3513/2604
f 373/3505/2596 408/3526/2616 382/3436/2541
f 375/3524/2614 385/3527/2617 376/3525/2615
f 248/3438/2542 394/3528/2475 256/3361/2477
f 379/3518/2608 389/3529/2618 380/3519/2609
f 377/3520/2610 385/3527/2617 386/3530/2619
f 374/3521/2611 382/3436/2541 383/3531/2620
f 380/3519/2609 390/3532/2621 381/3522/2612
f 378/3523/2613 386/3530/2619 387/3533/2622
f 374/3521/2611 384/3534/2623 375/3524/2614
f 255/3370/1167 381/3522/2612 390/3532/2621
f 379/3518/2608 387/3533/2622 388/3535/2624
f 388/3535/2624 252/3366/2482 392/3371/2486
f 384/3534/2623 250/3357/2474 385/3527/2617
f 310/3442/2546 401/3536/1427 319/3385/2500
f 388/3535/2624 253/3363/2479 389/3529/2618
f 386/3530/2619 250/3357/2474 251/3359/1423
f 383/3531/2620 248/3438/2542 391/3360/2476
f 389/3529/2618 254/3365/2481 390/3532/2621
f 386/3530/2619 252/3366/2482 387/3533/2622
f 383/3531/2620 249/3369/2485 384/3534/2623
f 255/3370/1167 390/3532/2621 254/3365/2481
f 250/3357/2474 259/3373/2488 260/3358/2475
f 391/3360/2476 248/3438/2542 256/3361/2477
f 253/3363/2479 263/3377/2492 264/3364/2480
f 252/3366/2482 251/3359/1423 260/3358/2475
f 391/3360/2476 257/3362/2478 258/3368/2484
f 392/3371/2486 252/3366/2482 261/3367/2483
f 249/3369/2485 258/3368/2484 259/3373/2488
f 292/3374/2489 398/3462/2533 399/3375/2490
f 392/3371/2486 262/3372/2487 263/3377/2492
f 259/3373/2488 268/3384/2499 269/3378/2493
f 256/3361/2477 265/3395/2510 266/3379/2494
f 263/3377/2492 272/3388/2503 273/3380/2495
f 261/3367/2483 260/3358/2475 269/3378/2493
f 257/3362/2478 266/3379/2494 267/3382/2497
f 262/3372/2487 261/3367/2483 270/3381/2496
f 258/3368/2484 267/3382/2497 268/3384/2499
f 319/3385/2500 401/3536/1427 402/3386/2501
f 262/3372/2487 271/3383/2498 272/3388/2503
f 346/3389/2504 404/3450/2553 405/3390/2505
f 272/3388/2503 271/3383/2498 280/3392/2507
f 268/3384/2499 277/3400/2515 278/3394/2509
f 265/3395/2510 274/3515/2521 275/3396/2511
f 273/3380/2495 272/3388/2503 281/3393/2508
f 270/3381/2496 269/3378/2493 278/3394/2509
f 266/3379/2494 275/3396/2511 276/3399/2514
f 270/3381/2496 279/3398/2513 280/3392/2507
f 267/3382/2497 276/3399/2514 277/3400/2515
f 277/3401/2515 276/3418/2514 285/3402/2516
f 328/3387/2502 402/3386/2501 403/3404/2518
f 280/3406/2507 289/3420/2525 290/3407/2520
f 277/3401/2515 286/3403/2517 287/3409/1922
f 274/3411/2521 283/3426/2531 284/3412/2522
f 281/3408/2508 290/3407/2520 291/3414/2523
f 278/3410/2509 287/3409/1922 288/3416/2524
f 276/3418/2514 275/3413/2511 284/3412/2522
f 279/3417/2513 288/3416/2524 289/3420/2525
f 289/3420/2525 288/3416/2524 297/3422/2527
f 285/3402/2516 294/3430/2535 295/3424/2529
f 274/3411/2521 396/3537/2605 397/3425/2530
f 290/3407/2520 289/3420/2525 298/3423/2528
f 287/3409/1922 286/3403/2517 295/3424/2529
f 283/3426/2531 292/3374/2489 293/3429/2534
f 291/3414/2523 290/3407/2520 299/3427/2532
f 287/3409/1922 296/3428/2533 297/3422/2527
f 285/3402/2516 284/3412/2522 293/3429/2534
f 296/3428/2533 305/3440/2544 306/3431/2536
f 293/3429/2534 302/3441/2545 303/3432/2537
f 298/3423/2528 297/3422/2527 306/3431/2536
f 294/3430/2535 303/3432/2537 304/3435/2540
f 382/3436/2541 408/3526/2616 393/3437/1317
f 299/3427/2532 298/3423/2528 307/3434/2539
f 296/3428/2533 295/3424/2529 304/3435/2540
f 292/3374/2489 301/3376/2491 302/3441/2545
f 300/3421/2526 299/3427/2532 308/3439/2543
f 302/3441/2545 301/3376/2491 310/3442/2546
f 308/3439/2543 317/3451/2554 318/3444/2548
f 305/3440/2544 314/3452/2555 315/3445/2549
f 302/3441/2545 311/3443/2547 312/3446/2550
f 307/3434/2539 306/3431/2536 315/3445/2549
f 303/3432/2537 312/3446/2550 313/3448/2552
f 337/3449/2519 403/3538/2518 404/3450/2553
f 308/3439/2543 307/3434/2539 316/3447/2551
f 305/3440/2544 304/3435/2540 313/3448/2552
f 313/3448/2552 322/3459/2561 323/3453/1427
f 310/3442/2546 319/3385/2500 320/3454/2556
f 317/3451/2554 326/3461/2563 327/3455/2557
f 315/3445/2549 314/3452/2555 323/3453/1427
f 311/3443/2547 320/3454/2556 321/3457/2559
f 315/3445/2549 324/3456/2558 325/3458/2560
f 312/3446/2550 321/3457/2559 322/3459/2561
f 301/3376/2491 399/3375/2490 400/3460/2562
f 316/3447/2551 325/3458/2560 326/3461/2563
f 283/3426/2531 397/3425/2530 398/3462/2533
f 326/3461/2563 325/3458/2560 334/3463/2564
f 323/3453/1427 322/3459/2561 331/3465/2566
f 319/3385/2500 328/3387/2502 329/3467/2567
f 326/3461/2563 335/3464/2565 336/3468/2568
f 323/3453/1427 332/3466/2501 333/3469/2569
f 320/3454/2556 329/3467/2567 330/3470/2570
f 324/3456/2558 333/3469/2569 334/3463/2564
f 321/3457/2559 330/3470/2570 331/3465/2566
f 334/3463/2564 333/3469/2569 342/3471/2571
f 330/3470/2570 339/3480/2580 340/3473/2573
f 355/3391/2506 405/3390/2505 406/3474/2574
f 334/3463/2564 343/3472/2572 344/3476/2576
f 331/3465/2566 340/3473/2573 341/3477/2577
f 328/3387/2502 337/3405/2519 338/3478/2578
f 335/3464/2565 344/3476/2576 345/3479/2579
f 333/3469/2569 332/3466/2501 341/3477/2577
f 329/3467/2567 338/3478/2578 339/3480/2580
f 339/3481/2580 338/3496/2578 347/3482/2581
f 342/3486/2571 351/3497/2589 352/3487/2584
f 339/3481/2580 348/3483/2582 349/3489/2585
f 256/3361/2477 394/3528/2475 395/3491/2586
f 344/3492/2576 343/3488/2572 352/3487/2584
f 340/3490/2573 349/3489/2585 350/3494/2588
f 337/3449/2519 346/3389/2504 347/3482/2581
f 344/3492/2576 353/3493/2587 354/3485/2583
f 342/3486/2571 341/3495/2577 350/3494/2588
f 351/3497/2589 350/3494/2588 359/3498/1332
f 347/3482/2581 356/3507/2598 357/3500/2591
f 351/3497/2589 360/3499/2590 361/3502/2593
f 348/3483/2582 357/3500/2591 358/3503/2594
f 364/3475/2575 406/3474/2574 407/3504/2595
f 353/3493/2587 352/3487/2584 361/3502/2593
f 349/3489/2585 358/3503/2594 359/3498/1332
f 347/3482/2581 346/3389/2504 355/3391/2506
f 353/3493/2587 362/3506/2597 363/3501/2592
f 356/3507/2598 355/3391/2506 364/3475/2575
f 362/3506/2597 371/3516/2606 372/3509/2600
f 359/3498/1332 368/3517/2607 369/3510/2601
f 356/3507/2598 365/3508/2599 366/3511/2602
f 360/3499/2590 369/3510/2601 370/3512/2603
f 357/3500/2591 366/3511/2602 367/3513/2604
f 265/3395/2510 395/3491/2586 396/3514/2605
f 362/3506/2597 361/3502/2593 370/3512/2603
f 358/3503/2594 367/3513/2604 368/3517/2607
f 371/3516/2606 370/3512/2603 379/3518/2608
f 367/3513/2604 376/3525/2615 377/3520/2610
f 364/3475/2575 373/3505/2596 374/3521/2611
f 371/3516/2606 380/3519/2609 381/3522/2612
f 368/3517/2607 377/3520/2610 378/3523/2613
f 365/3508/2599 374/3521/2611 375/3524/2614
f 369/3510/2601 378/3523/2613 379/3518/2608
f 366/3511/2602 375/3524/2614 376/3525/2615
f 373/3505/2596 407/3504/2595 408/3526/2616
f 375/3524/2614 384/3534/2623 385/3527/2617
f 248/3438/2542 393/3437/1317 394/3528/2475
f 379/3518/2608 388/3535/2624 389/3529/2618
f 377/3520/2610 376/3525/2615 385/3527/2617
f 374/3521/2611 373/3505/2596 382/3436/2541
f 380/3519/2609 389/3529/2618 390/3532/2621
f 378/3523/2613 377/3520/2610 386/3530/2619
f 374/3521/2611 383/3531/2620 384/3534/2623
f 379/3518/2608 378/3523/2613 387/3533/2622
f 388/3535/2624 387/3533/2622 252/3366/2482
f 384/3534/2623 249/3369/2485 250/3357/2474
f 310/3442/2546 400/3460/2562 401/3536/1427
f 388/3535/2624 392/3371/2486 253/3363/2479
f 386/3530/2619 385/3527/2617 250/3357/2474
f 383/3531/2620 382/3436/2541 248/3438/2542
f 389/3529/2618 253/3363/2479 254/3365/2481
f 386/3530/2619 251/3359/1423 252/3366/2482
f 383/3531/2620 391/3360/2476 249/3369/2485
usemtl pta_madera
f 2951/3539/2625 2948/3539/2625 2945/3540/2625
usemtl blanco_
f 2947/3541/645 2945/3540/645 2948/3539/645
f 2949/3542/645 2946/3543/645 2947/3541/645
f 2958/3542/2626 2954/3541/2626 2959/3541/2626
f 2951/3539/2625 2960/3539/2625 2948/3539/2625
f 2949/3542/2627 2958/3542/2627 2952/3542/2627
f 2959/3541/2626 2955/3539/2626 2957/3539/2626
f 2953/3544/1167 2968/3545/1167 2980/3546/1167
f 2978/3547/645 2969/3548/645 2954/3549/645
f 2952/3550/1167 2959/3551/1167 2953/3544/1167
f 2947/3552/645 2956/3553/645 2949/3554/645
f 2974/3539/2625 2963/3539/2625 2977/3539/2625
f 2961/3539/2628 2966/3539/2628 2965/3539/2628
f 2960/3555/645 2979/3556/645 2978/3547/645
f 2973/3557/1167 2967/3558/1167 2975/3559/1167
f 2955/3539/2626 2962/3539/2626 2967/3539/2626
f 2980/3546/1167 2972/3560/1167 2982/3561/1167
f 2969/3548/645 2977/3562/645 2976/3563/645
f 2981/3539/2625 2971/3539/2625 2979/3539/2625
f 2976/3563/645 2963/3564/645 2955/3565/645
f 2968/3545/1167 2975/3559/1167 2972/3560/1167
f 2970/3539/2625 2977/3539/2625 2971/3539/2625
f 2964/3539/2625 2979/3539/2625 2965/3539/2625
f 2961/3566/1167 2982/3561/1167 2966/3567/1167
f 2978/3547/645 2971/3568/645 2969/3548/645
f 2947/3541/645 2946/3543/645 2945/3540/645
f 2949/3542/645 2950/3569/645 2946/3543/645
f 2958/3542/2626 2956/3542/2626 2954/3541/2626
f 2951/3539/2625 2961/3539/2625 2960/3539/2625
f 2949/3542/2627 2956/3542/2627 2958/3542/2627
f 2959/3541/2626 2954/3541/2626 2955/3539/2626
f 2961/3566/1167 2951/3570/1167 2953/3544/1167
f 2953/3544/1167 2959/3551/1167 2957/3571/1167
f 2953/3544/1167 2957/3571/1167 2973/3557/1167
f 2980/3546/1167 2961/3566/1167 2953/3544/1167
f 2953/3544/1167 2973/3557/1167 2968/3545/1167
f 2954/3549/645 2947/3552/645 2948/3572/645
f 2954/3549/645 2948/3572/645 2960/3555/645
f 2976/3563/645 2955/3565/645 2954/3549/645
f 2969/3548/645 2976/3563/645 2954/3549/645
f 2954/3549/645 2960/3555/645 2978/3547/645
f 2952/3550/1167 2958/3573/1167 2959/3551/1167
f 2947/3552/645 2954/3549/645 2956/3553/645
f 2974/3539/2625 2962/3539/2625 2963/3539/2625
f 2965/3539/2628 2960/3539/2628 2961/3539/2628
f 2966/3539/2628 2964/3539/2628 2965/3539/2628
f 2960/3555/645 2965/3574/645 2979/3556/645
f 2973/3557/1167 2957/3571/1167 2967/3558/1167
f 2967/3539/2626 2957/3539/2626 2955/3539/2626
f 2955/3539/2626 2963/3539/2626 2962/3539/2626
f 2980/3546/1167 2968/3545/1167 2972/3560/1167
f 2969/3548/645 2971/3568/645 2977/3562/645
f 2981/3539/2625 2970/3539/2625 2971/3539/2625
f 2976/3563/645 2977/3562/645 2963/3564/645
f 2968/3545/1167 2973/3557/1167 2975/3559/1167
f 2970/3539/2625 2974/3539/2625 2977/3539/2625
f 2964/3539/2625 2981/3539/2625 2979/3539/2625
f 2961/3566/1167 2980/3546/1167 2982/3561/1167
f 2978/3547/645 2979/3556/645 2971/3568/645
