# Blender 5.0.1
# www.blender.org
mtllib ParedTechoS5.mtl
o ParedTechoS5
v 4.445461 11.857652 -3.449977
v 4.470222 11.898405 -3.456810
v 4.442728 11.857652 -3.434328
v 4.479909 11.898405 -3.454920
v 4.447765 11.857652 -3.419332
v 4.487405 11.898405 -3.448166
v 4.459224 11.857652 -3.409007
v 4.490701 11.898405 -3.438356
v 4.474033 11.857652 -3.406118
v 4.488913 11.898405 -3.428119
v 4.488226 11.857652 -3.411442
v 4.482521 11.898405 -3.420199
v 4.497998 11.857652 -3.423550
v 4.473237 11.898405 -3.416717
v 4.500731 11.857652 -3.439198
v 4.463549 11.898405 -3.418606
v 4.495693 11.857652 -3.454194
v 4.456053 11.898405 -3.425361
v 4.484234 11.857652 -3.464520
v 4.460938 11.898405 -3.453328
v 4.469425 11.857652 -3.467408
v 4.454545 11.898405 -3.445407
v 4.455233 11.857652 -3.462085
v 4.452757 11.898405 -3.435170
v 4.471729 11.900105 -3.436763
v 4.445461 11.890090 -3.449977
v 4.448142 11.895638 -3.448628
v 4.445687 11.895638 -3.434577
v 4.442728 11.890090 -3.434328
v 4.450211 11.895638 -3.421111
v 4.447765 11.890090 -3.419332
v 4.460500 11.895638 -3.411839
v 4.459224 11.890090 -3.409007
v 4.473798 11.895638 -3.409246
v 4.474033 11.890090 -3.406118
v 4.486542 11.895638 -3.414026
v 4.488226 11.890090 -3.411442
v 4.495317 11.895638 -3.424898
v 4.497998 11.890090 -3.423550
v 4.497771 11.895638 -3.438950
v 4.500731 11.890090 -3.439198
v 4.493248 11.895638 -3.452415
v 4.495693 11.890090 -3.454194
v 4.482958 11.895638 -3.461687
v 4.484234 11.890090 -3.464520
v 4.469660 11.895638 -3.464280
v 4.469425 11.890090 -3.467408
v 4.456916 11.895638 -3.459500
v 4.455233 11.890090 -3.462085
v 4.535537 11.848005 -3.404667
v 4.542078 11.848005 -3.429662
v 4.540133 11.848005 -3.455514
v 4.529939 11.848005 -3.479104
v 4.512723 11.848005 -3.497587
v 4.490563 11.848005 -3.508734
v 4.466132 11.848005 -3.511201
v 4.442375 11.848005 -3.504688
v 4.422159 11.848005 -3.489984
v 4.407922 11.848005 -3.468860
v 4.401381 11.848005 -3.443864
v 4.403325 11.848005 -3.418012
v 4.413519 11.848005 -3.394422
v 4.430735 11.848005 -3.375939
v 4.452895 11.848005 -3.364792
v 4.477327 11.848005 -3.362326
v 4.501083 11.848005 -3.368838
v 4.521299 11.848005 -3.383543
v 4.497734 11.858244 -3.376588
v 4.476688 11.858244 -3.370819
v 4.455044 11.858244 -3.373004
v 4.435412 11.858244 -3.382879
v 4.420161 11.858244 -3.399253
v 4.411130 11.858244 -3.420152
v 4.409408 11.858244 -3.443054
v 4.415202 11.858244 -3.465197
v 4.427815 11.858244 -3.483911
v 4.445724 11.858244 -3.496938
v 4.466770 11.858244 -3.502707
v 4.488414 11.858244 -3.500522
v 4.508046 11.858244 -3.490647
v 4.523297 11.858244 -3.474273
v 4.532329 11.858244 -3.453374
v 4.515643 11.858244 -3.389615
v 4.534051 11.858244 -3.430472
v 4.528256 11.858244 -3.408329
v 4.513261 11.863653 -3.415872
v 4.517519 11.863653 -3.432141
v 4.516253 11.863653 -3.448968
v 4.509618 11.863653 -3.464323
v 4.498412 11.863653 -3.476353
v 4.483988 11.863653 -3.483609
v 4.468086 11.863653 -3.485214
v 4.452622 11.863653 -3.480976
v 4.439464 11.863653 -3.471404
v 4.430197 11.863653 -3.457655
v 4.425940 11.863653 -3.441385
v 4.427205 11.863653 -3.424558
v 4.433840 11.863653 -3.409204
v 4.445046 11.863653 -3.397173
v 4.459470 11.863653 -3.389917
v 4.475373 11.863653 -3.388312
v 4.490836 11.863653 -3.392551
v 4.503994 11.863653 -3.402122
v 4.521299 11.681786 -3.383543
v 4.501083 11.681786 -3.368838
v 4.477327 11.681786 -3.362326
v 4.452895 11.681786 -3.364792
v 4.430735 11.681786 -3.375939
v 4.413519 11.681786 -3.394422
v 4.403325 11.681786 -3.418012
v 4.401381 11.681786 -3.443864
v 4.407922 11.681786 -3.468860
v 4.422159 11.681786 -3.489984
v 4.442375 11.681786 -3.504688
v 4.466132 11.681786 -3.511201
v 4.490563 11.681786 -3.508734
v 4.512723 11.681786 -3.497587
v 4.529939 11.681786 -3.479104
v 4.540133 11.681786 -3.455514
v 4.542078 11.681786 -3.429662
v 4.535537 11.681786 -3.404667
v 4.407921 11.297954 -3.468860
v 4.422159 11.297954 -3.489984
v 4.442375 11.297954 -3.504689
v 4.466131 11.297954 -3.511201
v 4.490563 11.297954 -3.508735
v 4.512723 11.297954 -3.497588
v 4.529939 11.297954 -3.479104
v 4.540133 11.297954 -3.455514
v 4.542077 11.297954 -3.429662
v 4.535536 11.297954 -3.404667
v 4.521299 11.297954 -3.383543
v 4.501083 11.297954 -3.368838
v 4.477326 11.297954 -3.362326
v 4.452895 11.297954 -3.364792
v 4.430735 11.297954 -3.375939
v 4.413519 11.297954 -3.394422
v 4.403325 11.297954 -3.418012
v 4.401381 11.297954 -3.443864
v 4.377928 11.460219 -3.483947
v 4.398858 11.460219 -3.515000
v 4.428576 11.460219 -3.536617
v 4.463500 11.460219 -3.546190
v 4.499416 11.460218 -3.542565
v 4.531993 11.460218 -3.526178
v 4.557301 11.460218 -3.499007
v 4.572287 11.460218 -3.464328
v 4.575145 11.460218 -3.426324
v 4.565529 11.460218 -3.389580
v 4.544600 11.460218 -3.358526
v 4.514881 11.460218 -3.336909
v 4.479958 11.460218 -3.327336
v 4.444042 11.460218 -3.330962
v 4.411465 11.460218 -3.347348
v 4.386157 11.460219 -3.374520
v 4.371171 11.460219 -3.409199
v 4.368313 11.460219 -3.447202
v 4.401381 11.460219 -3.443864
v 4.403325 11.460219 -3.418012
v 4.413519 11.460218 -3.394422
v 4.430735 11.460218 -3.375939
v 4.452895 11.460218 -3.364792
v 4.477326 11.460218 -3.362326
v 4.501083 11.460218 -3.368838
v 4.521299 11.460218 -3.383543
v 4.535536 11.460218 -3.404667
v 4.542078 11.460218 -3.429662
v 4.540133 11.460218 -3.455514
v 4.529939 11.460218 -3.479104
v 4.512723 11.460218 -3.497588
v 4.490563 11.460218 -3.508734
v 4.466131 11.460218 -3.511201
v 4.442375 11.460219 -3.504689
v 4.422159 11.460219 -3.489984
v 4.407921 11.460219 -3.468860
v 4.377928 11.476315 -3.483947
v 4.398858 11.476315 -3.515000
v 4.428576 11.476315 -3.536617
v 4.463500 11.476315 -3.546190
v 4.499416 11.476315 -3.542565
v 4.531993 11.476315 -3.526178
v 4.557301 11.476315 -3.499007
v 4.572287 11.476315 -3.464328
v 4.575145 11.476315 -3.426324
v 4.565529 11.476315 -3.389580
v 4.544600 11.476315 -3.358526
v 4.514881 11.476315 -3.336909
v 4.479958 11.476315 -3.327336
v 4.444042 11.476315 -3.330962
v 4.411465 11.476315 -3.347348
v 4.386157 11.476315 -3.374520
v 4.371171 11.476315 -3.409199
v 4.368313 11.476315 -3.447202
v 4.249005 11.476315 -3.548798
v 4.298701 11.476315 -3.622532
v 4.369266 11.476315 -3.673861
v 4.452190 11.476315 -3.696591
v 4.537471 11.476315 -3.687983
v 4.614822 11.476315 -3.649074
v 4.674914 11.476315 -3.584557
v 4.710499 11.476314 -3.502214
v 4.717285 11.476314 -3.411976
v 4.694453 11.476314 -3.324729
v 4.644757 11.476314 -3.250994
v 4.574192 11.476314 -3.199666
v 4.491268 11.476315 -3.176935
v 4.405987 11.476315 -3.185543
v 4.328636 11.476315 -3.224453
v 4.268544 11.476315 -3.288970
v 4.232959 11.476315 -3.371312
v 4.226173 11.476315 -3.461550
v 4.249005 11.490597 -3.548798
v 4.298701 11.490597 -3.622532
v 4.369266 11.490597 -3.673861
v 4.452190 11.490597 -3.696591
v 4.537471 11.490597 -3.687983
v 4.614822 11.490597 -3.649074
v 4.674914 11.490597 -3.584557
v 4.710499 11.490597 -3.502214
v 4.717285 11.490597 -3.411976
v 4.694453 11.490597 -3.324729
v 4.644757 11.490597 -3.250994
v 4.574192 11.490597 -3.199666
v 4.491268 11.490597 -3.176935
v 4.405987 11.490597 -3.185543
v 4.328636 11.490597 -3.224453
v 4.268544 11.490597 -3.288970
v 4.232959 11.490597 -3.371312
v 4.226173 11.490597 -3.461550
v 4.425867 11.297954 -3.459833
v 4.436100 11.297954 -3.475016
v 4.450630 11.297954 -3.485585
v 4.467706 11.297954 -3.490265
v 4.485266 11.297954 -3.488493
v 4.501194 11.297954 -3.480481
v 4.513567 11.297954 -3.467196
v 4.520895 11.297954 -3.450240
v 4.522292 11.297954 -3.431659
v 4.517591 11.297954 -3.413694
v 4.507358 11.297954 -3.398511
v 4.492827 11.297954 -3.387942
v 4.475752 11.297954 -3.383261
v 4.458192 11.297954 -3.385034
v 4.442264 11.297954 -3.393046
v 4.429890 11.297954 -3.406330
v 4.422563 11.297954 -3.423286
v 4.421165 11.297954 -3.441867
v 4.424744 11.274736 -3.460398
v 4.397369 11.230406 -3.474168
v 4.381818 11.196174 -3.481990
v 4.377191 11.163681 -3.484318
v 4.381818 11.131189 -3.481990
v 4.416161 11.078616 -3.464715
v 4.442515 11.063682 -3.451458
v 4.471729 11.058536 -3.436763
v 4.436880 11.274736 -3.477597
v 4.430606 11.252457 -3.484949
v 4.416576 11.230406 -3.501389
v 4.405042 11.196174 -3.514904
v 4.401610 11.163681 -3.518926
v 4.405042 11.131189 -3.514904
v 4.415001 11.101878 -3.503234
v 4.430514 11.078616 -3.485057
v 4.450061 11.063682 -3.462153
v 4.454322 11.274736 -3.488581
v 4.451188 11.252457 -3.497909
v 4.444180 11.230406 -3.518772
v 4.438418 11.196174 -3.535922
v 4.436704 11.163681 -3.541025
v 4.438418 11.131189 -3.535922
v 4.443393 11.101878 -3.521113
v 4.451142 11.078616 -3.498046
v 4.460906 11.063682 -3.468982
v 4.474413 11.274736 -3.491675
v 4.474897 11.252457 -3.501561
v 4.475977 11.230406 -3.523669
v 4.476866 11.196174 -3.541844
v 4.477130 11.163681 -3.547251
v 4.476866 11.131189 -3.541844
v 4.476099 11.101878 -3.526150
v 4.474904 11.078616 -3.501706
v 4.473398 11.063682 -3.470906
v 4.494096 11.274736 -3.486410
v 4.498123 11.252457 -3.495348
v 4.507129 11.230406 -3.515336
v 4.514532 11.196174 -3.531767
v 4.516734 11.163681 -3.536657
v 4.514532 11.131189 -3.531767
v 4.508139 11.101878 -3.517579
v 4.498183 11.078616 -3.495479
v 4.485637 11.063682 -3.467632
v 4.510374 11.274736 -3.473586
v 4.517332 11.252457 -3.480215
v 4.532891 11.230406 -3.495041
v 4.545681 11.196174 -3.507228
v 4.549487 11.163681 -3.510854
v 4.545681 11.131189 -3.507228
v 4.534636 11.101878 -3.496704
v 4.517434 11.078616 -3.480313
v 4.495758 11.063682 -3.459658
v 4.520769 11.274736 -3.455156
v 4.529597 11.252457 -3.458468
v 4.549341 11.230406 -3.465873
v 4.565572 11.196174 -3.471961
v 4.570401 11.163681 -3.473772
v 4.565572 11.131189 -3.471961
v 4.551557 11.101878 -3.466704
v 4.529727 11.078616 -3.458517
v 4.502221 11.063682 -3.448200
v 4.523697 11.274736 -3.433927
v 4.533053 11.252457 -3.433416
v 4.553976 11.230406 -3.432274
v 4.571176 11.196174 -3.431335
v 4.576294 11.163681 -3.431056
v 4.571176 11.131189 -3.431335
v 4.556324 11.101878 -3.432146
v 4.533191 11.078616 -3.433409
v 4.504041 11.063682 -3.435000
v 4.518714 11.274736 -3.413129
v 4.527173 11.252457 -3.408874
v 4.546090 11.230406 -3.399358
v 4.561640 11.196174 -3.391536
v 4.566267 11.163681 -3.389208
v 4.561640 11.131189 -3.391536
v 4.548212 11.101878 -3.398291
v 4.527297 11.078616 -3.408811
v 4.500943 11.063682 -3.422068
v 4.506578 11.274736 -3.395929
v 4.512852 11.252457 -3.388578
v 4.526883 11.230406 -3.372137
v 4.538416 11.196174 -3.358622
v 4.541848 11.163681 -3.354601
v 4.538416 11.131189 -3.358622
v 4.528457 11.101878 -3.370293
v 4.512944 11.078616 -3.388469
v 4.493397 11.063682 -3.411373
v 4.489137 11.274736 -3.384946
v 4.492270 11.252457 -3.375617
v 4.499279 11.230406 -3.354755
v 4.505040 11.196174 -3.337604
v 4.506754 11.163681 -3.332502
v 4.505040 11.131189 -3.337604
v 4.500065 11.101878 -3.352414
v 4.492316 11.078616 -3.375480
v 4.482553 11.063682 -3.404544
v 4.469045 11.274736 -3.381851
v 4.468562 11.252457 -3.371965
v 4.467481 11.230406 -3.349857
v 4.466592 11.196174 -3.331683
v 4.466328 11.163681 -3.326275
v 4.466592 11.131189 -3.331683
v 4.467360 11.101878 -3.347376
v 4.468554 11.078616 -3.371820
v 4.470060 11.063682 -3.402620
v 4.449362 11.274736 -3.387117
v 4.445335 11.252457 -3.378179
v 4.436330 11.230406 -3.358190
v 4.428927 11.196174 -3.341759
v 4.426724 11.163681 -3.336870
v 4.428926 11.131189 -3.341759
v 4.435319 11.101878 -3.355948
v 4.445276 11.078616 -3.378047
v 4.457822 11.063682 -3.405894
v 4.433084 11.274736 -3.399940
v 4.426127 11.252457 -3.393311
v 4.410568 11.230406 -3.378486
v 4.397778 11.196174 -3.366298
v 4.393971 11.163681 -3.362672
v 4.397778 11.131189 -3.366298
v 4.408822 11.101878 -3.376822
v 4.426024 11.078616 -3.393213
v 4.447701 11.063682 -3.413868
v 4.422690 11.274736 -3.418370
v 4.413861 11.252457 -3.415058
v 4.394117 11.230406 -3.407653
v 4.377886 11.196174 -3.401565
v 4.373057 11.163681 -3.399754
v 4.377886 11.131189 -3.401565
v 4.391902 11.101878 -3.406822
v 4.413731 11.078616 -3.415010
v 4.441238 11.063682 -3.425327
v 4.419761 11.274736 -3.439600
v 4.410405 11.252457 -3.440110
v 4.389482 11.230406 -3.441252
v 4.372283 11.196174 -3.442191
v 4.367165 11.163681 -3.442470
v 4.372283 11.131189 -3.442191
v 4.387135 11.101878 -3.441380
v 4.410268 11.078616 -3.440118
v 4.439417 11.063682 -3.438527
v 4.416286 11.252457 -3.464652
v 4.395246 11.101878 -3.475236
v 4.424744 11.311451 -3.460398
v 4.436880 11.311451 -3.477597
v 4.454322 11.311451 -3.488581
v 4.474413 11.311451 -3.491675
v 4.494096 11.311451 -3.486410
v 4.510374 11.311451 -3.473586
v 4.520769 11.311451 -3.455156
v 4.523697 11.311451 -3.433927
v 4.518714 11.311451 -3.413129
v 4.506578 11.311451 -3.395929
v 4.489137 11.311451 -3.384946
v 4.469045 11.311451 -3.381851
v 4.449362 11.311451 -3.387117
v 4.433084 11.311451 -3.399940
v 4.422690 11.311451 -3.418370
v 4.419761 11.311451 -3.439600
v 3.898350 11.041600 -3.725184
v 4.093311 11.492534 -3.699249
v 4.047916 11.429817 -3.730736
v 4.011981 11.360458 -3.755662
v 3.981268 11.285644 -3.776966
v 3.958947 11.206654 -3.792448
v 3.945400 11.124839 -3.801845
v 3.940858 11.041600 -3.804996
v 3.945400 10.958362 -3.801845
v 3.958947 10.876547 -3.792449
v 3.981268 10.797556 -3.776966
v 4.011981 10.722741 -3.755662
v 4.050561 10.653382 -3.728902
v 4.130661 11.492534 -3.751251
v 4.089747 11.429817 -3.788976
v 4.057359 11.360458 -3.818840
v 4.029677 11.285644 -3.844364
v 4.009560 11.206654 -3.862915
v 3.997349 11.124839 -3.874173
v 3.993256 11.041600 -3.877948
v 3.997349 10.958362 -3.874173
v 4.009559 10.876547 -3.862915
v 4.029677 10.797556 -3.844364
v 4.057359 10.722741 -3.818840
v 4.092131 10.653382 -3.786778
v 4.174365 11.492534 -3.797395
v 4.138693 11.429817 -3.840655
v 4.110456 11.360458 -3.874901
v 4.086321 11.285644 -3.904171
v 4.068781 11.206654 -3.925443
v 4.058135 11.124839 -3.938353
v 4.054566 11.041600 -3.942681
v 4.058135 10.958362 -3.938353
v 4.068781 10.876547 -3.925443
v 4.086321 10.797556 -3.904171
v 4.110456 10.722741 -3.874901
v 4.140771 10.653382 -3.838135
v 4.223608 11.492534 -3.836820
v 4.193843 11.429817 -3.884811
v 4.170282 11.360458 -3.922800
v 4.150144 11.285644 -3.955269
v 4.135509 11.206654 -3.978867
v 4.126626 11.124839 -3.993189
v 4.123648 11.041600 -3.997990
v 4.126626 10.958362 -3.993189
v 4.135509 10.876547 -3.978867
v 4.150144 10.797556 -3.955270
v 4.170282 10.722741 -3.922800
v 4.195578 10.653382 -3.882015
v 4.277473 11.492534 -3.868794
v 4.254170 11.429817 -3.920620
v 4.235723 11.360458 -3.961646
v 4.219957 11.285644 -3.996710
v 4.208499 11.206654 -4.022194
v 4.201545 11.124839 -4.037660
v 4.199214 11.041600 -4.042845
v 4.201545 10.958362 -4.037660
v 4.208499 10.876547 -4.022194
v 4.219957 10.797556 -3.996710
v 4.235723 10.722741 -3.961646
v 4.255528 10.653382 -3.917600
v 4.334957 11.492534 -3.892720
v 4.318549 11.429817 -3.947415
v 4.305562 11.360458 -3.990713
v 4.294461 11.285644 -4.027720
v 4.286393 11.206654 -4.054614
v 4.281497 11.124839 -4.070937
v 4.279855 11.041600 -4.076409
v 4.281497 10.958362 -4.070937
v 4.286393 10.876547 -4.054614
v 4.294461 10.797556 -4.027720
v 4.305562 10.722741 -3.990713
v 4.319505 10.653382 -3.944229
v 4.394988 11.492534 -3.908151
v 4.385782 11.429817 -3.964699
v 4.378495 11.360458 -4.009462
v 4.372266 11.285644 -4.047721
v 4.367740 11.206654 -4.075525
v 4.364993 11.124839 -4.092401
v 4.364071 11.041600 -4.098059
v 4.364993 10.958362 -4.092401
v 4.367740 10.876547 -4.075526
v 4.372266 10.797556 -4.047721
v 4.378495 10.722741 -4.009462
v 4.386319 10.653382 -3.961404
v 4.456449 11.492534 -3.914803
v 4.454616 11.429817 -3.972148
v 4.453165 11.360458 -4.017542
v 4.451925 11.285644 -4.056341
v 4.451024 11.206654 -4.084538
v 4.450477 11.124839 -4.101652
v 4.450293 11.041600 -4.107389
v 4.450477 10.958362 -4.101652
v 4.451024 10.876547 -4.084538
v 4.451925 10.797556 -4.056341
v 4.453165 10.722741 -4.017542
v 4.454723 10.653382 -3.968807
v 4.518195 11.492534 -3.912549
v 4.523768 11.429817 -3.969623
v 4.528181 11.360458 -4.014804
v 4.531952 11.285644 -4.053419
v 4.534693 11.206654 -4.081484
v 4.536356 11.124839 -4.098517
v 4.536914 11.041600 -4.104227
v 4.536356 10.958362 -4.098517
v 4.534693 10.876547 -4.081484
v 4.531952 10.797556 -4.053419
v 4.528181 10.722741 -4.014804
v 4.523444 10.653382 -3.966298
v 4.579075 11.492534 -3.901432
v 4.591952 11.429817 -3.957172
v 4.602145 11.360458 -4.001298
v 4.610858 11.285644 -4.039011
v 4.617189 11.206654 -4.066420
v 4.621033 11.124839 -4.083055
v 4.622321 11.041600 -4.088632
v 4.621033 10.958362 -4.083055
v 4.617189 10.876547 -4.066420
v 4.610858 10.797556 -4.039011
v 4.602145 10.722741 -4.001298
v 4.591202 10.653382 -3.953925
v 4.637955 11.492534 -3.881659
v 4.657896 11.429817 -3.935028
v 4.673680 11.360458 -3.977275
v 4.687171 11.285644 -4.013383
v 4.696977 11.206654 -4.039626
v 4.702927 11.124839 -4.055553
v 4.704922 11.041600 -4.060893
v 4.702927 10.958362 -4.055553
v 4.696977 10.876547 -4.039626
v 4.687171 10.797556 -4.013384
v 4.673680 10.722741 -3.977275
v 4.656734 10.653382 -3.931918
v 4.693739 11.492534 -3.853598
v 4.720371 11.429817 -3.903601
v 4.741453 11.360458 -3.943184
v 4.759472 11.285644 -3.977015
v 4.772567 11.206654 -4.001602
v 4.780515 11.124839 -4.016525
v 4.783180 11.041600 -4.021527
v 4.780515 10.958362 -4.016525
v 4.772567 10.876547 -4.001602
v 4.759472 10.797556 -3.977015
v 4.741453 10.722741 -3.943184
v 4.718820 10.653382 -3.900688
v 4.745388 11.492534 -3.817773
v 4.778215 11.429817 -3.863478
v 4.804202 11.360458 -3.899659
v 4.826413 11.285644 -3.930583
v 4.842554 11.206654 -3.953057
v 4.852351 11.124839 -3.966697
v 4.855636 11.041600 -3.971269
v 4.852351 10.958362 -3.966697
v 4.842554 10.876547 -3.953057
v 4.826413 10.797556 -3.930583
v 4.804202 10.722741 -3.899659
v 4.776303 10.653382 -3.860816
v 4.791938 11.492534 -3.774850
v 4.830350 11.429817 -3.815407
v 4.860757 11.360458 -3.847512
v 4.886746 11.285644 -3.874951
v 4.905633 11.206654 -3.894894
v 4.917097 11.124839 -3.906997
v 4.920940 11.041600 -3.911054
v 4.917097 10.958362 -3.906997
v 4.905633 10.876547 -3.894894
v 4.886746 10.797556 -3.874951
v 4.860757 10.722741 -3.847512
v 4.828112 10.653382 -3.813044
v 4.832524 11.492534 -3.725629
v 4.875804 11.429817 -3.760282
v 4.910066 11.360458 -3.787712
v 4.939348 11.285644 -3.811157
v 4.960629 11.206654 -3.828196
v 4.973546 11.124839 -3.838537
v 4.977876 11.041600 -3.842004
v 4.973546 10.958362 -3.838538
v 4.960630 10.876547 -3.828196
v 4.939348 10.797556 -3.811157
v 4.910066 10.722741 -3.787712
v 4.873283 10.653382 -3.758263
v 4.866388 11.492534 -3.671028
v 4.913731 11.429817 -3.699130
v 4.951209 11.360458 -3.721376
v 4.983240 11.285644 -3.740389
v 5.006519 11.206654 -3.754207
v 5.020648 11.124839 -3.762594
v 5.025384 11.041600 -3.765405
v 5.020648 10.958362 -3.762594
v 5.006519 10.876547 -3.754207
v 4.983240 10.797556 -3.740389
v 4.951209 10.722741 -3.721376
v 4.910973 10.653382 -3.697493
v 4.892901 11.492534 -3.612062
v 4.943425 11.429817 -3.633091
v 4.983419 11.360458 -3.649737
v 5.017602 11.285644 -3.663965
v 5.042446 11.206654 -3.674305
v 5.057524 11.124839 -3.680580
v 5.062578 11.041600 -3.682684
v 5.057523 10.958362 -3.680580
v 5.042446 10.876547 -3.674305
v 5.017603 10.797556 -3.663965
v 4.983419 10.722741 -3.649737
v 4.940481 10.653382 -3.631866
v 4.911569 11.492534 -3.549831
v 4.964332 11.429817 -3.563394
v 5.006099 11.360458 -3.574131
v 5.041797 11.285644 -3.583308
v 5.067741 11.206654 -3.589978
v 5.083487 11.124839 -3.594025
v 5.088766 11.041600 -3.595382
v 5.083487 10.958362 -3.594025
v 5.067741 10.876547 -3.589978
v 5.041797 10.797556 -3.583308
v 5.006099 10.722741 -3.574131
v 4.961257 10.653382 -3.562604
v 4.922043 11.492534 -3.485494
v 4.976062 11.429817 -3.491339
v 5.018824 11.360458 -3.495967
v 5.055372 11.285644 -3.499922
v 5.081934 11.206654 -3.502796
v 5.098055 11.124839 -3.504541
v 5.103460 11.041600 -3.505126
v 5.098055 10.958362 -3.504541
v 5.081934 10.876547 -3.502796
v 5.055372 10.797556 -3.499922
v 5.018824 10.722741 -3.495967
v 4.972915 10.653382 -3.490999
v 4.924129 11.492534 -3.420249
v 4.978397 11.429817 -3.418268
v 5.021358 11.360458 -3.416699
v 5.058075 11.285644 -3.415359
v 5.084760 11.206654 -3.414385
v 5.100955 11.124839 -3.413794
v 5.106385 11.041600 -3.413595
v 5.100955 10.958362 -3.413794
v 5.084760 10.876547 -3.414385
v 5.058075 10.797556 -3.415359
v 5.021358 10.722741 -3.416699
v 4.975236 10.653382 -3.418383
v 4.917787 11.492534 -3.355311
v 4.971295 11.429817 -3.345540
v 5.013653 11.360458 -3.337805
v 5.049855 11.285644 -3.331194
v 5.076166 11.206654 -3.326390
v 5.092135 11.124839 -3.323474
v 5.097488 11.041600 -3.322497
v 5.092135 10.958362 -3.323474
v 5.076167 10.876547 -3.326390
v 5.049856 10.797556 -3.331195
v 5.013653 10.722741 -3.337805
v 4.968177 10.653382 -3.346109
v 4.903135 11.492534 -3.291891
v 4.954886 11.429817 -3.274512
v 4.995853 11.360458 -3.260755
v 5.030867 11.285644 -3.248997
v 5.056313 11.206654 -3.240452
v 5.071757 11.124839 -3.235265
v 5.076935 11.041600 -3.233527
v 5.071757 10.958362 -3.235265
v 5.056314 10.876547 -3.240452
v 5.030867 10.797556 -3.248997
v 4.995853 10.722741 -3.260755
v 4.951871 10.653382 -3.275525
v 4.880448 11.492534 -3.231170
v 4.929477 11.429817 -3.206507
v 4.968289 11.360458 -3.186983
v 5.001462 11.285644 -3.170297
v 5.025570 11.206654 -3.158170
v 5.040202 11.124839 -3.150810
v 5.045108 11.041600 -3.148342
v 5.040202 10.958362 -3.150810
v 5.025570 10.876547 -3.158170
v 5.001462 10.797556 -3.170297
v 4.968289 10.722741 -3.186983
v 4.926621 10.653382 -3.207944
v 4.850147 11.492534 -3.174278
v 4.895542 11.429817 -3.142790
v 4.931476 11.360458 -3.117865
v 4.962189 11.285644 -3.096561
v 4.984510 11.206654 -3.081078
v 4.998057 11.124839 -3.071681
v 5.002599 11.041600 -3.068531
v 4.998057 10.958362 -3.071681
v 4.984510 10.876547 -3.081078
v 4.962189 10.797556 -3.096561
v 4.931476 10.722741 -3.117865
v 4.892897 10.653382 -3.144625
v 4.812797 11.492534 -3.122276
v 4.853711 11.429817 -3.084550
v 4.886099 11.360458 -3.054686
v 4.913780 11.285644 -3.029162
v 4.933898 11.206654 -3.010612
v 4.946108 11.124839 -2.999354
v 4.950202 11.041600 -2.995579
v 4.946108 10.958362 -2.999354
v 4.933898 10.876547 -3.010612
v 4.913781 10.797556 -3.029162
v 4.886099 10.722741 -3.054686
v 4.851327 10.653382 -3.086748
v 4.769093 11.492534 -3.076132
v 4.804764 11.429817 -3.032871
v 4.833002 11.360458 -2.998625
v 4.857137 11.285644 -2.969356
v 4.874677 11.206654 -2.948084
v 4.885323 11.124839 -2.935174
v 4.888891 11.041600 -2.930845
v 4.885323 10.958362 -2.935174
v 4.874677 10.876547 -2.948084
v 4.857137 10.797556 -2.969356
v 4.833002 10.722741 -2.998626
v 4.802686 10.653382 -3.035392
v 4.719850 11.492534 -3.036706
v 4.749614 11.429817 -2.988716
v 4.773176 11.360458 -2.950726
v 4.793314 11.285644 -2.918257
v 4.807950 11.206654 -2.894660
v 4.816832 11.124839 -2.880338
v 4.819810 11.041600 -2.875536
v 4.816832 10.958362 -2.880338
v 4.807950 10.876547 -2.894659
v 4.793314 10.797556 -2.918257
v 4.773176 10.722741 -2.950726
v 4.747880 10.653382 -2.991512
v 4.665985 11.492534 -3.004733
v 4.689288 11.429817 -2.952907
v 4.707734 11.360458 -2.911881
v 4.723500 11.285644 -2.876817
v 4.734959 11.206654 -2.851333
v 4.741913 11.124839 -2.835867
v 4.744245 11.041600 -2.830681
v 4.741913 10.958362 -2.835867
v 4.734959 10.876547 -2.851333
v 4.723501 10.797556 -2.876817
v 4.707734 10.722741 -2.911881
v 4.687930 10.653382 -2.955926
v 4.608501 11.492534 -2.980807
v 4.624908 11.429817 -2.926111
v 4.637897 11.360458 -2.882813
v 4.648997 11.285644 -2.845807
v 4.657064 11.206654 -2.818912
v 4.661961 11.124839 -2.802590
v 4.663602 11.041600 -2.797117
v 4.661961 10.958362 -2.802590
v 4.657065 10.876547 -2.818912
v 4.648997 10.797556 -2.845807
v 4.637897 10.722741 -2.882813
v 4.623952 10.653382 -2.929298
v 4.548470 11.492534 -2.965375
v 4.557676 11.429817 -2.908828
v 4.564963 11.360458 -2.864065
v 4.571191 11.285644 -2.825806
v 4.575718 11.206654 -2.798001
v 4.578465 11.124839 -2.781126
v 4.579386 11.041600 -2.775468
v 4.578465 10.958362 -2.781126
v 4.575718 10.876547 -2.798001
v 4.571191 10.797556 -2.825806
v 4.564963 10.722741 -2.864065
v 4.557139 10.653382 -2.912122
v 4.487009 11.492534 -2.958724
v 4.488842 11.429817 -2.901379
v 4.490293 11.360458 -2.855984
v 4.491533 11.285644 -2.817186
v 4.492435 11.206654 -2.788988
v 4.492981 11.124839 -2.771875
v 4.493165 11.041600 -2.766137
v 4.492981 10.958362 -2.771875
v 4.492435 10.876547 -2.788988
v 4.491533 10.797556 -2.817186
v 4.490293 10.722741 -2.855984
v 4.488735 10.653382 -2.904720
v 4.425263 11.492534 -2.960978
v 4.419689 11.429817 -2.903904
v 4.415277 11.360458 -2.858723
v 4.411505 11.285644 -2.820107
v 4.408765 11.206654 -2.792043
v 4.407101 11.124839 -2.775010
v 4.406544 11.041600 -2.769300
v 4.407102 10.958362 -2.775010
v 4.408765 10.876547 -2.792043
v 4.411506 10.797556 -2.820107
v 4.415277 10.722741 -2.858723
v 4.420014 10.653382 -2.907229
v 4.364383 11.492534 -2.972095
v 4.351506 11.429817 -2.916354
v 4.341312 11.360458 -2.872229
v 4.332600 11.285644 -2.834516
v 4.326268 11.206654 -2.807107
v 4.322425 11.124839 -2.790472
v 4.321137 11.041600 -2.784895
v 4.322425 10.958362 -2.790472
v 4.326268 10.876547 -2.807107
v 4.332600 10.797556 -2.834516
v 4.341312 10.722741 -2.872229
v 4.352256 10.653382 -2.919602
v 4.305503 11.492534 -2.991868
v 4.285563 11.429817 -2.938499
v 4.269777 11.360458 -2.896251
v 4.256286 11.285644 -2.860143
v 4.246481 11.206654 -2.833901
v 4.240530 11.124839 -2.817974
v 4.238535 11.041600 -2.812634
v 4.240530 10.958362 -2.817974
v 4.246481 10.876547 -2.833900
v 4.256286 10.797556 -2.860143
v 4.269777 10.722741 -2.896251
v 4.286724 10.653382 -2.941608
v 4.249719 11.492534 -3.019928
v 4.223087 11.429817 -2.969925
v 4.202004 11.360458 -2.930343
v 4.183986 11.285644 -2.896512
v 4.170890 11.206654 -2.871924
v 4.162943 11.124839 -2.857002
v 4.160278 11.041600 -2.851999
v 4.162943 10.958362 -2.857002
v 4.170890 10.876547 -2.871924
v 4.183986 10.797556 -2.896511
v 4.202004 10.722741 -2.930342
v 4.224638 10.653382 -2.972838
v 4.198071 11.492534 -3.055754
v 4.165243 11.429817 -3.010048
v 4.139256 11.360458 -2.973867
v 4.117045 11.285644 -2.942944
v 4.100904 11.206654 -2.920470
v 4.091107 11.124839 -2.906830
v 4.087822 11.041600 -2.902257
v 4.091107 10.958362 -2.906830
v 4.100904 10.876547 -2.920470
v 4.117045 10.797556 -2.942944
v 4.139256 10.722741 -2.973867
v 4.167155 10.653382 -3.012711
v 4.151520 11.492534 -3.098676
v 4.113108 11.429817 -3.058120
v 4.082701 11.360458 -3.026015
v 4.056712 11.285644 -2.998575
v 4.037825 11.206654 -2.978633
v 4.026361 11.124839 -2.966530
v 4.022518 11.041600 -2.962472
v 4.026361 10.958362 -2.966530
v 4.037825 10.876547 -2.978633
v 4.056712 10.797556 -2.998575
v 4.082701 10.722741 -3.026015
v 4.115346 10.653382 -3.060483
v 4.110934 11.492534 -3.147897
v 4.067654 11.429817 -3.113245
v 4.033392 11.360458 -3.085814
v 4.004110 11.285644 -3.062369
v 3.982828 11.206654 -3.045330
v 3.969912 11.124839 -3.034989
v 3.965581 11.041600 -3.031522
v 3.969912 10.958362 -3.034989
v 3.982828 10.876547 -3.045330
v 4.004110 10.797556 -3.062369
v 4.033392 10.722741 -3.085814
v 4.070175 10.653382 -3.115264
v 4.077069 11.492534 -3.202499
v 4.029727 11.429817 -3.174397
v 3.992249 11.360458 -3.152151
v 3.960218 11.285644 -3.133138
v 3.936939 11.206654 -3.119319
v 3.922811 11.124839 -3.110933
v 3.918074 11.041600 -3.108121
v 3.922811 10.958362 -3.110933
v 3.936939 10.876547 -3.119319
v 3.960218 10.797556 -3.133138
v 3.992249 10.722741 -3.152151
v 4.032485 10.653382 -3.176034
v 4.050556 11.492534 -3.261464
v 4.000033 11.429817 -3.240436
v 3.960038 11.360458 -3.223789
v 3.925855 11.285644 -3.209562
v 3.901012 11.206654 -3.199221
v 3.885935 11.124839 -3.192946
v 3.880879 11.041600 -3.190842
v 3.885935 10.958362 -3.192946
v 3.901012 10.876547 -3.199221
v 3.925855 10.797556 -3.209562
v 3.960038 10.722741 -3.223789
v 4.002976 10.653382 -3.241661
v 4.031889 11.492534 -3.323696
v 3.979126 11.429817 -3.310132
v 3.937359 11.360458 -3.299395
v 3.901661 11.285644 -3.290218
v 3.875717 11.206654 -3.283549
v 3.859971 11.124839 -3.279501
v 3.854692 11.041600 -3.278144
v 3.859971 10.958362 -3.279501
v 3.875717 10.876547 -3.283549
v 3.901661 10.797556 -3.290218
v 3.937359 10.722741 -3.299395
v 3.982200 10.653382 -3.310922
v 4.021415 11.492534 -3.388033
v 3.967396 11.429817 -3.382187
v 3.924634 11.360458 -3.377560
v 3.888086 11.285644 -3.373605
v 3.861524 11.206654 -3.370730
v 3.845403 11.124839 -3.368986
v 3.839998 11.041600 -3.368401
v 3.845403 10.958362 -3.368986
v 3.861524 10.876547 -3.370730
v 3.888086 10.797556 -3.373605
v 3.924634 10.722741 -3.377560
v 3.970543 10.653382 -3.382528
v 4.019330 11.492534 -3.453278
v 3.965060 11.429817 -3.455259
v 3.922100 11.360458 -3.456827
v 3.885383 11.285644 -3.458168
v 3.858698 11.206654 -3.459142
v 3.842502 11.124839 -3.459733
v 3.837072 11.041600 -3.459931
v 3.842502 10.958362 -3.459733
v 3.858698 10.876547 -3.459142
v 3.885383 10.797556 -3.458168
v 3.922100 10.722741 -3.456827
v 3.968222 10.653382 -3.455144
v 4.025671 11.492534 -3.518215
v 3.972163 11.429817 -3.527986
v 3.929805 11.360458 -3.535721
v 3.893602 11.285644 -3.542332
v 3.867291 11.206654 -3.547136
v 3.851323 11.124839 -3.550052
v 3.845969 11.041600 -3.551030
v 3.851323 10.958362 -3.550052
v 3.867291 10.876547 -3.547136
v 3.893602 10.797556 -3.542332
v 3.929805 10.722741 -3.535721
v 3.975280 10.653382 -3.527417
v 4.040322 11.492534 -3.581636
v 3.988571 11.429817 -3.599014
v 3.947605 11.360458 -3.612771
v 3.912591 11.285644 -3.624529
v 3.887145 11.206654 -3.633075
v 3.871701 11.124839 -3.638261
v 3.866523 11.041600 -3.640000
v 3.871701 10.958362 -3.638261
v 3.887145 10.876547 -3.633075
v 3.912591 10.797556 -3.624529
v 3.947605 10.722741 -3.612771
v 3.991587 10.653382 -3.598002
v 4.063010 11.492534 -3.642357
v 4.013980 11.429817 -3.667020
v 3.975168 11.360458 -3.686543
v 3.941996 11.285644 -3.703230
v 3.917887 11.206654 -3.715356
v 3.903256 11.124839 -3.722716
v 3.903256 10.958362 -3.722716
v 3.917887 10.876547 -3.715356
v 3.941996 10.797556 -3.703229
v 3.975168 10.722741 -3.686543
v 4.016837 10.653382 -3.665583
v 4.111677 11.505538 -3.686509
v 4.147214 11.505538 -3.735987
v 4.188797 11.505538 -3.779892
v 4.235650 11.505538 -3.817404
v 4.286901 11.505538 -3.847826
v 4.341595 11.505538 -3.870590
v 4.398713 11.505538 -3.885273
v 4.457191 11.505538 -3.891601
v 4.515939 11.505538 -3.889457
v 4.573865 11.505538 -3.878879
v 4.629888 11.505538 -3.860066
v 4.682964 11.505538 -3.833367
v 4.732106 11.505538 -3.799281
v 4.776397 11.505538 -3.758441
v 4.815013 11.505538 -3.711609
v 4.847234 11.505538 -3.659658
v 4.872460 11.505538 -3.603554
v 4.890222 11.505538 -3.544343
v 4.900187 11.505538 -3.483129
v 4.902171 11.505538 -3.421050
v 4.896137 11.505538 -3.359264
v 4.882197 11.505538 -3.298922
v 4.860611 11.505538 -3.241148
v 4.831780 11.505538 -3.187018
v 4.796243 11.505538 -3.137539
v 4.754661 11.505538 -3.093635
v 4.707808 11.505538 -3.056123
v 4.656557 11.505538 -3.025701
v 4.601863 11.505538 -3.002937
v 4.544745 11.505538 -2.988254
v 4.486267 11.505538 -2.981925
v 4.427518 11.505538 -2.984070
v 4.369593 11.505538 -2.994648
v 4.313570 11.505538 -3.013461
v 4.260494 11.505538 -3.040159
v 4.211352 11.505538 -3.074246
v 4.167061 11.505538 -3.115085
v 4.128445 11.505538 -3.161917
v 4.096224 11.505538 -3.213869
v 4.070998 11.505538 -3.269972
v 4.053236 11.505538 -3.329183
v 4.043271 11.505538 -3.390398
v 4.041286 11.505538 -3.452476
v 4.047320 11.505538 -3.514262
v 4.061261 11.505538 -3.574604
v 4.082847 11.505538 -3.632379
v 4.132989 11.505538 -3.671727
v 4.166423 11.505538 -3.718276
v 4.205544 11.505538 -3.759582
v 4.249624 11.505538 -3.794874
v 4.297841 11.505538 -3.823495
v 4.349298 11.505538 -3.844912
v 4.403034 11.505538 -3.858726
v 4.458051 11.505538 -3.864679
v 4.513323 11.505538 -3.862661
v 4.567819 11.505538 -3.852710
v 4.620526 11.505538 -3.835011
v 4.670461 11.505538 -3.809892
v 4.716694 11.505538 -3.777823
v 4.758363 11.505538 -3.739401
v 4.794693 11.505538 -3.695341
v 4.825007 11.505538 -3.646465
v 4.848741 11.505538 -3.593682
v 4.865451 11.505538 -3.537976
v 4.874826 11.505538 -3.480384
v 4.876693 11.505538 -3.421980
v 4.871017 11.505538 -3.363852
v 4.857902 11.505538 -3.307081
v 4.837593 11.505538 -3.252726
v 4.810469 11.505538 -3.201800
v 4.777035 11.505538 -3.155250
v 4.737914 11.505538 -3.113945
v 4.693834 11.505538 -3.078653
v 4.645617 11.505538 -3.050032
v 4.594161 11.505538 -3.028615
v 4.540423 11.505538 -3.014801
v 4.485407 11.505538 -3.008847
v 4.430135 11.505538 -3.010865
v 4.375638 11.505538 -3.020816
v 4.322932 11.505538 -3.038516
v 4.272997 11.505538 -3.063634
v 4.226764 11.505538 -3.095703
v 4.185094 11.505538 -3.134125
v 4.148764 11.505538 -3.178185
v 4.118450 11.505538 -3.227062
v 4.094717 11.505538 -3.279845
v 4.078007 11.505538 -3.335551
v 4.068631 11.505538 -3.393142
v 4.066764 11.505538 -3.451546
v 4.072442 11.505538 -3.509675
v 4.085556 11.505538 -3.566445
v 4.105865 11.505538 -3.620800
v 3.912684 11.041600 -3.717974
v 4.107991 11.480332 -3.689066
v 4.058608 11.420372 -3.723320
v 4.023588 11.352726 -3.747612
v 3.993536 11.279559 -3.768457
v 3.971769 11.202538 -3.783555
v 3.958559 11.122765 -3.792719
v 3.954130 11.041600 -3.795790
v 3.958559 10.960436 -3.792719
v 3.971769 10.880661 -3.783555
v 3.993536 10.803641 -3.768457
v 4.023484 10.730693 -3.747683
v 4.061104 10.663066 -3.721589
v 4.143893 11.480332 -3.739051
v 4.099383 11.420372 -3.780091
v 4.067820 11.352726 -3.809195
v 4.040734 11.279559 -3.834170
v 4.021116 11.202538 -3.852259
v 4.009209 11.122765 -3.863238
v 4.005218 11.041600 -3.866918
v 4.009209 10.960436 -3.863238
v 4.021116 10.880661 -3.852259
v 4.040733 10.803641 -3.834170
v 4.067727 10.730693 -3.809280
v 4.101633 10.663066 -3.778017
v 4.185901 11.480332 -3.783404
v 4.147094 11.420372 -3.830467
v 4.119576 11.352726 -3.863840
v 4.095960 11.279559 -3.892480
v 4.078856 11.202538 -3.913223
v 4.068475 11.122765 -3.925813
v 4.064995 11.041600 -3.930034
v 4.068475 10.960436 -3.925813
v 4.078856 10.880661 -3.913223
v 4.095960 10.803641 -3.892480
v 4.119495 10.730693 -3.863939
v 4.149056 10.663066 -3.828088
v 4.233233 11.480332 -3.821301
v 4.200854 11.420372 -3.873509
v 4.177892 11.352726 -3.910531
v 4.158187 11.279559 -3.942301
v 4.143916 11.202538 -3.965312
v 4.135253 11.122765 -3.979278
v 4.132349 11.041600 -3.983960
v 4.135253 10.960436 -3.979278
v 4.143916 10.880661 -3.965312
v 4.158187 10.803641 -3.942301
v 4.177824 10.730693 -3.910640
v 4.202490 10.663066 -3.870869
v 4.285009 11.480332 -3.852034
v 4.259658 11.420372 -3.908414
v 4.241681 11.352726 -3.948396
v 4.226254 11.279559 -3.982705
v 4.215081 11.202538 -4.007555
v 4.208300 11.122765 -4.022637
v 4.206026 11.041600 -4.027694
v 4.208300 10.960436 -4.022637
v 4.215081 10.880661 -4.007555
v 4.226254 10.803641 -3.982705
v 4.241628 10.730693 -3.948513
v 4.260940 10.663066 -3.905564
v 4.340262 11.480332 -3.875031
v 4.322413 11.420372 -3.934534
v 4.309756 11.352726 -3.976729
v 4.298894 11.279559 -4.012939
v 4.291028 11.202538 -4.039165
v 4.286252 11.122765 -4.055082
v 4.284652 11.041600 -4.060419
v 4.286252 10.960436 -4.055082
v 4.291028 10.880661 -4.039166
v 4.298894 10.803641 -4.012939
v 4.309719 10.730693 -3.976854
v 4.323316 10.663066 -3.931526
v 4.397965 11.480332 -3.889865
v 4.387950 11.420372 -3.951381
v 4.380848 11.352726 -3.995005
v 4.374754 11.279559 -4.032440
v 4.370340 11.202538 -4.059554
v 4.367661 11.122765 -4.076010
v 4.366763 11.041600 -4.081527
v 4.367661 10.960436 -4.076010
v 4.370340 10.880661 -4.059554
v 4.374754 10.803641 -4.032440
v 4.380827 10.730693 -3.995133
v 4.388457 10.663066 -3.948271
v 4.457042 11.480332 -3.896257
v 4.455048 11.420372 -3.958642
v 4.453634 11.352726 -4.002881
v 4.452420 11.279559 -4.040845
v 4.451541 11.202538 -4.068341
v 4.451008 11.122765 -4.085029
v 4.450829 11.041600 -4.090624
v 4.451008 10.960436 -4.085029
v 4.451541 10.880661 -4.068341
v 4.452420 10.803641 -4.040845
v 4.453629 10.730693 -4.003011
v 4.455148 10.663066 -3.955488
v 4.516392 11.480332 -3.894091
v 4.522456 11.420372 -3.956181
v 4.526756 11.352726 -4.000212
v 4.530446 11.279559 -4.037996
v 4.533119 11.202538 -4.065363
v 4.534740 11.122765 -4.081973
v 4.535285 11.041600 -4.087541
v 4.534740 10.960436 -4.081973
v 4.533119 10.880661 -4.065363
v 4.530446 10.803641 -4.037996
v 4.526768 10.730693 -4.000342
v 4.522149 10.663066 -3.953042
v 4.574910 11.480331 -3.883405
v 4.588919 11.420372 -3.944045
v 4.598853 11.352726 -3.987047
v 4.607378 11.279559 -4.023948
v 4.613552 11.202538 -4.050675
v 4.617300 11.122765 -4.066897
v 4.618556 11.041600 -4.072335
v 4.617300 10.960436 -4.066897
v 4.613552 10.880661 -4.050675
v 4.607378 10.803641 -4.023949
v 4.598882 10.730693 -3.987173
v 4.588211 10.663066 -3.940980
v 4.631506 11.480331 -3.864400
v 4.653199 11.420372 -3.922459
v 4.668582 11.352726 -3.963631
v 4.681783 11.279559 -3.998962
v 4.691344 11.202538 -4.024552
v 4.697147 11.122765 -4.040083
v 4.699093 11.041600 -4.045290
v 4.697147 10.960436 -4.040083
v 4.691344 10.880661 -4.024552
v 4.681783 10.803641 -3.998962
v 4.668627 10.730693 -3.963751
v 4.652102 10.663066 -3.919524
v 4.685126 11.480332 -3.837427
v 4.714099 11.420372 -3.891825
v 4.734645 11.352726 -3.930400
v 4.752276 11.279559 -3.963503
v 4.765045 11.202538 -3.987479
v 4.772796 11.122765 -4.002030
v 4.775394 11.041600 -4.006909
v 4.772796 10.960436 -4.002030
v 4.765045 10.880661 -3.987479
v 4.752276 10.803641 -3.963503
v 4.734705 10.730693 -3.930513
v 4.712635 10.663066 -3.889075
v 4.734771 11.480332 -3.802992
v 4.770484 11.420372 -3.852714
v 4.795809 11.352726 -3.887974
v 4.817542 11.279559 -3.918232
v 4.833282 11.202538 -3.940147
v 4.842836 11.122765 -3.953448
v 4.846038 11.041600 -3.957907
v 4.842836 10.960436 -3.953448
v 4.833282 10.880661 -3.940147
v 4.817542 10.803641 -3.918232
v 4.795884 10.730693 -3.888077
v 4.768679 10.663066 -3.850200
v 4.779516 11.480332 -3.761735
v 4.821303 11.420372 -3.805855
v 4.850937 11.352726 -3.837142
v 4.876366 11.279559 -3.863992
v 4.894784 11.202538 -3.883438
v 4.905962 11.122765 -3.895240
v 4.909709 11.041600 -3.899197
v 4.905962 10.960436 -3.895240
v 4.894784 10.880661 -3.883438
v 4.876366 10.803641 -3.863992
v 4.851024 10.730693 -3.837235
v 4.819191 10.663066 -3.803624
v 4.818527 11.480331 -3.714423
v 4.865612 11.420372 -3.752120
v 4.899000 11.352726 -3.778853
v 4.927653 11.279559 -3.801793
v 4.948405 11.202538 -3.818409
v 4.961000 11.122765 -3.828493
v 4.965223 11.041600 -3.831873
v 4.961000 10.960436 -3.828493
v 4.948405 10.880661 -3.818409
v 4.927653 10.803641 -3.801793
v 4.899098 10.730693 -3.778931
v 4.863231 10.663066 -3.750215
v 4.851078 11.480331 -3.661940
v 4.902581 11.420372 -3.692512
v 4.939105 11.352726 -3.714191
v 4.970447 11.279559 -3.732795
v 4.993147 11.202538 -3.746270
v 5.006924 11.122765 -3.754448
v 5.011543 11.041600 -3.757190
v 5.006924 10.960436 -3.754448
v 4.993147 10.880661 -3.746270
v 4.970447 10.803641 -3.732795
v 4.939212 10.730693 -3.714254
v 4.899978 10.663066 -3.690966
v 4.876563 11.480331 -3.605261
v 4.931526 11.420372 -3.628138
v 4.970502 11.352726 -3.644361
v 5.003950 11.279559 -3.658282
v 5.028175 11.202538 -3.668366
v 5.042878 11.122765 -3.674485
v 5.047807 11.041600 -3.676536
v 5.042878 10.960436 -3.674485
v 5.028175 10.880661 -3.668366
v 5.003950 10.803641 -3.658282
v 4.970617 10.730693 -3.644409
v 4.928748 10.663066 -3.626982
v 4.894506 11.480332 -3.545445
v 4.951905 11.420372 -3.560200
v 4.992610 11.352726 -3.570664
v 5.027539 11.279559 -3.579643
v 5.052838 11.202538 -3.586146
v 5.068193 11.122765 -3.590094
v 5.073341 11.041600 -3.591417
v 5.068193 10.960436 -3.590094
v 5.052838 10.880661 -3.586146
v 5.027539 10.803641 -3.579643
v 4.992729 10.730693 -3.570694
v 4.949004 10.663066 -3.559454
v 4.904573 11.480332 -3.483603
v 4.963340 11.420372 -3.489963
v 5.005013 11.352726 -3.494472
v 5.040775 11.279559 -3.498342
v 5.066676 11.202538 -3.501145
v 5.082397 11.122765 -3.502846
v 5.087667 11.041600 -3.503416
v 5.082397 10.960436 -3.502846
v 5.066676 10.880661 -3.501145
v 5.040775 10.803641 -3.498342
v 5.005136 10.730693 -3.494485
v 4.960369 10.663066 -3.489641
v 4.906578 11.480332 -3.420889
v 4.965616 11.420372 -3.418734
v 5.007483 11.352726 -3.417206
v 5.043410 11.279559 -3.415894
v 5.069432 11.202538 -3.414944
v 5.085225 11.122765 -3.414368
v 5.090519 11.041600 -3.414175
v 5.085225 10.960436 -3.414368
v 5.069432 10.880661 -3.414944
v 5.043410 10.803641 -3.415894
v 5.007606 10.730693 -3.417201
v 4.962632 10.663066 -3.418843
v 4.900482 11.480331 -3.358471
v 4.958693 11.420372 -3.347842
v 4.999972 11.352726 -3.340304
v 5.035396 11.279559 -3.333835
v 5.061053 11.202538 -3.329150
v 5.076624 11.122765 -3.326307
v 5.081845 11.041600 -3.325353
v 5.076624 10.960436 -3.326307
v 5.061053 10.880661 -3.329150
v 5.035396 10.803641 -3.333835
v 5.000093 10.730693 -3.340282
v 4.955750 10.663066 -3.348379
v 4.886400 11.480332 -3.297511
v 4.942698 11.420372 -3.278605
v 4.982622 11.352726 -3.265199
v 5.016882 11.279559 -3.253694
v 5.041696 11.202538 -3.245360
v 5.056756 11.122765 -3.240303
v 5.061805 11.041600 -3.238608
v 5.056756 10.960436 -3.240303
v 5.041697 10.880661 -3.245360
v 5.016882 10.803641 -3.253694
v 4.982739 10.730693 -3.265159
v 4.939852 10.663066 -3.279561
v 4.864592 11.480331 -3.239145
v 4.917930 11.420372 -3.212315
v 4.955754 11.352726 -3.193289
v 4.988213 11.279559 -3.176962
v 5.011722 11.202538 -3.165136
v 5.025990 11.122765 -3.157959
v 5.030773 11.041600 -3.155553
v 5.025990 10.960436 -3.157959
v 5.011722 10.880661 -3.165136
v 4.988213 10.803641 -3.176962
v 4.955865 10.730693 -3.193233
v 4.915234 10.663066 -3.213672
v 4.835467 11.480331 -3.184460
v 4.884850 11.420372 -3.150206
v 4.919870 11.352726 -3.125915
v 4.949922 11.279559 -3.105069
v 4.971689 11.202538 -3.089972
v 4.984899 11.122765 -3.080808
v 4.989328 11.041600 -3.077736
v 4.984899 10.960436 -3.080808
v 4.971689 10.880661 -3.089972
v 4.949922 10.803641 -3.105069
v 4.919973 10.730693 -3.125843
v 4.882354 10.663066 -3.151938
v 4.799565 11.480332 -3.134476
v 4.844075 11.420372 -3.093435
v 4.875638 11.352726 -3.064331
v 4.902724 11.279559 -3.039357
v 4.922342 11.202538 -3.021267
v 4.934248 11.122765 -3.010289
v 4.938241 11.041600 -3.006608
v 4.934248 10.960436 -3.010289
v 4.922342 10.880661 -3.021267
v 4.902724 10.803641 -3.039357
v 4.875731 10.730693 -3.064246
v 4.841825 10.663066 -3.095510
v 4.757557 11.480332 -3.090122
v 4.796363 11.420372 -3.043060
v 4.823882 11.352726 -3.009686
v 4.847498 11.279559 -2.981046
v 4.864602 11.202538 -2.960303
v 4.874982 11.122765 -2.947714
v 4.878462 11.041600 -2.943493
v 4.874982 10.960436 -2.947714
v 4.864602 10.880661 -2.960303
v 4.847498 10.803641 -2.981046
v 4.823963 10.730693 -3.009587
v 4.794401 10.663066 -3.045439
v 4.710225 11.480332 -3.052226
v 4.742604 11.420372 -3.000018
v 4.765566 11.352726 -2.962996
v 4.785271 11.279559 -2.931225
v 4.799542 11.202538 -2.908215
v 4.808204 11.122765 -2.894249
v 4.811108 11.041600 -2.889567
v 4.808204 10.960436 -2.894249
v 4.799542 10.880661 -2.908214
v 4.785271 10.803641 -2.931225
v 4.765634 10.730693 -2.962887
v 4.740967 10.663066 -3.002657
v 4.658449 11.480332 -3.021493
v 4.683800 11.420372 -2.965113
v 4.701777 11.352726 -2.925131
v 4.717204 11.279559 -2.890821
v 4.728377 11.202538 -2.865972
v 4.735158 11.122765 -2.850890
v 4.737432 11.041600 -2.845833
v 4.735158 10.960436 -2.850890
v 4.728377 10.880661 -2.865972
v 4.717204 10.803641 -2.890821
v 4.701829 10.730693 -2.925014
v 4.682518 10.663066 -2.967963
v 4.603196 11.480332 -2.998495
v 4.621045 11.420372 -2.938993
v 4.633701 11.352726 -2.896797
v 4.644563 11.279559 -2.860588
v 4.652431 11.202538 -2.834361
v 4.657205 11.122765 -2.818444
v 4.658805 11.041600 -2.813108
v 4.657205 10.960436 -2.818444
v 4.652431 10.880661 -2.834361
v 4.644563 10.803641 -2.860587
v 4.633739 10.730693 -2.896673
v 4.620142 10.663066 -2.942001
v 4.545493 11.480332 -2.983662
v 4.555507 11.420372 -2.922145
v 4.562610 11.352726 -2.878522
v 4.568704 11.279559 -2.841087
v 4.573118 11.202538 -2.813973
v 4.575797 11.122765 -2.797517
v 4.576694 11.041600 -2.792000
v 4.575797 10.960436 -2.797517
v 4.573118 10.880661 -2.813973
v 4.568704 10.803641 -2.841086
v 4.562631 10.730693 -2.878394
v 4.555001 10.663066 -2.925255
v 4.486416 11.480332 -2.977269
v 4.488410 11.420372 -2.914884
v 4.489824 11.352726 -2.870646
v 4.491038 11.279559 -2.832682
v 4.491917 11.202538 -2.805186
v 4.492450 11.122765 -2.788498
v 4.492629 11.041600 -2.782903
v 4.492450 10.960436 -2.788498
v 4.491917 10.880661 -2.805186
v 4.491038 10.803641 -2.832682
v 4.489829 10.730693 -2.870515
v 4.488309 10.663066 -2.918038
v 4.427066 11.480332 -2.979436
v 4.421002 11.420372 -2.917346
v 4.416702 11.352726 -2.873315
v 4.413012 11.279559 -2.835530
v 4.410339 11.202538 -2.808163
v 4.408717 11.122765 -2.791555
v 4.408173 11.041600 -2.785986
v 4.408717 10.960436 -2.791554
v 4.410339 10.880661 -2.808163
v 4.413012 10.803641 -2.835530
v 4.416689 10.730693 -2.873185
v 4.421309 10.663066 -2.920484
v 4.368548 11.480332 -2.990121
v 4.354539 11.420372 -2.929482
v 4.344605 11.352726 -2.886480
v 4.336080 11.279559 -2.849578
v 4.329906 11.202538 -2.822851
v 4.326159 11.122765 -2.806630
v 4.324902 11.041600 -2.801191
v 4.326159 10.960436 -2.806630
v 4.329906 10.880661 -2.822851
v 4.336080 10.803641 -2.849578
v 4.344575 10.730693 -2.886354
v 4.355247 10.663066 -2.932547
v 4.311951 11.480331 -3.009127
v 4.290259 11.420372 -2.951068
v 4.274876 11.352726 -2.909896
v 4.261675 11.279559 -2.874565
v 4.252114 11.202538 -2.848975
v 4.246311 11.122765 -2.833444
v 4.244365 11.041600 -2.828237
v 4.246311 10.960436 -2.833444
v 4.252114 10.880661 -2.848974
v 4.261675 10.803641 -2.874564
v 4.274830 10.730693 -2.909775
v 4.291356 10.663066 -2.954003
v 4.258331 11.480331 -3.036099
v 4.229359 11.420372 -2.981702
v 4.208813 11.352726 -2.943127
v 4.191182 11.279559 -2.910024
v 4.178412 11.202538 -2.886048
v 4.170662 11.122765 -2.871497
v 4.168064 11.041600 -2.866618
v 4.170662 10.960436 -2.871497
v 4.178412 10.880661 -2.886047
v 4.191182 10.803641 -2.910024
v 4.208753 10.730693 -2.943013
v 4.230824 10.663066 -2.984452
v 4.208686 11.480331 -3.070535
v 4.172974 11.420372 -3.020812
v 4.147649 11.352726 -2.985553
v 4.125916 11.279559 -2.955295
v 4.110176 11.202538 -2.933380
v 4.100622 11.122765 -2.920079
v 4.097419 11.041600 -2.915620
v 4.100622 10.960436 -2.920079
v 4.110176 10.880661 -2.933380
v 4.125916 10.803641 -2.955295
v 4.147574 10.730693 -2.985449
v 4.174779 10.663066 -3.023326
v 4.163942 11.480332 -3.111792
v 4.122154 11.420372 -3.067672
v 4.092521 11.352726 -3.036384
v 4.067092 11.279559 -3.009535
v 4.048674 11.202538 -2.990088
v 4.037496 11.122765 -2.978286
v 4.033748 11.041600 -2.974330
v 4.037496 10.960436 -2.978286
v 4.048674 10.880661 -2.990088
v 4.067092 10.803641 -3.009535
v 4.092434 10.730693 -3.036292
v 4.124267 10.663066 -3.069902
v 4.124931 11.480332 -3.159103
v 4.077847 11.420372 -3.121406
v 4.044458 11.352726 -3.094674
v 4.015805 11.279559 -3.071733
v 3.995053 11.202538 -3.055118
v 3.982458 11.122765 -3.045034
v 3.978235 11.041600 -3.041653
v 3.982458 10.960436 -3.045034
v 3.995053 10.880661 -3.055118
v 4.015805 10.803641 -3.071733
v 4.044359 10.730693 -3.094595
v 4.080227 10.663066 -3.123312
v 4.092380 11.480332 -3.211587
v 4.040876 11.420372 -3.181015
v 4.004354 11.352726 -3.159336
v 3.973011 11.279559 -3.140732
v 3.950311 11.202538 -3.127257
v 3.936534 11.122765 -3.119079
v 3.931915 11.041600 -3.116337
v 3.936534 10.960436 -3.119079
v 3.950311 10.880661 -3.127257
v 3.973011 10.803641 -3.140732
v 4.004246 10.730693 -3.159272
v 4.043480 10.663066 -3.182560
v 4.066895 11.480331 -3.268265
v 4.011932 11.420372 -3.245388
v 3.972955 11.352726 -3.229165
v 3.939508 11.279559 -3.215244
v 3.915282 11.202538 -3.205161
v 3.900580 11.122765 -3.199042
v 3.895651 11.041600 -3.196990
v 3.900580 10.960436 -3.199042
v 3.915282 10.880661 -3.205161
v 3.939508 10.803641 -3.215244
v 3.972841 10.730693 -3.229118
v 4.014710 10.663066 -3.246545
v 4.048952 11.480331 -3.328082
v 3.991553 11.420372 -3.313326
v 3.950849 11.352726 -3.302863
v 3.915919 11.279559 -3.293883
v 3.890620 11.202538 -3.287380
v 3.875265 11.122765 -3.283433
v 3.870117 11.041600 -3.282110
v 3.875265 10.960436 -3.283433
v 3.890620 10.880661 -3.287380
v 3.915919 10.803641 -3.293883
v 3.950729 10.730693 -3.302832
v 3.994454 10.663066 -3.314072
v 4.038885 11.480332 -3.389923
v 3.980118 11.420372 -3.383564
v 3.938445 11.352726 -3.379054
v 3.902683 11.279559 -3.375184
v 3.876782 11.202538 -3.372381
v 3.861062 11.122765 -3.370680
v 3.855791 11.041600 -3.370110
v 3.861062 10.960436 -3.370680
v 3.876782 10.880661 -3.372381
v 3.902683 10.803641 -3.375184
v 3.938322 10.730693 -3.379041
v 3.983089 10.663066 -3.383885
v 4.036880 11.480332 -3.452637
v 3.977841 11.420372 -3.454793
v 3.935975 11.352726 -3.456321
v 3.900048 11.279559 -3.457632
v 3.874026 11.202538 -3.458582
v 3.858233 11.122765 -3.459159
v 3.852939 11.041600 -3.459352
v 3.858233 10.960436 -3.459159
v 3.874026 10.880661 -3.458582
v 3.900048 10.803641 -3.457632
v 3.935852 10.730693 -3.456325
v 3.980826 10.663066 -3.454683
v 4.042975 11.480332 -3.515055
v 3.984765 11.420372 -3.525685
v 3.943485 11.352726 -3.533222
v 3.908062 11.279559 -3.539692
v 3.882405 11.202538 -3.544376
v 3.866834 11.122765 -3.547220
v 3.861613 11.041600 -3.548173
v 3.866834 10.960436 -3.547220
v 3.882405 10.880661 -3.544376
v 3.908062 10.803641 -3.539691
v 3.943364 10.730693 -3.533245
v 3.987707 10.663066 -3.525148
v 4.057058 11.480332 -3.576015
v 4.000760 11.420372 -3.594921
v 3.960836 11.352726 -3.608328
v 3.926576 11.279559 -3.619833
v 3.901762 11.202538 -3.628166
v 3.886702 11.122765 -3.633223
v 3.881652 11.041600 -3.634919
v 3.886702 10.960436 -3.633223
v 3.901762 10.880661 -3.628166
v 3.926576 10.803641 -3.619833
v 3.960718 10.730693 -3.608368
v 4.003606 10.663066 -3.593965
v 4.078866 11.480332 -3.634381
v 4.025528 11.420372 -3.661211
v 3.987703 11.352726 -3.680238
v 3.955245 11.279559 -3.696565
v 3.931736 11.202538 -3.708390
v 3.917468 11.122765 -3.715567
v 3.917468 10.960436 -3.715567
v 3.931736 10.880661 -3.708390
v 3.955245 10.803641 -3.696565
v 3.987592 10.730693 -3.680293
v 4.028224 10.663066 -3.659855
v 4.162549 11.489595 -3.651222
v 4.193066 11.489595 -3.693709
v 4.228773 11.489595 -3.731410
v 4.269006 11.489595 -3.763622
v 4.313015 11.489595 -3.789746
v 4.359982 11.489595 -3.809294
v 4.409029 11.489595 -3.821902
v 4.459245 11.489595 -3.827336
v 4.509693 11.489595 -3.825495
v 4.559434 11.489595 -3.816412
v 4.607541 11.489595 -3.800257
v 4.653118 11.489595 -3.777330
v 4.695316 11.489595 -3.748060
v 4.733350 11.489595 -3.712991
v 4.766510 11.489595 -3.672776
v 4.794178 11.489595 -3.628165
v 4.815840 11.489595 -3.579988
v 4.831092 11.489595 -3.529143
v 4.839649 11.489595 -3.476578
v 4.841353 11.489595 -3.423270
v 4.836172 11.489595 -3.370214
v 4.824202 11.489595 -3.318398
v 4.805665 11.489595 -3.268787
v 4.780908 11.489595 -3.222304
v 4.750392 11.489595 -3.179817
v 4.714684 11.489595 -3.142116
v 4.674452 11.489595 -3.109904
v 4.630442 11.489595 -3.083781
v 4.583476 11.489595 -3.064233
v 4.534429 11.489595 -3.051624
v 4.484213 11.489595 -3.046190
v 4.433765 11.489595 -3.048032
v 4.384024 11.489595 -3.057115
v 4.335917 11.489595 -3.073270
v 4.290339 11.489595 -3.096196
v 4.248141 11.489595 -3.125466
v 4.210108 11.489595 -3.160536
v 4.176949 11.489595 -3.200750
v 4.149280 11.489595 -3.245362
v 4.127618 11.489595 -3.293539
v 4.112366 11.489595 -3.344383
v 4.103808 11.489595 -3.396949
v 4.102105 11.489595 -3.450256
v 4.107286 11.489595 -3.503312
v 4.119256 11.489595 -3.555128
v 4.137793 11.489595 -3.604740
v 4.287437 11.489595 -3.564595
v 4.305627 11.489595 -3.589920
v 4.326911 11.489595 -3.612393
v 4.350893 11.489595 -3.631593
v 4.377125 11.489595 -3.647165
v 4.405120 11.489595 -3.658816
v 4.434356 11.489595 -3.666332
v 4.464287 11.489595 -3.669571
v 4.494358 11.489595 -3.668473
v 4.524007 11.489595 -3.663059
v 4.552682 11.489595 -3.653430
v 4.579849 11.489595 -3.639764
v 4.605002 11.489595 -3.622317
v 4.627673 11.489595 -3.601414
v 4.647438 11.489595 -3.577443
v 4.663930 11.489595 -3.550851
v 4.676842 11.489595 -3.522135
v 4.685933 11.489595 -3.491828
v 4.691034 11.489595 -3.460495
v 4.692050 11.489595 -3.428721
v 4.688962 11.489595 -3.397096
v 4.681826 11.489595 -3.366210
v 4.670777 11.489595 -3.336638
v 4.656021 11.489595 -3.308931
v 4.637831 11.489595 -3.283606
v 4.616547 11.489595 -3.261134
v 4.592565 11.489595 -3.241933
v 4.566333 11.489595 -3.226362
v 4.538338 11.489595 -3.214710
v 4.509102 11.489595 -3.207195
v 4.479170 11.489595 -3.203956
v 4.449100 11.489595 -3.205053
v 4.419451 11.489595 -3.210467
v 4.390776 11.489595 -3.220097
v 4.363609 11.489595 -3.233762
v 4.338456 11.489595 -3.251210
v 4.315785 11.489595 -3.272113
v 4.296020 11.489595 -3.296084
v 4.279528 11.489595 -3.322675
v 4.266615 11.489595 -3.351392
v 4.257524 11.489595 -3.381699
v 4.252423 11.489595 -3.413031
v 4.251408 11.489595 -3.444806
v 4.254497 11.489595 -3.476431
v 4.261631 11.489595 -3.507317
v 4.272680 11.489595 -3.536888
v 4.089989 10.599375 -3.701553
v 4.127667 10.599375 -3.754011
v 4.171754 10.599375 -3.800560
v 4.221430 10.599375 -3.840332
v 4.275767 10.599375 -3.872587
v 4.333756 10.599375 -3.896722
v 4.394314 10.599375 -3.912290
v 4.456315 10.599375 -3.918999
v 4.518602 10.599375 -3.916725
v 4.580017 10.599375 -3.905511
v 4.639414 10.599375 -3.885564
v 4.695688 10.599375 -3.857257
v 4.747790 10.599375 -3.821118
v 4.794749 10.599375 -3.777818
v 4.835691 10.599375 -3.728165
v 4.869853 10.599375 -3.673084
v 4.896599 10.599375 -3.613601
v 4.915430 10.599375 -3.550824
v 4.925996 10.599375 -3.485921
v 4.928100 10.599375 -3.420104
v 4.921702 10.599375 -3.354596
v 4.906922 10.599375 -3.290619
v 4.884036 10.599375 -3.229364
v 4.853469 10.599375 -3.171974
v 4.815791 10.599375 -3.119515
v 4.771704 10.599375 -3.072966
v 4.722028 10.599375 -3.033194
v 4.667690 10.599375 -3.000940
v 4.609702 10.599375 -2.976804
v 4.549143 10.599375 -2.961237
v 4.487143 10.599375 -2.954527
v 4.424855 10.599375 -2.956801
v 4.363441 10.599375 -2.968016
v 4.304043 10.599375 -2.987962
v 4.247770 10.599375 -3.016269
v 4.195668 10.599375 -3.052409
v 4.148709 10.599375 -3.095708
v 4.107767 10.599375 -3.145361
v 4.073605 10.599375 -3.200442
v 4.046859 10.599375 -3.259925
v 4.028028 10.599375 -3.322703
v 4.017462 10.599375 -3.387605
v 4.015358 10.599375 -3.453423
v 4.021755 10.599375 -3.518931
v 4.036535 10.599375 -3.582907
v 4.059422 10.599375 -3.644162
v 4.100251 10.609490 -3.694435
v 4.136916 10.609490 -3.745483
v 4.179819 10.609490 -3.790781
v 4.228158 10.609490 -3.829484
v 4.281035 10.609490 -3.860871
v 4.337465 10.609490 -3.884358
v 4.396395 10.609490 -3.899507
v 4.456729 10.609490 -3.906036
v 4.517342 10.609490 -3.903823
v 4.577106 10.609490 -3.892910
v 4.634907 10.609490 -3.873499
v 4.689668 10.609490 -3.845954
v 4.740369 10.609490 -3.810785
v 4.786066 10.609490 -3.768650
v 4.825907 10.609490 -3.720332
v 4.859151 10.609490 -3.666731
v 4.885178 10.609490 -3.608847
v 4.903502 10.609490 -3.547757
v 4.913785 10.609490 -3.484600
v 4.915832 10.609490 -3.420552
v 4.909606 10.609490 -3.356805
v 4.895224 10.609490 -3.294548
v 4.872952 10.609490 -3.234940
v 4.843207 10.609490 -3.179092
v 4.806541 10.609490 -3.128043
v 4.763639 10.609490 -3.082746
v 4.715300 10.609490 -3.044043
v 4.662422 10.609490 -3.012656
v 4.605993 10.609490 -2.989169
v 4.547063 10.609490 -2.974020
v 4.486729 10.609490 -2.967491
v 4.426116 10.609490 -2.969704
v 4.366352 10.609490 -2.980617
v 4.308551 10.609490 -3.000027
v 4.253790 10.609490 -3.027573
v 4.203089 10.609490 -3.062741
v 4.157392 10.609490 -3.104877
v 4.117550 10.609490 -3.153195
v 4.084307 10.609490 -3.206795
v 4.058280 10.609490 -3.264679
v 4.039955 10.609490 -3.325769
v 4.029674 10.609490 -3.388926
v 4.027626 10.609490 -3.452975
v 4.033852 10.609490 -3.516721
v 4.048234 10.609490 -3.578978
v 4.070505 10.609490 -3.638587
v 4.093184 10.598402 -3.699337
v 4.100533 10.605955 -3.694239
v 4.098713 10.599587 -3.695502
v 4.137171 10.605955 -3.745249
v 4.130547 10.598402 -3.751356
v 4.135530 10.599587 -3.746761
v 4.180040 10.605955 -3.790512
v 4.174265 10.598402 -3.797516
v 4.178610 10.599587 -3.792246
v 4.228343 10.605955 -3.829185
v 4.223525 10.598402 -3.836955
v 4.227150 10.599587 -3.831109
v 4.281180 10.605955 -3.860548
v 4.277408 10.598402 -3.868939
v 4.280246 10.599587 -3.862626
v 4.337567 10.605955 -3.884017
v 4.334910 10.598402 -3.892873
v 4.336909 10.599587 -3.886211
v 4.396452 10.605955 -3.899155
v 4.394962 10.598402 -3.908310
v 4.396083 10.599587 -3.901422
v 4.456740 10.605955 -3.905679
v 4.456444 10.598402 -3.914963
v 4.456667 10.599587 -3.907978
v 4.517307 10.605955 -3.903468
v 4.518210 10.598402 -3.912708
v 4.517531 10.599587 -3.905756
v 4.577026 10.605955 -3.892563
v 4.579111 10.598402 -3.901588
v 4.577542 10.599587 -3.894798
v 4.634782 10.605955 -3.873167
v 4.638011 10.598402 -3.881808
v 4.635582 10.599587 -3.875307
v 4.689502 10.605955 -3.845642
v 4.693814 10.598402 -3.853738
v 4.690570 10.599587 -3.847648
v 4.740164 10.605955 -3.810501
v 4.745480 10.598402 -3.817901
v 4.741481 10.599587 -3.812334
v 4.785827 10.605955 -3.768397
v 4.792046 10.598402 -3.774964
v 4.787367 10.599587 -3.770023
v 4.825638 10.605955 -3.720116
v 4.832645 10.598402 -3.725727
v 4.827374 10.599587 -3.721506
v 4.858856 10.605955 -3.666556
v 4.866521 10.598402 -3.671106
v 4.860754 10.599587 -3.667683
v 4.884863 10.605955 -3.608717
v 4.893043 10.598402 -3.612121
v 4.886889 10.599587 -3.609560
v 4.903174 10.605955 -3.547673
v 4.911716 10.598402 -3.549869
v 4.905290 10.599587 -3.548217
v 4.913448 10.605955 -3.484564
v 4.922194 10.598402 -3.485510
v 4.915614 10.599587 -3.484798
v 4.915493 10.605955 -3.420564
v 4.924280 10.598402 -3.420243
v 4.917670 10.599587 -3.420484
v 4.909273 10.605955 -3.356866
v 4.917936 10.598402 -3.355284
v 4.911418 10.599587 -3.356474
v 4.894901 10.605955 -3.294656
v 4.903280 10.598402 -3.291842
v 4.896976 10.599587 -3.293959
v 4.872647 10.605955 -3.235093
v 4.880585 10.598402 -3.231100
v 4.874613 10.599587 -3.234104
v 4.842924 10.605955 -3.179288
v 4.850274 10.598402 -3.174190
v 4.844745 10.599587 -3.178025
v 4.806287 10.605955 -3.128278
v 4.812911 10.598402 -3.122170
v 4.807928 10.599587 -3.126765
v 4.763417 10.605955 -3.083015
v 4.769193 10.598402 -3.076011
v 4.764848 10.599587 -3.081280
v 4.715114 10.605955 -3.044342
v 4.719934 10.598402 -3.036572
v 4.716308 10.599587 -3.042417
v 4.662277 10.605955 -3.012978
v 4.666050 10.598402 -3.004588
v 4.663212 10.599587 -3.010900
v 4.605891 10.605955 -2.989509
v 4.608547 10.598402 -2.980654
v 4.606549 10.599587 -2.987316
v 4.547005 10.605955 -2.974372
v 4.548496 10.598402 -2.965216
v 4.547374 10.599587 -2.972104
v 4.486717 10.605955 -2.967848
v 4.487014 10.598402 -2.958563
v 4.486791 10.599587 -2.965548
v 4.426150 10.605955 -2.970059
v 4.425248 10.598402 -2.960818
v 4.425927 10.599587 -2.967770
v 4.366432 10.605955 -2.980964
v 4.364347 10.598402 -2.971939
v 4.365915 10.599587 -2.978728
v 4.308675 10.605955 -3.000359
v 4.305447 10.598402 -2.991718
v 4.307876 10.599587 -2.998219
v 4.253956 10.605955 -3.027884
v 4.249644 10.598402 -3.019788
v 4.252888 10.599587 -3.025879
v 4.203293 10.605955 -3.063026
v 4.197978 10.598402 -3.055626
v 4.201977 10.599587 -3.061193
v 4.157631 10.605955 -3.105129
v 4.151412 10.598402 -3.098563
v 4.156091 10.599587 -3.103503
v 4.117820 10.605955 -3.153411
v 4.110813 10.598402 -3.147800
v 4.116085 10.599587 -3.152021
v 4.084601 10.605955 -3.206970
v 4.076937 10.598402 -3.202420
v 4.082703 10.599587 -3.205843
v 4.058595 10.605955 -3.264810
v 4.050415 10.598402 -3.261405
v 4.056569 10.599587 -3.263967
v 4.040284 10.605955 -3.325853
v 4.031741 10.598402 -3.323657
v 4.038168 10.599587 -3.325310
v 4.030010 10.605955 -3.388963
v 4.021264 10.598402 -3.388016
v 4.027843 10.599587 -3.388728
v 4.027964 10.605955 -3.452962
v 4.019177 10.598402 -3.453283
v 4.025788 10.599587 -3.453042
v 4.034185 10.605955 -3.516661
v 4.025521 10.598402 -3.518243
v 4.032039 10.599587 -3.517053
v 4.048556 10.605955 -3.578870
v 4.040177 10.598402 -3.581684
v 4.046481 10.599587 -3.579567
v 4.070810 10.605955 -3.638433
v 4.062872 10.598402 -3.642426
v 4.068844 10.599587 -3.639422
v 4.404819 11.684270 -3.483175
v 4.339054 11.668556 -3.528792
v 4.275558 11.642664 -3.572835
v 4.215420 11.607038 -3.614549
v 4.159667 11.562287 -3.653222
v 4.109253 11.509177 -3.688191
v 4.411423 11.684270 -3.492369
v 4.352149 11.668556 -3.547024
v 4.294920 11.642664 -3.599793
v 4.240718 11.607038 -3.649771
v 4.190467 11.562287 -3.696105
v 4.145030 11.509177 -3.738002
v 4.419150 11.684270 -3.500528
v 4.367472 11.668556 -3.563202
v 4.317576 11.642664 -3.623713
v 4.270319 11.607038 -3.681025
v 4.226508 11.562287 -3.734158
v 4.186892 11.509177 -3.782202
v 4.427857 11.684270 -3.507499
v 4.384737 11.668556 -3.577025
v 4.343104 11.642664 -3.644151
v 4.303672 11.607038 -3.707729
v 4.267116 11.562287 -3.766670
v 4.234061 11.509177 -3.819967
v 4.437382 11.684270 -3.513153
v 4.403622 11.668556 -3.588235
v 4.371027 11.642664 -3.660726
v 4.340156 11.607038 -3.729385
v 4.311536 11.562287 -3.793037
v 4.285656 11.509177 -3.850593
v 4.447546 11.684270 -3.517383
v 4.423776 11.668556 -3.596624
v 4.400826 11.642664 -3.673129
v 4.379091 11.607038 -3.745591
v 4.358940 11.562287 -3.812768
v 4.340718 11.509177 -3.873511
v 4.458160 11.684270 -3.520112
v 4.444823 11.668556 -3.602034
v 4.431947 11.642664 -3.681129
v 4.419751 11.607038 -3.756043
v 4.408444 11.562287 -3.825493
v 4.398221 11.509177 -3.888293
v 4.469027 11.684270 -3.521288
v 4.466372 11.668556 -3.604366
v 4.463808 11.642664 -3.684577
v 4.461380 11.607038 -3.760548
v 4.459128 11.562287 -3.830978
v 4.457093 11.509177 -3.894664
v 4.479945 11.684270 -3.520889
v 4.488020 11.668556 -3.603576
v 4.495817 11.642664 -3.683409
v 4.503201 11.607038 -3.759021
v 4.510047 11.562287 -3.829120
v 4.516237 11.509177 -3.892505
v 4.471729 11.689538 -3.436763
v 4.490709 11.684270 -3.518924
v 4.509365 11.668556 -3.599678
v 4.527377 11.642664 -3.677646
v 4.544436 11.607038 -3.751491
v 4.560252 11.562287 -3.819952
v 4.574553 11.509177 -3.881856
v 4.501120 11.684270 -3.515427
v 4.530009 11.668556 -3.592746
v 4.557900 11.642664 -3.667395
v 4.584317 11.607038 -3.738099
v 4.608808 11.562287 -3.803646
v 4.630952 11.509177 -3.862916
v 4.510983 11.684270 -3.510466
v 4.549567 11.668556 -3.582908
v 4.586818 11.642664 -3.652849
v 4.622100 11.607038 -3.719093
v 4.654809 11.562287 -3.780506
v 4.684386 11.509177 -3.836038
v 4.520116 11.684270 -3.504131
v 4.567675 11.668556 -3.570347
v 4.613593 11.642664 -3.634277
v 4.657083 11.607038 -3.694828
v 4.697402 11.562287 -3.750963
v 4.733859 11.509177 -3.801722
v 4.528347 11.684270 -3.496542
v 4.583996 11.668556 -3.555298
v 4.637724 11.642664 -3.612026
v 4.688612 11.607038 -3.665755
v 4.735789 11.562287 -3.715566
v 4.778448 11.509177 -3.760607
v 4.535523 11.684270 -3.487839
v 4.598226 11.668556 -3.538041
v 4.658763 11.642664 -3.586511
v 4.716102 11.607038 -3.632417
v 4.769258 11.562287 -3.674977
v 4.817324 11.509177 -3.713460
v 4.541511 11.684270 -3.478185
v 4.610098 11.668556 -3.518898
v 4.676319 11.642664 -3.558205
v 4.739039 11.607038 -3.595435
v 4.797185 11.562287 -3.629949
v 4.849762 11.509177 -3.661159
v 4.546198 11.684270 -3.467759
v 4.619394 11.668556 -3.498224
v 4.690063 11.642664 -3.527638
v 4.756997 11.607038 -3.555496
v 4.819049 11.562287 -3.581323
v 4.875158 11.509177 -3.604677
v 4.549499 11.684270 -3.456755
v 4.625939 11.668556 -3.476405
v 4.699740 11.642664 -3.495377
v 4.769640 11.607038 -3.513346
v 4.834443 11.562287 -3.530005
v 4.893039 11.509177 -3.545068
v 4.551351 11.684270 -3.445380
v 4.629611 11.668556 -3.453848
v 4.705170 11.642664 -3.462025
v 4.776734 11.607038 -3.469769
v 4.843080 11.562287 -3.476949
v 4.903072 11.509177 -3.483441
v 4.551720 11.684270 -3.433843
v 4.630342 11.668556 -3.430973
v 4.706251 11.642664 -3.428202
v 4.778147 11.607038 -3.425577
v 4.844800 11.562287 -3.423144
v 4.905069 11.509177 -3.420944
v 4.550599 11.684270 -3.422361
v 4.628119 11.668556 -3.408206
v 4.702963 11.642664 -3.394539
v 4.773851 11.607038 -3.381594
v 4.839570 11.562287 -3.369594
v 4.898995 11.509177 -3.358743
v 4.548008 11.684270 -3.411148
v 4.622982 11.668556 -3.385970
v 4.695368 11.642664 -3.361662
v 4.763928 11.607038 -3.338639
v 4.827488 11.562287 -3.317294
v 4.884961 11.509177 -3.297994
v 4.543997 11.684270 -3.400411
v 4.615028 11.668556 -3.364681
v 4.683608 11.642664 -3.330184
v 4.748561 11.607038 -3.297511
v 4.808779 11.562287 -3.267220
v 4.863229 11.509177 -3.239831
v 4.538639 11.684270 -3.390352
v 4.604404 11.668556 -3.344735
v 4.667900 11.642664 -3.300692
v 4.728038 11.607038 -3.258977
v 4.783791 11.562287 -3.220305
v 4.834205 11.509177 -3.185336
v 4.532035 11.684270 -3.381157
v 4.591309 11.668556 -3.326502
v 4.648537 11.642664 -3.273734
v 4.702740 11.607038 -3.223755
v 4.752990 11.562287 -3.177421
v 4.798428 11.509177 -3.135525
v 4.524307 11.684270 -3.372998
v 4.575986 11.668556 -3.310324
v 4.625881 11.642664 -3.249813
v 4.673139 11.607038 -3.192501
v 4.716950 11.562287 -3.139369
v 4.756566 11.509177 -3.091325
v 4.515601 11.684270 -3.366027
v 4.558722 11.668556 -3.296501
v 4.600354 11.642664 -3.229375
v 4.639786 11.607038 -3.165798
v 4.676342 11.562287 -3.106856
v 4.709397 11.509177 -3.053560
v 4.506076 11.684270 -3.360374
v 4.539836 11.668556 -3.285291
v 4.572431 11.642664 -3.212800
v 4.603302 11.607038 -3.144141
v 4.631922 11.562287 -3.080489
v 4.657802 11.509177 -3.022933
v 4.495913 11.684270 -3.356143
v 4.519682 11.668556 -3.276903
v 4.542631 11.642664 -3.200397
v 4.564367 11.607038 -3.127936
v 4.584518 11.562287 -3.060759
v 4.602739 11.509177 -3.000016
v 4.485298 11.684270 -3.353415
v 4.498635 11.668556 -3.271492
v 4.511511 11.642664 -3.192397
v 4.523707 11.607038 -3.117484
v 4.535013 11.562287 -3.048033
v 4.545237 11.509177 -2.985234
v 4.474431 11.684270 -3.352239
v 4.477086 11.668556 -3.269160
v 4.479650 11.642664 -3.188949
v 4.482078 11.607038 -3.112979
v 4.484329 11.562287 -3.042548
v 4.486365 11.509177 -2.978863
v 4.463513 11.684270 -3.352637
v 4.455438 11.668556 -3.269950
v 4.447641 11.642664 -3.190118
v 4.440257 11.607038 -3.114506
v 4.433411 11.562287 -3.044407
v 4.427221 11.509177 -2.981022
v 4.452749 11.684270 -3.354603
v 4.434093 11.668556 -3.273848
v 4.416081 11.642664 -3.195881
v 4.399022 11.607038 -3.122035
v 4.383206 11.562287 -3.053575
v 4.368906 11.509177 -2.991671
v 4.442338 11.684270 -3.358099
v 4.413449 11.668556 -3.280781
v 4.385558 11.642664 -3.206131
v 4.359141 11.607038 -3.135428
v 4.334651 11.562287 -3.069881
v 4.312506 11.509177 -3.010610
v 4.432474 11.684270 -3.363061
v 4.393891 11.668556 -3.290619
v 4.356640 11.642664 -3.220678
v 4.321357 11.607038 -3.154434
v 4.288648 11.562287 -3.093021
v 4.259072 11.509177 -3.037489
v 4.423342 11.684270 -3.369395
v 4.375783 11.668556 -3.303179
v 4.329865 11.642664 -3.239249
v 4.286375 11.607038 -3.178699
v 4.246057 11.562287 -3.122564
v 4.209599 11.509177 -3.071805
v 4.415111 11.684270 -3.376984
v 4.359462 11.668556 -3.318228
v 4.305734 11.642664 -3.261500
v 4.254846 11.607038 -3.207771
v 4.207669 11.562287 -3.157960
v 4.165009 11.509177 -3.112919
v 4.407935 11.684270 -3.385687
v 4.345232 11.668556 -3.335485
v 4.284694 11.642664 -3.287016
v 4.227356 11.607038 -3.241109
v 4.174200 11.562287 -3.198550
v 4.126134 11.509177 -3.160066
v 4.401947 11.684270 -3.395342
v 4.333359 11.668556 -3.354629
v 4.267139 11.642664 -3.315322
v 4.204419 11.607038 -3.278092
v 4.146273 11.562287 -3.243577
v 4.093696 11.509177 -3.212368
v 4.397259 11.684270 -3.405768
v 4.324064 11.668556 -3.375303
v 4.253395 11.642664 -3.345889
v 4.186461 11.607038 -3.318030
v 4.124409 11.562287 -3.292203
v 4.068300 11.509177 -3.268849
v 4.393959 11.684270 -3.416771
v 4.317519 11.668556 -3.397121
v 4.243718 11.642664 -3.378149
v 4.173818 11.607038 -3.360180
v 4.109015 11.562287 -3.343522
v 4.050419 11.509177 -3.328459
v 4.392107 11.684270 -3.428147
v 4.313847 11.668556 -3.419678
v 4.238288 11.642664 -3.411502
v 4.166723 11.607038 -3.403757
v 4.100378 11.562287 -3.396578
v 4.040386 11.509177 -3.390086
v 4.391738 11.684270 -3.439683
v 4.313115 11.668556 -3.442553
v 4.237207 11.642664 -3.445324
v 4.165311 11.607038 -3.447949
v 4.098658 11.562287 -3.450382
v 4.038388 11.509177 -3.452582
v 4.392859 11.684270 -3.451165
v 4.315339 11.668556 -3.465321
v 4.240494 11.642664 -3.478988
v 4.169606 11.607038 -3.491932
v 4.103888 11.562287 -3.503933
v 4.044463 11.509177 -3.514784
v 4.395450 11.684270 -3.462379
v 4.320476 11.668556 -3.487556
v 4.248089 11.642664 -3.511865
v 4.179530 11.607038 -3.534888
v 4.115970 11.562287 -3.556232
v 4.058497 11.509177 -3.575532
v 4.399461 11.684270 -3.473115
v 4.328430 11.668556 -3.508845
v 4.259851 11.642664 -3.543342
v 4.194896 11.607038 -3.576016
v 4.134679 11.562287 -3.606306
v 4.080228 11.509177 -3.633696
v 4.112633 11.504547 -3.685846
v 4.148076 11.504547 -3.735193
v 4.189548 11.504547 -3.778981
v 4.236277 11.504547 -3.816394
v 4.287392 11.504547 -3.846735
v 4.341940 11.504547 -3.869439
v 4.398906 11.504547 -3.884083
v 4.457229 11.504547 -3.890394
v 4.515822 11.504547 -3.888255
v 4.573594 11.504547 -3.877706
v 4.629467 11.504547 -3.858943
v 4.682404 11.504547 -3.832315
v 4.731415 11.504547 -3.798319
v 4.775588 11.504547 -3.757588
v 4.814102 11.504547 -3.710880
v 4.846237 11.504547 -3.659066
v 4.871397 11.504547 -3.603112
v 4.889111 11.504547 -3.544058
v 4.899050 11.504547 -3.483006
v 4.901029 11.504547 -3.421092
v 4.895011 11.504547 -3.359470
v 4.881108 11.504547 -3.299288
v 4.859579 11.504547 -3.241667
v 4.830825 11.504547 -3.187680
v 4.795382 11.504547 -3.138333
v 4.753910 11.504547 -3.094546
v 4.707181 11.504547 -3.057133
v 4.656066 11.504547 -3.026792
v 4.601518 11.504547 -3.004088
v 4.544551 11.504547 -2.989444
v 4.486229 11.504547 -2.983132
v 4.427636 11.504547 -2.985272
v 4.369864 11.504547 -2.995821
v 4.313990 11.504547 -3.014584
v 4.261055 11.504547 -3.041212
v 4.212043 11.504547 -3.075208
v 4.167870 11.504547 -3.115939
v 4.129356 11.504547 -3.162646
v 4.097220 11.504547 -3.214460
v 4.072061 11.504547 -3.270415
v 4.054347 11.504547 -3.329469
v 4.044408 11.504547 -3.390521
v 4.042429 11.504547 -3.452435
v 4.048447 11.504547 -3.514056
v 4.062350 11.504547 -3.574238
v 4.083879 11.504547 -3.631859
v 4.113850 11.514021 -3.685002
v 4.149173 11.514021 -3.734181
v 4.190505 11.514021 -3.777820
v 4.237075 11.514021 -3.815106
v 4.288016 11.514021 -3.845345
v 4.342380 11.514021 -3.867972
v 4.399153 11.514021 -3.882566
v 4.457278 11.514021 -3.888856
v 4.515673 11.514021 -3.886724
v 4.573248 11.514021 -3.876211
v 4.628933 11.514021 -3.857511
v 4.681689 11.514021 -3.830974
v 4.730534 11.514021 -3.797093
v 4.777627 11.514432 -3.756093
v 4.816010 11.514432 -3.709544
v 4.844967 11.514021 -3.658312
v 4.870041 11.514021 -3.602547
v 4.887696 11.514021 -3.543694
v 4.897601 11.514021 -3.482849
v 4.899573 11.514021 -3.421145
v 4.893576 11.514021 -3.359732
v 4.879720 11.514021 -3.299754
v 4.858264 11.514021 -3.242328
v 4.829607 11.514021 -3.188525
v 4.794284 11.514021 -3.139345
v 4.752953 11.514021 -3.095706
v 4.706383 11.514021 -3.058420
v 4.655441 11.514021 -3.028182
v 4.601078 11.514021 -3.005555
v 4.544305 11.514021 -2.990961
v 4.486179 11.514021 -2.984671
v 4.427785 11.514021 -2.986802
v 4.370210 11.514021 -2.997316
v 4.314525 11.514021 -3.016015
v 4.261769 11.514021 -3.042553
v 4.212924 11.514021 -3.076434
v 4.168900 11.514021 -3.117027
v 4.130517 11.514021 -3.163576
v 4.098490 11.514021 -3.215214
v 4.073416 11.514021 -3.270979
v 4.055762 11.514021 -3.329832
v 4.045856 11.514021 -3.390678
v 4.043884 11.514021 -3.452381
v 4.049882 11.514021 -3.513794
v 4.063738 11.514021 -3.573772
v 4.085194 11.514021 -3.631198
v 4.115179 11.507231 -3.684080
v 4.150371 11.507231 -3.733077
v 4.191549 11.507231 -3.776554
v 4.237947 11.507231 -3.813701
v 4.288699 11.507231 -3.843827
v 4.342860 11.507231 -3.866370
v 4.399423 11.507231 -3.880910
v 4.457332 11.507231 -3.887177
v 4.515510 11.507231 -3.885053
v 4.572871 11.507231 -3.874579
v 4.628349 11.507231 -3.855949
v 4.680910 11.507231 -3.829510
v 4.729573 11.507231 -3.795755
v 4.773433 11.507231 -3.755313
v 4.811674 11.507231 -3.708936
v 4.843581 11.507231 -3.657490
v 4.868562 11.507231 -3.601932
v 4.886151 11.507231 -3.543297
v 4.896019 11.507231 -3.482678
v 4.897985 11.507231 -3.421203
v 4.892009 11.507231 -3.360018
v 4.878205 11.507231 -3.300263
v 4.856829 11.507231 -3.243050
v 4.828279 11.507231 -3.189447
v 4.793087 11.507231 -3.140450
v 4.751909 11.507231 -3.096973
v 4.705512 11.507231 -3.059825
v 4.654759 11.507231 -3.029699
v 4.600597 11.507231 -3.007156
v 4.544035 11.507231 -2.992616
v 4.486126 11.507231 -2.986349
v 4.427948 11.507231 -2.988473
v 4.370586 11.507231 -2.998948
v 4.315109 11.507231 -3.017578
v 4.262548 11.507231 -3.044017
v 4.213885 11.507231 -3.077772
v 4.170024 11.507231 -3.118214
v 4.131784 11.507231 -3.164590
v 4.099876 11.507231 -3.216037
v 4.074895 11.507231 -3.271595
v 4.057307 11.507231 -3.330229
v 4.047438 11.507231 -3.390849
v 4.045473 11.507231 -3.452324
v 4.051448 11.507231 -3.513508
v 4.065253 11.507231 -3.573263
v 4.086629 11.507231 -3.630476
v 4.492866 13.283937 -3.430759
v 4.485028 13.268316 -3.448973
v 4.485635 13.283937 -3.421800
v 4.479482 13.268316 -3.453971
v 4.475134 13.283937 -3.417861
v 4.472313 13.268316 -3.455369
v 4.464176 13.283937 -3.419998
v 4.465444 13.268316 -3.452792
v 4.455698 13.283937 -3.427638
v 4.460714 13.268316 -3.446931
v 4.451970 13.283937 -3.438734
v 4.459391 13.268316 -3.439357
v 4.453992 13.283937 -3.450313
v 4.461830 13.268316 -3.432099
v 4.461223 13.283937 -3.459272
v 4.467376 13.268316 -3.427101
v 4.471724 13.283937 -3.463210
v 4.474544 13.268316 -3.425703
v 4.482682 13.283937 -3.461073
v 4.487466 13.268316 -3.441714
v 4.491160 13.283937 -3.453433
v 4.486144 13.268316 -3.434140
v 4.494888 13.283937 -3.442338
v 4.481413 13.268316 -3.428279
v 4.476114 13.267221 -3.436414
v 4.477705 13.267221 -3.438385
v 4.473804 13.267221 -3.435547
v 4.471393 13.267221 -3.436017
v 4.469528 13.267221 -3.437698
v 4.468708 13.267221 -3.440139
v 4.469152 13.267221 -3.442687
v 4.470743 13.267221 -3.444658
v 4.473054 13.267221 -3.445524
v 4.475464 13.267221 -3.445054
v 4.477330 13.267221 -3.443373
v 4.478150 13.267221 -3.440932
v 4.492866 13.273669 -3.430759
v 4.490882 13.270097 -3.431757
v 4.484389 13.270097 -3.423712
v 4.485635 13.273669 -3.421800
v 4.474960 13.270097 -3.420175
v 4.475134 13.273669 -3.417861
v 4.465120 13.270097 -3.422094
v 4.464176 13.273669 -3.419998
v 4.457507 13.270097 -3.428954
v 4.455698 13.273669 -3.427638
v 4.454160 13.270097 -3.438918
v 4.451970 13.273669 -3.438734
v 4.455976 13.270097 -3.449315
v 4.453992 13.273669 -3.450313
v 4.462468 13.270097 -3.457360
v 4.461223 13.273669 -3.459272
v 4.471898 13.270097 -3.460896
v 4.471724 13.273669 -3.463210
v 4.481737 13.270097 -3.458978
v 4.482682 13.273669 -3.461073
v 4.489351 13.270097 -3.452117
v 4.491160 13.273669 -3.453433
v 4.492698 13.270097 -3.442154
v 4.494888 13.273669 -3.442338
v 4.319059 13.354234 -3.456118
v 4.422789 13.329985 -3.466009
v 4.323325 13.354234 -3.399390
v 4.434088 13.329985 -3.482773
v 4.345696 13.354234 -3.347625
v 4.450132 13.329985 -3.494444
v 4.383473 13.354234 -3.307066
v 4.468987 13.329985 -3.499612
v 4.432100 13.354234 -3.282606
v 4.488376 13.329985 -3.497655
v 4.485712 13.354234 -3.277194
v 4.505963 13.329985 -3.488808
v 4.537842 13.354234 -3.291484
v 4.519626 13.329985 -3.474139
v 4.582203 13.354234 -3.323751
v 4.527717 13.329985 -3.455417
v 4.613445 13.354234 -3.370105
v 4.529260 13.329985 -3.434900
v 4.627799 13.354234 -3.424954
v 4.524069 13.329985 -3.415063
v 4.623532 13.354234 -3.481682
v 4.512770 13.329985 -3.398298
v 4.601162 13.354234 -3.533447
v 4.496726 13.329985 -3.386628
v 4.563385 13.354234 -3.574006
v 4.477871 13.329985 -3.381460
v 4.514758 13.354234 -3.598466
v 4.458481 13.329985 -3.383417
v 4.461146 13.354234 -3.603878
v 4.440895 13.329985 -3.392264
v 4.409015 13.354234 -3.589588
v 4.427231 13.329985 -3.406932
v 4.333413 13.354234 -3.510967
v 4.419141 13.329985 -3.425655
v 4.364654 13.354234 -3.557320
v 4.417598 13.329985 -3.446171
v 4.432536 13.285807 -3.461106
v 4.441660 13.285807 -3.474644
v 4.454616 13.285807 -3.484068
v 4.469841 13.285807 -3.488242
v 4.485499 13.285807 -3.486661
v 4.499701 13.285807 -3.479517
v 4.510735 13.285807 -3.467671
v 4.517268 13.285807 -3.452553
v 4.518514 13.285807 -3.435985
v 4.514322 13.285807 -3.419966
v 4.505198 13.285807 -3.406428
v 4.492241 13.285807 -3.397004
v 4.477016 13.285807 -3.392830
v 4.461359 13.285807 -3.394411
v 4.447156 13.285807 -3.401554
v 4.436123 13.285807 -3.413400
v 4.429590 13.285807 -3.428519
v 4.428344 13.285807 -3.445087
v 4.427141 13.295568 -3.463819
v 4.437469 13.295568 -3.479143
v 4.452135 13.295568 -3.489811
v 4.469368 13.295568 -3.494535
v 4.487092 13.295568 -3.492746
v 4.503167 13.295568 -3.484659
v 4.515656 13.295568 -3.471251
v 4.523051 13.295568 -3.454138
v 4.524462 13.295568 -3.435384
v 4.519717 13.295568 -3.417252
v 4.509388 13.295568 -3.401928
v 4.494723 13.295568 -3.391261
v 4.477489 13.295568 -3.386537
v 4.459766 13.295568 -3.388326
v 4.443690 13.295568 -3.396412
v 4.431202 13.295568 -3.409820
v 4.423806 13.295568 -3.426933
v 4.422396 13.295568 -3.445687
v 4.440467 13.279596 -3.457116
v 4.447822 13.279596 -3.468028
v 4.458265 13.279596 -3.475624
v 4.470537 13.279596 -3.478988
v 4.483158 13.279596 -3.477714
v 4.494606 13.279596 -3.471956
v 4.503499 13.279596 -3.462408
v 4.508765 13.279596 -3.450222
v 4.509769 13.279596 -3.436868
v 4.506390 13.279596 -3.423956
v 4.499036 13.279596 -3.413043
v 4.488593 13.279596 -3.405447
v 4.476320 13.279596 -3.402083
v 4.463699 13.279596 -3.403357
v 4.452252 13.279596 -3.409115
v 4.443359 13.279596 -3.418664
v 4.438093 13.279596 -3.430850
v 4.437088 13.279596 -3.444204
v 4.404288 13.336527 -3.475315
v 4.547551 13.336527 -3.460854
v 4.441621 13.336527 -3.514139
v 4.419715 13.336527 -3.498205
v 4.429008 13.336527 -3.374627
v 4.453021 13.336527 -3.362549
v 4.542570 13.336527 -3.405757
v 4.549657 13.336527 -3.432841
v 4.493837 13.336527 -3.518523
v 4.467363 13.336527 -3.521195
v 4.399307 13.336527 -3.420218
v 4.410353 13.336527 -3.394656
v 4.505237 13.336527 -3.366933
v 4.527143 13.336527 -3.382867
v 4.536504 13.336527 -3.486416
v 4.517850 13.336527 -3.506444
v 4.397200 13.336527 -3.448230
v 4.479494 13.336527 -3.359876
v 4.402226 13.342760 -3.476352
v 4.418113 13.342760 -3.499925
v 4.452412 13.342760 -3.360223
v 4.551931 13.342760 -3.432612
v 4.467183 13.342760 -3.523601
v 4.408472 13.342760 -3.393287
v 4.528745 13.342760 -3.381147
v 4.519175 13.342760 -3.508410
v 4.549762 13.342760 -3.461460
v 4.440672 13.342760 -3.516334
v 4.427683 13.342760 -3.372662
v 4.544632 13.342760 -3.404719
v 4.494446 13.342760 -3.520849
v 4.397096 13.342760 -3.419612
v 4.506186 13.342760 -3.364738
v 4.538385 13.342760 -3.487784
v 4.394927 13.342760 -3.448460
v 4.479675 13.342760 -3.357471
v 4.384874 13.348104 -3.485081
v 4.404633 13.348104 -3.514398
v 4.447290 13.348104 -3.340651
v 4.571062 13.348104 -3.430681
v 4.465660 13.348104 -3.543844
v 4.392642 13.348104 -3.381773
v 4.542225 13.348104 -3.366674
v 4.530323 13.348104 -3.524951
v 4.568364 13.348104 -3.466559
v 4.432690 13.348104 -3.534806
v 4.416535 13.348104 -3.356121
v 4.561984 13.348104 -3.395991
v 4.499568 13.348104 -3.540421
v 4.378494 13.348104 -3.414512
v 4.514168 13.348104 -3.346266
v 4.554215 13.348104 -3.499299
v 4.375796 13.348104 -3.450391
v 4.481197 13.348104 -3.337228
v 4.378636 13.352472 -3.488218
v 4.399787 13.352472 -3.519600
v 4.445449 13.352472 -3.333615
v 4.577939 13.352472 -3.429986
v 4.465113 13.352472 -3.551120
v 4.386952 13.352472 -3.377634
v 4.547071 13.352472 -3.361472
v 4.534330 13.352472 -3.530896
v 4.575050 13.352472 -3.468392
v 4.429820 13.352472 -3.541446
v 4.412528 13.352472 -3.350175
v 4.568221 13.352472 -3.392853
v 4.501409 13.352472 -3.547456
v 4.371807 13.352472 -3.412680
v 4.517037 13.352472 -3.339626
v 4.559906 13.352472 -3.503437
v 4.368919 13.352472 -3.451085
v 4.481745 13.352472 -3.329952
v 4.542994 13.362476 -3.279564
v 4.518063 13.362476 -3.611096
v 4.486063 13.364013 -3.263519
v 4.570579 13.362476 -3.584679
v 4.428637 13.364013 -3.269423
v 4.611377 13.362476 -3.540877
v 4.376279 13.362476 -3.296393
v 4.635536 13.362476 -3.484972
v 4.335481 13.362476 -3.340195
v 4.640143 13.362476 -3.423707
v 4.355956 13.362476 -3.566660
v 4.311322 13.362476 -3.396100
v 4.624642 13.362476 -3.364473
v 4.590902 13.362476 -3.314412
v 4.403864 13.362476 -3.601508
v 4.460164 13.362476 -3.616940
v 4.306715 13.362476 -3.457364
v 4.322216 13.362476 -3.516599
v 4.297846 13.380892 -3.458259
v 4.302699 13.380892 -3.393736
v 4.328143 13.380892 -3.334857
v 4.371111 13.380892 -3.288725
v 4.426421 13.380892 -3.260903
v 4.487400 13.380892 -3.254748
v 4.546694 13.380892 -3.271001
v 4.597151 13.380892 -3.307703
v 4.632686 13.380892 -3.360427
v 4.649011 13.380892 -3.422812
v 4.644159 13.380892 -3.487336
v 4.618714 13.380892 -3.546214
v 4.575746 13.380892 -3.592347
v 4.520437 13.380892 -3.620168
v 4.459458 13.380892 -3.626324
v 4.400164 13.380892 -3.610070
v 4.314172 13.380892 -3.520645
v 4.349707 13.380892 -3.573368
v 4.297846 13.408361 -3.458259
v 4.302699 13.408361 -3.393736
v 4.328143 13.408361 -3.334857
v 4.371111 13.408361 -3.288725
v 4.426421 13.408361 -3.260903
v 4.487400 13.408361 -3.254748
v 4.546694 13.408361 -3.271001
v 4.597151 13.408361 -3.307703
v 4.632686 13.408361 -3.360427
v 4.649011 13.408361 -3.422812
v 4.644159 13.408361 -3.487336
v 4.618714 13.408361 -3.546214
v 4.575746 13.408361 -3.592347
v 4.520437 13.408361 -3.620168
v 4.459458 13.408361 -3.626324
v 4.400164 13.408361 -3.610070
v 4.314172 13.408361 -3.520645
v 4.349707 13.408361 -3.573368
v 4.473429 13.408361 -3.440536
v 4.471729 11.863653 -3.436763
v 4.471866 11.964432 -3.428714
v 4.471854 11.953229 -3.428686
v 4.465386 11.964501 -3.433093
v 4.465374 11.953299 -3.433065
v 4.464617 11.964736 -3.441094
v 4.464606 11.953533 -3.441067
v 4.466075 11.964388 -3.450721
v 4.466064 11.953185 -3.450693
v 4.472724 11.964319 -3.454625
v 4.472713 11.953117 -3.454597
v 4.477190 11.964367 -3.448727
v 4.477179 11.953164 -3.448699
v 4.478789 11.964397 -3.441169
v 4.478778 11.953194 -3.441141
v 4.478113 11.964562 -3.432872
v 4.478102 11.953360 -3.432844
v 4.471859 11.964436 -3.426955
v 4.464128 11.964504 -3.432387
v 4.464117 11.953301 -3.432359
v 4.471848 11.953234 -3.426927
v 4.463484 11.964737 -3.441099
v 4.463473 11.953534 -3.441071
v 4.465278 11.964386 -3.451968
v 4.465267 11.953183 -3.451939
v 4.472730 11.964315 -3.456384
v 4.472719 11.953113 -3.456356
v 4.477995 11.964363 -3.449968
v 4.477984 11.953160 -3.449940
v 4.479922 11.964396 -3.441165
v 4.479911 11.953193 -3.441136
v 4.479224 11.964563 -3.431930
v 4.479213 11.953362 -3.431902
v 4.467190 11.964386 -3.451432
v 4.467179 11.953182 -3.451404
v 4.467107 11.964309 -3.452665
v 4.467096 11.953106 -3.452637
v 4.467335 11.953172 -3.457653
v 4.468531 11.954845 -3.460958
v 4.468539 11.962687 -3.460977
v 4.467346 11.964375 -3.457681
v 4.469958 11.954575 -3.460150
v 4.468709 11.952986 -3.456871
v 4.468720 11.964189 -3.456899
v 4.469965 11.962415 -3.460169
v 4.461709 11.954176 -3.432735
v 4.461718 11.963671 -3.432758
v 4.461172 11.963868 -3.440142
v 4.461163 11.954373 -3.440118
v 4.465747 11.886580 -3.439850
v 4.467174 13.303967 -3.443396
v 4.469638 11.886568 -3.443531
v 4.471065 13.303955 -3.447077
v 4.474853 11.886563 -3.443227
v 4.476280 13.303950 -3.446773
v 4.478337 11.886569 -3.439116
v 4.479764 13.303957 -3.442661
v 4.478049 11.886581 -3.433606
v 4.479475 13.303969 -3.437151
v 4.474158 11.886594 -3.429925
v 4.475585 13.303982 -3.433470
v 4.468943 11.886599 -3.430229
v 4.470370 13.303986 -3.433775
v 4.465459 11.886593 -3.434340
v 4.466886 13.303981 -3.437886
v 4.460063 12.009036 -3.443104
v 4.458793 12.009053 -3.435973
v 4.461067 12.009067 -3.429127
v 4.466277 12.009071 -3.424399
v 4.473025 12.009068 -3.423057
v 4.479505 12.009056 -3.425460
v 4.483979 12.009039 -3.430964
v 4.485250 12.009022 -3.438095
v 4.482975 12.009008 -3.444942
v 4.477766 12.009003 -3.449670
v 4.471017 12.009007 -3.451012
v 4.464538 12.009019 -3.448609
v 4.460080 12.025687 -3.443146
v 4.458810 12.025704 -3.436015
v 4.461084 12.025718 -3.429169
v 4.466293 12.025723 -3.424441
v 4.473042 12.025720 -3.423098
v 4.479522 12.025707 -3.425502
v 4.483996 12.025690 -3.431006
v 4.485266 12.025673 -3.438137
v 4.482992 12.025660 -3.444983
v 4.477783 12.025655 -3.449711
v 4.471034 12.025659 -3.451053
v 4.464554 12.025670 -3.448650
v 4.461247 13.185454 -3.446047
v 4.459977 13.185472 -3.438916
v 4.462252 13.185485 -3.432070
v 4.467461 13.185490 -3.427342
v 4.474209 13.185486 -3.426000
v 4.480689 13.185474 -3.428403
v 4.485163 13.185457 -3.433907
v 4.486434 13.185440 -3.441038
v 4.484159 13.185427 -3.447885
v 4.478950 13.185421 -3.452612
v 4.472201 13.185425 -3.453955
v 4.465722 13.185437 -3.451552
v 4.461264 13.202106 -3.446089
v 4.459994 13.202124 -3.438958
v 4.462268 13.202136 -3.432111
v 4.467478 13.202142 -3.427384
v 4.474226 13.202138 -3.426041
v 4.480706 13.202126 -3.428444
v 4.485180 13.202108 -3.433949
v 4.486450 13.202091 -3.441080
v 4.484176 13.202078 -3.447926
v 4.478967 13.202073 -3.452654
v 4.472219 13.202077 -3.453996
v 4.465739 13.202088 -3.451593
v 4.474212 11.893606 -3.449925
v 4.473738 13.278974 -3.453872
v 4.475294 11.893612 -3.446760
v 4.476339 13.278976 -3.451932
v 4.473940 11.893620 -3.443714
v 4.476884 13.278984 -3.448614
v 4.470945 11.893625 -3.442571
v 4.475054 13.278992 -3.445863
v 4.468062 11.893625 -3.444001
v 4.471919 13.278996 -3.445289
v 4.466980 11.893620 -3.447166
v 4.469317 13.278992 -3.447228
v 4.468333 11.893611 -3.450212
v 4.468772 13.278984 -3.450546
v 4.471329 11.893605 -3.451355
v 4.470603 13.278976 -3.453297
v 4.460744 12.543284 -3.430920
v 4.460150 12.412558 -3.440639
v 4.458214 12.502640 -3.433678
v 4.458135 12.454842 -3.437198
v 4.462613 12.412546 -3.441519
v 4.461734 12.543323 -3.433042
v 4.460394 12.454842 -3.438707
v 4.459934 12.502658 -3.435642
v 4.464943 12.412515 -3.440302
v 4.463843 12.543344 -3.433808
v 4.462996 12.454835 -3.438085
v 4.462454 12.502671 -3.435746
v 4.465775 12.412488 -3.437701
v 4.465838 12.543337 -3.432769
v 4.464416 12.454824 -3.435696
v 4.464298 12.502671 -3.433930
v 4.464621 12.412485 -3.435240
v 4.466549 12.543314 -3.430532
v 4.463821 12.454829 -3.432940
v 4.464386 12.502665 -3.431255
v 4.462158 12.412508 -3.434360
v 4.465559 12.543285 -3.428407
v 4.461562 12.454835 -3.431431
v 4.462667 12.502652 -3.429290
v 4.459828 12.412539 -3.435576
v 4.463448 12.543266 -3.427642
v 4.458961 12.454836 -3.432053
v 4.460146 12.502638 -3.429186
v 4.458997 12.412559 -3.438177
v 4.461453 12.543263 -3.428683
v 4.457541 12.454837 -3.434441
v 4.458302 12.502632 -3.431004
v 4.468927 12.287104 -3.451098
v 4.472495 12.180243 -3.453984
v 4.471282 12.235638 -3.453518
v 4.474712 12.180244 -3.451675
v 4.471401 12.287127 -3.449782
v 4.473684 12.235645 -3.451582
v 4.474735 12.180251 -3.448385
v 4.472272 12.287142 -3.447003
v 4.474087 12.235652 -3.448418
v 4.472550 12.180249 -3.446041
v 4.471029 12.287137 -3.444387
v 4.472255 12.235653 -3.445881
v 4.469437 12.180250 -3.446017
v 4.468400 12.287127 -3.443467
v 4.469261 12.235651 -3.445455
v 4.467219 12.180258 -3.448326
v 4.465925 12.287116 -3.444782
v 4.466859 12.235654 -3.447391
v 4.467196 12.180248 -3.451616
v 4.465055 12.287104 -3.447562
v 4.466457 12.235643 -3.450555
v 4.469381 12.180243 -3.453960
v 4.466298 12.287096 -3.450178
v 4.468289 12.235634 -3.453093
v 4.481385 12.718697 -3.425375
v 4.476055 12.666613 -3.422524
v 4.479149 12.692617 -3.422571
v 4.474165 12.666611 -3.424615
v 4.479025 12.718724 -3.426831
v 4.476869 12.692631 -3.424473
v 4.474225 12.666594 -3.427508
v 4.478326 12.718735 -3.429623
v 4.476527 12.692627 -3.427522
v 4.476202 12.666568 -3.429505
v 4.479702 12.718719 -3.432116
v 4.478326 12.692613 -3.429932
v 4.478935 12.666556 -3.429439
v 4.482344 12.718691 -3.432850
v 4.481210 12.692596 -3.430291
v 4.480828 12.666556 -3.427348
v 4.484706 12.718666 -3.431395
v 4.483492 12.692586 -3.428389
v 4.480767 12.666574 -3.424457
v 4.485401 12.718660 -3.428603
v 4.483833 12.692585 -3.425340
v 4.478789 12.666599 -3.422459
v 4.484025 12.718672 -3.426109
v 4.482034 12.692596 -3.422930
v 4.483023 13.008665 -3.448659
v 4.488517 12.855786 -3.443166
v 4.486782 12.955817 -3.448232
v 4.488887 12.899998 -3.446299
v 4.486837 12.855783 -3.441516
v 4.482730 13.008722 -3.445920
v 4.487506 12.900009 -3.443995
v 4.485910 12.955847 -3.445528
v 4.484547 12.855745 -3.441594
v 4.480691 13.008755 -3.444196
v 4.484988 12.899997 -3.443389
v 4.483486 12.955858 -3.444263
v 4.482988 12.855692 -3.443355
v 4.478100 13.008738 -3.444498
v 4.482809 12.899965 -3.444837
v 4.480928 12.955842 -3.445176
v 4.483075 12.855658 -3.445766
v 4.476473 13.008688 -3.446650
v 4.482245 12.899938 -3.447490
v 4.479736 12.955812 -3.447736
v 4.484755 12.855669 -3.447414
v 4.476765 13.008638 -3.449391
v 4.483626 12.899933 -3.449793
v 4.480606 12.955787 -3.450439
v 4.487043 12.855713 -3.447337
v 4.478805 13.008613 -3.451115
v 4.486143 12.899950 -3.450399
v 4.483030 12.955779 -3.451704
v 4.488601 12.855760 -3.445578
v 4.481397 13.008621 -3.450811
v 4.488322 12.899976 -3.448952
v 4.485589 12.955791 -3.450790
v 4.473917 11.945871 -3.450634
v 4.475196 11.945877 -3.447617
v 4.470994 11.945871 -3.451812
v 4.474081 11.945885 -3.444529
v 4.471225 11.945890 -3.443178
v 4.468302 11.945890 -3.444356
v 4.467024 11.945885 -3.447373
v 4.468139 11.945877 -3.450462
v 4.474652 12.017967 -3.458382
v 4.471674 12.017967 -3.459209
v 4.476205 12.017973 -3.455571
v 4.475422 12.017981 -3.452424
v 4.472762 12.017986 -3.450784
v 4.469783 12.017986 -3.451611
v 4.468231 12.017982 -3.454421
v 4.469014 12.017973 -3.457568
v 4.470944 13.239930 -3.458887
v 4.473861 13.239969 -3.459053
v 4.476035 13.239798 -3.456999
v 4.476194 13.239517 -3.453928
v 4.474244 13.239290 -3.451639
v 4.471328 13.239250 -3.451474
v 4.469153 13.239422 -3.453528
v 4.468995 13.239704 -3.456599
v 4.473864 13.198263 -3.461327
v 4.475594 13.198284 -3.459146
v 4.475361 13.198301 -3.456309
v 4.473301 13.198301 -3.454477
v 4.470621 13.198286 -3.454724
v 4.468891 13.198266 -3.456905
v 4.469124 13.198252 -3.459742
v 4.471184 13.198250 -3.461573
v 4.467579 12.992744 -3.432715
v 4.467628 12.983326 -3.432694
v 4.465335 12.992782 -3.440488
v 4.465384 12.983362 -3.440467
v 4.469661 12.992995 -3.447105
v 4.469710 12.983573 -3.447084
v 4.476683 12.992733 -3.453432
v 4.476731 12.983314 -3.453410
v 4.484140 12.992716 -3.451846
v 4.484188 12.983297 -3.451824
v 4.483918 12.992764 -3.444296
v 4.483966 12.983345 -3.444275
v 4.480495 12.992778 -3.437447
v 4.480543 12.983358 -3.437426
v 4.474885 12.992895 -3.431597
v 4.474933 12.983475 -3.431575
v 4.466495 12.992744 -3.431380
v 4.463945 12.992777 -3.440813
v 4.463994 12.983357 -3.440792
v 4.466543 12.983325 -3.431359
v 4.468802 12.992991 -3.447885
v 4.468850 12.983569 -3.447864
v 4.476842 12.992730 -3.454927
v 4.476890 12.983311 -3.454906
v 4.485225 12.992716 -3.453180
v 4.485273 12.983296 -3.453159
v 4.485292 12.992768 -3.444688
v 4.485341 12.983349 -3.444667
v 4.481354 12.992784 -3.436668
v 4.481402 12.983364 -3.436646
v 4.475153 12.992900 -3.430119
v 4.475201 12.983479 -3.430097
v 4.477968 12.992738 -3.453209
v 4.478016 12.983318 -3.453188
v 4.478662 12.992676 -3.454204
v 4.478711 12.983257 -3.454182
v 4.481971 12.983322 -3.457836
v 4.484900 12.984734 -3.459533
v 4.484866 12.991326 -3.459548
v 4.481923 12.992742 -3.457858
v 4.485491 12.984512 -3.457940
v 4.482538 12.983172 -3.456299
v 4.482490 12.992590 -3.456321
v 4.485457 12.991102 -3.457954
v 4.462385 12.984079 -3.442730
v 4.462344 12.992063 -3.442747
v 4.466461 12.992245 -3.448741
v 4.466502 12.984259 -3.448723
v 4.472021 12.009038 -3.437034
v 4.472038 12.025689 -3.437076
v 4.473222 13.202108 -3.440019
v 4.473206 13.185456 -3.439977
v 4.473429 13.279597 -3.440536
v 0.255578 11.599816 7.428266
v 8.708816 11.599816 7.428265
v 0.255578 14.122991 7.428266
v 8.708816 14.122991 7.428265
v 0.255578 11.599816 7.836075
v 8.708816 11.599816 7.836074
v 0.255578 14.122991 7.836075
v 8.708816 14.122991 7.836074
v 1.556296 11.875244 7.867979
v 7.499915 11.875244 7.867979
v 1.556296 13.875244 7.867979
v 7.499915 13.875244 7.867979
v -7.384017 14.000070 8.045978
v 7.964709 14.000066 -7.362969
v 5.924900 14.000066 -7.362969
v -7.384017 14.000066 -7.362969
v -7.384017 14.000070 6.493775
v 4.526510 14.000066 -7.362969
v 3.434517 14.000066 -7.362969
v 2.027380 14.000066 -7.362969
v 1.008403 14.000066 -7.362969
v -0.504289 14.000066 -7.362969
v -0.504289 13.383646 -7.362969
v 1.008403 13.383646 -7.362969
v 2.027380 13.383646 -7.362969
v 4.526510 13.383646 -7.362969
v 5.924900 13.383646 -7.362969
v -7.384017 13.383650 8.045978
v -7.384017 13.383646 -7.362969
v 7.964709 13.383646 -7.964710
v -7.384017 13.383650 6.493775
v 3.434517 13.383646 -7.362969
v 7.964709 13.383646 -7.362969
v 3.969625 14.000068 -5.549530
v -5.376985 14.000068 4.680336
v -5.376985 13.383648 4.680336
v 3.969625 13.383648 -5.549530
v -5.224061 14.000070 6.493775
v -5.224061 14.000070 8.045978
v -5.224061 13.383650 8.045978
v -5.224061 13.383650 6.493775
v -4.457346 13.995730 3.410204
v -4.457346 13.379310 3.410204
v -6.644717 13.978096 3.457364
v -4.484761 13.978096 3.457364
v -6.433430 13.382269 2.824201
v -4.273474 13.382269 2.824201
v 2.027380 13.383648 -1.515210
v 2.027380 14.000068 -1.515210
v 5.924900 13.383648 -1.515210
v 5.924900 14.000068 -1.515210
v 7.964709 14.000068 -1.515210
v 4.526510 14.000068 -1.515210
v 3.434517 14.000068 -1.515210
v 1.008403 14.000068 -1.515210
v -0.504289 14.000068 -1.515210
v -7.384017 14.000068 -4.157142
v -0.504289 13.383648 -1.515210
v 1.008403 13.383648 -1.515210
v 4.526510 13.383648 -1.515210
v -7.384017 13.383648 -5.112096
v 3.434517 13.383648 -1.515210
v 7.964709 13.383648 -1.515210
v 5.924900 0.468195 7.664338
v 4.526510 0.468195 7.664338
v 3.434517 0.468195 7.664338
v 2.027380 0.468195 7.664338
v 1.008403 0.468195 7.664338
v -0.504289 0.468195 7.664338
v -7.384017 14.000070 7.664336
v -7.384017 13.383650 7.664336
v -5.224061 14.000070 7.664336
v -5.224061 13.383650 7.664336
v -7.384017 14.000070 7.079056
v -7.384017 13.383650 7.079056
v -5.224061 14.000070 7.079056
v -5.224061 13.383650 7.079056
v 5.924900 0.468195 7.326676
v 4.526510 0.468195 7.326676
v 3.434517 0.468195 7.326676
v 2.027380 0.468195 7.326676
v 1.008403 0.468195 7.326676
v -0.504289 0.468195 7.326676
v -7.384017 14.000070 7.326674
v -7.384017 13.383650 7.326674
v -5.224061 14.000070 7.326674
v -5.224061 13.383650 7.326674
v 8.037987 14.609614 7.326674
v 8.037987 14.609614 7.664336
v 6.639596 14.609614 7.326674
v 6.639596 14.609614 7.664336
v 5.344422 14.568977 7.326674
v 5.344422 14.568977 7.664336
v 3.937285 14.568977 7.326674
v 3.937285 14.568977 7.664336
v 2.755762 14.447069 7.326674
v 2.755762 14.447069 7.664336
v 1.243071 14.447069 7.326674
v 1.243071 14.447069 7.664336
v 6.549611 14.007403 7.326674
v 7.948001 14.007403 7.326674
v 6.549611 14.007403 7.664336
v 7.948001 14.007403 7.664336
v 5.263751 13.973382 7.326674
v 5.263751 13.973382 7.664336
v 3.856613 13.973382 7.664336
v 3.856613 13.973382 7.326674
v 2.693986 13.952862 7.664336
v 1.181295 13.952862 7.664336
v 1.181295 13.952862 7.326674
v 2.693986 13.952862 7.326674
v 6.639596 14.609612 -6.042652
v 8.037987 14.609612 -6.042652
v 6.549611 14.007401 -6.042652
v 7.948001 14.007401 -6.042652
v 3.937285 14.568975 -6.042658
v 5.344422 14.568975 -6.042658
v 5.263751 13.973380 -6.042658
v 3.856613 13.973380 -6.042658
v 1.243071 14.447067 -5.961385
v 2.755762 14.447067 -5.961385
v 1.181295 13.952860 -5.961385
v 2.693986 13.952860 -5.961385
v -8.005344 13.485402 -4.927419
v -7.384017 13.485402 -5.443038
v -7.384017 13.485402 -4.927419
vn -0.8804 -0.2590 -0.3972
vn -0.7840 -0.3849 -0.4871
vn -0.8422 -0.3829 -0.3795
vn -0.7970 0.4864 -0.3582
vn -0.6819 0.5962 -0.4237
vn -0.7413 0.4884 -0.4605
vn -0.7345 -0.5023 -0.4563
vn -0.7896 -0.5001 -0.3557
vn -0.8423 0.3832 -0.3791
vn -0.7840 0.3848 -0.4871
vn -0.6750 -0.6070 -0.4194
vn -0.7262 -0.6046 -0.3272
vn -0.8804 0.2595 -0.3969
vn -0.8200 0.2606 -0.5096
vn -0.6185 -0.6855 -0.3842
vn -0.6658 -0.6832 -0.3000
vn -0.9038 0.1309 -0.4075
vn -0.8421 0.1313 -0.5231
vn -0.9116 -0.0000 -0.4110
vn -0.8492 -0.0000 -0.5280
vn -0.8418 -0.1317 -0.5234
vn -0.9039 -0.1304 -0.4073
vn -0.8197 -0.2607 -0.5101
vn -0.7331 0.5940 -0.3312
vn -0.5967 0.7117 -0.3707
vn -0.7640 -0.1326 -0.6315
vn -0.7440 -0.2623 -0.6145
vn -0.5397 0.7142 -0.4457
vn -0.6175 0.5989 -0.5100
vn -0.7108 -0.3873 -0.5871
vn -0.6718 0.4909 -0.5548
vn -0.6654 -0.5052 -0.5496
vn -0.7109 0.3872 -0.5871
vn -0.6112 -0.6097 -0.5047
vn -0.7440 0.2623 -0.6145
vn -0.5595 -0.6880 -0.4621
vn -0.7640 0.1326 -0.6315
vn -0.7708 -0.0000 -0.6371
vn -0.5833 -0.5080 -0.6338
vn -0.5890 0.4938 -0.6398
vn -0.6236 0.3898 -0.6776
vn -0.5353 -0.6126 -0.5815
vn -0.6529 0.2645 -0.7098
vn -0.4898 -0.6907 -0.5320
vn -0.6714 0.1336 -0.7290
vn -0.6770 -0.0000 -0.7360
vn -0.6712 -0.1333 -0.7292
vn -0.6532 -0.2641 -0.7096
vn -0.4723 0.7167 -0.5130
vn -0.5410 0.6018 -0.5876
vn -0.6232 -0.3901 -0.6778
vn -0.5489 0.2660 -0.7925
vn -0.5643 0.1341 -0.8146
vn -0.5690 -0.0000 -0.8224
vn -0.5640 -0.1342 -0.8148
vn -0.5488 -0.2659 -0.7926
vn -0.3955 0.7193 -0.5711
vn -0.4534 0.6047 -0.6548
vn -0.5236 -0.3922 -0.7563
vn -0.4942 0.4964 -0.7137
vn -0.4895 -0.5106 -0.7069
vn -0.5237 0.3921 -0.7563
vn -0.4487 -0.6154 -0.6480
vn -0.4103 -0.6933 -0.5924
vn -0.4323 -0.2674 -0.8612
vn -0.3107 0.7216 -0.6187
vn -0.3565 0.6071 -0.7102
vn -0.4120 -0.3948 -0.8212
vn -0.3888 0.4991 -0.7745
vn -0.3851 -0.5130 -0.7672
vn -0.4123 0.3944 -0.8213
vn -0.3528 -0.6179 -0.7027
vn -0.4320 0.2678 -0.8612
vn -0.3223 -0.6957 -0.6420
vn -0.4442 0.1353 -0.8856
vn -0.4488 -0.0000 -0.8936
vn -0.4442 -0.1353 -0.8856
vn -0.2492 -0.6199 -0.7440
vn -0.2914 0.3965 -0.8706
vn -0.3059 0.2687 -0.9134
vn -0.2275 -0.6977 -0.6794
vn -0.3144 0.1360 -0.9395
vn -0.3173 -0.0000 -0.9483
vn -0.3144 -0.1360 -0.9395
vn -0.3056 -0.2691 -0.9133
vn -0.2192 0.7235 -0.6546
vn -0.2518 0.6093 -0.7519
vn -0.2914 -0.3965 -0.8706
vn -0.2749 0.5009 -0.8207
vn -0.2713 -0.5156 -0.8127
vn -0.1770 0.1365 -0.9747
vn -0.1787 -0.0000 -0.9839
vn -0.1770 -0.1365 -0.9747
vn -0.1721 -0.2700 -0.9474
vn -0.1222 0.7247 -0.6781
vn -0.1416 0.6106 -0.7792
vn -0.1641 -0.3973 -0.9029
vn -0.1546 0.5024 -0.8507
vn -0.1531 -0.5164 -0.8425
vn -0.1640 0.3977 -0.9027
vn -0.1401 -0.6213 -0.7709
vn -0.1721 0.2700 -0.9474
vn -0.1279 -0.6989 -0.7036
vn -0.0327 -0.3978 -0.9169
vn -0.0282 0.6116 -0.7907
vn -0.0308 0.5030 -0.8638
vn -0.0305 -0.5168 -0.8555
vn -0.0327 0.3978 -0.9169
vn -0.0279 -0.6219 -0.7826
vn -0.0343 0.2699 -0.9623
vn -0.0256 -0.6963 -0.7173
vn -0.0353 0.1367 -0.9900
vn -0.0356 -0.0000 -0.9994
vn -0.0353 -0.1367 -0.9900
vn -0.0343 -0.2704 -0.9621
vn -0.0244 0.7250 -0.6883
vn 0.0849 -0.6217 -0.7786
vn 0.0775 -0.6994 -0.7106
vn 0.1073 0.1366 -0.9848
vn 0.1083 -0.0000 -0.9941
vn 0.1073 -0.1366 -0.9848
vn 0.1043 -0.2703 -0.9571
vn 0.0858 0.6109 -0.7870
vn 0.0994 -0.3981 -0.9120
vn 0.0937 0.5029 -0.8593
vn 0.0928 -0.5168 -0.8510
vn 0.0994 0.3981 -0.9120
vn 0.1043 0.2703 -0.9571
vn 0.2495 -0.0000 -0.9684
vn 0.2474 -0.1358 -0.9593
vn 0.2403 -0.2696 -0.9325
vn 0.1268 0.7376 -0.6632
vn 0.1979 0.6100 -0.7673
vn 0.2293 -0.3967 -0.8888
vn 0.2161 0.5016 -0.8377
vn 0.2140 -0.5157 -0.8296
vn 0.2291 0.3972 -0.8887
vn 0.1958 -0.6207 -0.7592
vn 0.2403 0.2696 -0.9325
vn 0.1788 -0.6982 -0.6932
vn 0.2472 0.1363 -0.9593
vn 0.3536 -0.3953 -0.8478
vn 0.3303 -0.5140 -0.7917
vn 0.3534 0.3957 -0.8477
vn 0.3024 -0.6190 -0.7248
vn 0.3706 0.2685 -0.8891
vn 0.2762 -0.6967 -0.6621
vn 0.3812 0.1357 -0.9145
vn 0.3847 -0.0000 -0.9230
vn 0.3814 -0.1354 -0.9144
vn 0.3708 -0.2682 -0.8892
vn 0.2216 0.7372 -0.6383
vn 0.3055 0.6083 -0.7325
vn 0.3323 0.5008 -0.7992
vn 0.5108 -0.0000 -0.8597
vn 0.5061 -0.1349 -0.8518
vn 0.4923 -0.2671 -0.8285
vn 0.3112 0.7359 -0.6013
vn 0.4065 0.6060 -0.6837
vn 0.4696 -0.3937 -0.7902
vn 0.4433 0.4978 -0.7454
vn 0.4391 -0.5118 -0.7384
vn 0.4696 0.3937 -0.7902
vn 0.4024 -0.6167 -0.6766
vn 0.4926 0.2667 -0.8284
vn 0.3678 -0.6945 -0.6184
vn 0.5061 0.1349 -0.8518
vn 0.6197 -0.1340 -0.7733
vn 0.6029 -0.2653 -0.7524
vn 0.3943 0.7342 -0.5527
vn 0.4988 0.6035 -0.6221
vn 0.5757 -0.3910 -0.7181
vn 0.5436 0.4951 -0.6778
vn 0.5385 -0.5090 -0.6715
vn 0.5760 0.3906 -0.7181
vn 0.4938 -0.6140 -0.6158
vn 0.6033 0.2646 -0.7523
vn 0.4516 -0.6919 -0.5633
vn 0.6200 0.1341 -0.7730
vn 0.6253 -0.0000 -0.7804
vn 0.6265 -0.5063 -0.5926
vn 0.5751 -0.6111 -0.5439
vn 0.7008 0.2633 -0.6629
vn 0.5264 -0.6894 -0.4977
vn 0.7201 0.1327 -0.6810
vn 0.7263 -0.0000 -0.6874
vn 0.7198 -0.1330 -0.6813
vn 0.7010 -0.2632 -0.6628
vn 0.4691 0.7321 -0.4939
vn 0.5810 0.6004 -0.5495
vn 0.6694 -0.3886 -0.6332
vn 0.6324 0.4923 -0.5981
vn 0.6689 0.3888 -0.6336
vn 0.8128 -0.0000 -0.5826
vn 0.8053 -0.1321 -0.5780
vn 0.7841 -0.2618 -0.5627
vn 0.5345 0.7299 -0.4261
vn 0.6518 0.5973 -0.4674
vn 0.7496 -0.3861 -0.5376
vn 0.7085 0.4897 -0.5081
vn 0.7020 -0.5036 -0.5035
vn 0.7497 0.3860 -0.5376
vn 0.6450 -0.6083 -0.4625
vn 0.7844 0.2612 -0.5625
vn 0.5908 -0.6867 -0.4236
vn 0.8055 0.1319 -0.5777
vn 0.8527 -0.2598 -0.4533
vn 0.8153 -0.3838 -0.4335
vn 0.7712 0.4871 -0.4100
vn 0.7641 -0.5011 -0.4063
vn 0.8152 0.3841 -0.4335
vn 0.7026 -0.6057 -0.3735
vn 0.8527 0.2597 -0.4533
vn 0.6438 -0.6844 -0.3423
vn 0.8752 0.1312 -0.4657
vn 0.8828 -0.0000 -0.4697
vn 0.8754 -0.1309 -0.4654
vn 0.5894 0.7276 -0.3511
vn 0.7086 0.5957 -0.3781
vn 0.7471 -0.6036 -0.2785
vn 0.6850 -0.6823 -0.2553
vn 0.9290 0.1301 -0.3463
vn 0.9369 -0.0000 -0.3495
vn 0.9289 -0.1305 -0.3466
vn 0.9050 -0.2588 -0.3376
vn 0.6331 0.7254 -0.2702
vn 0.7547 0.5928 -0.2813
vn 0.8659 -0.3820 -0.3228
vn 0.8194 0.4851 -0.3055
vn 0.8120 -0.4990 -0.3027
vn 0.8660 0.3820 -0.3228
vn 0.9050 0.2588 -0.3376
vn 0.9662 -0.1300 -0.2226
vn 0.9415 -0.2578 -0.2169
vn 0.6649 0.7236 -0.1852
vn 0.7859 0.5912 -0.1810
vn 0.9012 -0.3805 -0.2075
vn 0.8530 0.4836 -0.1964
vn 0.8454 -0.4974 -0.1947
vn 0.9008 0.3813 -0.2075
vn 0.7781 -0.6020 -0.1792
vn 0.9417 0.2574 -0.2168
vn 0.7138 -0.6808 -0.1643
vn 0.9662 0.1300 -0.2226
vn 0.9745 -0.0000 -0.2245
vn 0.9208 -0.3798 -0.0892
vn 0.8640 -0.4966 -0.0837
vn 0.9206 0.3802 -0.0892
vn 0.7955 -0.6011 -0.0771
vn 0.9620 0.2568 -0.0932
vn 0.7298 -0.6800 -0.0707
vn 0.9870 0.1294 -0.0957
vn 0.9953 -0.0000 -0.0965
vn 0.9869 -0.1297 -0.0957
vn 0.9618 -0.2573 -0.0933
vn 0.6848 0.7222 -0.0973
vn 0.8033 0.5904 -0.0779
vn 0.8710 0.4837 -0.0857
vn 0.9995 -0.0000 0.0327
vn 0.9910 -0.1297 0.0324
vn 0.9660 -0.2566 0.0316
vn 0.6930 0.7209 -0.0086
vn 0.8070 0.5900 0.0264
vn 0.9245 -0.3799 0.0302
vn 0.8755 0.4824 0.0286
vn 0.8677 -0.4963 0.0284
vn 0.9245 0.3799 0.0302
vn 0.7989 -0.6009 0.0261
vn 0.9660 0.2567 0.0316
vn 0.7298 -0.6832 0.0238
vn 0.9910 0.1297 0.0324
vn 0.6980 0.7067 0.1152
vn 0.7964 0.5906 0.1303
vn 0.9128 -0.3802 0.1493
vn 0.8641 0.4830 0.1413
vn 0.8565 -0.4968 0.1401
vn 0.9129 0.3799 0.1493
vn 0.7885 -0.6014 0.1289
vn 0.9538 0.2569 0.1560
vn 0.7233 -0.6804 0.1184
vn 0.9785 0.1298 0.1602
vn 0.9869 -0.0000 0.1615
vn 0.9786 -0.1293 0.1601
vn 0.9536 -0.2575 0.1561
vn 0.7642 -0.6027 0.2298
vn 0.8853 0.3813 0.2663
vn 0.9251 0.2583 0.2784
vn 0.7008 -0.6815 0.2108
vn 0.9494 0.1303 0.2858
vn 0.9576 -0.0000 0.2882
vn 0.9494 -0.1302 0.2858
vn 0.9251 -0.2583 0.2784
vn 0.6765 0.7078 0.2035
vn 0.7720 0.5917 0.2322
vn 0.8851 -0.3816 0.2663
vn 0.8379 0.4842 0.2520
vn 0.8296 -0.4989 0.2508
vn 0.9040 -0.1305 0.4072
vn 0.8806 -0.2590 0.3968
vn 0.6425 0.7095 0.2894
vn 0.7335 0.5939 0.3306
vn 0.8422 -0.3831 0.3794
vn 0.7968 0.4861 0.3590
vn 0.7896 -0.4999 0.3558
vn 0.8423 0.3827 0.3795
vn 0.7262 -0.6046 0.3272
vn 0.8804 0.2595 0.3969
vn 0.6656 -0.6833 0.3000
vn 0.9038 0.1309 0.4075
vn 0.9116 -0.0000 0.4110
vn 0.6819 0.5962 0.4237
vn 0.7412 0.4884 0.4605
vn 0.7345 -0.5022 0.4563
vn 0.7840 0.3848 0.4871
vn 0.6750 -0.6070 0.4194
vn 0.8198 0.2609 0.5097
vn 0.6184 -0.6855 0.3842
vn 0.8418 0.1317 0.5234
vn 0.8492 -0.0000 0.5280
vn 0.8418 -0.1317 0.5234
vn 0.8202 -0.2604 0.5094
vn 0.5967 0.7117 0.3707
vn 0.7836 -0.3855 0.4872
vn 0.5595 -0.6881 0.4621
vn 0.7440 0.2623 0.6145
vn 0.7640 0.1326 0.6315
vn 0.7708 -0.0000 0.6371
vn 0.7640 -0.1326 0.6315
vn 0.7438 -0.2626 0.6147
vn 0.5397 0.7142 0.4457
vn 0.6174 0.5989 0.5100
vn 0.7108 -0.3874 0.5871
vn 0.6717 0.4910 0.5547
vn 0.6655 -0.5050 0.5496
vn 0.7109 0.3872 0.5871
vn 0.6045 -0.6140 0.5075
vn 0.6529 -0.2645 0.7097
vn 0.4723 0.7167 0.5130
vn 0.5410 0.6017 0.5876
vn 0.6234 -0.3902 0.6776
vn 0.5889 0.4938 0.6397
vn 0.5835 -0.5078 0.6338
vn 0.6237 0.3896 0.6776
vn 0.5353 -0.6126 0.5815
vn 0.6529 0.2645 0.7098
vn 0.4897 -0.6908 0.5320
vn 0.6712 0.1332 0.7292
vn 0.6770 -0.0000 0.7360
vn 0.6710 -0.1332 0.7294
vn 0.4941 0.4965 0.7136
vn 0.5237 0.3920 0.7563
vn 0.4487 -0.6154 0.6480
vn 0.5488 0.2659 0.7926
vn 0.4102 -0.6934 0.5924
vn 0.5641 0.1343 0.8147
vn 0.5693 -0.0000 0.8222
vn 0.5638 -0.1345 0.8149
vn 0.5488 -0.2659 0.7925
vn 0.3955 0.7193 0.5711
vn 0.4533 0.6048 0.6547
vn 0.5237 -0.3920 0.7563
vn 0.4884 -0.5110 0.7073
vn 0.4442 0.1353 0.8856
vn 0.4489 -0.0000 0.8936
vn 0.4442 -0.1353 0.8856
vn 0.4320 -0.2678 0.8612
vn 0.3107 0.7216 0.6187
vn 0.3565 0.6071 0.7102
vn 0.4123 -0.3944 0.8213
vn 0.3888 0.4989 0.7746
vn 0.3850 -0.5131 0.7671
vn 0.4124 0.3940 0.8214
vn 0.3528 -0.6179 0.7027
vn 0.4320 0.2678 0.8612
vn 0.3223 -0.6956 0.6420
vn 0.2192 0.7235 0.6546
vn 0.2518 0.6093 0.7519
vn 0.2917 -0.3962 0.8706
vn 0.2749 0.5010 0.8206
vn 0.2722 -0.5151 0.8128
vn 0.2915 0.3962 0.8706
vn 0.2492 -0.6199 0.7440
vn 0.3056 0.2691 0.9133
vn 0.2275 -0.6976 0.6794
vn 0.3146 0.1356 0.9395
vn 0.3173 -0.0000 0.9483
vn 0.3144 -0.1360 0.9395
vn 0.3056 -0.2691 0.9133
vn 0.1640 0.3977 0.9027
vn 0.1721 0.2700 0.9474
vn 0.1279 -0.6988 0.7038
vn 0.1770 0.1365 0.9747
vn 0.1787 -0.0000 0.9839
vn 0.1770 -0.1365 0.9747
vn 0.1722 -0.2697 0.9474
vn 0.1222 0.7247 0.6781
vn 0.1416 0.6106 0.7792
vn 0.1641 -0.3972 0.9029
vn 0.1546 0.5022 0.8508
vn 0.1532 -0.5165 0.8425
vn 0.1337 -0.6256 0.7686
vn 0.0353 -0.1367 0.9900
vn 0.0343 -0.2704 0.9621
vn 0.0244 0.7251 0.6883
vn 0.0282 0.6110 0.7911
vn 0.0327 -0.3982 0.9167
vn 0.0308 0.5030 0.8638
vn 0.0305 -0.5171 0.8554
vn 0.0327 0.3978 0.9169
vn 0.0279 -0.6219 0.7826
vn 0.0343 0.2704 0.9621
vn 0.0256 -0.6964 0.7172
vn 0.0353 0.1367 0.9900
vn 0.0356 -0.0000 0.9994
vn -0.0937 0.5028 0.8593
vn -0.0995 -0.3976 0.9121
vn -0.0928 -0.5168 0.8510
vn -0.0995 0.3974 0.9122
vn -0.0849 -0.6217 0.7786
vn -0.1043 0.2703 0.9571
vn -0.0775 -0.6993 0.7106
vn -0.1073 0.1366 0.9848
vn -0.1083 -0.0000 0.9941
vn -0.1074 -0.1363 0.9848
vn -0.1043 -0.2703 0.9571
vn -0.0850 0.6114 0.7867
vn -0.2474 0.1360 0.9593
vn -0.2496 -0.0000 0.9684
vn -0.2472 -0.1363 0.9593
vn -0.2406 -0.2692 0.9326
vn -0.1268 0.7376 0.6632
vn -0.1979 0.6100 0.7673
vn -0.2293 -0.3967 0.8888
vn -0.2160 0.5019 0.8375
vn -0.2140 -0.5157 0.8296
vn -0.2292 0.3969 0.8888
vn -0.1958 -0.6207 0.7592
vn -0.2403 0.2696 0.9325
vn -0.1788 -0.6982 0.6932
vn -0.3815 -0.1353 0.9144
vn -0.3706 -0.2685 0.8891
vn -0.2216 0.7372 0.6383
vn -0.3055 0.6083 0.7325
vn -0.3536 -0.3953 0.8478
vn -0.3334 0.5001 0.7992
vn -0.3302 -0.5142 0.7916
vn -0.3536 0.3953 0.8478
vn -0.3024 -0.6190 0.7248
vn -0.3708 0.2682 0.8891
vn -0.2762 -0.6968 0.6620
vn -0.3812 0.1357 0.9145
vn -0.3847 -0.0000 0.9230
vn -0.4696 -0.3937 0.7902
vn -0.4392 -0.5118 0.7384
vn -0.4699 0.3932 0.7903
vn -0.4024 -0.6167 0.6766
vn -0.4923 0.2671 0.8285
vn -0.3677 -0.6945 0.6184
vn -0.5061 0.1349 0.8518
vn -0.5108 -0.0000 0.8597
vn -0.5061 -0.1349 0.8518
vn -0.4923 -0.2671 0.8285
vn -0.3112 0.7359 0.6013
vn -0.4065 0.6060 0.6837
vn -0.4419 0.4986 0.7457
vn -0.6199 0.1336 0.7732
vn -0.6253 -0.0000 0.7804
vn -0.6200 -0.1341 0.7730
vn -0.6033 -0.2651 0.7522
vn -0.3943 0.7342 0.5527
vn -0.4990 0.6031 0.6223
vn -0.5757 -0.3912 0.7180
vn -0.5434 0.4953 0.6778
vn -0.5385 -0.5090 0.6715
vn -0.5758 0.3909 0.7181
vn -0.4938 -0.6140 0.6158
vn -0.6028 0.2651 0.7526
vn -0.4516 -0.6920 0.5632
vn -0.7198 -0.1331 0.6813
vn -0.7006 -0.2635 0.6631
vn -0.4691 0.7321 0.4939
vn -0.5811 0.6003 0.5495
vn -0.6695 -0.3884 0.6331
vn -0.6324 0.4924 0.5980
vn -0.6265 -0.5064 0.5925
vn -0.6695 0.3885 0.6331
vn -0.5751 -0.6111 0.5439
vn -0.7008 0.2633 0.6629
vn -0.5264 -0.6894 0.4977
vn -0.7201 0.1327 0.6811
vn -0.7265 -0.0000 0.6871
vn -0.7020 -0.5036 0.5035
vn -0.6450 -0.6083 0.4625
vn -0.7843 0.2615 0.5626
vn -0.5908 -0.6868 0.4235
vn -0.8053 0.1321 0.5779
vn -0.8127 -0.0000 0.5827
vn -0.8053 -0.1321 0.5779
vn -0.7841 -0.2618 0.5627
vn -0.5345 0.7299 0.4261
vn -0.6517 0.5974 0.4673
vn -0.7497 -0.3860 0.5376
vn -0.7087 0.4896 0.5081
vn -0.7490 0.3864 0.5383
vn -0.8828 -0.0000 0.4697
vn -0.8753 -0.1310 0.4655
vn -0.8527 -0.2598 0.4533
vn -0.5894 0.7275 0.3511
vn -0.7099 0.5947 0.3773
vn -0.8150 -0.3845 0.4336
vn -0.7711 0.4872 0.4100
vn -0.7641 -0.5012 0.4062
vn -0.8153 0.3838 0.4335
vn -0.7026 -0.6057 0.3735
vn -0.8526 0.2602 0.4531
vn -0.6438 -0.6843 0.3423
vn -0.8752 0.1312 0.4657
vn -0.9050 -0.2588 0.3376
vn -0.8659 -0.3820 0.3228
vn -0.8194 0.4850 0.3055
vn -0.8120 -0.4991 0.3027
vn -0.8658 0.3822 0.3228
vn -0.7471 -0.6036 0.2785
vn -0.9050 0.2588 0.3376
vn -0.6851 -0.6823 0.2553
vn -0.9290 0.1305 0.3462
vn -0.9369 -0.0000 0.3495
vn -0.9289 -0.1305 0.3466
vn -0.6331 0.7254 0.2702
vn -0.7537 0.5935 0.2822
vn -0.7781 -0.6020 0.1792
vn -0.7138 -0.6808 0.1643
vn -0.9662 0.1300 0.2226
vn -0.9745 -0.0000 0.2245
vn -0.9662 -0.1300 0.2226
vn -0.9415 -0.2578 0.2169
vn -0.6649 0.7236 0.1852
vn -0.7860 0.5912 0.1810
vn -0.9012 -0.3804 0.2075
vn -0.8530 0.4835 0.1964
vn -0.8453 -0.4975 0.1947
vn -0.9010 0.3810 0.2075
vn -0.9415 0.2578 0.2169
vn -0.9953 -0.0000 0.0966
vn -0.9869 -0.1297 0.0957
vn -0.9620 -0.2567 0.0932
vn -0.6848 0.7222 0.0973
vn -0.8034 0.5903 0.0779
vn -0.9208 -0.3798 0.0892
vn -0.8718 0.4825 0.0845
vn -0.8641 -0.4963 0.0837
vn -0.9208 0.3798 0.0892
vn -0.7955 -0.6011 0.0771
vn -0.9618 0.2573 0.0933
vn -0.7298 -0.6800 0.0707
vn -0.9869 0.1297 0.0957
vn -0.9246 -0.3798 -0.0302
vn -0.8677 -0.4963 -0.0284
vn -0.9246 0.3798 -0.0302
vn -0.7989 -0.6009 -0.0261
vn -0.9660 0.2567 -0.0316
vn -0.7299 -0.6832 -0.0238
vn -0.9910 0.1297 -0.0324
vn -0.9995 -0.0000 -0.0327
vn -0.9910 -0.1297 -0.0324
vn -0.9660 -0.2567 -0.0316
vn -0.6929 0.7210 0.0087
vn -0.8070 0.5900 -0.0264
vn -0.8749 0.4836 -0.0272
vn -0.9785 0.1298 -0.1602
vn -0.9869 -0.0000 -0.1615
vn -0.9785 -0.1298 -0.1602
vn -0.9538 -0.2568 -0.1560
vn -0.6981 0.7067 -0.1152
vn -0.7964 0.5906 -0.1303
vn -0.9129 -0.3800 -0.1493
vn -0.8641 0.4830 -0.1413
vn -0.8565 -0.4968 -0.1401
vn -0.9128 0.3802 -0.1493
vn -0.7885 -0.6014 -0.1289
vn -0.9536 0.2575 -0.1561
vn -0.7233 -0.6803 -0.1184
vn -0.9251 -0.2583 -0.2784
vn -0.6765 0.7078 -0.2035
vn -0.7720 0.5918 -0.2322
vn -0.8853 -0.3812 -0.2663
vn -0.8380 0.4840 -0.2520
vn -0.8304 -0.4981 -0.2498
vn -0.8850 0.3819 -0.2664
vn -0.7642 -0.6027 -0.2298
vn -0.9251 0.2583 -0.2784
vn -0.7008 -0.6815 -0.2108
vn -0.9494 0.1303 -0.2858
vn -0.9576 -0.0000 -0.2882
vn -0.9494 -0.1303 -0.2858
vn -0.6165 0.7655 -0.1841
vn 0.6125 0.7844 0.0978
vn 0.2677 0.9625 0.0438
vn 0.1924 0.9643 -0.1820
vn 0.2167 0.9638 -0.1554
vn -0.1924 0.9643 0.1820
vn -0.2167 0.9638 0.1554
vn 0.0092 0.9661 0.2578
vn -0.0280 0.9661 0.2565
vn -0.2589 0.9627 -0.0779
vn -0.2453 0.9631 -0.1105
vn -0.0646 0.9660 0.2505
vn -0.1000 0.9656 0.2398
vn 0.1169 0.9655 0.2328
vn 0.1646 0.9648 -0.2052
vn -0.0092 0.9661 -0.2578
vn 0.0280 0.9661 -0.2566
vn 0.0646 0.9660 -0.2505
vn 0.1487 0.9636 0.2221
vn -0.1788 0.9645 -0.1942
vn 0.0823 0.9658 0.2458
vn 0.2453 0.9631 0.1105
vn 0.2528 0.9629 -0.0942
vn 0.2640 0.9626 -0.0608
vn -0.1492 0.9650 -0.2155
vn -0.2640 0.9626 0.0608
vn -0.2701 0.9625 0.0262
vn 0.2612 0.9619 0.0813
vn -0.2369 0.9633 0.1260
vn -0.2528 0.9629 0.0942
vn -0.1169 0.9655 -0.2328
vn 0.2370 0.9633 -0.1260
vn -0.1336 0.9652 0.2246
vn -0.1646 0.9648 0.2052
vn 0.0421 0.9645 0.2608
vn 0.1792 0.9632 0.2002
vn 0.1000 0.9657 -0.2398
vn 0.1335 0.9653 -0.2246
vn -0.0421 0.9645 -0.2608
vn 0.2273 0.9635 0.1412
vn 0.2062 0.9628 0.1745
vn -0.0794 0.9643 -0.2527
vn -0.2061 0.9628 -0.1746
vn -0.6125 0.7844 -0.0978
vn -0.2701 0.9617 -0.0467
vn -0.2741 0.9616 -0.0115
vn 0.2701 0.9625 -0.0262
vn 0.2741 0.9616 0.0115
vn -0.2290 0.9624 -0.1458
vn -0.0000 1.0000 -0.0000
vn -0.0000 1.0000 0.0001
vn 0.7841 0.3852 0.4866
vn 0.8423 0.3828 0.3795
vn 0.7963 -0.4862 0.3599
vn 0.6653 -0.6217 0.4135
vn 0.7158 -0.6194 0.3226
vn 0.7346 0.5028 0.4556
vn 0.7896 0.4999 0.3558
vn 0.8420 -0.3832 0.3798
vn 0.7401 -0.4891 0.4615
vn 0.6758 0.6090 0.4152
vn 0.7258 0.6052 0.3270
vn 0.8804 -0.2595 0.3969
vn 0.7834 -0.3854 0.4876
vn 0.5753 0.5595 0.5967
vn 0.7013 0.6390 0.3159
vn 0.9038 -0.1309 0.4075
vn 0.8196 -0.2607 0.5101
vn 0.8417 -0.1313 0.5237
vn 0.8199 0.2606 0.5098
vn 0.4246 -0.8661 0.2638
vn 0.4579 -0.8647 0.2063
vn 0.7642 0.1326 0.6312
vn 0.7441 0.2626 0.6143
vn 0.3834 -0.8676 0.3166
vn 0.7110 0.3877 0.5867
vn 0.6027 -0.6242 0.4972
vn 0.6656 0.5055 0.5491
vn 0.6705 -0.4917 0.5555
vn 0.6124 0.6117 0.5007
vn 0.7101 -0.3876 0.5878
vn 0.4883 0.5626 0.6671
vn 0.7437 -0.2627 0.6147
vn 0.5835 0.5083 0.6333
vn 0.5891 -0.4936 0.6398
vn 0.5371 0.6145 0.5778
vn 0.6232 -0.3902 0.6778
vn 0.3914 0.5660 0.7255
vn 0.6527 -0.2641 0.7101
vn 0.6709 -0.1335 0.7294
vn 0.6709 0.1335 0.7294
vn 0.3349 -0.8692 0.3637
vn 0.6234 0.3898 0.6778
vn 0.5282 -0.6269 0.5727
vn 0.5485 -0.2663 0.7927
vn 0.5639 -0.1341 0.8149
vn 0.5638 0.1345 0.8149
vn 0.5489 0.2663 0.7924
vn 0.2799 -0.8707 0.4043
vn 0.5239 0.3924 0.7560
vn 0.4429 -0.6296 0.6383
vn 0.4897 0.5111 0.7064
vn 0.4927 -0.4972 0.7141
vn 0.4509 0.6174 0.6446
vn 0.5229 -0.3924 0.7567
vn 0.2864 0.5698 0.7702
vn 0.4320 0.2679 0.8612
vn 0.2195 -0.8722 0.4372
vn 0.4120 0.3948 0.8212
vn 0.3486 -0.6320 0.6921
vn 0.3854 0.5134 0.7667
vn 0.3874 -0.4997 0.7747
vn 0.3554 0.6198 0.6997
vn 0.4118 -0.3946 0.8214
vn 0.1752 0.5734 0.8003
vn 0.5692 -0.0003 0.8222
vn 0.4442 -0.1354 0.8856
vn 0.4442 0.1354 0.8856
vn 0.2522 0.6217 0.7415
vn 0.2914 -0.3966 0.8705
vn 0.0603 0.5768 0.8147
vn 0.4487 -0.0004 0.8937
vn 0.3144 0.1360 0.9395
vn 0.3056 0.2692 0.9133
vn 0.1548 -0.8732 0.4621
vn 0.2914 0.3965 0.8706
vn 0.2467 -0.6340 0.7329
vn 0.2717 0.5154 0.8127
vn 0.2735 -0.5017 0.8207
vn 0.0869 -0.8740 0.4781
vn 0.1389 -0.6353 0.7597
vn 0.1535 0.5167 0.8423
vn 0.1532 -0.5030 0.8506
vn 0.1434 0.6230 0.7689
vn 0.1640 -0.3978 0.9027
vn -0.0535 0.5818 0.8116
vn 0.1721 -0.2700 0.9474
vn 0.0330 0.3979 0.9168
vn 0.0275 -0.6370 0.7704
vn 0.0308 0.5174 0.8552
vn 0.0297 -0.5037 0.8634
vn 0.0315 0.6236 0.7811
vn 0.0323 -0.3983 0.9167
vn -0.1752 0.5850 0.7919
vn 0.0173 -0.8743 0.4851
vn -0.0849 0.6223 0.7782
vn -0.1073 -0.1367 0.9848
vn -0.1073 0.1367 0.9848
vn -0.0830 -0.6364 0.7669
vn -0.0944 -0.5028 0.8592
vn -0.0989 0.3980 0.9120
vn -0.0996 -0.3979 0.9120
vn -0.0920 0.5174 0.8508
vn -0.2467 0.1361 0.9595
vn -0.1922 -0.6354 0.7478
vn -0.0925 -0.8952 0.4360
vn -0.2400 0.2695 0.9326
vn -0.2168 -0.5018 0.8374
vn -0.2291 0.3972 0.8887
vn -0.2290 -0.3973 0.8887
vn -0.2133 0.5164 0.8293
vn -0.2403 -0.2696 0.9325
vn 0.1117 0.5818 0.8056
vn -0.1896 0.6256 0.7568
vn -0.3534 0.3957 0.8477
vn -0.3538 -0.3956 0.8475
vn -0.3292 0.5147 0.7916
vn -0.3711 -0.2685 0.8889
vn -0.0028 0.5781 0.8159
vn -0.2959 0.6238 0.7234
vn -0.3812 -0.1357 0.9145
vn -0.2976 -0.6334 0.7143
vn -0.1548 -0.8946 0.4192
vn -0.3704 0.2683 0.8893
vn -0.3325 -0.5002 0.7995
vn -0.3957 -0.6316 0.6667
vn -0.2141 -0.8937 0.3943
vn -0.4439 -0.4980 0.7450
vn -0.4696 0.3938 0.7902
vn -0.4699 -0.3938 0.7900
vn -0.4380 0.5124 0.7386
vn -0.1189 0.5751 0.8094
vn -0.3957 0.6215 0.6761
vn -0.6197 0.1340 0.7733
vn -0.4860 -0.6290 0.6068
vn -0.2692 -0.8927 0.3614
vn -0.6026 0.2651 0.7527
vn -0.5441 -0.4953 0.6772
vn -0.5753 0.3913 0.7183
vn -0.5754 -0.3915 0.7180
vn -0.5375 0.5098 0.6717
vn -0.6029 -0.2654 0.7524
vn -0.2321 0.5717 0.7870
vn -0.4870 0.6189 0.6163
vn -0.6199 -0.1341 0.7731
vn -0.6263 0.5066 0.5925
vn -0.7010 -0.2635 0.6627
vn -0.3406 0.5678 0.7494
vn -0.5684 0.6160 0.5454
vn -0.7201 -0.1331 0.6810
vn -0.7265 -0.0004 0.6871
vn -0.7198 0.1331 0.6813
vn -0.5667 -0.6256 0.5362
vn -0.3188 -0.8916 0.3215
vn -0.7007 0.2632 0.6631
vn -0.6329 -0.4926 0.5973
vn -0.6687 0.3888 0.6337
vn -0.6691 -0.3885 0.6335
vn -0.8126 -0.0000 0.5828
vn -0.8051 0.1318 0.5783
vn -0.6353 -0.6233 0.4560
vn -0.3621 -0.8905 0.2755
vn -0.7841 0.2618 0.5627
vn -0.7089 -0.4898 0.5074
vn -0.7491 0.3865 0.5381
vn -0.7496 -0.3865 0.5373
vn -0.7009 0.5043 0.5044
vn -0.4415 0.5643 0.6976
vn -0.6385 0.6133 0.4649
vn -0.8053 -0.1321 0.5780
vn -0.8524 0.2602 0.4535
vn -0.7713 -0.4875 0.4093
vn -0.8148 0.3843 0.4341
vn -0.8154 -0.3842 0.4331
vn -0.7633 0.5018 0.4069
vn -0.8526 -0.2601 0.4532
vn -0.5337 0.5610 0.6328
vn -0.6964 0.6108 0.3768
vn -0.8752 -0.1317 0.4655
vn -0.8753 0.1309 0.4656
vn -0.6925 -0.6206 0.3679
vn -0.3980 -0.8895 0.2244
vn -0.6151 0.5582 0.5568
vn -0.7467 0.6042 0.2783
vn -0.9369 -0.0000 0.3496
vn -0.9289 0.1301 0.3467
vn -0.7363 -0.6184 0.2746
vn -0.4261 -0.8887 0.1695
vn -0.8196 -0.4853 0.3047
vn -0.8655 0.3825 0.3235
vn -0.8660 -0.3823 0.3223
vn -0.8112 0.4998 0.3035
vn -0.9051 -0.2584 0.3378
vn -0.7667 -0.6172 0.1769
vn -0.4459 -0.8881 0.1117
vn -0.9415 0.2577 0.2173
vn -0.8532 -0.4836 0.1954
vn -0.9007 0.3812 0.2083
vn -0.9011 -0.3810 0.2070
vn -0.8446 0.4984 0.1957
vn -0.9417 -0.2577 0.2165
vn -0.6845 0.5565 0.4710
vn -0.7729 0.6072 0.1839
vn -0.9207 0.3799 0.0892
vn -0.9204 -0.3807 0.0893
vn -0.8633 0.4975 0.0846
vn -0.9618 -0.2573 0.0933
vn -0.7412 0.5553 0.3772
vn -0.7909 0.6064 0.0824
vn -0.9870 -0.1295 0.0954
vn -0.9953 -0.0000 0.0965
vn -0.9869 0.1297 0.0962
vn -0.7843 -0.6157 0.0757
vn -0.4574 -0.8877 0.0524
vn -0.9618 0.2572 0.0938
vn -0.8715 -0.4828 0.0854
vn -0.7875 -0.6158 -0.0258
vn -0.4604 -0.8877 -0.0074
vn -0.9659 0.2572 -0.0311
vn -0.8754 -0.4825 -0.0295
vn -0.9243 0.3805 -0.0297
vn -0.9244 -0.3801 -0.0306
vn -0.8671 0.4974 -0.0271
vn -0.9658 -0.2572 -0.0316
vn -0.7836 0.5568 0.2756
vn -0.7950 0.6063 -0.0203
vn -0.9911 -0.1292 -0.0320
vn -0.4987 -0.8629 -0.0815
vn -0.4551 -0.8879 -0.0666
vn -0.9125 0.3809 -0.1493
vn -0.7771 -0.6163 -0.1272
vn -0.8564 0.4972 -0.1392
vn -0.8634 -0.4839 -0.1427
vn -0.7876 0.6034 -0.1248
vn -0.9124 -0.3810 -0.1493
vn -0.7636 0.5574 -0.3258
vn -0.8940 0.3796 0.2380
vn -0.9536 -0.2575 -0.1561
vn -0.9536 0.2571 -0.1564
vn -0.7638 0.6047 -0.2256
vn -0.8851 -0.3816 -0.2663
vn -0.7142 0.5559 -0.4253
vn -0.9249 -0.2581 -0.2790
vn -0.9492 -0.1301 -0.2864
vn -0.4827 -0.8637 -0.1452
vn -0.8852 0.3817 -0.2660
vn -0.7532 -0.6176 -0.2266
vn -0.8300 0.4983 -0.2506
vn -0.8370 -0.4850 -0.2532
vn -0.9038 0.1312 -0.4073
vn -0.8806 0.2594 -0.3966
vn -0.4579 -0.8647 -0.2063
vn -0.8424 0.3831 -0.3789
vn -0.7158 -0.6194 -0.3226
vn -0.7897 0.5003 -0.3550
vn -0.7958 -0.4868 -0.3602
vn -0.7264 0.6066 -0.3229
vn -0.8417 -0.3832 -0.3803
vn -0.6510 0.5572 -0.5155
vn -0.8805 -0.2591 -0.3969
vn -0.9038 -0.1309 -0.4075
vn -0.6651 -0.6220 -0.4133
vn -0.7346 0.5027 -0.4556
vn -0.7402 -0.4891 -0.4614
vn -0.6758 0.6090 -0.4152
vn -0.7833 -0.3853 -0.4877
vn -0.5753 0.5596 -0.5966
vn -0.8197 -0.2608 -0.5100
vn -0.8421 0.1317 -0.5229
vn -0.8198 0.2610 -0.5097
vn -0.4246 -0.8661 -0.2638
vn -0.7836 0.3851 -0.4875
vn -0.4883 0.5625 -0.6672
vn -0.7439 -0.2624 -0.6146
vn -0.7437 0.2627 -0.6147
vn -0.3834 -0.8676 -0.3166
vn -0.7110 0.3876 -0.5867
vn -0.6027 -0.6241 -0.4972
vn -0.6659 0.5053 -0.5489
vn -0.6705 -0.4917 -0.5556
vn -0.6072 0.6118 -0.5070
vn -0.7105 -0.3879 -0.5871
vn -0.3349 -0.8692 -0.3637
vn -0.6240 0.3900 -0.6772
vn -0.5280 -0.6269 -0.5728
vn -0.5837 0.5083 -0.6333
vn -0.5877 -0.4945 -0.6404
vn -0.5371 0.6146 -0.5778
vn -0.6232 -0.3902 -0.6778
vn -0.3914 0.5661 -0.7255
vn -0.6527 -0.2643 -0.7100
vn -0.6709 -0.1335 -0.7294
vn -0.6711 0.1331 -0.7294
vn -0.4942 -0.4963 -0.7137
vn -0.4510 0.6173 -0.6446
vn -0.5233 -0.3927 -0.7562
vn -0.2866 0.5698 -0.7702
vn -0.5483 -0.2658 -0.7929
vn -0.6772 -0.0003 -0.7358
vn -0.5635 -0.1340 -0.8152
vn -0.5638 0.1345 -0.8149
vn -0.5488 0.2664 -0.7923
vn -0.2799 -0.8707 -0.4043
vn -0.5236 0.3926 -0.7561
vn -0.4430 -0.6296 -0.6382
vn -0.4889 0.5107 -0.7072
vn -0.5693 -0.0004 -0.8222
vn -0.4442 -0.1354 -0.8856
vn -0.2195 -0.8722 -0.4372
vn -0.4124 0.3947 -0.8211
vn -0.3484 -0.6320 -0.6922
vn -0.3855 0.5134 -0.7667
vn -0.3874 -0.4996 -0.7748
vn -0.3555 0.6198 -0.6997
vn -0.4116 -0.3947 -0.8215
vn -0.1752 0.5734 -0.8003
vn -0.4320 -0.2678 -0.8612
vn -0.1548 -0.8732 -0.4621
vn -0.2918 0.3963 -0.8705
vn -0.2466 -0.6340 -0.7329
vn -0.2723 0.5155 -0.8125
vn -0.2734 -0.5016 -0.8207
vn -0.2522 0.6217 -0.7415
vn -0.2913 -0.3966 -0.8705
vn -0.0601 0.5767 -0.8148
vn -0.3053 -0.2688 -0.9135
vn -0.4487 -0.0004 -0.8937
vn -0.3056 0.2692 -0.9133
vn -0.1640 -0.3978 -0.9027
vn 0.0535 0.5818 -0.8116
vn -0.0869 -0.8740 -0.4781
vn -0.1387 -0.6353 -0.7597
vn -0.1536 0.5167 -0.8423
vn -0.1532 -0.5030 -0.8506
vn -0.1357 0.6234 -0.7700
vn -0.0343 0.2704 -0.9621
vn -0.0173 -0.8743 -0.4851
vn -0.0327 0.3983 -0.9167
vn -0.0284 -0.6359 -0.7712
vn -0.0307 0.5174 -0.8552
vn -0.0296 -0.5037 -0.8634
vn -0.0315 0.6236 -0.7811
vn -0.0327 -0.3983 -0.9167
vn 0.1752 0.5850 -0.7919
vn 0.0943 -0.5029 -0.8592
vn 0.0995 0.3975 -0.9122
vn 0.0994 -0.3982 -0.9119
vn 0.0922 0.5174 -0.8507
vn 0.0791 0.6266 -0.7753
vn 0.1076 -0.1365 -0.9848
vn 0.1073 0.1367 -0.9848
vn 0.0847 -0.6362 -0.7668
vn 0.2472 -0.1363 -0.9593
vn 0.2496 -0.0000 -0.9684
vn 0.1921 -0.6355 -0.7478
vn 0.0925 -0.8952 -0.4360
vn 0.2167 -0.5020 -0.8373
vn 0.2291 -0.3973 -0.8886
vn 0.2132 0.5164 -0.8294
vn 0.2402 -0.2693 -0.9326
vn -0.1117 0.5818 -0.8056
vn 0.1896 0.6256 -0.7568
vn 0.2972 -0.6338 -0.7141
vn 0.1548 -0.8946 -0.4192
vn 0.3340 -0.5002 -0.7989
vn 0.3529 0.3956 -0.8479
vn 0.3534 -0.3958 -0.8476
vn 0.3294 0.5147 -0.7916
vn 0.3711 -0.2685 -0.8889
vn 0.0028 0.5781 -0.8160
vn 0.2959 0.6238 -0.7234
vn 0.3812 -0.1357 -0.9145
vn 0.4699 0.3933 -0.7903
vn 0.4700 -0.3937 -0.7900
vn 0.4380 0.5124 -0.7386
vn 0.1187 0.5751 -0.8094
vn 0.3957 0.6215 -0.6761
vn 0.5066 -0.1350 -0.8516
vn 0.3960 -0.6315 -0.6667
vn 0.2141 -0.8937 -0.3943
vn 0.4919 0.2667 -0.8288
vn 0.4424 -0.4980 -0.7458
vn 0.6200 -0.1340 -0.7730
vn 0.6195 0.1336 -0.7736
vn 0.4860 -0.6289 -0.6068
vn 0.2692 -0.8927 -0.3614
vn 0.6028 0.2651 -0.7526
vn 0.5440 -0.4954 -0.6773
vn 0.5754 0.3915 -0.7181
vn 0.5754 -0.3915 -0.7180
vn 0.5376 0.5098 -0.6716
vn 0.6029 -0.2654 -0.7524
vn 0.2321 0.5716 -0.7870
vn 0.4870 0.6189 -0.6163
vn 0.7198 0.1331 -0.6813
vn 0.5667 -0.6256 -0.5362
vn 0.3188 -0.8916 -0.3215
vn 0.7005 0.2633 -0.6633
vn 0.6328 -0.4926 -0.5974
vn 0.6687 0.3888 -0.6337
vn 0.6695 -0.3889 -0.6328
vn 0.6255 0.5070 -0.5930
vn 0.7010 -0.2634 -0.6627
vn 0.3404 0.5679 -0.7494
vn 0.5684 0.6160 -0.5454
vn 0.7202 -0.1331 -0.6809
vn 0.7021 0.5035 -0.5035
vn 0.7843 -0.2617 -0.5624
vn 0.4415 0.5641 -0.6977
vn 0.6385 0.6133 -0.4649
vn 0.8055 -0.1325 -0.5776
vn 0.8126 -0.0004 -0.5828
vn 0.8052 0.1318 -0.5781
vn 0.6352 -0.6233 -0.4560
vn 0.3621 -0.8905 -0.2755
vn 0.7841 0.2618 -0.5627
vn 0.7089 -0.4899 -0.5074
vn 0.7490 0.3864 -0.5382
vn 0.7493 -0.3867 -0.5376
vn 0.8752 0.1313 -0.4657
vn 0.6921 -0.6208 -0.3683
vn 0.3980 -0.8895 -0.2244
vn 0.8523 0.2599 -0.4539
vn 0.7714 -0.4873 -0.4092
vn 0.8147 0.3843 -0.4342
vn 0.8153 -0.3842 -0.4331
vn 0.7631 0.5018 -0.4072
vn 0.8524 -0.2602 -0.4535
vn 0.5335 0.5611 -0.6329
vn 0.6964 0.6108 -0.3768
vn 0.8755 -0.1309 -0.4652
vn 0.9052 0.2583 -0.3374
vn 0.8196 -0.4853 -0.3047
vn 0.8654 0.3825 -0.3237
vn 0.8658 -0.3826 -0.3226
vn 0.8112 0.4998 -0.3036
vn 0.9051 -0.2587 -0.3373
vn 0.6151 0.5582 -0.5568
vn 0.7414 0.6087 -0.2826
vn 0.9369 -0.0000 -0.3496
vn 0.9289 0.1305 -0.3466
vn 0.7363 -0.6184 -0.2746
vn 0.4261 -0.8887 -0.1694
vn 0.6845 0.5565 -0.4710
vn 0.7777 0.6026 -0.1791
vn 0.9663 -0.1298 -0.2221
vn 0.9661 0.1298 -0.2231
vn 0.7670 -0.6169 -0.1767
vn 0.4459 -0.8881 -0.1117
vn 0.9415 0.2579 -0.2169
vn 0.8531 -0.4838 -0.1956
vn 0.9010 -0.3812 -0.2073
vn 0.8446 0.4983 -0.1957
vn 0.9416 -0.2575 -0.2171
vn 0.9869 0.1297 -0.0957
vn 0.7841 -0.6160 -0.0760
vn 0.4574 -0.8877 -0.0524
vn 0.9618 0.2572 -0.0937
vn 0.8718 -0.4827 -0.0835
vn 0.9204 0.3805 -0.0898
vn 0.9206 -0.3803 -0.0888
vn 0.8633 0.4975 -0.0848
vn 0.7412 0.5553 -0.3772
vn 0.7909 0.6064 -0.0824
vn 0.9244 -0.3801 0.0306
vn 0.8671 0.4974 0.0271
vn 0.9659 -0.2569 0.0319
vn 0.7836 0.5567 -0.2757
vn 0.7950 0.6063 0.0203
vn 0.9911 -0.1294 0.0327
vn 0.7875 -0.6158 0.0258
vn 0.4604 -0.8877 0.0074
vn 0.9659 0.2572 0.0312
vn 0.8753 -0.4827 0.0276
vn 0.9785 -0.1298 0.1602
vn 0.9536 0.2575 0.1561
vn 0.4987 -0.8629 0.0815
vn 0.4551 -0.8879 0.0666
vn 0.9125 0.3809 0.1493
vn 0.7772 -0.6162 0.1275
vn 0.8564 0.4973 0.1393
vn 0.8634 -0.4839 0.1425
vn 0.7876 0.6034 0.1247
vn 0.9124 -0.3808 0.1501
vn 0.7634 0.5577 0.3259
vn 0.8941 0.3794 -0.2379
vn 0.9535 -0.2574 0.1566
vn 0.4827 -0.8637 0.1452
vn 0.8852 0.3817 0.2659
vn 0.7532 -0.6176 0.2266
vn 0.8304 0.4985 0.2490
vn 0.8370 -0.4850 0.2533
vn 0.7638 0.6047 0.2256
vn 0.8848 -0.3819 0.2669
vn 0.7142 0.5557 0.4256
vn 0.9250 -0.2582 0.2789
vn 0.9494 -0.1303 0.2858
vn -0.0617 -0.9981 -0.0024
vn -0.0423 -0.9986 0.0303
vn 0.0423 -0.9986 -0.0303
vn 0.0054 -0.9987 -0.0499
vn 0.0608 -0.9981 0.0103
vn 0.0587 -0.9981 0.0181
vn 0.0194 -0.9987 -0.0467
vn -0.0333 -0.9982 -0.0501
vn -0.0375 -0.9987 0.0355
vn 0.0019 -0.9987 0.0501
vn 0.0117 -0.9973 0.0727
vn 0.0012 -0.9973 0.0736
vn -0.0131 -0.9983 -0.0565
vn 0.0463 -0.9982 0.0392
vn -0.0257 -0.9982 -0.0541
vn -0.0587 -0.9981 -0.0181
vn -0.0515 -0.9986 0.0118
vn 0.0402 -0.9982 0.0451
vn 0.0527 -0.9986 -0.0049
vn -0.0476 -0.9982 -0.0373
vn 0.0493 -0.9986 -0.0183
vn 0.0675 -0.9971 -0.0363
vn -0.0019 -0.9987 -0.0501
vn 0.0333 -0.9982 0.0501
vn -0.0550 -0.9971 0.0520
vn -0.0618 -0.9971 0.0446
vn 0.0195 -0.9973 -0.0713
vn 0.0294 -0.9972 -0.0682
vn -0.0210 -0.9983 -0.0546
vn -0.0260 -0.9987 0.0437
vn -0.0093 -0.9973 0.0731
vn -0.0557 -0.9981 -0.0256
vn 0.0387 -0.9972 -0.0639
vn -0.0285 -0.9983 -0.0517
vn -0.0032 -0.9984 0.0570
vn 0.0285 -0.9983 0.0517
vn 0.0523 -0.9982 0.0310
vn -0.0294 -0.9972 0.0682
vn 0.0560 -0.9981 0.0239
vn -0.0560 -0.9981 -0.0239
vn 0.0550 -0.9971 -0.0520
vn -0.0012 -0.9973 -0.0736
vn -0.0721 -0.9970 0.0274
vn -0.0000 -1.0000 -0.0000
vn 0.0709 -0.9958 0.0582
vn 0.0671 -0.9975 0.0217
vn -0.0929 -0.9956 -0.0073
vn 0.8052 -0.1241 0.5798
vn 0.8349 -0.1840 0.5187
vn 0.9295 -0.1225 0.3478
vn 0.9416 -0.1821 0.2832
vn 0.9705 -0.1814 0.1587
vn 0.9826 -0.1828 0.0321
vn 0.9785 -0.1812 -0.0983
vn 0.9575 -0.1817 -0.2241
vn 0.9201 -0.1823 -0.3467
vn 0.8663 -0.1835 -0.4646
vn 0.7965 -0.1844 -0.5758
vn 0.7114 -0.1858 -0.6778
vn 0.6116 -0.1871 -0.7687
vn 0.4988 -0.1883 -0.8460
vn 0.3745 -0.1894 -0.9077
vn 0.2415 -0.1903 -0.9516
vn 0.1026 -0.1908 -0.9763
vn -0.0388 -0.1900 -0.9810
vn -0.1756 -0.1907 -0.9658
vn -0.3118 -0.1900 -0.9310
vn -0.4406 -0.1891 -0.8776
vn -0.5592 -0.1878 -0.8075
vn -0.6654 -0.1866 -0.7228
vn -0.7577 -0.1853 -0.6258
vn -0.8350 -0.1839 -0.5187
vn -0.8964 -0.1829 -0.4038
vn -0.9416 -0.1820 -0.2832
vn -0.9705 -0.1817 -0.1587
vn -0.9827 -0.1826 -0.0321
vn -0.9785 -0.1812 0.0983
vn -0.9575 -0.1817 0.2240
vn -0.9201 -0.1823 0.3467
vn -0.8663 -0.1834 0.4646
vn -0.7966 -0.1845 0.5757
vn -0.7114 -0.1858 0.6778
vn -0.6116 -0.1872 0.7687
vn -0.4988 -0.1883 0.8460
vn -0.3745 -0.1895 0.9076
vn -0.2415 -0.1903 0.9516
vn -0.1026 -0.1908 0.9763
vn 0.0388 -0.1900 0.9810
vn 0.1755 -0.1907 0.9658
vn 0.3119 -0.1900 0.9309
vn 0.4405 -0.1890 0.8776
vn 0.5593 -0.1879 0.8074
vn 0.6654 -0.1867 0.7227
vn 0.0112 -0.9998 0.0141
vn 0.0147 -0.9998 0.0107
vn -0.0272 -0.9970 -0.0731
vn -0.0355 -0.9970 -0.0691
vn 0.0180 -0.9998 -0.0017
vn 0.0176 -0.9998 -0.0040
vn 0.0169 -0.9998 -0.0064
vn 0.0157 -0.9998 -0.0083
vn 0.0144 -0.9998 -0.0104
vn 0.0128 -0.9998 -0.0121
vn 0.0109 -0.9998 -0.0137
vn 0.0089 -0.9999 -0.0148
vn 0.0067 -0.9998 -0.0161
vn 0.0043 -0.9999 -0.0165
vn 0.0018 -0.9999 -0.0171
vn -0.0006 -0.9999 -0.0173
vn -0.0514 -0.9972 0.0551
vn -0.0426 -0.9971 0.0628
vn -0.0330 -0.9971 0.0691
vn -0.0228 -0.9970 0.0736
vn -0.0122 -0.9970 0.0765
vn -0.0017 -0.9970 0.0779
vn 0.0084 -0.9970 0.0776
vn 0.0181 -0.9970 0.0759
vn 0.0272 -0.9970 0.0731
vn 0.0355 -0.9970 0.0690
vn -0.0179 -0.9998 0.0017
vn -0.0176 -0.9998 0.0040
vn -0.0168 -0.9998 0.0064
vn -0.0157 -0.9998 0.0083
vn -0.0144 -0.9998 0.0104
vn -0.0128 -0.9998 0.0121
vn -0.0110 -0.9998 0.0136
vn -0.0089 -0.9998 0.0150
vn -0.0066 -0.9999 0.0158
vn -0.0043 -0.9999 0.0167
vn -0.0019 -0.9999 0.0171
vn 0.0006 -0.9999 0.0172
vn 0.0514 -0.9972 -0.0550
vn 0.0426 -0.9971 -0.0627
vn 0.0329 -0.9971 -0.0691
vn 0.0227 -0.9970 -0.0736
vn 0.0122 -0.9970 -0.0765
vn -0.0084 -0.9970 -0.0776
vn 0.5885 -0.7638 0.2652
vn 0.5463 -0.7657 0.3394
vn 0.6198 -0.7623 0.1864
vn 0.6400 -0.7613 0.1046
vn 0.6486 -0.7608 0.0212
vn -0.0503 -0.9969 0.0611
vn 0.6456 -0.7610 -0.0637
vn 0.6312 -0.7617 -0.1465
vn 0.6053 -0.7630 -0.2267
vn 0.5685 -0.7647 -0.3033
vn 0.5211 -0.7669 -0.3747
vn 0.4639 -0.7691 -0.4396
vn 0.3976 -0.7714 -0.4968
vn 0.3235 -0.7736 -0.5449
vn 0.2428 -0.7754 -0.5830
vn 0.1570 -0.7768 -0.6099
vn 0.0680 -0.7776 -0.6251
vn -0.0226 -0.7776 -0.6283
vn -0.1125 -0.7773 -0.6190
vn -0.2002 -0.7762 -0.5978
vn -0.2838 -0.7745 -0.5653
vn -0.3615 -0.7725 -0.5220
vn -0.4319 -0.7703 -0.4691
vn -0.4939 -0.7680 -0.4078
vn -0.5463 -0.7658 -0.3394
vn -0.5885 -0.7638 -0.2652
vn -0.6198 -0.7623 -0.1864
vn -0.6399 -0.7613 -0.1046
vn -0.6486 -0.7608 -0.0212
vn 0.0503 -0.9969 -0.0611
vn -0.6456 -0.7610 0.0637
vn -0.6311 -0.7617 0.1465
vn -0.6054 -0.7629 0.2268
vn -0.5685 -0.7647 0.3033
vn -0.5211 -0.7669 0.3747
vn -0.4639 -0.7691 0.4396
vn -0.3976 -0.7714 0.4968
vn -0.3235 -0.7736 0.5449
vn -0.2429 -0.7754 0.5828
vn -0.1570 -0.7768 0.6099
vn -0.0680 -0.7776 0.6251
vn 0.0226 -0.7776 0.6283
vn 0.1125 -0.7774 0.6189
vn 0.2003 -0.7762 0.5978
vn 0.2838 -0.7745 0.5653
vn 0.3615 -0.7726 0.5220
vn 0.4320 -0.7703 0.4691
vn 0.4939 -0.7680 0.4078
vn -0.9117 -0.0000 -0.4108
vn -0.5866 0.0750 -0.8064
vn -0.5882 -0.0000 -0.8087
vn -0.1850 0.9753 0.1206
vn -0.2238 0.9745 0.0168
vn -0.0967 0.9766 0.1922
vn 0.0178 0.9770 0.2123
vn 0.1276 0.9762 0.1753
vn 0.2027 0.9750 0.0913
vn 0.2238 0.9745 -0.0165
vn 0.1850 0.9753 -0.1205
vn 0.0967 0.9766 -0.1922
vn -0.0178 0.9770 -0.2123
vn 0.0836 -0.0000 0.9965
vn -0.4482 0.0757 0.8907
vn -0.4494 -0.0000 0.8933
vn -0.1275 0.9762 -0.1753
vn -0.2029 0.9749 -0.0914
vn -0.6740 0.7384 0.0227
vn -0.6028 0.7503 -0.2715
vn -0.8356 0.0736 0.5443
vn -0.8378 -0.0000 0.5460
vn -0.0825 0.0774 -0.9936
vn -0.0834 -0.0000 -0.9965
vn 0.4482 0.0756 -0.8907
vn 0.4493 -0.0000 -0.8934
vn 0.8356 0.0735 -0.5443
vn 0.8378 -0.0000 -0.5459
vn 0.9946 0.0718 -0.0756
vn 0.9972 -0.0000 -0.0752
vn 0.9093 0.0731 0.4096
vn 0.9117 -0.0000 0.4109
vn 0.5866 0.0751 0.8064
vn 0.5882 -0.0000 0.8087
vn 0.2462 0.2529 0.9356
vn -0.9946 0.0718 0.0756
vn -0.9972 -0.0000 0.0751
vn -0.9373 0.2468 -0.2461
vn -0.5621 0.7503 0.3479
vn -0.3087 0.7588 0.5735
vn 0.0349 0.7620 0.6467
vn 0.3682 0.7241 0.5831
vn 0.6159 0.7195 0.3208
vn 0.5622 0.7502 -0.3480
vn 0.3087 0.7587 -0.5736
vn -0.0350 0.7620 -0.6466
vn -0.3683 0.7241 -0.5831
vn 0.7136 0.6973 -0.0673
vn 0.9697 0.1745 0.1710
vn 0.3967 0.8349 0.3815
vn 0.7203 0.0404 0.6925
vn 0.5620 0.7845 0.2620
vn 0.9952 0.0389 0.0899
vn 0.5583 0.8281 0.0505
vn 0.5512 0.8261 -0.1170
vn 0.9704 0.0396 -0.2383
vn 0.1221 0.9893 -0.0796
vn 0.1435 0.9890 -0.0352
vn 0.4569 0.8263 -0.3295
vn 0.0859 0.9897 -0.1142
vn 0.3120 0.8310 -0.4605
vn 0.0395 0.9900 -0.1353
vn 0.1272 0.8350 -0.5353
vn -0.0118 0.9901 -0.1399
vn -0.2147 0.8335 -0.5091
vn -0.0916 0.8198 -0.5653
vn -0.3840 0.8288 -0.4070
vn -0.0521 0.9849 -0.1651
vn -0.5047 0.8244 -0.2561
vn -0.1080 0.9846 -0.1376
vn -0.5636 0.8225 -0.0763
vn -0.1498 0.9842 -0.0940
vn -0.1435 0.9890 0.0352
vn -0.1736 0.9840 -0.0403
vn -0.5452 0.8228 0.1602
vn -0.1220 0.9893 0.0795
vn -0.4569 0.8263 0.3295
vn -0.0860 0.9897 0.1143
vn -0.3120 0.8310 0.4605
vn -0.0395 0.9900 0.1352
vn -0.1273 0.8350 0.5353
vn 0.0118 0.9901 0.1399
vn 0.2147 0.8335 0.5091
vn 0.0916 0.8198 0.5653
vn 0.0521 0.9849 0.1651
vn 0.6343 0.1730 0.7535
vn 0.0836 0.0426 0.9956
vn 0.1368 0.9869 0.0853
vn 0.1475 0.9890 0.0133
vn 0.9320 0.1754 -0.3171
vn 0.7684 0.1748 -0.6156
vn 0.5016 0.1707 -0.8481
vn -0.6343 0.1729 -0.7535
vn 0.2099 0.2955 -0.9320
vn -0.8564 0.1757 -0.4855
vn -0.9697 0.1745 -0.1710
vn -0.9733 0.1701 0.1541
vn -0.9850 0.1725 -0.0068
vn -0.9320 0.1754 0.3171
vn -0.7684 0.1748 0.6156
vn -0.5015 0.1707 0.8481
vn 0.1080 0.9846 0.1376
vn -0.4345 -0.0000 -0.9007
vn 0.9712 -0.0000 -0.2384
vn -0.2803 -0.0000 0.9599
vn 0.6013 -0.0000 -0.7990
vn 0.4345 -0.0000 0.9006
vn -0.9712 -0.0000 0.2383
vn -0.6013 -0.0000 0.7990
vn 0.9959 -0.0000 0.0903
vn -0.7207 -0.0000 -0.6932
vn 0.8378 -0.0000 -0.5460
vn 0.0834 -0.0000 0.9965
vn -0.9959 -0.0000 -0.0903
vn 0.2804 -0.0000 -0.9599
vn 0.7207 -0.0000 0.6932
vn -0.8379 -0.0000 0.5458
vn 0.8967 -0.0917 -0.4330
vn 0.9712 -0.0000 -0.2385
vn 0.9680 -0.0807 -0.2376
vn -0.6247 -0.0921 -0.7755
vn -0.4331 -0.0845 -0.8974
vn -0.3936 -0.0947 0.9144
vn -0.5992 -0.0834 0.7962
vn 0.9719 -0.0875 0.2187
vn 0.9088 -0.0810 0.4094
vn 0.0370 -0.1019 -0.9941
vn 0.2803 -0.0000 -0.9599
vn 0.2790 -0.0981 -0.9553
vn -0.7527 -0.4830 -0.4473
vn -0.8379 -0.0000 0.5459
vn -0.9712 -0.0000 0.2384
vn 0.6247 -0.0921 0.7754
vn 0.4346 -0.0000 0.9006
vn 0.4331 -0.0846 0.8974
vn 0.6944 -0.0841 -0.7147
vn -0.9719 -0.0875 -0.2187
vn -0.9087 -0.0810 -0.4095
vn -0.0370 -0.1020 0.9941
vn -0.2804 -0.0000 0.9599
vn -0.7208 -0.0000 -0.6931
vn -0.1346 -0.5889 0.7969
vn 0.6014 -0.0000 -0.7990
vn 0.8379 -0.0000 -0.5458
vn 0.9711 -0.0000 -0.2387
vn -0.9117 -0.0000 -0.4109
vn 0.9117 -0.0000 0.4110
vn -0.4346 -0.0000 -0.9006
vn 0.4345 -0.0000 0.9007
vn 0.2805 -0.0000 -0.9599
vn -0.2805 -0.0000 0.9598
vn -0.2805 -0.0000 0.9599
vn 0.8379 -0.0000 -0.5459
vn -0.6013 -0.0000 0.7991
vn 0.9711 -0.0000 -0.2385
vn -0.7209 -0.0000 -0.6931
vn 0.7208 -0.0000 0.6931
vn 0.4347 -0.0000 0.9006
vn -0.1477 0.9868 -0.0665
vn -0.1368 0.9870 -0.0849
vn -0.2495 0.9621 -0.1104
vn -0.2305 0.9625 -0.1433
vn -0.3567 0.9207 -0.1584
vn -0.3299 0.9215 -0.2049
vn -0.4604 0.8637 -0.2053
vn -0.4264 0.8649 -0.2649
vn -0.5547 0.7936 -0.2499
vn -0.5148 0.7954 -0.3198
vn -0.5993 0.7536 -0.2701
vn -0.5563 0.7557 -0.3457
vn -0.4652 0.7975 -0.3842
vn -0.5029 0.7579 -0.4154
vn -0.1233 0.9871 -0.1019
vn -0.2079 0.9630 -0.1717
vn -0.2976 0.9225 -0.2458
vn -0.3850 0.8664 -0.3179
vn -0.1076 0.9873 -0.1168
vn -0.1814 0.9635 -0.1969
vn -0.2598 0.9235 -0.2822
vn -0.3363 0.8680 -0.3653
vn -0.4067 0.7996 -0.4418
vn -0.4398 0.7604 -0.4779
vn -0.2170 0.9245 -0.3134
vn -0.2811 0.8696 -0.4060
vn -0.3403 0.8017 -0.4915
vn -0.3681 0.7627 -0.5318
vn -0.0897 0.9875 -0.1296
vn -0.1513 0.9640 -0.2186
vn -0.0702 0.9877 -0.1400
vn -0.1185 0.9645 -0.2362
vn -0.1700 0.9254 -0.3387
vn -0.2204 0.8710 -0.4391
vn -0.2670 0.8037 -0.5318
vn -0.2890 0.7648 -0.5758
vn -0.0494 0.9878 -0.1477
vn -0.0835 0.9648 -0.2494
vn -0.1198 0.9261 -0.3578
vn -0.1554 0.8721 -0.4640
vn -0.1883 0.8053 -0.5621
vn -0.2039 0.7665 -0.6090
vn -0.0873 0.8728 -0.4802
vn -0.1059 0.8060 -0.5824
vn -0.1146 0.7677 -0.6305
vn -0.0277 0.9879 -0.1527
vn -0.0469 0.9651 -0.2578
vn -0.0673 0.9266 -0.3701
vn -0.0055 0.9879 -0.1549
vn -0.0093 0.9651 -0.2615
vn -0.0134 0.9268 -0.3754
vn -0.0174 0.8732 -0.4871
vn -0.0211 0.8064 -0.5910
vn -0.0228 0.7682 -0.6399
vn 0.0407 0.9267 -0.3736
vn 0.0529 0.8731 -0.4847
vn 0.0641 0.8063 -0.5881
vn 0.0694 0.7680 -0.6367
vn 0.0168 0.9879 -0.1542
vn 0.0146 0.9685 -0.2487
vn 0.1602 0.7672 -0.6211
vn 0.0388 0.9878 -0.1506
vn 0.0655 0.9650 -0.2541
vn 0.0941 0.9264 -0.3647
vn 0.1220 0.8725 -0.4731
vn 0.1480 0.8055 -0.5738
vn 0.0601 0.9877 -0.1441
vn 0.1015 0.9646 -0.2432
vn 0.1456 0.9257 -0.3490
vn 0.1888 0.8715 -0.4525
vn 0.2288 0.8043 -0.5484
vn 0.2476 0.7657 -0.5937
vn 0.2517 0.8703 -0.4233
vn 0.3049 0.8026 -0.5127
vn 0.3299 0.7638 -0.5548
vn 0.0802 0.9876 -0.1350
vn 0.1354 0.9642 -0.2279
vn 0.1843 0.9278 -0.3244
vn 0.0990 0.9874 -0.1234
vn 0.1669 0.9638 -0.2081
vn 0.2392 0.9240 -0.2983
vn 0.3098 0.8688 -0.3863
vn 0.3715 0.8022 -0.4674
vn 0.3901 0.7751 -0.4971
vn 0.1952 0.9632 -0.1845
vn 0.2796 0.9230 -0.2644
vn 0.3618 0.8672 -0.3421
vn 0.4310 0.8048 -0.4081
vn 0.4777 0.7440 -0.4672
vn 0.0743 0.9911 -0.1103
vn 0.4878 0.8015 -0.3458
vn 0.5636 0.7260 -0.3941
vn 0.1304 0.9870 -0.0935
vn 0.2199 0.9627 -0.1576
vn 0.3147 0.9220 -0.2257
vn 0.4005 0.8681 -0.2932
vn 0.1426 0.9869 -0.0758
vn 0.2404 0.9622 -0.1277
vn 0.3439 0.9210 -0.1828
vn 0.4443 0.8642 -0.2362
vn 0.5362 0.7945 -0.2851
vn 0.5625 0.7770 -0.2825
vn 0.3667 0.9203 -0.1367
vn 0.4735 0.8629 -0.1765
vn 0.5710 0.7929 -0.2129
vn 0.6168 0.7528 -0.2300
vn 0.1522 0.9867 -0.0567
vn 0.2391 0.9655 -0.1034
vn 0.6430 0.7514 -0.1481
vn 0.1589 0.9866 -0.0367
vn 0.2677 0.9615 -0.0616
vn 0.3827 0.9197 -0.0881
vn 0.4940 0.8620 -0.1137
vn 0.5954 0.7917 -0.1371
vn 0.2739 0.9614 -0.0265
vn 0.3916 0.9194 -0.0380
vn 0.5055 0.8614 -0.0490
vn 0.6090 0.7910 -0.0590
vn 0.6576 0.7506 -0.0638
vn 0.1282 0.9908 -0.0426
vn 0.5077 0.8613 0.0166
vn 0.6117 0.7908 0.0200
vn 0.6606 0.7504 0.0216
vn 0.1633 0.9866 0.0053
vn 0.2752 0.9613 0.0090
vn 0.3859 0.9225 0.0047
vn 0.1612 0.9866 0.0263
vn 0.2713 0.9615 0.0444
vn 0.3881 0.9194 0.0635
vn 0.5008 0.8617 0.0819
vn 0.6035 0.7913 0.0987
vn 0.6517 0.7509 0.1066
vn 0.2626 0.9617 0.0790
vn 0.3755 0.9199 0.1129
vn 0.4848 0.8624 0.1458
vn 0.5844 0.7922 0.1758
vn 0.6312 0.7520 0.1899
vn 0.1559 0.9867 0.0470
vn 0.4599 0.8635 0.2072
vn 0.5547 0.7936 0.2499
vn 0.5993 0.7536 0.2701
vn 0.1477 0.9868 0.0666
vn 0.2488 0.9620 0.1121
vn 0.3560 0.9206 0.1604
vn 0.1368 0.9870 0.0849
vn 0.2305 0.9625 0.1433
vn 0.3299 0.9215 0.2049
vn 0.4264 0.8649 0.2649
vn 0.5148 0.7954 0.3198
vn 0.5563 0.7557 0.3457
vn 0.2976 0.9225 0.2458
vn 0.3850 0.8664 0.3180
vn 0.4652 0.7975 0.3842
vn 0.5029 0.7579 0.4155
vn 0.1233 0.9871 0.1019
vn 0.2079 0.9630 0.1717
vn 0.4067 0.7996 0.4418
vn 0.4399 0.7604 0.4779
vn 0.1076 0.9873 0.1168
vn 0.1814 0.9635 0.1970
vn 0.2598 0.9235 0.2822
vn 0.3363 0.8680 0.3653
vn 0.0898 0.9875 0.1296
vn 0.1513 0.9640 0.2186
vn 0.2170 0.9245 0.3134
vn 0.2811 0.8696 0.4060
vn 0.3403 0.8017 0.4915
vn 0.3682 0.7627 0.5317
vn 0.2204 0.8710 0.4391
vn 0.2670 0.8038 0.5316
vn 0.2890 0.7648 0.5758
vn 0.0702 0.9877 0.1400
vn 0.1185 0.9645 0.2361
vn 0.1700 0.9254 0.3387
vn 0.0494 0.9878 0.1477
vn 0.0835 0.9648 0.2494
vn 0.1198 0.9261 0.3578
vn 0.1554 0.8721 0.4640
vn 0.1883 0.8052 0.5623
vn 0.2039 0.7665 0.6090
vn 0.0469 0.9651 0.2578
vn 0.0673 0.9266 0.3701
vn 0.0873 0.8728 0.4802
vn 0.1058 0.8064 0.5818
vn 0.1146 0.7676 0.6306
vn 0.0277 0.9879 0.1528
vn 0.0211 0.8064 0.5910
vn 0.0228 0.7681 0.6399
vn 0.0055 0.9879 0.1549
vn 0.0093 0.9652 0.2615
vn 0.0134 0.9268 0.3754
vn 0.0174 0.8732 0.4871
vn -0.0168 0.9879 0.1542
vn -0.0284 0.9651 0.2602
vn -0.0407 0.9267 0.3736
vn -0.0529 0.8730 0.4848
vn -0.0641 0.8063 0.5880
vn -0.0694 0.7680 0.6367
vn -0.1220 0.8725 0.4731
vn -0.1479 0.8058 0.5734
vn -0.1602 0.7671 0.6212
vn -0.0388 0.9878 0.1506
vn -0.0655 0.9650 0.2541
vn -0.0854 0.9291 0.3597
vn -0.0601 0.9877 0.1441
vn -0.1015 0.9646 0.2433
vn -0.1456 0.9257 0.3490
vn -0.1887 0.8716 0.4525
vn -0.2288 0.8043 0.5484
vn -0.2476 0.7657 0.5936
vn -0.0803 0.9876 0.1350
vn -0.1354 0.9642 0.2279
vn -0.1943 0.9249 0.3267
vn -0.2517 0.8703 0.4233
vn -0.3049 0.8026 0.5127
vn -0.3299 0.7638 0.5548
vn -0.3098 0.8688 0.3863
vn -0.3748 0.8006 0.4674
vn -0.4054 0.7615 0.5057
vn -0.0989 0.9874 0.1234
vn -0.1669 0.9638 0.2081
vn -0.2290 0.9269 0.2974
vn -0.1158 0.9872 0.1095
vn -0.1952 0.9632 0.1846
vn -0.2796 0.9230 0.2644
vn -0.3618 0.8672 0.3421
vn -0.4374 0.7985 0.4136
vn -0.4729 0.7592 0.4473
vn -0.2198 0.9627 0.1576
vn -0.3147 0.9220 0.2257
vn -0.4069 0.8656 0.2918
vn -0.4914 0.7964 0.3524
vn -0.5312 0.7568 0.3810
vn -0.0891 0.9910 0.0999
vn -0.5362 0.7945 0.2851
vn -0.5794 0.7546 0.3081
vn -0.1426 0.9869 0.0758
vn -0.2403 0.9623 0.1277
vn -0.3439 0.9210 0.1828
vn -0.4381 0.8667 0.2386
vn -0.1522 0.9867 0.0567
vn -0.2563 0.9619 0.0955
vn -0.3666 0.9203 0.1367
vn -0.4735 0.8629 0.1765
vn -0.5710 0.7929 0.2129
vn -0.6168 0.7527 0.2300
vn -0.3827 0.9197 0.0881
vn -0.4940 0.8620 0.1137
vn -0.5954 0.7917 0.1371
vn -0.6430 0.7514 0.1481
vn -0.1589 0.9866 0.0366
vn -0.2514 0.9652 0.0717
vn -0.6576 0.7506 0.0638
vn -0.1627 0.9866 0.0158
vn -0.2740 0.9614 0.0265
vn -0.3917 0.9193 0.0380
vn -0.5054 0.8615 0.0490
vn -0.6090 0.7910 0.0590
vn -0.1633 0.9866 -0.0053
vn -0.2752 0.9613 -0.0090
vn -0.3934 0.9193 -0.0129
vn -0.5077 0.8614 -0.0166
vn -0.6117 0.7908 -0.0200
vn -0.6606 0.7504 -0.0216
vn -0.3880 0.9195 -0.0636
vn -0.5008 0.8617 -0.0819
vn -0.6035 0.7913 -0.0987
vn -0.6517 0.7509 -0.1066
vn -0.1612 0.9866 -0.0263
vn -0.2714 0.9614 -0.0444
vn -0.1559 0.9867 -0.0469
vn -0.2626 0.9617 -0.0790
vn -0.3755 0.9199 -0.1129
vn -0.4848 0.8624 -0.1458
vn -0.5844 0.7922 -0.1758
vn -0.6312 0.7520 -0.1899
vn -0.8366 0.1490 -0.5272
vn -0.1955 -0.9674 -0.1613
vn -0.2168 -0.9669 -0.1346
vn -0.8211 0.0631 -0.5673
vn -0.1707 -0.9678 -0.1852
vn -0.7371 0.0631 -0.6728
vn -0.1426 -0.9682 -0.2057
vn -0.6380 0.0634 -0.7674
vn -0.1117 -0.9685 -0.2224
vn -0.5254 0.0644 -0.8484
vn -0.0788 -0.9689 -0.2348
vn -0.4011 0.0657 -0.9137
vn -0.0442 -0.9691 -0.2429
vn -0.2673 0.0673 -0.9613
vn -0.0088 -0.9691 -0.2466
vn 0.1986 0.0680 -0.9777
vn -0.1320 0.0620 -0.9893
vn 0.3359 0.0665 -0.9396
vn 0.1605 -0.9846 -0.0694
vn 0.4653 0.0649 -0.8828
vn 0.1704 -0.9842 -0.0475
vn 0.5839 0.0638 -0.8093
vn 0.1777 -0.9838 -0.0239
vn 0.6787 0.0642 -0.7316
vn 0.1816 -0.9834 0.0011
vn 0.7262 -0.0548 -0.6853
vn 0.1817 -0.9830 0.0270
vn 0.8165 -0.0855 -0.5709
vn 0.1778 -0.9826 0.0533
vn 0.9108 0.0565 -0.4090
vn 0.1696 -0.9824 0.0786
vn 0.9609 0.0650 -0.2690
vn 0.1573 -0.9822 0.1025
vn 0.9876 0.0663 -0.1421
vn 0.1412 -0.9822 0.1239
vn 0.9976 0.0678 -0.0130
vn 0.1219 -0.9823 0.1424
vn 0.9911 0.0692 0.1140
vn 0.1000 -0.9825 0.1573
vn 0.2550 -0.9661 0.0417
vn 0.0762 -0.9828 0.1682
vn 0.9947 0.0670 0.0782
vn 0.2466 -0.9663 0.0741
vn 0.9762 0.0656 0.2066
vn 0.2339 -0.9665 0.1054
vn 0.9411 0.0645 0.3320
vn 0.2167 -0.9669 0.1345
vn 0.8892 0.0637 0.4530
vn 0.1956 -0.9673 0.1614
vn 0.8210 0.0631 0.5674
vn 0.1707 -0.9677 0.1853
vn 0.7371 0.0630 0.6729
vn 0.1426 -0.9682 0.2056
vn 0.6380 0.0636 0.7674
vn 0.1117 -0.9686 0.2223
vn 0.5254 0.0643 0.8484
vn 0.0788 -0.9688 0.2349
vn 0.4011 0.0656 0.9137
vn 0.0442 -0.9691 0.2429
vn 0.2673 0.0672 0.9613
vn 0.0088 -0.9691 0.2466
vn -0.1987 0.0681 0.9777
vn 0.1319 0.0619 0.9893
vn -0.3359 0.0664 0.9396
vn -0.1605 -0.9846 0.0693
vn -0.4654 0.0649 0.8827
vn -0.1705 -0.9842 0.0476
vn -0.5839 0.0638 0.8093
vn -0.1777 -0.9838 0.0237
vn -0.6899 0.0632 0.7212
vn -0.1815 -0.9834 -0.0011
vn -0.7815 0.0630 0.6208
vn -0.1818 -0.9830 -0.0270
vn -0.8575 0.0633 0.5106
vn -0.1777 -0.9826 -0.0535
vn -0.9175 0.0640 0.3926
vn -0.1696 -0.9824 -0.0785
vn -0.9609 0.0649 0.2691
vn -0.1573 -0.9822 -0.1024
vn -0.9877 0.0663 0.1418
vn -0.1412 -0.9822 -0.1240
vn -0.9976 0.0678 0.0129
vn -0.1219 -0.9823 -0.1424
vn -0.9911 0.0691 -0.1140
vn -0.0998 -0.9825 -0.1575
vn -0.2549 -0.9661 -0.0416
vn -0.0761 -0.9828 -0.1684
vn -0.9947 0.0669 -0.0782
vn -0.2466 -0.9663 -0.0741
vn -0.9762 0.0656 -0.2066
vn -0.2339 -0.9666 -0.1052
vn -0.9411 0.0644 -0.3320
vn 0.5995 -0.7535 0.2700
vn 0.6313 -0.7519 0.1898
vn 0.6520 -0.7508 0.1063
vn 0.6607 -0.7504 0.0215
vn 0.6578 -0.7505 -0.0635
vn 0.6432 -0.7513 -0.1476
vn 0.6169 -0.7527 -0.2300
vn 0.5795 -0.7545 -0.3080
vn 0.5313 -0.7567 -0.3809
vn 0.4730 -0.7590 -0.4474
vn 0.4055 -0.7616 -0.5055
vn 0.3300 -0.7637 -0.5549
vn 0.2478 -0.7655 -0.5938
vn 0.1608 -0.7671 -0.6211
vn 0.0697 -0.7677 -0.6370
vn -0.0227 -0.7682 -0.6398
vn -0.1146 -0.7675 -0.6307
vn -0.2041 -0.7664 -0.6091
vn -0.2892 -0.7646 -0.5759
vn -0.3682 -0.7626 -0.5319
vn -0.4401 -0.7604 -0.4777
vn -0.5030 -0.7579 -0.4155
vn -0.5566 -0.7555 -0.3456
vn -0.5994 -0.7536 -0.2698
vn -0.6314 -0.7519 -0.1898
vn -0.6518 -0.7509 -0.1062
vn -0.6608 -0.7503 -0.0215
vn -0.6577 -0.7506 0.0635
vn -0.6432 -0.7513 0.1476
vn -0.6169 -0.7527 0.2302
vn -0.5796 -0.7545 0.3079
vn -0.5313 -0.7567 0.3809
vn -0.4730 -0.7590 0.4474
vn -0.4056 -0.7615 0.5056
vn -0.3301 -0.7637 0.5548
vn -0.2477 -0.7657 0.5936
vn -0.1607 -0.7670 0.6212
vn -0.0697 -0.7678 0.6369
vn 0.0226 -0.7682 0.6399
vn 0.1144 -0.7676 0.6307
vn 0.2043 -0.7664 0.6091
vn 0.2891 -0.7647 0.5759
vn 0.3684 -0.7626 0.5317
vn 0.4401 -0.7603 0.4778
vn 0.5031 -0.7579 0.4153
vn 0.5564 -0.7556 0.3457
vn 0.9117 -0.0000 0.4108
vn 0.9860 -0.1490 -0.0750
vn 0.9972 -0.0000 -0.0751
vn 0.0072 -0.9980 0.0634
vn 0.1262 -0.9767 0.1737
vn 0.0176 -0.9775 0.2102
vn -0.0930 -0.9769 0.1922
vn -0.1818 -0.9757 0.1226
vn -0.0284 -0.9978 0.0598
vn -0.2217 -0.9749 0.0201
vn -0.0560 -0.9977 0.0374
vn -0.0609 -0.9978 -0.0258
vn -0.2008 -0.9755 -0.0904
vn -0.0396 -0.9979 -0.0515
vn -0.1263 -0.9767 -0.1737
vn -0.0073 -0.9979 -0.0637
vn -0.0176 -0.9775 -0.2102
vn 0.0930 -0.9769 -0.1922
vn 0.1819 -0.9756 -0.1226
vn 0.0284 -0.9978 -0.0597
vn -0.4439 -0.1558 0.8824
vn 0.2217 -0.9749 -0.0203
vn 0.0561 -0.9977 -0.0374
vn 0.0607 -0.9978 0.0261
vn 0.2008 -0.9754 0.0905
vn 0.5548 -0.7936 0.2499
vn 0.3517 -0.8015 0.4837
vn 0.0817 -0.1578 0.9841
vn 0.8283 -0.1516 -0.5394
vn 0.4440 -0.1559 -0.8824
vn 0.4494 -0.0000 -0.8933
vn -0.0817 -0.1579 -0.9841
vn -0.0835 -0.0000 -0.9965
vn -0.5812 -0.1546 -0.7989
vn -0.9013 -0.1506 -0.4061
vn -0.9860 -0.1490 0.0749
vn -0.9972 -0.0000 0.0752
vn -0.8603 -0.2754 0.4290
vn 0.5812 -0.1546 0.7989
vn 0.8234 -0.2655 0.5015
vn 0.0731 -0.8036 0.5907
vn -0.2371 -0.7563 0.6097
vn -0.5184 -0.7525 0.4062
vn -0.5651 -0.7912 -0.2336
vn -0.3711 -0.7988 -0.4736
vn -0.0731 -0.8036 -0.5907
vn 0.2371 -0.7563 -0.6098
vn 0.5185 -0.7524 -0.4062
vn 0.0372 -0.9979 0.0530
vn 0.6910 -0.7222 -0.0321
vn -0.6909 -0.7222 0.0320
vn -0.9028 -0.1400 -0.4067
vn -0.7008 -0.2343 -0.6738
vn -0.8872 -0.2305 -0.3997
vn -0.7135 -0.1424 -0.6861
vn -0.4221 -0.2383 -0.8747
vn -0.4300 -0.1450 -0.8911
vn -0.0812 -0.2405 -0.9672
vn 0.2775 -0.1458 -0.9496
vn 0.2723 -0.2397 -0.9319
vn 0.5950 -0.1437 -0.7908
vn 0.5843 -0.2362 -0.7764
vn 0.8295 -0.1410 -0.5404
vn 0.8150 -0.2321 -0.5310
vn 0.9617 -0.1391 -0.2362
vn 0.9453 -0.2291 -0.2321
vn 0.9863 -0.1388 0.0891
vn 0.9696 -0.2286 0.0876
vn 0.8872 -0.2305 0.3997
vn 0.9028 -0.1400 0.4067
vn 0.7008 -0.2343 0.6738
vn 0.7135 -0.1424 0.6861
vn 0.4221 -0.2383 0.8747
vn 0.4299 -0.1450 0.8912
vn 0.0812 -0.2405 0.9672
vn -0.2775 -0.1458 0.9496
vn -0.2723 -0.2396 0.9319
vn -0.5949 -0.1437 0.7908
vn -0.5843 -0.2362 0.7764
vn -0.8294 -0.1410 0.5405
vn -0.8150 -0.2320 0.5310
vn -0.9617 -0.1391 0.2362
vn -0.9453 -0.2291 0.2321
vn -0.0184 -0.9772 -0.2116
vn 0.1478 -0.9843 -0.0963
vn 0.0756 -0.9959 -0.0492
vn -0.9863 -0.1388 -0.0891
vn -0.9696 -0.2286 -0.0876
vn -0.0797 -0.9673 -0.2406
vn -0.3175 -0.6826 -0.6582
vn -0.0609 -0.6861 -0.7249
vn 0.0415 -0.6329 0.7731
vn -0.2848 -0.1925 0.9391
vn -0.2055 -0.6276 0.7509
vn -0.2540 -0.9657 -0.0539
vn -0.7427 -0.6662 -0.0671
vn -0.6772 -0.6696 -0.3050
vn -0.2636 -0.9523 0.1535
vn -0.3348 -0.9341 -0.1239
vn -0.1964 -0.9528 0.2316
vn -0.7200 -0.6733 0.1678
vn -0.1026 -0.9542 0.2809
vn -0.6200 -0.6779 0.3951
vn 0.0045 -0.9559 0.2935
vn -0.4433 -0.6838 0.5795
vn 0.1090 -0.9571 0.2684
vn -0.2082 -0.6884 0.6948
vn 0.3175 -0.6827 0.6581
vn 0.0555 -0.6893 0.7224
vn 0.0448 -0.9552 0.2926
vn 0.5311 -0.6761 0.5107
vn 0.1477 -0.9535 0.2627
vn 0.6772 -0.6696 0.3050
vn 0.2307 -0.9525 0.1989
vn 0.7427 -0.6663 0.0671
vn 0.2635 -0.9524 -0.1535
vn 0.3347 -0.9342 0.1238
vn 0.1964 -0.9528 -0.2316
vn 0.7200 -0.6733 -0.1680
vn 0.1026 -0.9542 -0.2809
vn 0.6200 -0.6779 -0.3951
vn -0.0045 -0.9559 -0.2935
vn 0.4433 -0.6838 -0.5795
vn 0.2083 -0.6884 -0.6948
vn -0.5311 -0.6761 -0.5107
vn -0.0448 -0.9552 -0.2926
vn 0.1790 -0.9810 0.0747
vn 0.1259 -0.9846 0.1211
vn 0.0766 -0.9872 0.1398
vn -0.0569 -0.9756 0.2122
vn -0.1737 -0.9839 0.0426
vn -0.0886 -0.9958 0.0218
vn -0.1430 -0.9800 -0.1387
vn 0.0479 -0.9853 -0.1637
vn 0.0245 -0.9962 -0.0839
vn 0.1838 -0.9813 -0.0574
vn 0.1767 -0.9841 0.0160
vn 0.1620 -0.9841 0.0730
vn 0.0880 -0.9789 0.1842
vn -0.1020 -0.9864 0.1288
vn -0.0533 -0.9961 0.0709
vn -0.1790 -0.9810 -0.0749
vn -0.1259 -0.9846 -0.1211
vn -0.0746 -0.9852 -0.1545
vn 0.1737 -0.9839 -0.0426
vn 0.0886 -0.9958 -0.0218
vn 0.1379 -0.9814 0.1337
vn 0.0131 -0.9856 0.1688
vn -0.1769 -0.9841 -0.0140
vn -0.0887 -0.9960 -0.0080
vn 0.0533 -0.9453 -0.3218
vn 0.0158 -0.9764 0.2155
vn -0.1632 -0.9438 0.2875
vn -0.1749 -0.9442 -0.2791
vn 0.2770 -0.9385 0.2060
vn -0.0158 -0.9764 -0.2154
vn -0.1620 -0.9841 -0.0730
vn 0.0926 -0.9357 0.3404
vn -0.0897 -0.9751 -0.2027
vn -0.2748 -0.9535 -0.1237
vn -0.5062 -0.8612 -0.0458
vn -0.4635 -0.8612 -0.2087
vn 0.0244 -0.9572 0.2883
vn -0.1381 -0.8703 0.4728
vn -0.0816 -0.9569 0.2787
vn -0.2139 -0.9550 -0.2056
vn -0.3615 -0.8651 -0.3477
vn 0.2946 -0.9529 -0.0719
vn 0.5065 -0.8611 0.0430
vn 0.3028 -0.9527 0.0271
vn -0.0244 -0.9572 -0.2883
vn -0.2149 -0.8690 -0.4456
vn -0.0438 -0.8688 -0.4933
vn -0.1771 -0.9557 0.2351
vn -0.4235 -0.8629 0.2759
vn -0.2510 -0.9541 0.1635
vn 0.2138 -0.9550 0.2056
vn 0.4635 -0.8612 0.2087
vn 0.3616 -0.8651 0.3477
vn 0.0816 -0.9569 -0.2787
vn 0.2996 -0.8670 -0.3981
vn 0.1770 -0.9557 -0.2352
vn -0.2946 -0.9529 0.0720
vn -0.3028 -0.9527 -0.0275
vn 0.2149 -0.8691 0.4455
vn 0.3143 -0.7063 0.6343
vn 0.2510 -0.9541 -0.1634
vn 0.5843 -0.7034 -0.4048
vn -0.1270 -0.9564 -0.2629
vn -0.1837 -0.7145 0.6751
vn 0.2748 -0.9535 0.1237
vn -0.0697 -0.7126 -0.6981
vn -0.5844 -0.7033 0.4048
vn 0.1270 -0.9564 0.2629
vn 0.4094 -0.7108 -0.5720
vn -0.4433 -0.8955 -0.0401
vn -0.4057 -0.8956 -0.1826
vn -0.1230 -0.9026 0.4125
vn -0.3162 -0.8987 -0.3040
vn 0.4434 -0.8955 0.0392
vn -0.1880 -0.9016 -0.3895
vn -0.0369 -0.9018 -0.4306
vn -0.3706 -0.8969 0.2414
vn 0.4056 -0.8956 0.1827
vn 0.3163 -0.8986 0.3040
vn 0.2620 -0.9001 -0.3481
vn 0.1880 -0.9016 0.3895
vn 0.2846 -0.7713 0.5693
vn 0.5304 -0.7594 -0.3768
vn -0.1644 -0.7700 0.6165
vn -0.0648 -0.7726 -0.6316
vn -0.5304 -0.7594 0.3767
vn 0.3704 -0.7648 -0.5272
vn -0.3545 -0.9345 -0.0321
vn -0.3221 -0.9355 -0.1451
vn -0.0956 -0.9402 0.3270
vn -0.2508 -0.9375 -0.2411
vn 0.3546 -0.9345 0.0313
vn -0.1488 -0.9395 -0.3084
vn -0.0291 -0.9405 -0.3384
vn -0.2941 -0.9364 0.1916
vn 0.3221 -0.9355 0.1451
vn 0.2508 -0.9375 0.2411
vn 0.2076 -0.9385 -0.2759
vn 0.1488 -0.9395 0.3084
vn 0.0985 -0.9180 0.3841
vn 0.3783 -0.9116 -0.1607
vn -0.1848 -0.9168 0.3541
vn 0.0466 -0.9183 -0.3931
vn -0.3783 -0.9116 0.1607
vn 0.2995 -0.9142 -0.2731
vn -0.4168 -0.1968 -0.8874
vn -0.0644 -0.6385 -0.7669
vn -0.3357 -0.6350 -0.6958
vn 0.7532 -0.6401 -0.1514
vn 0.9782 -0.1877 0.0884
vn 0.7830 -0.6180 0.0708
vn -0.7532 -0.6401 0.1514
vn -0.9782 -0.1877 -0.0884
vn -0.7830 -0.6180 -0.0708
vn 0.6565 -0.6450 -0.3910
vn 0.9544 -0.2186 -0.2032
vn 0.4167 -0.1950 0.8879
vn 0.3331 -0.6377 0.6945
vn -0.7001 -0.1933 -0.6874
vn -0.5609 -0.6281 -0.5393
vn 0.7001 -0.1933 0.6874
vn 0.5609 -0.6281 0.5393
vn -0.8909 -0.1904 -0.4123
vn -0.7143 -0.6215 -0.3218
vn -0.6565 -0.6451 0.3909
vn -0.9544 -0.2186 0.2031
vn 0.4792 -0.6508 -0.5889
vn 0.8325 -0.2219 -0.5076
vn -0.4741 -0.6532 0.5905
vn -0.8325 -0.2219 0.5076
vn 0.2381 -0.6548 -0.7173
vn 0.6085 -0.2253 -0.7609
vn 0.8909 -0.1904 0.4123
vn 0.7143 -0.6215 0.3218
vn -0.6112 -0.2273 0.7581
vn 0.3015 -0.2271 -0.9260
vn -0.9711 -0.0000 0.2385
vn -0.8378 -0.0000 0.5459
vn 0.0968 -0.2000 0.9750
vn -0.1091 -0.2397 -0.9647
vn -0.1846 -0.9341 -0.3057
vn 0.8704 0.0943 -0.4833
vn -0.2561 0.1601 0.9533
vn -0.9054 0.1185 0.4076
vn 0.9940 -0.1088 -0.0090
vn -0.8668 -0.1245 -0.4829
vn -0.9943 -0.0884 0.0589
vn 0.5732 -0.6773 0.4612
vn -0.9204 -0.2610 -0.2911
vn 0.9963 -0.0751 0.0408
vn -0.4106 0.7807 0.4711
vn 0.9918 0.1077 -0.0689
vn -0.9944 0.0896 0.0564
vn -0.9337 0.3008 -0.1943
vn 0.8555 0.1452 -0.4970
vn 0.9929 0.1127 0.0385
vn 0.3216 -0.3857 -0.8647
vn -0.2490 -0.2379 0.9388
vn 0.5021 -0.0686 0.8621
vn 0.8376 0.5328 0.1207
vn -0.9712 0.0755 -0.2259
vn 0.9693 0.0742 0.2344
vn -0.3111 -0.8661 -0.3913
vn -0.3271 0.2120 -0.9209
vn 0.0140 -0.2387 -0.9710
vn 0.4022 0.3027 0.8641
vn -0.4356 -0.9001 -0.0045
vn -0.0289 -0.1337 0.9906
vn -0.9617 0.2011 -0.1862
vn 0.2567 0.6328 0.7306
vn 0.5812 -0.4968 -0.6445
vn -0.3506 0.6293 -0.6936
vn 0.2972 -0.9534 0.0513
vn 0.5213 -0.2865 0.8038
vn 0.4668 0.8832 -0.0446
vn -0.7695 0.4299 0.4723
vn 0.9562 -0.1565 0.2473
vn -0.7323 -0.5072 0.4544
vn -0.4090 -0.2650 -0.8732
vn 0.9384 0.1287 0.3206
vn -0.9202 0.1363 -0.3669
vn 0.9946 0.0717 -0.0745
vn -0.6988 -0.1492 -0.6996
vn -0.6672 0.1661 -0.7261
vn 0.6603 -0.1520 -0.7355
vn -0.7052 0.0692 0.7056
vn -0.6427 -0.7437 -0.1837
vn -0.9183 -0.2097 0.3357
vn -0.9102 -0.0001 -0.4141
vn -0.3475 -0.0020 -0.9377
vn 0.4522 -0.0027 -0.8919
vn 0.9490 -0.0017 -0.3153
vn 0.9490 -0.0017 -0.3154
vn 0.9102 0.0001 0.4141
vn 0.9103 0.0001 0.4140
vn 0.3475 0.0020 0.9377
vn -0.4523 0.0027 0.8919
vn -0.4526 0.0027 0.8917
vn -0.9490 0.0017 0.3154
vn -0.2206 -0.5308 -0.8183
vn -0.8469 0.3655 -0.3861
vn -0.5396 0.3734 -0.7546
vn -0.0854 -0.4106 0.9078
vn -0.4171 0.3749 0.8279
vn -0.4183 -0.3820 0.8241
vn -0.8309 -0.5289 0.1729
vn -0.7788 0.3701 0.5065
vn 0.2336 -0.5374 -0.8103
vn -0.0727 0.3857 -0.9197
vn 0.4171 0.3750 -0.8279
vn 0.4188 -0.3797 -0.8249
vn 0.7796 0.3660 -0.5081
vn 0.7805 -0.3700 -0.5040
vn 0.9299 0.3615 -0.0680
vn 0.9293 -0.3635 -0.0659
vn 0.8465 0.3657 0.3868
vn 0.8470 -0.3656 0.3860
vn 0.5403 0.3760 0.7528
vn 0.5422 -0.3736 0.7526
vn 0.3610 0.6627 0.6562
vn -0.8145 -0.5217 -0.2538
vn -0.9292 0.3636 0.0665
vn -0.8899 -0.4026 -0.2145
vn -0.0010 -1.0000 0.0023
vn -0.2208 -0.5307 -0.8183
vn -0.8470 0.3655 -0.3860
vn -0.5395 0.3735 -0.7546
vn -0.6225 -0.5362 0.5701
vn 0.0745 0.3786 0.9226
vn -0.4163 0.3798 0.8261
vn -0.8308 -0.5290 0.1729
vn -0.7786 0.3701 0.5067
vn 0.2338 -0.5374 -0.8102
vn 0.4172 0.3748 -0.8279
vn 0.4189 -0.3798 -0.8248
vn 0.7797 0.3659 -0.5081
vn 0.7804 -0.3702 -0.5040
vn 0.9299 0.3614 -0.0680
vn 0.9292 -0.3637 -0.0659
vn 0.8466 0.3658 0.3867
vn 0.5403 0.3762 0.7527
vn 0.5423 -0.3735 0.7526
vn 0.3531 -0.6604 0.6628
vn -0.8145 -0.5218 -0.2536
vn -0.9292 0.3635 0.0667
vn 0.0010 1.0000 -0.0022
vn 0.8592 0.0546 -0.5088
vn 0.9494 -0.0456 0.3106
vn 0.9101 0.0294 -0.4133
vn 0.3279 -0.1345 0.9351
vn -0.9974 0.0541 0.0478
vn -0.6807 0.1177 0.7231
vn -0.5947 0.0762 0.8004
vn -0.7552 -0.0321 -0.6547
vn -0.9860 0.0255 0.1646
vn -0.0531 -0.0900 -0.9945
vn -0.8270 -0.0483 -0.5601
vn 0.6892 -0.0857 -0.7195
vn 0.6041 -0.0951 -0.7912
vn 0.9986 -0.0280 -0.0440
vn 0.9872 -0.0394 -0.1544
vn 0.7605 0.0581 0.6467
vn 0.0672 0.1229 0.9901
vn -0.7344 0.0186 -0.6784
vn -0.5811 0.0307 -0.8133
vn -0.0187 0.0702 -0.9974
vn -0.6269 0.0379 0.7782
vn -0.5689 0.0281 0.8220
vn -0.9875 0.0986 0.1233
vn 0.4545 -0.1029 0.8848
vn -0.2323 -0.1417 0.9623
vn -0.3464 -0.1047 0.9322
vn -0.9761 0.0859 0.1996
vn -0.8034 0.1078 -0.5856
vn -0.9993 -0.0375 0.0071
vn -0.9843 -0.1559 -0.0823
vn 0.1348 -0.0447 0.9899
vn 0.3390 -0.2358 0.9108
vn -0.7185 -0.0649 0.6925
vn -0.7552 -0.2105 0.6208
vn -0.8304 -0.0081 -0.5571
vn -0.3638 0.0199 -0.9313
vn -0.1796 -0.0124 -0.9837
vn 0.7983 -0.0884 0.5958
vn 0.8825 -0.2682 0.3864
vn 0.6739 -0.1451 0.7244
vn 0.0135 -0.0520 0.9986
vn -0.9872 -0.0000 0.1597
vn -0.9298 -0.0425 -0.3655
vn 0.3906 -0.2262 -0.8923
vn 0.9907 -0.0805 -0.1100
vn 0.9955 -0.0769 0.0558
vn 0.7335 -0.0030 0.6797
vn -0.9491 0.0330 -0.3131
vn -0.5514 0.1179 -0.8259
vn -0.4516 0.0866 -0.8880
vn -0.5977 0.0078 0.8017
vn -0.9239 -0.0683 0.3765
vn -0.3842 -0.1343 -0.9134
vn 0.6362 -0.0232 -0.7712
vn 0.7661 -0.0555 -0.6403
vn 0.9986 0.0526 -0.0106
vn -0.9100 -0.0451 0.4122
vn -0.9779 0.0309 -0.2068
vn 0.1794 0.0136 0.9837
vn -0.3812 -0.0753 0.9214
vn -0.9186 -0.0704 -0.3888
vn -0.1423 0.0617 -0.9879
vn 0.0844 -0.0620 -0.9945
vn 0.7159 0.0828 -0.6933
vn -0.8558 -0.0733 0.5120
vn 0.9321 -0.0332 0.3606
vn 0.8313 0.0100 0.5558
vn 0.9269 -0.0303 -0.3740
vn 0.9871 0.0015 -0.1604
vn 0.9762 -0.0497 0.2112
vn 0.2367 0.1284 -0.9631
vn 0.3486 0.0859 -0.9333
vn -0.9244 0.0144 0.3812
vn -0.9404 0.0651 -0.3338
vn -0.9863 -0.0208 0.1636
vn -0.8294 0.0140 -0.5584
vn -0.3818 -0.0280 0.9238
vn -0.5948 -0.0549 0.8020
vn 0.4233 -0.0544 0.9044
vn 0.1883 -0.0563 0.9805
vn -0.0707 0.0598 0.9957
vn 0.9379 -0.0416 0.3445
vn 0.8339 -0.0224 0.5515
vn 0.9247 -0.0010 -0.3807
vn 0.9861 0.0229 -0.1647
vn 0.3814 0.0458 -0.9233
vn 0.5957 0.0572 -0.8011
vn -0.4223 0.0679 -0.9039
vn -0.1875 0.0589 -0.9805
vn 0.4369 0.0249 -0.8991
vn 0.5987 -0.0073 -0.8009
vn -0.5193 0.0140 -0.8545
vn 0.2674 0.0417 -0.9627
vn -0.9687 -0.0107 -0.2479
vn -0.8782 -0.0269 0.4775
vn -0.2714 -0.0251 0.9621
vn 0.5195 -0.0049 0.8544
vn 0.3964 0.0311 0.9176
vn 0.9688 0.0197 0.2469
vn 0.8787 0.0350 -0.4761
vn 0.5089 0.0092 0.8608
vn -0.2696 0.0904 0.9587
vn 0.9637 -0.0653 0.2588
vn 0.8784 -0.1055 -0.4662
vn 0.9359 0.0493 -0.3488
vn 0.2837 -0.0852 -0.9551
vn -0.5088 -0.0090 -0.8608
vn -0.9635 0.0691 -0.2587
vn -0.8790 0.1055 0.4650
vn 0.8863 -0.1706 0.4305
vn 0.9215 0.0340 -0.3870
vn 0.6799 0.0310 -0.7327
vn 0.3727 -0.0176 -0.9278
vn 0.9961 0.0606 -0.0637
vn 0.8212 -0.0035 -0.5707
vn 0.9875 0.0083 0.1573
vn -0.0673 -0.0110 -0.9977
vn -0.4246 -0.0504 -0.9040
vn 0.1592 -0.0354 -0.9866
vn -0.7664 -0.0460 -0.6408
vn -0.9372 -0.0490 -0.3453
vn -0.6127 -0.0519 -0.7886
vn -0.5375 -0.0729 -0.8401
vn -0.9967 -0.0535 0.0613
vn -0.9216 -0.0217 0.3875
vn -0.9888 -0.0397 -0.1442
vn -0.5093 0.1335 0.8502
vn -0.6815 -0.0318 0.7311
vn -0.8213 -0.0077 0.5705
vn 0.2568 0.1940 0.9468
vn 0.0677 0.0101 0.9977
vn -0.1599 0.0274 0.9868
vn 0.8618 0.2011 0.4657
vn 0.7665 0.0479 0.6405
vn 0.6117 0.0411 0.7900
vn 0.7562 -0.0070 -0.6543
vn 0.9994 -0.0096 -0.0325
vn 0.9991 0.0002 0.0430
vn 0.0467 -0.0109 -0.9988
vn 0.7010 -0.0398 -0.7121
vn 0.7492 0.0370 0.6613
vn 0.6946 0.0070 0.7194
vn 0.0371 0.0660 0.9971
vn -0.0468 0.0094 0.9989
vn -0.7007 0.0540 0.7114
vn -0.7571 0.0079 0.6533
vn -0.9991 0.0030 -0.0428
vn -0.9994 0.0122 0.0333
vn -0.6956 -0.0061 -0.7184
vn -0.0390 -0.0503 -0.9980
vn -0.7494 -0.0252 -0.6616
vn 0.5997 -0.0024 -0.8002
vn -0.1699 -0.0335 -0.9849
vn 0.9865 0.0271 -0.1615
vn 0.8308 0.0251 0.5560
vn 0.1735 0.0226 0.9846
vn -0.6023 -0.0161 0.7981
vn -0.9867 -0.0355 0.1587
vn -0.8286 -0.0484 -0.5577
vn 0.9783 0.1221 0.1676
vn -0.8164 0.1879 0.5460
vn -0.9604 0.1354 -0.2437
vn 0.7788 -0.1225 0.6153
vn -0.3374 -0.1660 -0.9266
vn -0.8095 -0.1214 -0.5744
vn 0.2329 -0.6476 0.7255
vn -0.5064 -0.3253 -0.7986
vn 0.7473 -0.0998 0.6570
vn -0.6193 0.7815 0.0762
vn 0.8141 0.1343 0.5650
vn -0.8091 0.1092 -0.5775
vn -0.5817 0.3537 -0.7325
vn 0.9731 0.1797 0.1445
vn 0.7447 0.1400 0.6526
vn 0.7981 -0.4292 -0.4228
vn -0.7997 -0.2603 0.5410
vn -0.2093 -0.1151 0.9711
vn 0.5200 0.5133 0.6828
vn -0.6015 0.1062 -0.7918
vn 0.5810 0.1541 0.7992
vn -0.0326 -0.8537 -0.5198
vn 0.4014 0.2385 -0.8843
vn 0.6543 -0.2560 -0.7116
vn -0.3510 0.2572 0.9004
vn -0.3458 -0.9144 -0.2106
vn -0.6802 -0.1596 0.7155
vn -0.6147 0.2458 -0.7495
vn -0.2576 0.6830 0.6835
vn 0.8377 -0.5362 -0.1037
vn 0.2286 0.5466 -0.8056
vn 0.2230 -0.9481 0.2267
vn -0.1117 -0.3118 0.9436
vn 0.3942 0.8663 0.3068
vn -0.8877 0.4531 -0.0815
vn 0.5935 -0.1182 0.7961
vn -0.8489 -0.5077 -0.1474
vn 0.2089 -0.3030 -0.9298
vn 0.5085 0.1713 0.8438
vn -0.4667 0.1538 -0.8709
vn 0.8286 0.0983 0.5511
vn -0.0484 -0.1865 -0.9813
vn -0.0221 0.1909 -0.9814
vn 0.9800 -0.1752 -0.0941
vn -0.9934 0.1059 0.0444
vn -0.3096 -0.7718 -0.5554
vn -0.9173 -0.2497 -0.3101
vn 0.3904 -0.7129 -0.5825
vn 0.6499 -0.7492 -0.1278
vn -0.9114 0.0017 -0.4116
vn -0.6542 0.3175 -0.6864
vn -0.6898 -0.0000 -0.7240
vn -0.7346 0.5802 -0.3518
vn -0.6798 0.1703 -0.7134
vn -0.5554 0.5931 -0.5829
vn -0.5445 -0.7960 -0.2644
vn -0.2576 -0.9277 -0.2703
vn -0.3463 -0.9251 -0.1560
vn -0.6562 -0.3083 -0.6887
vn -0.8689 -0.3028 -0.3915
vn -0.7640 0.5554 -0.3284
vn -0.5722 0.5584 -0.6006
vn -0.5607 -0.5827 -0.5883
vn -0.7459 -0.5750 -0.3360
vn -0.8699 0.3078 -0.3855
vn 0.7366 0.1739 -0.6536
vn 0.9479 -0.0000 -0.3184
vn 0.9347 0.1663 -0.3140
vn -0.3969 -0.8041 -0.4426
vn -0.3324 0.3230 -0.8861
vn -0.3512 -0.0000 -0.9363
vn -0.3459 0.1735 -0.9221
vn -0.2808 0.6003 -0.7488
vn -0.1290 -0.9301 -0.3439
vn -0.3335 -0.3136 -0.8891
vn -0.2896 0.5658 -0.7720
vn -0.2835 -0.5901 -0.7559
vn 0.9056 0.1720 0.3877
vn 0.6898 -0.0000 0.7240
vn 0.6798 0.1702 0.7134
vn -0.1906 -0.8091 -0.5559
vn -0.0347 0.1791 0.9832
vn -0.4494 -0.0000 0.8934
vn -0.4426 0.1728 0.8799
vn 0.0325 -0.8030 -0.5952
vn 0.0515 0.3248 -0.9444
vn 0.0541 -0.0000 -0.9985
vn 0.0535 0.1744 -0.9832
vn 0.0435 0.6029 -0.7967
vn 0.0199 -0.9308 -0.3650
vn 0.0517 -0.3155 -0.9475
vn 0.0448 0.5682 -0.8217
vn 0.0486 -0.5961 -0.8014
vn 0.4255 0.3218 -0.8458
vn 0.3512 -0.0000 0.9363
vn 0.3459 0.1735 0.9221
vn 0.3633 -0.5884 -0.7224
vn 0.2697 -0.8000 -0.5360
vn 0.4495 -0.0000 -0.8933
vn 0.3599 0.5987 -0.7155
vn 0.1656 -0.9296 -0.3294
vn 0.4269 -0.3124 -0.8486
vn 0.3434 0.5834 -0.7360
vn 0.2854 -0.9269 -0.2436
vn 0.7240 -0.3067 -0.6179
vn 0.6193 -0.5805 -0.5286
vn 0.7217 0.3159 -0.6159
vn 0.4034 0.2114 -0.8903
vn 0.4625 -0.7940 -0.3946
vn 0.7607 -0.0000 -0.6491
vn 0.6137 0.5909 -0.5237
vn 0.6052 0.5760 -0.5495
vn 0.9480 -0.0000 -0.3183
vn 0.9038 -0.3017 -0.3036
vn 0.7922 0.5493 -0.2660
vn 0.3613 -0.9245 -0.1214
vn 0.7765 -0.5735 -0.2609
vn 0.9010 0.3108 -0.3027
vn -0.9849 0.1703 -0.0295
vn -0.8832 0.2410 -0.4023
vn 0.5829 -0.7886 -0.1958
vn 0.7964 0.5567 -0.2364
vn 0.8125 0.5816 0.0397
vn 0.6164 -0.7869 0.0301
vn 0.3822 -0.9239 0.0187
vn 0.9988 -0.0000 0.0488
vn 0.9527 -0.3002 0.0466
vn 0.8360 0.5472 0.0409
vn 0.8197 -0.5713 0.0401
vn 0.9499 0.3092 0.0464
vn -0.0543 -0.0000 0.9985
vn 0.8663 0.3119 0.3903
vn 0.7391 0.5855 0.3330
vn 0.3463 -0.9250 0.1561
vn 0.8690 -0.3027 0.3915
vn 0.7610 0.5508 0.3429
vn 0.7459 -0.5750 0.3360
vn 0.9988 -0.0000 0.0490
vn 0.9790 0.2037 0.0103
vn 0.5398 -0.7992 0.2644
vn 0.7606 -0.0000 -0.6492
vn 0.4179 -0.7956 0.4385
vn 0.6542 0.3175 0.6864
vn 0.6899 -0.0000 0.7239
vn 0.5554 0.5931 0.5829
vn 0.2576 -0.9276 0.2704
vn 0.6563 -0.3082 0.6887
vn 0.5722 0.5584 0.6006
vn 0.5536 -0.5858 0.5919
vn 0.2835 -0.5901 0.7559
vn 0.2896 0.5658 0.7720
vn 0.3324 0.3230 0.8861
vn -0.7606 -0.0000 0.6492
vn -0.7497 0.1693 0.6398
vn 0.2101 -0.8012 0.5603
vn 0.3513 -0.0000 0.9363
vn 0.2808 0.6003 0.7488
vn 0.1290 -0.9301 0.3439
vn 0.3308 -0.3130 0.8903
vn -0.0435 0.6029 0.7967
vn -0.0448 0.5682 0.8217
vn -0.0199 -0.9308 0.3650
vn -0.0439 -0.5924 0.8044
vn -0.0515 0.3249 0.9444
vn -0.0325 -0.8030 0.5952
vn -0.0541 -0.0000 0.9985
vn -0.0524 -0.3166 0.9471
vn -0.4269 -0.3124 0.8486
vn -0.3711 0.5641 0.7376
vn -0.1656 -0.9296 0.3294
vn -0.3633 -0.5884 0.7223
vn -0.4255 0.3218 0.8458
vn -0.9479 -0.0000 0.3184
vn -0.9347 0.1664 0.3140
vn -0.2697 -0.8000 0.5360
vn -0.3948 0.5714 0.7195
vn -0.6137 0.5909 0.5238
vn -0.4625 -0.7940 0.3946
vn -0.2854 -0.9269 0.2436
vn -0.7607 -0.0000 0.6491
vn -0.7240 -0.3066 0.6179
vn -0.6321 0.5562 0.5395
vn -0.6193 -0.5805 0.5286
vn -0.7217 0.3159 0.6159
vn 0.0543 -0.0000 -0.9985
vn -0.7765 -0.5736 0.2608
vn -0.5829 -0.7886 0.1957
vn -0.7695 0.5840 0.2585
vn -0.3613 -0.9245 0.1214
vn -0.9038 -0.3017 0.3036
vn -0.7922 0.5493 0.2660
vn -0.9063 0.3007 0.2971
vn -0.9988 -0.0000 -0.0490
vn -0.9499 0.3092 -0.0464
vn -0.8197 -0.5713 -0.0401
vn -0.6164 -0.7869 -0.0301
vn -0.9988 -0.0000 -0.0486
vn -0.8125 0.5816 -0.0397
vn -0.3822 -0.9239 -0.0187
vn -0.9527 -0.3002 -0.0466
vn -0.8219 0.5693 -0.0161
vn -0.0662 -0.9978 0.0051
vn 0.0660 -0.9978 -0.0050
vn -0.0827 -0.1463 -0.9858
vn 0.0827 -0.1463 0.9858
vn 0.4527 -0.0027 -0.8917
vn 0.5509 -0.1309 0.8242
vn -0.0000 -0.0000 -1.0000
vn -1.0000 -0.0000 -0.0000
vn 1.0000 -0.0000 -0.0000
vn -0.0000 -0.0000 1.0000
vn 0.9910 -0.1342 -0.0000
vn -0.9890 0.1478 -0.0000
vn 0.9890 -0.1478 -0.0000
vn -0.9910 0.1342 -0.0000
vn 0.9923 -0.1240 -0.0000
vn -0.9923 0.1240 -0.0000
vn 0.7383 -0.0000 0.6745
vn 0.1577 -0.0000 -0.9875
vn 0.6704 -0.0000 0.7420
vn -0.9705 -0.0000 -0.2413
vn -0.0000 -1.0000 0.0072
vn -0.0000 1.0000 -0.0004
vn -0.3632 -0.0729 0.9288
vn -0.2814 -0.7868 0.5493
vn -0.2728 -0.8083 0.5218
vn -0.3585 -0.0000 0.9335
vt 0.189049 0.657628
vt 0.209037 0.636846
vt 0.209027 0.657644
vt 0.069182 0.657529
vt 0.049595 0.636730
vt 0.069164 0.636744
vt 0.229019 0.636860
vt 0.229004 0.657660
vt 0.089160 0.657546
vt 0.089146 0.636759
vt 0.249001 0.636874
vt 0.248982 0.657677
vt 0.109138 0.657562
vt 0.109128 0.636773
vt 0.266208 0.636887
vt 0.266186 0.657691
vt 0.129115 0.657579
vt 0.129110 0.636788
vt 0.149093 0.657595
vt 0.149092 0.636802
vt 0.169073 0.636817
vt 0.169071 0.657611
vt 0.189055 0.636831
vt 0.049617 0.657513
vt 0.029687 0.636716
vt 0.169076 0.616022
vt 0.189062 0.616035
vt 0.029661 0.615934
vt 0.049573 0.615947
vt 0.209048 0.616047
vt 0.069146 0.615959
vt 0.229034 0.616060
vt 0.089132 0.615972
vt 0.249020 0.616072
vt 0.109118 0.615984
vt 0.266231 0.616083
vt 0.129104 0.615997
vt 0.149090 0.616009
vt 0.229049 0.595260
vt 0.069128 0.595174
vt 0.089118 0.595185
vt 0.249039 0.595270
vt 0.109108 0.595195
vt 0.266253 0.595279
vt 0.129098 0.595206
vt 0.149088 0.595217
vt 0.169078 0.595227
vt 0.189069 0.595238
vt 0.029635 0.595153
vt 0.049551 0.595164
vt 0.209059 0.595249
vt 0.109098 0.574407
vt 0.129092 0.574415
vt 0.149087 0.574424
vt 0.169081 0.574433
vt 0.189075 0.574442
vt 0.029608 0.574372
vt 0.049529 0.574380
vt 0.209069 0.574450
vt 0.069110 0.574389
vt 0.229064 0.574459
vt 0.089104 0.574398
vt 0.249058 0.574468
vt 0.266275 0.574476
vt 0.189082 0.553645
vt 0.029582 0.553590
vt 0.049506 0.553597
vt 0.209080 0.553652
vt 0.069092 0.553604
vt 0.229078 0.553659
vt 0.089090 0.553611
vt 0.249077 0.553666
vt 0.109088 0.553618
vt 0.266298 0.553672
vt 0.129087 0.553625
vt 0.149085 0.553631
vt 0.169083 0.553638
vt 0.249096 0.532864
vt 0.089076 0.532824
vt 0.109079 0.532829
vt 0.266320 0.532868
vt 0.129081 0.532834
vt 0.149083 0.532839
vt 0.169086 0.532844
vt 0.189088 0.532849
vt 0.029556 0.532809
vt 0.049484 0.532814
vt 0.209091 0.532854
vt 0.069074 0.532819
vt 0.229093 0.532859
vt 0.129075 0.512043
vt 0.149082 0.512046
vt 0.169088 0.512049
vt 0.189095 0.512052
vt 0.029530 0.512027
vt 0.049462 0.512030
vt 0.209101 0.512055
vt 0.069056 0.512033
vt 0.229108 0.512058
vt 0.089062 0.512037
vt 0.249114 0.512062
vt 0.109069 0.512040
vt 0.266343 0.512064
vt 0.209112 0.491257
vt 0.049440 0.491247
vt 0.069038 0.491248
vt 0.229123 0.491258
vt 0.089048 0.491250
vt 0.249133 0.491260
vt 0.109059 0.491251
vt 0.266365 0.491261
vt 0.129070 0.491252
vt 0.149080 0.491253
vt 0.169091 0.491255
vt 0.189101 0.491256
vt 0.029504 0.491246
vt 0.249152 0.470457
vt 0.266388 0.470457
vt 0.129064 0.470461
vt 0.149079 0.470461
vt 0.169093 0.470460
vt 0.189108 0.470459
vt 0.049418 0.470464
vt 0.209123 0.470459
vt 0.069020 0.470463
vt 0.229138 0.470458
vt 0.089034 0.470463
vt 0.109049 0.470462
vt 0.149077 0.449668
vt 0.169096 0.449665
vt 0.189115 0.449663
vt 0.029478 0.470465
vt 0.049396 0.449681
vt 0.209133 0.449660
vt 0.069002 0.449678
vt 0.229152 0.449658
vt 0.089020 0.449676
vt 0.249171 0.449655
vt 0.109039 0.449673
vt 0.266410 0.449653
vt 0.129058 0.449671
vt 0.209144 0.428862
vt 0.229167 0.428858
vt 0.089006 0.428889
vt 0.249190 0.428853
vt 0.109029 0.428884
vt 0.266433 0.428849
vt 0.129052 0.428880
vt 0.149075 0.428875
vt 0.169098 0.428871
vt 0.189121 0.428866
vt 0.029451 0.449683
vt 0.049374 0.428897
vt 0.068983 0.428893
vt 0.149074 0.408083
vt 0.169101 0.408076
vt 0.189128 0.408070
vt 0.029425 0.428902
vt 0.049352 0.408114
vt 0.209155 0.408064
vt 0.068965 0.408108
vt 0.229182 0.408057
vt 0.088992 0.408101
vt 0.249209 0.408051
vt 0.109020 0.408095
vt 0.266455 0.408045
vt 0.129047 0.408089
vt 0.169103 0.387282
vt 0.189134 0.387273
vt 0.029399 0.408120
vt 0.049330 0.387331
vt 0.209165 0.387265
vt 0.068947 0.387323
vt 0.229197 0.387257
vt 0.088978 0.387314
vt 0.249228 0.387249
vt 0.109010 0.387306
vt 0.266477 0.387242
vt 0.129041 0.387298
vt 0.149072 0.387290
vt 0.229211 0.366457
vt 0.249247 0.366447
vt 0.109000 0.366517
vt 0.266500 0.366438
vt 0.129035 0.366507
vt 0.149070 0.366497
vt 0.169106 0.366487
vt 0.189141 0.366477
vt 0.029373 0.387339
vt 0.049308 0.366547
vt 0.209176 0.366467
vt 0.068929 0.366537
vt 0.088965 0.366527
vt 0.149069 0.345704
vt 0.169108 0.345692
vt 0.189148 0.345680
vt 0.029347 0.366558
vt 0.049286 0.345764
vt 0.209187 0.345668
vt 0.068911 0.345752
vt 0.229226 0.345656
vt 0.088951 0.345740
vt 0.249266 0.345644
vt 0.108990 0.345728
vt 0.266522 0.345634
vt 0.129029 0.345716
vt 0.189154 0.324884
vt 0.209198 0.324870
vt 0.068893 0.324967
vt 0.229241 0.324856
vt 0.088937 0.324953
vt 0.249285 0.324842
vt 0.108980 0.324939
vt 0.266545 0.324830
vt 0.129024 0.324926
vt 0.149067 0.324912
vt 0.169111 0.324898
vt 0.029321 0.345776
vt 0.049264 0.324981
vt 0.249303 0.304040
vt 0.266567 0.304026
vt 0.129018 0.304135
vt 0.149066 0.304119
vt 0.169113 0.304103
vt 0.189161 0.304087
vt 0.029294 0.324995
vt 0.049241 0.304197
vt 0.209208 0.304072
vt 0.068875 0.304182
vt 0.229256 0.304056
vt 0.088923 0.304166
vt 0.108970 0.304150
vt 0.169116 0.283309
vt 0.189167 0.283291
vt 0.029268 0.304213
vt 0.049219 0.283414
vt 0.209219 0.283273
vt 0.068857 0.283397
vt 0.229271 0.283256
vt 0.088909 0.283379
vt 0.249322 0.283238
vt 0.108960 0.283362
vt 0.266590 0.283223
vt 0.129012 0.283344
vt 0.149064 0.283326
vt 0.209230 0.262475
vt 0.229285 0.262455
vt 0.088895 0.262592
vt 0.249341 0.262436
vt 0.108951 0.262573
vt 0.266612 0.262419
vt 0.129006 0.262553
vt 0.149062 0.262533
vt 0.169118 0.262514
vt 0.189174 0.262494
vt 0.029242 0.283432
vt 0.049197 0.262631
vt 0.068839 0.262612
vt 0.149061 0.241741
vt 0.169120 0.241719
vt 0.189180 0.241698
vt 0.029216 0.262650
vt 0.049175 0.241848
vt 0.209240 0.241676
vt 0.068821 0.241827
vt 0.229300 0.241655
vt 0.088881 0.241805
vt 0.249360 0.241634
vt 0.108941 0.241784
vt 0.266634 0.241615
vt 0.129001 0.241762
vt 0.029163 0.221088
vt 0.049153 0.221064
vt 0.209251 0.220878
vt 0.068803 0.221041
vt 0.229315 0.220855
vt 0.088867 0.221018
vt 0.249379 0.220831
vt 0.108931 0.220995
vt 0.266657 0.220811
vt 0.128995 0.220971
vt 0.149059 0.220948
vt 0.169123 0.220925
vt 0.189187 0.220901
vt 0.249398 0.200029
vt 0.088853 0.200231
vt 0.108921 0.200206
vt 0.266679 0.200007
vt 0.128989 0.200181
vt 0.149057 0.200155
vt 0.169125 0.200130
vt 0.189194 0.200105
vt 0.029137 0.200306
vt 0.049131 0.200281
vt 0.209262 0.200080
vt 0.068785 0.200256
vt 0.229330 0.200054
vt 0.169128 0.179335
vt 0.189200 0.179308
vt 0.029111 0.179525
vt 0.049109 0.179498
vt 0.209272 0.179281
vt 0.068767 0.179471
vt 0.229345 0.179254
vt 0.088839 0.179444
vt 0.249417 0.179227
vt 0.108911 0.179417
vt 0.266702 0.179204
vt 0.128983 0.179390
vt 0.149056 0.179363
vt 0.049087 0.158714
vt 0.068749 0.158686
vt 0.229359 0.158454
vt 0.088825 0.158657
vt 0.249436 0.158425
vt 0.108901 0.158628
vt 0.266724 0.158400
vt 0.128978 0.158599
vt 0.149054 0.158570
vt 0.169130 0.158541
vt 0.189207 0.158512
vt 0.029085 0.158743
vt 0.209283 0.158483
vt 0.266747 0.137596
vt 0.108892 0.137839
vt 0.128972 0.137808
vt 0.149053 0.137777
vt 0.169133 0.137746
vt 0.189213 0.137715
vt 0.029059 0.137962
vt 0.049065 0.137931
vt 0.209294 0.137684
vt 0.068731 0.137901
vt 0.229374 0.137654
vt 0.088811 0.137870
vt 0.249455 0.137623
vt 0.189220 0.116919
vt 0.029033 0.117181
vt 0.049043 0.117148
vt 0.209304 0.116886
vt 0.068713 0.117116
vt 0.229389 0.116853
vt 0.088797 0.117083
vt 0.249474 0.116821
vt 0.108882 0.117050
vt 0.266769 0.116792
vt 0.128966 0.117017
vt 0.149051 0.116985
vt 0.169135 0.116952
vt 0.068695 0.096331
vt 0.088783 0.096296
vt 0.249492 0.096018
vt 0.108872 0.096261
vt 0.266792 0.095989
vt 0.128961 0.096226
vt 0.149049 0.096192
vt 0.169138 0.096157
vt 0.189226 0.096122
vt 0.029006 0.096399
vt 0.049021 0.096365
vt 0.209315 0.096088
vt 0.229404 0.096053
vt 0.128955 0.075436
vt 0.149048 0.075399
vt 0.169140 0.075363
vt 0.189233 0.075326
vt 0.028980 0.075618
vt 0.048999 0.075581
vt 0.209326 0.075289
vt 0.068677 0.075545
vt 0.229419 0.075253
vt 0.088769 0.075509
vt 0.249511 0.075216
vt 0.108862 0.075472
vt 0.266814 0.075185
vt 0.028954 0.054837
vt 0.048976 0.054798
vt 0.209336 0.054491
vt 0.068658 0.054760
vt 0.229433 0.054453
vt 0.088755 0.054722
vt 0.249530 0.054414
vt 0.108852 0.054683
vt 0.266836 0.054381
vt 0.128949 0.054645
vt 0.149046 0.054606
vt 0.169143 0.054568
vt 0.189240 0.054529
vt 0.088741 0.033935
vt 0.108842 0.033894
vt 0.266859 0.033577
vt 0.128943 0.033854
vt 0.149044 0.033814
vt 0.169145 0.033773
vt 0.189246 0.033733
vt 0.028928 0.034055
vt 0.048954 0.034015
vt 0.209347 0.033693
vt 0.068640 0.033975
vt 0.229448 0.033652
vt 0.249549 0.033612
vt 0.169148 0.012979
vt 0.189253 0.012937
vt 0.028902 0.013274
vt 0.048932 0.013232
vt 0.209358 0.012894
vt 0.068622 0.013190
vt 0.229463 0.012852
vt 0.088727 0.013148
vt 0.249568 0.012810
vt 0.108833 0.013106
vt 0.266881 0.012774
vt 0.128938 0.013063
vt 0.149043 0.013021
vt 0.049948 0.969263
vt 0.069435 0.948521
vt 0.069453 0.969306
vt 0.228782 0.969664
vt 0.208877 0.948821
vt 0.228797 0.948864
vt 0.089355 0.948564
vt 0.089369 0.969351
vt 0.248699 0.969709
vt 0.248717 0.948907
vt 0.109275 0.948607
vt 0.109285 0.969396
vt 0.265849 0.969747
vt 0.265872 0.948944
vt 0.129196 0.948650
vt 0.129201 0.969441
vt 0.149116 0.948693
vt 0.149118 0.969485
vt 0.169034 0.969530
vt 0.169036 0.948735
vt 0.188950 0.969575
vt 0.188957 0.948778
vt 0.030106 0.969218
vt 0.049926 0.948479
vt 0.208866 0.969619
vt 0.129190 0.927859
vt 0.149114 0.927900
vt 0.169039 0.927941
vt 0.188963 0.927982
vt 0.030079 0.948437
vt 0.049904 0.927696
vt 0.208888 0.928023
vt 0.069417 0.927736
vt 0.228812 0.928064
vt 0.089341 0.927777
vt 0.248736 0.928105
vt 0.109266 0.927818
vt 0.265894 0.928140
vt 0.169041 0.907146
vt 0.188970 0.907185
vt 0.030053 0.927655
vt 0.049882 0.906913
vt 0.208898 0.907224
vt 0.069399 0.906951
vt 0.228827 0.907263
vt 0.089327 0.906990
vt 0.248755 0.907302
vt 0.109256 0.907029
vt 0.265916 0.907336
vt 0.129184 0.907068
vt 0.149113 0.907107
vt 0.208909 0.886426
vt 0.228842 0.886463
vt 0.089313 0.886203
vt 0.248774 0.886500
vt 0.109246 0.886240
vt 0.265939 0.886532
vt 0.129178 0.886277
vt 0.149111 0.886315
vt 0.169044 0.886352
vt 0.188976 0.886389
vt 0.030027 0.906874
vt 0.049860 0.886129
vt 0.069381 0.886166
vt 0.129173 0.865487
vt 0.149109 0.865522
vt 0.169046 0.865557
vt 0.188983 0.865592
vt 0.030001 0.886092
vt 0.049838 0.865346
vt 0.208920 0.865628
vt 0.069363 0.865381
vt 0.228856 0.865663
vt 0.089299 0.865416
vt 0.248793 0.865698
vt 0.109236 0.865451
vt 0.265961 0.865728
vt 0.169049 0.844762
vt 0.188989 0.844796
vt 0.029975 0.865311
vt 0.049816 0.844563
vt 0.208930 0.844829
vt 0.069345 0.844596
vt 0.228871 0.844863
vt 0.089285 0.844629
vt 0.248812 0.844896
vt 0.109226 0.844662
vt 0.265984 0.844925
vt 0.129167 0.844696
vt 0.149108 0.844729
vt 0.228886 0.824062
vt 0.248831 0.824094
vt 0.109216 0.823873
vt 0.266006 0.824121
vt 0.129161 0.823905
vt 0.149106 0.823936
vt 0.169051 0.823968
vt 0.188996 0.823999
vt 0.029949 0.844530
vt 0.049793 0.823780
vt 0.208941 0.824031
vt 0.069327 0.823811
vt 0.089271 0.823842
vt 0.149105 0.803144
vt 0.169054 0.803173
vt 0.189003 0.803203
vt 0.029922 0.823748
vt 0.049771 0.802996
vt 0.208952 0.803233
vt 0.069309 0.803025
vt 0.228901 0.803262
vt 0.089258 0.803055
vt 0.248850 0.803292
vt 0.109207 0.803084
vt 0.266029 0.803317
vt 0.129156 0.803114
vt 0.189009 0.782406
vt 0.208962 0.782434
vt 0.069290 0.782240
vt 0.228916 0.782462
vt 0.089244 0.782268
vt 0.248869 0.782490
vt 0.109197 0.782296
vt 0.266051 0.782513
vt 0.129150 0.782323
vt 0.149103 0.782351
vt 0.169056 0.782379
vt 0.029896 0.802967
vt 0.049749 0.782213
vt 0.248888 0.761687
vt 0.266073 0.761710
vt 0.129144 0.761533
vt 0.149101 0.761558
vt 0.169059 0.761584
vt 0.189016 0.761610
vt 0.029870 0.782186
vt 0.049727 0.761430
vt 0.208973 0.761636
vt 0.069272 0.761455
vt 0.228930 0.761662
vt 0.089230 0.761481
vt 0.109187 0.761507
vt 0.149100 0.740766
vt 0.169061 0.740790
vt 0.189022 0.740814
vt 0.029844 0.761404
vt 0.049705 0.740647
vt 0.208984 0.740837
vt 0.069254 0.740670
vt 0.228945 0.740861
vt 0.089216 0.740694
vt 0.248906 0.740885
vt 0.109177 0.740718
vt 0.266096 0.740906
vt 0.129138 0.740742
vt 0.208995 0.720039
vt 0.228960 0.720061
vt 0.089202 0.719907
vt 0.248925 0.720083
vt 0.109167 0.719929
vt 0.266118 0.720102
vt 0.129133 0.719951
vt 0.149098 0.719973
vt 0.169064 0.719995
vt 0.189029 0.720017
vt 0.029818 0.740623
vt 0.049683 0.719863
vt 0.069236 0.719885
vt 0.129127 0.699160
vt 0.149096 0.699180
vt 0.169066 0.699201
vt 0.189036 0.699221
vt 0.029765 0.699060
vt 0.049661 0.699080
vt 0.209005 0.699241
vt 0.069218 0.699100
vt 0.228975 0.699261
vt 0.089188 0.699120
vt 0.248944 0.699281
vt 0.109157 0.699140
vt 0.266141 0.699298
vt 0.189042 0.678424
vt 0.029739 0.678279
vt 0.049639 0.678297
vt 0.209016 0.678442
vt 0.069200 0.678315
vt 0.228990 0.678461
vt 0.089174 0.678333
vt 0.248963 0.678479
vt 0.109148 0.678351
vt 0.266163 0.678495
vt 0.129121 0.678369
vt 0.149095 0.678388
vt 0.169068 0.678406
vt 0.029713 0.657497
vt 0.029190 0.241869
vt 0.023004 0.221095
vt 0.023196 0.366561
vt 0.023168 0.345780
vt 0.023827 0.844519
vt 0.023799 0.823739
vt 0.023991 0.969204
vt 0.023964 0.948424
vt 0.023607 0.678273
vt 0.023580 0.657492
vt 0.023936 0.927643
vt 0.023909 0.906862
vt 0.022812 0.075629
vt 0.023223 0.387341
vt 0.023360 0.491246
vt 0.023333 0.470465
vt 0.023305 0.449684
vt 0.022839 0.096410
vt 0.023497 0.595150
vt 0.022784 0.054848
vt 0.022949 0.179533
vt 0.023113 0.304218
vt 0.023086 0.283437
vt 0.023470 0.574369
vt 0.023717 0.761396
vt 0.023689 0.740615
vt 0.022976 0.200314
vt 0.023772 0.802958
vt 0.023744 0.782177
vt 0.022729 0.013287
vt 0.023443 0.553588
vt 0.023141 0.324999
vt 0.023881 0.886081
vt 0.023854 0.865300
vt 0.022757 0.034068
vt 0.022866 0.117191
vt 0.023278 0.428903
vt 0.023251 0.408122
vt 0.023388 0.512026
vt 0.022921 0.158752
vt 0.022894 0.137972
vt 0.023415 0.532807
vt 0.023525 0.615930
vt 0.029792 0.719841
vt 0.023635 0.699054
vt 0.023662 0.719835
vt 0.023058 0.262657
vt 0.023031 0.241876
vt 0.023552 0.636711
vt 0.017162 0.449685
vt 0.017133 0.428905
vt 0.017649 0.802949
vt 0.017621 0.782169
vt 0.016731 0.137981
vt 0.017104 0.408124
vt 0.017592 0.761388
vt 0.016702 0.117201
vt 0.017076 0.387344
vt 0.017563 0.740608
vt 0.016674 0.096421
vt 0.017047 0.366564
vt 0.017535 0.719828
vt 0.016645 0.075641
vt 0.016588 0.034080
vt 0.017018 0.345784
vt 0.017506 0.699048
vt 0.017391 0.615927
vt 0.016616 0.054860
vt 0.016559 0.013300
vt 0.016989 0.325003
vt 0.017477 0.678267
vt 0.017362 0.595146
vt 0.017879 0.969190
vt 0.017850 0.948410
vt 0.016961 0.304223
vt 0.017449 0.657487
vt 0.017334 0.574366
vt 0.017821 0.927630
vt 0.016932 0.283443
vt 0.017420 0.636707
vt 0.017305 0.553586
vt 0.017793 0.906850
vt 0.016903 0.262663
vt 0.017276 0.532806
vt 0.017764 0.886070
vt 0.016875 0.241882
vt 0.017248 0.512025
vt 0.017735 0.865289
vt 0.016846 0.221102
vt 0.017219 0.491245
vt 0.017707 0.844509
vt 0.016817 0.200322
vt 0.017190 0.470465
vt 0.017678 0.823729
vt 0.016788 0.179542
vt 0.016760 0.158761
vt 0.471251 0.351666
vt 0.450839 0.330384
vt 0.471254 0.330508
vt 0.328286 0.329641
vt 0.308302 0.350804
vt 0.308292 0.329520
vt 0.491665 0.351774
vt 0.491669 0.330632
vt 0.348764 0.329766
vt 0.328294 0.350910
vt 0.512078 0.351882
vt 0.512084 0.330756
vt 0.369179 0.329889
vt 0.348771 0.351018
vt 0.529969 0.351976
vt 0.529976 0.330864
vt 0.389594 0.330013
vt 0.369184 0.351126
vt 0.410009 0.330137
vt 0.389598 0.351234
vt 0.430425 0.351450
vt 0.430425 0.330261
vt 0.450838 0.351558
vt 0.287133 0.350692
vt 0.287122 0.329392
vt 0.430425 0.372639
vt 0.410011 0.351342
vt 0.450837 0.372731
vt 0.287144 0.371992
vt 0.471248 0.372823
vt 0.308311 0.372088
vt 0.491660 0.372915
vt 0.328302 0.372178
vt 0.512072 0.373007
vt 0.348777 0.372270
vt 0.529961 0.373088
vt 0.369189 0.372362
vt 0.389601 0.372454
vt 0.491656 0.394056
vt 0.328310 0.393446
vt 0.512066 0.394133
vt 0.348784 0.393523
vt 0.529954 0.394200
vt 0.369194 0.393599
vt 0.410013 0.372547
vt 0.389604 0.393675
vt 0.430425 0.393828
vt 0.450835 0.393904
vt 0.287155 0.393292
vt 0.471245 0.393980
vt 0.308321 0.393371
vt 0.369199 0.414835
vt 0.410014 0.393751
vt 0.389607 0.414896
vt 0.430425 0.415017
vt 0.450834 0.415077
vt 0.287167 0.414592
vt 0.471242 0.415137
vt 0.308330 0.414655
vt 0.491651 0.415198
vt 0.328318 0.414714
vt 0.512060 0.415258
vt 0.348790 0.414775
vt 0.529946 0.415311
vt 0.450832 0.436250
vt 0.287178 0.435892
vt 0.471239 0.436295
vt 0.308340 0.435939
vt 0.491646 0.436339
vt 0.328326 0.435982
vt 0.512053 0.436384
vt 0.348796 0.436027
vt 0.529939 0.436423
vt 0.369204 0.436072
vt 0.410016 0.414956
vt 0.389611 0.436116
vt 0.430425 0.436205
vt 0.512047 0.457509
vt 0.348803 0.457279
vt 0.529931 0.457535
vt 0.369208 0.457308
vt 0.410018 0.436161
vt 0.389614 0.457337
vt 0.430425 0.457394
vt 0.450831 0.457423
vt 0.287189 0.457193
vt 0.471236 0.457452
vt 0.308350 0.457222
vt 0.491642 0.457481
vt 0.328334 0.457251
vt 0.410020 0.457366
vt 0.389617 0.478557
vt 0.430425 0.478583
vt 0.450829 0.478596
vt 0.287200 0.478493
vt 0.471233 0.478609
vt 0.308359 0.478506
vt 0.491637 0.478622
vt 0.328342 0.478519
vt 0.512041 0.478635
vt 0.348809 0.478532
vt 0.529924 0.478646
vt 0.369213 0.478545
vt 0.471230 0.499766
vt 0.308369 0.499790
vt 0.491633 0.499763
vt 0.328350 0.499787
vt 0.512035 0.499761
vt 0.348816 0.499784
vt 0.529916 0.499758
vt 0.369218 0.499781
vt 0.410021 0.478570
vt 0.389620 0.499778
vt 0.430426 0.499772
vt 0.450828 0.499769
vt 0.287211 0.499793
vt 0.512029 0.520886
vt 0.389624 0.520999
vt 0.410025 0.520980
vt 0.410023 0.499775
vt 0.430426 0.520961
vt 0.308378 0.521073
vt 0.450827 0.520942
vt 0.328358 0.521055
vt 0.471227 0.520924
vt 0.348822 0.521036
vt 0.491628 0.520905
vt 0.369223 0.521017
vt 0.410026 0.542185
vt 0.430426 0.542150
vt 0.308388 0.542357
vt 0.287222 0.521093
vt 0.450825 0.542115
vt 0.328366 0.542323
vt 0.471224 0.542081
vt 0.348828 0.542288
vt 0.491624 0.542046
vt 0.369228 0.542254
vt 0.529909 0.520870
vt 0.512023 0.542012
vt 0.389627 0.542219
vt 0.471221 0.563238
vt 0.348835 0.563541
vt 0.491619 0.563188
vt 0.369232 0.563490
vt 0.529901 0.541981
vt 0.512017 0.563137
vt 0.389630 0.563440
vt 0.410028 0.563389
vt 0.430426 0.563339
vt 0.308397 0.563641
vt 0.287234 0.542393
vt 0.450824 0.563289
vt 0.328374 0.563591
vt 0.410030 0.584594
vt 0.430426 0.584528
vt 0.308407 0.584924
vt 0.287245 0.563693
vt 0.450822 0.584462
vt 0.328382 0.584860
vt 0.471218 0.584395
vt 0.348841 0.584793
vt 0.491615 0.584329
vt 0.369237 0.584727
vt 0.529894 0.563093
vt 0.512011 0.584263
vt 0.389633 0.584660
vt 0.430426 0.605717
vt 0.308416 0.606208
vt 0.287256 0.584993
vt 0.450821 0.605635
vt 0.328390 0.606128
vt 0.471215 0.605552
vt 0.348847 0.606045
vt 0.491610 0.605470
vt 0.369242 0.605963
vt 0.529886 0.584205
vt 0.512004 0.605388
vt 0.389637 0.605881
vt 0.410031 0.605799
vt 0.491605 0.626612
vt 0.369247 0.627199
vt 0.529879 0.605316
vt 0.511998 0.626514
vt 0.389640 0.627102
vt 0.410033 0.627004
vt 0.430426 0.626906
vt 0.308426 0.627491
vt 0.287267 0.606293
vt 0.450819 0.626808
vt 0.328398 0.627396
vt 0.471212 0.626710
vt 0.348854 0.627297
vt 0.410035 0.648208
vt 0.430427 0.648095
vt 0.308435 0.648775
vt 0.287278 0.627593
vt 0.450818 0.647981
vt 0.328406 0.648663
vt 0.471209 0.647867
vt 0.348860 0.648549
vt 0.491601 0.647753
vt 0.369252 0.648436
vt 0.529871 0.626428
vt 0.511992 0.647639
vt 0.389643 0.648322
vt 0.450816 0.669154
vt 0.328414 0.669931
vt 0.471206 0.669024
vt 0.348867 0.669801
vt 0.491596 0.668894
vt 0.369257 0.669672
vt 0.529864 0.647540
vt 0.511986 0.668765
vt 0.389646 0.669542
vt 0.410037 0.669413
vt 0.430427 0.669283
vt 0.308445 0.670058
vt 0.287289 0.648893
vt 0.529856 0.668651
vt 0.511980 0.689890
vt 0.389650 0.690763
vt 0.410038 0.690618
vt 0.430427 0.690472
vt 0.308454 0.691341
vt 0.287300 0.670192
vt 0.450815 0.690327
vt 0.328422 0.691199
vt 0.471203 0.690181
vt 0.348873 0.691053
vt 0.491592 0.690036
vt 0.369261 0.690908
vt 0.430427 0.711661
vt 0.308464 0.712625
vt 0.287311 0.691492
vt 0.450814 0.711500
vt 0.328430 0.712467
vt 0.471200 0.711339
vt 0.348879 0.712305
vt 0.491587 0.711177
vt 0.369266 0.712144
vt 0.529849 0.689763
vt 0.511974 0.711016
vt 0.389653 0.711983
vt 0.410040 0.711822
vt 0.471197 0.732496
vt 0.348886 0.733557
vt 0.491583 0.732318
vt 0.369271 0.733381
vt 0.529841 0.710875
vt 0.511968 0.732141
vt 0.389656 0.733204
vt 0.410042 0.733027
vt 0.430427 0.732850
vt 0.308473 0.733908
vt 0.287322 0.712792
vt 0.450812 0.732673
vt 0.328438 0.733735
vt 0.410043 0.754232
vt 0.430427 0.754039
vt 0.308483 0.755191
vt 0.287333 0.734091
vt 0.450811 0.753846
vt 0.328446 0.755002
vt 0.471194 0.753653
vt 0.348892 0.754809
vt 0.491578 0.753460
vt 0.369276 0.754617
vt 0.529834 0.731986
vt 0.511962 0.753267
vt 0.389659 0.754424
vt 0.287356 0.776690
vt 0.287345 0.755391
vt 0.471191 0.774810
vt 0.308492 0.776474
vt 0.491573 0.774601
vt 0.328454 0.776270
vt 0.511955 0.774393
vt 0.348899 0.776061
vt 0.529819 0.774210
vt 0.529826 0.753098
vt 0.369281 0.775853
vt 0.389663 0.775645
vt 0.430427 0.775228
vt 0.450809 0.775019
vt 0.511949 0.795518
vt 0.348905 0.797313
vt 0.529811 0.795321
vt 0.369285 0.797089
vt 0.410045 0.775436
vt 0.389666 0.796865
vt 0.430427 0.796417
vt 0.450808 0.796192
vt 0.287367 0.797990
vt 0.471188 0.795968
vt 0.308502 0.797758
vt 0.491569 0.795742
vt 0.328462 0.797538
vt 0.430428 0.817606
vt 0.410047 0.796641
vt 0.450806 0.817365
vt 0.287378 0.819290
vt 0.471185 0.817125
vt 0.308511 0.819041
vt 0.491564 0.816884
vt 0.328470 0.818806
vt 0.511943 0.816644
vt 0.348911 0.818565
vt 0.529804 0.816433
vt 0.369290 0.818326
vt 0.389669 0.818086
vt 0.308521 0.840324
vt 0.491560 0.838025
vt 0.328478 0.840074
vt 0.511937 0.837769
vt 0.348918 0.839817
vt 0.529796 0.837545
vt 0.369295 0.839562
vt 0.410048 0.817846
vt 0.389673 0.839306
vt 0.430428 0.838795
vt 0.450805 0.838538
vt 0.287389 0.840589
vt 0.471182 0.838282
vt 0.529789 0.858656
vt 0.369300 0.860798
vt 0.410050 0.839050
vt 0.389676 0.860527
vt 0.430428 0.859984
vt 0.450804 0.859711
vt 0.287400 0.861889
vt 0.471179 0.859439
vt 0.308530 0.861608
vt 0.491555 0.859166
vt 0.328485 0.861342
vt 0.511931 0.858895
vt 0.348924 0.861069
vt 0.450802 0.880884
vt 0.287411 0.883189
vt 0.471176 0.880596
vt 0.308540 0.882891
vt 0.491551 0.880308
vt 0.328493 0.882610
vt 0.511925 0.880020
vt 0.348931 0.882321
vt 0.529781 0.879768
vt 0.369305 0.882034
vt 0.410052 0.860255
vt 0.389679 0.881747
vt 0.430428 0.881173
vt 0.328501 0.903877
vt 0.511919 0.901146
vt 0.348937 0.903574
vt 0.529774 0.900880
vt 0.369310 0.903270
vt 0.410053 0.881460
vt 0.389682 0.902967
vt 0.430428 0.902361
vt 0.450801 0.902057
vt 0.287422 0.904488
vt 0.471173 0.901754
vt 0.308549 0.904174
vt 0.491546 0.901449
vt 0.410055 0.902664
vt 0.389686 0.924188
vt 0.430428 0.923550
vt 0.450799 0.923230
vt 0.287434 0.925788
vt 0.471170 0.922911
vt 0.308559 0.925457
vt 0.491542 0.922590
vt 0.328509 0.925145
vt 0.511912 0.922271
vt 0.348943 0.924825
vt 0.529766 0.921991
vt 0.369314 0.924507
vt 0.287445 0.947088
vt 0.471167 0.944068
vt 0.308568 0.946741
vt 0.491537 0.943731
vt 0.328517 0.946413
vt 0.511906 0.943397
vt 0.348950 0.946077
vt 0.529759 0.943103
vt 0.369319 0.945743
vt 0.410057 0.923869
vt 0.389689 0.945408
vt 0.430428 0.944739
vt 0.450798 0.944403
vt 0.348956 0.967330
vt 0.529751 0.964215
vt 0.369324 0.966979
vt 0.410059 0.945074
vt 0.389692 0.966629
vt 0.430428 0.965928
vt 0.450796 0.965576
vt 0.287456 0.968387
vt 0.471164 0.965225
vt 0.308578 0.968024
vt 0.491532 0.964873
vt 0.328525 0.967681
vt 0.511900 0.964522
vt 0.430429 0.987117
vt 0.410060 0.966279
vt 0.450795 0.986749
vt 0.287467 0.989687
vt 0.471161 0.986383
vt 0.308587 0.989307
vt 0.491528 0.986014
vt 0.328533 0.988949
vt 0.511894 0.985648
vt 0.348962 0.988581
vt 0.529744 0.985326
vt 0.369329 0.988215
vt 0.389695 0.987849
vt 0.328175 0.031887
vt 0.308149 0.010265
vt 0.328167 0.010619
vt 0.491738 0.013511
vt 0.471296 0.034306
vt 0.471299 0.013149
vt 0.348675 0.032233
vt 0.348669 0.010981
vt 0.512176 0.013872
vt 0.491733 0.034652
vt 0.369112 0.032579
vt 0.369107 0.011342
vt 0.530089 0.014189
vt 0.512170 0.034998
vt 0.389549 0.032924
vt 0.389545 0.011703
vt 0.409986 0.033270
vt 0.409984 0.012065
vt 0.430423 0.012426
vt 0.450861 0.012788
vt 0.430423 0.033615
vt 0.308159 0.031548
vt 0.286953 0.009890
vt 0.450860 0.033961
vt 0.389552 0.054145
vt 0.409987 0.054475
vt 0.430423 0.054804
vt 0.308168 0.052832
vt 0.286965 0.031190
vt 0.450858 0.055134
vt 0.328183 0.053155
vt 0.471293 0.055464
vt 0.348681 0.053485
vt 0.491729 0.055793
vt 0.369117 0.053815
vt 0.530081 0.035300
vt 0.512164 0.056123
vt 0.430423 0.075993
vt 0.308178 0.074116
vt 0.286976 0.052490
vt 0.450857 0.076307
vt 0.328190 0.074423
vt 0.471290 0.076621
vt 0.348688 0.074738
vt 0.491724 0.076935
vt 0.369121 0.075052
vt 0.530074 0.056412
vt 0.512158 0.077249
vt 0.389555 0.075365
vt 0.409989 0.075679
vt 0.471287 0.097778
vt 0.348694 0.095990
vt 0.491719 0.098076
vt 0.369126 0.096288
vt 0.530066 0.077524
vt 0.512151 0.098374
vt 0.389558 0.096586
vt 0.409991 0.096884
vt 0.430423 0.097182
vt 0.308187 0.095399
vt 0.286987 0.073790
vt 0.450855 0.097480
vt 0.328198 0.095691
vt 0.389562 0.117807
vt 0.409992 0.118089
vt 0.430423 0.118371
vt 0.308197 0.116683
vt 0.286998 0.095090
vt 0.450854 0.118653
vt 0.328206 0.116960
vt 0.471284 0.118936
vt 0.348701 0.117242
vt 0.491715 0.119218
vt 0.369131 0.117525
vt 0.530059 0.098636
vt 0.512145 0.119500
vt 0.430423 0.139560
vt 0.308206 0.137967
vt 0.287010 0.116391
vt 0.450852 0.139827
vt 0.328214 0.138228
vt 0.471281 0.140093
vt 0.348707 0.138495
vt 0.491710 0.140359
vt 0.369136 0.138761
vt 0.530051 0.119747
vt 0.512139 0.140626
vt 0.389565 0.139027
vt 0.409994 0.139294
vt 0.491706 0.161501
vt 0.369141 0.159998
vt 0.530044 0.140859
vt 0.512133 0.161751
vt 0.389568 0.160248
vt 0.409996 0.160499
vt 0.430423 0.160749
vt 0.308216 0.159251
vt 0.287021 0.137691
vt 0.450851 0.161000
vt 0.328222 0.159496
vt 0.471278 0.161250
vt 0.348713 0.159747
vt 0.409998 0.181703
vt 0.430424 0.181938
vt 0.308225 0.180534
vt 0.287032 0.158991
vt 0.450849 0.182173
vt 0.328230 0.180764
vt 0.471275 0.182407
vt 0.348720 0.180999
vt 0.491701 0.182642
vt 0.369146 0.181234
vt 0.530036 0.161971
vt 0.512127 0.182877
vt 0.389571 0.181469
vt 0.450848 0.203346
vt 0.328238 0.202032
vt 0.471272 0.203565
vt 0.348726 0.202252
vt 0.491697 0.203784
vt 0.369150 0.202470
vt 0.530029 0.183082
vt 0.512121 0.204002
vt 0.389575 0.202689
vt 0.409999 0.202908
vt 0.430424 0.203127
vt 0.308235 0.201818
vt 0.287043 0.180291
vt 0.530021 0.204194
vt 0.512115 0.225128
vt 0.389578 0.223910
vt 0.410001 0.224113
vt 0.430424 0.224316
vt 0.308245 0.223102
vt 0.287054 0.201591
vt 0.450847 0.224519
vt 0.328246 0.223301
vt 0.471269 0.224722
vt 0.348733 0.223504
vt 0.491692 0.224925
vt 0.369155 0.223707
vt 0.410003 0.245318
vt 0.430424 0.245505
vt 0.308254 0.244385
vt 0.287066 0.222891
vt 0.450845 0.245692
vt 0.328254 0.244569
vt 0.471266 0.245879
vt 0.348739 0.244756
vt 0.491688 0.246066
vt 0.369160 0.244943
vt 0.530014 0.225306
vt 0.512109 0.246254
vt 0.389581 0.245131
vt 0.471263 0.267037
vt 0.348745 0.266009
vt 0.491683 0.267208
vt 0.369165 0.266180
vt 0.530006 0.246418
vt 0.512102 0.267379
vt 0.389584 0.266351
vt 0.410004 0.266523
vt 0.430424 0.266694
vt 0.308264 0.265669
vt 0.287077 0.244191
vt 0.450844 0.266865
vt 0.328262 0.265837
vt 0.389588 0.287572
vt 0.430424 0.287883
vt 0.450842 0.288038
vt 0.287099 0.286792
vt 0.287088 0.265491
vt 0.471260 0.288194
vt 0.308273 0.286953
vt 0.491678 0.288349
vt 0.328270 0.287105
vt 0.512096 0.288505
vt 0.348752 0.287261
vt 0.529991 0.288641
vt 0.529999 0.267529
vt 0.369170 0.287416
vt 0.450841 0.309211
vt 0.287110 0.308092
vt 0.471257 0.309351
vt 0.308283 0.308237
vt 0.491674 0.309491
vt 0.328278 0.308373
vt 0.512090 0.309630
vt 0.348758 0.308513
vt 0.529984 0.309753
vt 0.369175 0.308653
vt 0.410006 0.287727
vt 0.389591 0.308792
vt 0.430424 0.309072
vt 0.410008 0.308932
vt 0.824323 0.741132
vt 0.856241 0.740711
vt 0.842269 0.757888
vt 0.885539 0.636090
vt 0.858480 0.619150
vt 0.882524 0.614152
vt 0.561851 0.658264
vt 0.588910 0.675204
vt 0.564866 0.680202
vt 0.621338 0.773037
vt 0.652181 0.764819
vt 0.639430 0.785799
vt 0.636801 0.540398
vt 0.605121 0.536467
vt 0.621300 0.521349
vt 0.652150 0.529559
vt 0.639393 0.508578
vt 0.591171 0.740746
vt 0.623096 0.741158
vt 0.605148 0.757925
vt 0.704971 0.783567
vt 0.723720 0.809392
vt 0.701636 0.807888
vt 0.853413 0.601056
vt 0.876545 0.592833
vt 0.807960 0.508555
vt 0.778521 0.520898
vt 0.788299 0.498371
vt 0.826052 0.521317
vt 0.795208 0.529535
vt 0.842242 0.536429
vt 0.810561 0.540370
vt 0.723715 0.784847
vt 0.745802 0.807880
vt 0.704931 0.510794
vt 0.679914 0.490978
vt 0.701588 0.486475
vt 0.686574 0.779747
vt 0.679959 0.803392
vt 0.795240 0.764795
vt 0.826090 0.773006
vt 0.807997 0.785777
vt 0.876559 0.701481
vt 0.858491 0.675169
vt 0.882526 0.680161
vt 0.723674 0.509507
vt 0.723670 0.484963
vt 0.579650 0.572565
vt 0.593969 0.601093
vt 0.570831 0.592873
vt 0.810589 0.753956
vt 0.564864 0.614193
vt 0.586344 0.637800
vt 0.561851 0.636124
vt 0.588899 0.619185
vt 0.668868 0.773456
vt 0.659091 0.795983
vt 0.742419 0.510788
vt 0.745753 0.486466
vt 0.885539 0.658230
vt 0.861042 0.637765
vt 0.861045 0.656555
vt 0.579666 0.721827
vt 0.611233 0.726585
vt 0.570845 0.701521
vt 0.601467 0.710531
vt 0.742459 0.783561
vt 0.767476 0.803376
vt 0.867724 0.572527
vt 0.836157 0.567769
vt 0.856219 0.553608
vt 0.824294 0.553196
vt 0.767431 0.490963
vt 0.778558 0.773442
vt 0.788337 0.795963
vt 0.593977 0.693298
vt 0.760854 0.779735
vt 0.760816 0.514608
vt 0.686536 0.514619
vt 0.659052 0.498392
vt 0.623067 0.553222
vt 0.591149 0.553644
vt 0.845923 0.583823
vt 0.611213 0.567802
vt 0.836177 0.726552
vt 0.867740 0.721789
vt 0.586348 0.656590
vt 0.636829 0.753984
vt 0.853420 0.693262
vt 0.723708 0.729242
vt 0.801017 0.619684
vt 0.643344 0.630492
vt 0.690989 0.571911
vt 0.668832 0.520913
vt 0.712533 0.728480
vt 0.804041 0.630469
vt 0.601450 0.583856
vt 0.646364 0.619707
vt 0.701542 0.568159
vt 0.701567 0.726202
vt 0.805568 0.641565
vt 0.656644 0.599862
vt 0.712508 0.565878
vt 0.691012 0.722453
vt 0.805569 0.652766
vt 0.663711 0.591172
vt 0.723682 0.565112
vt 0.804046 0.663862
vt 0.671896 0.583526
vt 0.734856 0.565875
vt 0.681067 0.717302
vt 0.845940 0.710498
vt 0.801025 0.674648
vt 0.681045 0.577066
vt 0.745823 0.568152
vt 0.671915 0.710844
vt 0.790746 0.694493
vt 0.756377 0.571901
vt 0.663728 0.703200
vt 0.783679 0.703182
vt 0.656658 0.694513
vt 0.775494 0.710828
vt 0.766323 0.577052
vt 0.650836 0.684943
vt 0.766345 0.717289
vt 0.775475 0.583510
vt 0.646372 0.674671
vt 0.756401 0.722443
vt 0.783662 0.591154
vt 0.643349 0.663886
vt 0.745848 0.726196
vt 0.790732 0.599842
vt 0.641822 0.652789
vt 0.734882 0.728476
vt 0.796553 0.609411
vt 0.641821 0.641589
vt 0.270409 0.616086
vt 0.271236 0.636891
vt 0.270386 0.636890
vt 0.270362 0.657694
vt 0.271189 0.678499
vt 0.270339 0.678498
vt 0.271166 0.699304
vt 0.270316 0.699303
vt 0.271142 0.720108
vt 0.270292 0.720107
vt 0.270269 0.740911
vt 0.271119 0.740912
vt 0.270246 0.761715
vt 0.271095 0.761716
vt 0.270223 0.782519
vt 0.271072 0.782520
vt 0.270199 0.803324
vt 0.271049 0.803325
vt 0.270176 0.824128
vt 0.271025 0.824129
vt 0.270153 0.844932
vt 0.271002 0.844933
vt 0.270129 0.865736
vt 0.270978 0.865737
vt 0.270106 0.886540
vt 0.270955 0.886542
vt 0.270083 0.907344
vt 0.270931 0.907346
vt 0.270059 0.928148
vt 0.270908 0.928150
vt 0.270036 0.948953
vt 0.270884 0.948954
vt 0.270013 0.969757
vt 0.270861 0.969759
vt 0.271085 0.012765
vt 0.271917 0.033567
vt 0.271061 0.033569
vt 0.271893 0.054371
vt 0.271038 0.054373
vt 0.271870 0.075176
vt 0.271015 0.075177
vt 0.271846 0.095980
vt 0.270991 0.095981
vt 0.271823 0.116784
vt 0.270968 0.116785
vt 0.271800 0.137588
vt 0.270945 0.137590
vt 0.271776 0.158393
vt 0.270922 0.158394
vt 0.271753 0.179197
vt 0.270898 0.179198
vt 0.271729 0.200001
vt 0.270875 0.200002
vt 0.271706 0.220805
vt 0.270852 0.220806
vt 0.271682 0.241610
vt 0.270828 0.241611
vt 0.270805 0.262415
vt 0.271659 0.262414
vt 0.270782 0.283219
vt 0.271635 0.283218
vt 0.270758 0.304023
vt 0.271612 0.304022
vt 0.270735 0.324827
vt 0.271588 0.324827
vt 0.270712 0.345632
vt 0.271565 0.345631
vt 0.270689 0.366436
vt 0.271541 0.366435
vt 0.270665 0.387240
vt 0.271518 0.387240
vt 0.270642 0.408044
vt 0.271494 0.408044
vt 0.270619 0.428848
vt 0.271471 0.428848
vt 0.270595 0.449653
vt 0.271447 0.449652
vt 0.270572 0.470457
vt 0.271424 0.470457
vt 0.270549 0.491261
vt 0.271400 0.491261
vt 0.271377 0.512065
vt 0.270525 0.512065
vt 0.271353 0.532870
vt 0.270502 0.532869
vt 0.271330 0.553674
vt 0.270479 0.553673
vt 0.271306 0.574478
vt 0.270455 0.574477
vt 0.271283 0.595282
vt 0.270432 0.595282
vt 0.271260 0.616086
vt 0.267179 0.616084
vt 0.267134 0.657692
vt 0.267111 0.678495
vt 0.267089 0.699299
vt 0.267043 0.740907
vt 0.267021 0.761711
vt 0.266998 0.782515
vt 0.266975 0.803319
vt 0.266953 0.824122
vt 0.266930 0.844926
vt 0.266908 0.865730
vt 0.266885 0.886534
vt 0.266862 0.907338
vt 0.266840 0.928142
vt 0.266817 0.948946
vt 0.266794 0.969750
vt 0.267836 0.012772
vt 0.267813 0.033575
vt 0.267790 0.054379
vt 0.267768 0.075183
vt 0.267745 0.095987
vt 0.267722 0.116791
vt 0.267700 0.137595
vt 0.267677 0.158398
vt 0.267654 0.179202
vt 0.267632 0.200006
vt 0.267609 0.220810
vt 0.267564 0.262418
vt 0.267541 0.283222
vt 0.267519 0.304026
vt 0.267496 0.324830
vt 0.267473 0.345634
vt 0.267451 0.366437
vt 0.267428 0.387241
vt 0.267405 0.408045
vt 0.267383 0.428849
vt 0.267360 0.449653
vt 0.267338 0.470457
vt 0.267315 0.491261
vt 0.267292 0.512064
vt 0.267270 0.532868
vt 0.267247 0.553672
vt 0.267224 0.574476
vt 0.267202 0.595280
vt 0.267157 0.636888
vt 0.268750 0.657693
vt 0.268773 0.636889
vt 0.268727 0.678497
vt 0.268704 0.699301
vt 0.268681 0.720105
vt 0.267066 0.720103
vt 0.268658 0.740909
vt 0.268635 0.761713
vt 0.268612 0.782517
vt 0.268589 0.803321
vt 0.268566 0.824125
vt 0.268543 0.844929
vt 0.268520 0.865733
vt 0.268497 0.886537
vt 0.268474 0.907341
vt 0.268451 0.928145
vt 0.268428 0.948949
vt 0.268405 0.969753
vt 0.269439 0.033572
vt 0.269462 0.012768
vt 0.269416 0.054376
vt 0.269393 0.075180
vt 0.269370 0.095984
vt 0.269347 0.116788
vt 0.269324 0.137592
vt 0.269301 0.158396
vt 0.269278 0.179200
vt 0.269255 0.200004
vt 0.269232 0.220808
vt 0.269209 0.241612
vt 0.267587 0.241614
vt 0.269186 0.262416
vt 0.269163 0.283220
vt 0.269140 0.304024
vt 0.269117 0.324828
vt 0.269094 0.345632
vt 0.269071 0.366437
vt 0.269048 0.387241
vt 0.269025 0.408045
vt 0.269002 0.428849
vt 0.268979 0.449653
vt 0.268956 0.470457
vt 0.268933 0.491261
vt 0.268910 0.512065
vt 0.268888 0.532869
vt 0.268865 0.553673
vt 0.268842 0.574477
vt 0.268819 0.595281
vt 0.268796 0.616085
vt 0.271213 0.657695
vt 0.825962 0.840007
vt 0.820355 0.827980
vt 0.820355 0.840007
vt 0.755829 0.827953
vt 0.757526 0.834564
vt 0.759362 0.827990
vt 0.752751 0.829687
vt 0.750952 0.832729
vt 0.750915 0.836262
vt 0.752649 0.839340
vt 0.755691 0.841139
vt 0.759224 0.841176
vt 0.762302 0.839441
vt 0.764101 0.836400
vt 0.848390 0.840007
vt 0.842783 0.827980
vt 0.842783 0.840007
vt 0.764138 0.832867
vt 0.762403 0.829789
vt 0.760068 0.825298
vt 0.764361 0.827810
vt 0.837176 0.827980
vt 0.837176 0.840007
vt 0.814748 0.827980
vt 0.814748 0.840007
vt 0.809141 0.827980
vt 0.809141 0.840007
vt 0.803534 0.827980
vt 0.803534 0.840007
vt 0.797927 0.827980
vt 0.797927 0.840007
vt 0.792320 0.827980
vt 0.792320 0.840007
vt 0.786713 0.827980
vt 0.786713 0.840007
vt 0.781106 0.827980
vt 0.781106 0.840007
vt 0.831569 0.827980
vt 0.831569 0.840007
vt 0.825962 0.827980
vt 0.760671 0.822829
vt 0.766117 0.825974
vt 0.755095 0.825269
vt 0.754382 0.822829
vt 0.750773 0.827730
vt 0.748936 0.825974
vt 0.748260 0.832023
vt 0.745791 0.831420
vt 0.745791 0.837709
vt 0.748936 0.843155
vt 0.748231 0.836996
vt 0.754382 0.846299
vt 0.750692 0.841318
vt 0.759958 0.843860
vt 0.760671 0.846299
vt 0.764280 0.841398
vt 0.766117 0.843155
vt 0.766792 0.837106
vt 0.769261 0.837709
vt 0.769261 0.831420
vt 0.766822 0.832132
vt 0.754985 0.843830
vt 0.902802 0.793884
vt 0.904781 0.803988
vt 0.909212 0.801467
vt 0.899502 0.797859
vt 0.894206 0.789092
vt 0.892547 0.793777
vt 0.884612 0.792498
vt 0.884627 0.787481
vt 0.878911 0.799954
vt 0.884626 0.798895
vt 0.876704 0.793956
vt 0.873868 0.802869
vt 0.869739 0.797964
vt 0.870143 0.807361
vt 0.864597 0.804141
vt 0.868177 0.812850
vt 0.861885 0.819771
vt 0.861865 0.811716
vt 0.864658 0.827335
vt 0.868206 0.818680
vt 0.869850 0.833498
vt 0.870225 0.824149
vt 0.876839 0.837513
vt 0.873994 0.828599
vt 0.884806 0.832479
vt 0.879057 0.831492
vt 0.884781 0.838897
vt 0.890547 0.831439
vt 0.892719 0.837481
vt 0.895587 0.828499
vt 0.899696 0.833434
vt 0.899317 0.824010
vt 0.904869 0.827242
vt 0.901285 0.818514
vt 0.907586 0.811572
vt 0.907611 0.819650
vt 0.901251 0.812675
vt 0.912594 0.810736
vt 0.912594 0.820581
vt 0.895421 0.802770
vt 0.890373 0.799852
vt 0.875025 0.789207
vt 0.866547 0.794067
vt 0.860249 0.801574
vt 0.856899 0.820597
vt 0.856899 0.810789
vt 0.860253 0.829817
vt 0.866560 0.837337
vt 0.875059 0.842247
vt 0.884727 0.843956
vt 0.894399 0.842254
vt 0.902908 0.837346
vt 0.909228 0.829820
vt 0.884723 0.815683
vt 0.899214 0.807203
vt 0.828519 0.854636
vt 0.837656 0.916262
vt 0.837656 0.854636
vt 0.782830 0.854636
vt 0.791967 0.916262
vt 0.791967 0.854636
vt 0.892483 0.854636
vt 0.901621 0.916262
vt 0.901621 0.854636
vt 0.846794 0.854636
vt 0.855932 0.916262
vt 0.855932 0.854636
vt 0.801105 0.854636
vt 0.810243 0.916262
vt 0.810243 0.854636
vt 0.746278 0.854636
vt 0.755416 0.916262
vt 0.755416 0.854636
vt 0.865070 0.854636
vt 0.874208 0.916262
vt 0.874208 0.854636
vt 0.819381 0.854636
vt 0.828519 0.916262
vt 0.764554 0.854636
vt 0.773692 0.916262
vt 0.773692 0.854636
vt 0.883345 0.854636
vt 0.892483 0.916262
vt 0.782830 0.916262
vt 0.846794 0.916262
vt 0.801105 0.916262
vt 0.910759 0.916262
vt 0.910759 0.854636
vt 0.865070 0.916262
vt 0.819381 0.916262
vt 0.764554 0.916262
vt 0.883345 0.916262
vt 0.897415 0.174829
vt 0.913278 0.179734
vt 0.905328 0.170259
vt 0.888416 0.123793
vt 0.875187 0.113757
vt 0.879417 0.125380
vt 0.921913 0.169443
vt 0.911202 0.163260
vt 0.863553 0.120474
vt 0.871503 0.129948
vt 0.926507 0.156820
vt 0.914327 0.154673
vt 0.854919 0.130764
vt 0.865630 0.136948
vt 0.926507 0.143387
vt 0.914327 0.145535
vt 0.871503 0.170259
vt 0.854919 0.169443
vt 0.863553 0.179734
vt 0.850324 0.143387
vt 0.862504 0.145535
vt 0.911202 0.136948
vt 0.921913 0.130764
vt 0.879417 0.174829
vt 0.875187 0.186450
vt 0.850324 0.156820
vt 0.862504 0.154673
vt 0.905328 0.129948
vt 0.913278 0.120474
vt 0.888416 0.176415
vt 0.888416 0.188783
vt 0.865630 0.163260
vt 0.897415 0.125380
vt 0.901645 0.113757
vt 0.901645 0.186450
vt 0.888416 0.111425
vt 0.851727 0.924687
vt 0.860865 0.984847
vt 0.860865 0.924687
vt 0.806038 0.924687
vt 0.815176 0.984847
vt 0.815176 0.924687
vt 0.751211 0.924686
vt 0.760349 0.984847
vt 0.760349 0.924686
vt 0.870002 0.924687
vt 0.879140 0.984847
vt 0.879140 0.924687
vt 0.824313 0.924687
vt 0.833451 0.984847
vt 0.833451 0.924687
vt 0.778624 0.924687
vt 0.769486 0.984847
vt 0.778624 0.984847
vt 0.888278 0.924687
vt 0.897416 0.984847
vt 0.897416 0.924687
vt 0.842589 0.924687
vt 0.851727 0.984847
vt 0.787762 0.924687
vt 0.796900 0.984847
vt 0.796900 0.924687
vt 0.742073 0.924686
vt 0.751211 0.984847
vt 0.806038 0.984847
vt 0.870002 0.984847
vt 0.824313 0.984847
vt 0.769487 0.924686
vt 0.888278 0.984847
vt 0.842589 0.984847
vt 0.787762 0.984847
vt 0.906554 0.984847
vt 0.906554 0.924687
vt 0.911720 0.681896
vt 0.905752 0.695329
vt 0.911720 0.695329
vt 0.911720 0.547565
vt 0.905752 0.560998
vt 0.911720 0.560998
vt 0.905752 0.708762
vt 0.911720 0.708762
vt 0.911719 0.574431
vt 0.905752 0.574431
vt 0.905752 0.722195
vt 0.911720 0.722195
vt 0.911719 0.614731
vt 0.905752 0.628164
vt 0.911719 0.628164
vt 0.905752 0.587865
vt 0.911719 0.587865
vt 0.905752 0.735628
vt 0.911720 0.735628
vt 0.905752 0.641597
vt 0.911719 0.641597
vt 0.905752 0.601298
vt 0.911719 0.601298
vt 0.905752 0.749061
vt 0.911720 0.749061
vt 0.905752 0.655030
vt 0.911719 0.655030
vt 0.905752 0.614731
vt 0.905752 0.762494
vt 0.911720 0.762494
vt 0.905752 0.668463
vt 0.911720 0.668463
vt 0.905752 0.775928
vt 0.911720 0.775928
vt 0.905752 0.681896
vt 0.911720 0.534132
vt 0.905752 0.547565
vt 0.617236 0.926182
vt 0.610686 0.982854
vt 0.628869 0.932898
vt 0.666960 0.866922
vt 0.721635 0.850631
vt 0.701132 0.826197
vt 0.642098 0.988393
vt 0.642098 0.935231
vt 0.673509 0.810249
vt 0.655327 0.860205
vt 0.673509 0.982854
vt 0.655327 0.932898
vt 0.642098 0.804711
vt 0.642098 0.857873
vt 0.701132 0.966906
vt 0.666960 0.926182
vt 0.610686 0.810249
vt 0.628869 0.860205
vt 0.721635 0.942472
vt 0.675595 0.915891
vt 0.604007 0.903268
vt 0.551652 0.880604
vt 0.551652 0.912500
vt 0.583064 0.826197
vt 0.617236 0.866922
vt 0.680189 0.903268
vt 0.732544 0.912500
vt 0.608601 0.915891
vt 0.562561 0.942472
vt 0.562561 0.850631
vt 0.608601 0.877212
vt 0.680189 0.889835
vt 0.732544 0.880604
vt 0.583063 0.966906
vt 0.604007 0.889835
vt 0.675595 0.877212
vt 0.924034 0.737299
vt 0.918739 0.769195
vt 0.924034 0.769195
vt 0.924034 0.418338
vt 0.918739 0.450234
vt 0.924034 0.450234
vt 0.918739 0.801091
vt 0.924034 0.801091
vt 0.918739 0.482130
vt 0.924034 0.482130
vt 0.918739 0.832987
vt 0.924034 0.832987
vt 0.918739 0.514026
vt 0.924034 0.514026
vt 0.918739 0.864884
vt 0.924034 0.864884
vt 0.924034 0.609715
vt 0.918739 0.641611
vt 0.924034 0.641611
vt 0.918738 0.545923
vt 0.924034 0.545923
vt 0.918739 0.896780
vt 0.924034 0.896780
vt 0.918739 0.673507
vt 0.924034 0.673507
vt 0.918739 0.577819
vt 0.924034 0.577819
vt 0.918739 0.928676
vt 0.924034 0.928676
vt 0.918739 0.705403
vt 0.924034 0.705403
vt 0.918739 0.609715
vt 0.918739 0.960571
vt 0.924034 0.960571
vt 0.918739 0.737299
vt 0.924034 0.992467
vt 0.918739 0.992467
vt 0.616109 0.893200
vt 0.623397 0.901053
vt 0.623397 0.894485
vt 0.633022 0.873044
vt 0.642021 0.878858
vt 0.642021 0.871458
vt 0.664807 0.910924
vt 0.654177 0.912256
vt 0.658934 0.917925
vt 0.625109 0.877613
vt 0.635553 0.879998
vt 0.660645 0.901053
vt 0.658399 0.907225
vt 0.616109 0.902338
vt 0.625643 0.907225
vt 0.619235 0.884613
vt 0.629865 0.883282
vt 0.667933 0.902338
vt 0.660645 0.894485
vt 0.619235 0.910924
vt 0.629865 0.912256
vt 0.625643 0.888313
vt 0.667933 0.893200
vt 0.658399 0.888313
vt 0.633022 0.922494
vt 0.625108 0.917925
vt 0.664807 0.884613
vt 0.654177 0.883282
vt 0.642021 0.924080
vt 0.635553 0.915540
vt 0.651020 0.873044
vt 0.658934 0.877613
vt 0.651020 0.922494
vt 0.642021 0.916680
vt 0.648489 0.879998
vt 0.648489 0.915540
vt 0.728934 0.296888
vt 0.752192 0.308834
vt 0.727524 0.300166
vt 0.705556 0.284855
vt 0.702724 0.291430
vt 0.681817 0.272602
vt 0.677534 0.282525
vt 0.657511 0.260015
vt 0.651684 0.273348
vt 0.632273 0.246958
vt 0.624980 0.263878
vt 0.608373 0.234552
vt 0.599603 0.254840
vt 0.620037 0.281615
vt 0.593678 0.276120
vt 0.726574 0.303606
vt 0.700815 0.298329
vt 0.674646 0.292939
vt 0.647802 0.287376
vt 0.726101 0.307144
vt 0.699863 0.305424
vt 0.673205 0.303649
vt 0.645859 0.301798
vt 0.617560 0.299862
vt 0.590701 0.298006
vt 0.673237 0.314456
vt 0.645897 0.316348
vt 0.617591 0.318280
vt 0.590727 0.320095
vt 0.726114 0.310712
vt 0.699887 0.312583
vt 0.726613 0.314246
vt 0.700886 0.319671
vt 0.674740 0.325158
vt 0.647914 0.330757
vt 0.620130 0.336524
vt 0.593759 0.341981
vt 0.727589 0.317679
vt 0.702841 0.326557
vt 0.677687 0.335555
vt 0.651874 0.344757
vt 0.625131 0.354255
vt 0.599743 0.363254
vt 0.657705 0.358087
vt 0.632502 0.371144
vt 0.608571 0.383521
vt 0.729023 0.320947
vt 0.705716 0.333112
vt 0.682024 0.345453
vt 0.730889 0.323989
vt 0.709457 0.339215
vt 0.687669 0.354667
vt 0.665300 0.370499
vt 0.642109 0.386872
vt 0.620082 0.402403
vt 0.694517 0.363026
vt 0.674516 0.381759
vt 0.653776 0.401146
vt 0.634066 0.419545
vt 0.733151 0.326748
vt 0.713995 0.344750
vt 0.650269 0.434626
vt 0.735768 0.329173
vt 0.719243 0.349615
vt 0.702439 0.370372
vt 0.685183 0.391654
vt 0.667285 0.413694
vt 0.738691 0.331220
vt 0.725105 0.353720
vt 0.711288 0.376568
vt 0.697100 0.399999
vt 0.682387 0.424274
vt 0.668396 0.447358
vt 0.710040 0.406634
vt 0.698795 0.432671
vt 0.688114 0.457489
vt 0.741865 0.332849
vt 0.731470 0.356988
vt 0.720896 0.381500
vt 0.745232 0.334031
vt 0.738220 0.359358
vt 0.731083 0.385077
vt 0.723756 0.411443
vt 0.716183 0.438703
vt 0.709048 0.464789
vt 0.745229 0.360787
vt 0.741660 0.387234
vt 0.737989 0.414344
vt 0.734190 0.442395
vt 0.731675 0.469443
vt 0.748727 0.334743
vt 0.752517 0.443600
vt 0.753454 0.470692
vt 0.752287 0.334973
vt 0.752366 0.361249
vt 0.752428 0.387933
vt 0.752474 0.415285
vt 0.755845 0.334717
vt 0.759500 0.360736
vt 0.763189 0.387161
vt 0.766945 0.414250
vt 0.770800 0.442276
vt 0.774419 0.468777
vt 0.773744 0.384935
vt 0.781142 0.411262
vt 0.788757 0.438509
vt 0.795942 0.464336
vt 0.759335 0.333978
vt 0.766496 0.359258
vt 0.816690 0.456981
vt 0.762692 0.332771
vt 0.773226 0.356841
vt 0.783898 0.381294
vt 0.794805 0.406374
vt 0.806051 0.432342
vt 0.779565 0.353531
vt 0.793464 0.376306
vt 0.807681 0.399673
vt 0.822358 0.423880
vt 0.836260 0.446858
vt 0.765853 0.331119
vt 0.819529 0.391282
vt 0.837368 0.413274
vt 0.854278 0.434155
vt 0.768760 0.329052
vt 0.785395 0.349389
vt 0.802264 0.370063
vt 0.771358 0.326608
vt 0.790607 0.344492
vt 0.810134 0.362680
vt 0.830128 0.381355
vt 0.850800 0.400719
vt 0.870402 0.419109
vt 0.795105 0.338931
vt 0.816926 0.354293
vt 0.839280 0.370076
vt 0.862400 0.386449
vt 0.884331 0.402002
vt 0.773600 0.323833
vt 0.846812 0.357654
vt 0.871950 0.370729
vt 0.895800 0.383152
vt 0.775443 0.320779
vt 0.798804 0.332810
vt 0.822515 0.345059
vt 0.776853 0.317502
vt 0.801635 0.326241
vt 0.826795 0.335150
vt 0.852584 0.344320
vt 0.879272 0.353852
vt 0.904596 0.362911
vt 0.829686 0.324749
vt 0.856486 0.330323
vt 0.884228 0.336132
vt 0.910554 0.341658
vt 0.777804 0.314064
vt 0.803546 0.319348
vt 0.886725 0.317900
vt 0.913561 0.319789
vt 0.778278 0.310528
vt 0.804501 0.312258
vt 0.831135 0.314050
vt 0.858447 0.315923
vt 0.778266 0.306960
vt 0.804481 0.305104
vt 0.831113 0.303252
vt 0.858428 0.301389
vt 0.886715 0.299496
vt 0.913560 0.297712
vt 0.856430 0.286992
vt 0.884198 0.281264
vt 0.910553 0.275839
vt 0.777768 0.303428
vt 0.803488 0.298019
vt 0.829621 0.292558
vt 0.776794 0.299995
vt 0.801539 0.291135
vt 0.826687 0.282165
vt 0.852490 0.273000
vt 0.879220 0.263542
vt 0.904593 0.254578
vt 0.798671 0.284579
vt 0.822364 0.272269
vt 0.846681 0.259674
vt 0.871876 0.246663
vt 0.895792 0.234326
vt 0.775362 0.296727
vt 0.862300 0.230940
vt 0.884315 0.215460
vt 0.773498 0.293685
vt 0.794936 0.278476
vt 0.816734 0.263052
vt 0.839110 0.247262
vt 0.771237 0.290925
vt 0.790405 0.272937
vt 0.809900 0.254688
vt 0.829919 0.235996
vt 0.850671 0.216667
vt 0.870374 0.198331
vt 0.819278 0.226087
vt 0.837206 0.204110
vt 0.854229 0.183261
vt 0.768621 0.288498
vt 0.785162 0.268067
vt 0.801991 0.247332
vt 0.765699 0.286450
vt 0.779304 0.263956
vt 0.793153 0.241121
vt 0.807387 0.217718
vt 0.822155 0.193503
vt 0.836181 0.170528
vt 0.762525 0.284818
vt 0.772940 0.260681
vt 0.783551 0.236171
vt 0.794466 0.211047
vt 0.805799 0.185045
vt 0.816566 0.160372
vt 0.780755 0.206197
vt 0.788442 0.178892
vt 0.795748 0.152981
vt 0.759159 0.283634
vt 0.766190 0.258303
vt 0.773364 0.232576
vt 0.755663 0.282920
vt 0.759178 0.256866
vt 0.762782 0.230401
vt 0.766512 0.203260
vt 0.770408 0.175160
vt 0.774117 0.148494
vt 0.752036 0.256398
vt 0.752001 0.229687
vt 0.752000 0.202290
vt 0.752032 0.173920
vt 0.752075 0.146994
vt 0.752102 0.282689
vt 0.733657 0.175194
vt 0.730032 0.148511
vt 0.748542 0.282944
vt 0.744897 0.256907
vt 0.741224 0.230449
vt 0.737490 0.203306
vt 0.745050 0.283682
vt 0.737893 0.258384
vt 0.730650 0.232672
vt 0.723253 0.206289
vt 0.715626 0.178959
vt 0.708399 0.153017
vt 0.720478 0.236314
vt 0.709555 0.211185
vt 0.698274 0.185147
vt 0.687579 0.160429
vt 0.741692 0.284889
vt 0.731155 0.260801
vt 0.667960 0.170609
vt 0.738528 0.286542
vt 0.724809 0.264113
vt 0.710896 0.241309
vt 0.696652 0.217901
vt 0.681926 0.193642
vt 0.735620 0.288610
vt 0.718973 0.268258
vt 0.702084 0.247562
vt 0.684784 0.226314
vt 0.666887 0.204286
vt 0.649910 0.183371
vt 0.694206 0.254958
vt 0.674174 0.236265
vt 0.653438 0.216882
vt 0.633766 0.198476
vt 0.733020 0.291055
vt 0.713757 0.273160
vt 0.730778 0.293832
vt 0.709256 0.278727
vt 0.687409 0.263357
vt 0.665024 0.247570
vt 0.641829 0.231195
vt 0.619832 0.215644
vt 0.539992 0.648567
vt 0.542388 0.627232
vt 0.542372 0.648498
vt 0.540033 0.627291
vt 0.542404 0.605966
vt 0.540073 0.606015
vt 0.542420 0.584700
vt 0.540114 0.584739
vt 0.542436 0.563434
vt 0.540154 0.563463
vt 0.542452 0.542167
vt 0.540195 0.542187
vt 0.542468 0.520901
vt 0.540236 0.520911
vt 0.542484 0.499635
vt 0.540317 0.478359
vt 0.540276 0.499635
vt 0.540358 0.457083
vt 0.542500 0.478369
vt 0.540398 0.435807
vt 0.542516 0.457102
vt 0.540439 0.414531
vt 0.542532 0.435836
vt 0.540479 0.393255
vt 0.542548 0.414570
vt 0.540520 0.371838
vt 0.542564 0.393304
vt 0.540561 0.350562
vt 0.542580 0.371897
vt 0.540601 0.329393
vt 0.542596 0.350631
vt 0.540642 0.308116
vt 0.542612 0.329471
vt 0.540683 0.286840
vt 0.542628 0.308204
vt 0.540723 0.265564
vt 0.542644 0.286938
vt 0.540764 0.244288
vt 0.542660 0.265672
vt 0.542692 0.223139
vt 0.542676 0.244406
vt 0.540804 0.223012
vt 0.542708 0.201873
vt 0.540845 0.201736
vt 0.542724 0.180607
vt 0.540886 0.180460
vt 0.542740 0.159341
vt 0.540926 0.159184
vt 0.542756 0.138075
vt 0.540967 0.137908
vt 0.542772 0.116808
vt 0.541008 0.116632
vt 0.542788 0.095542
vt 0.541048 0.095356
vt 0.542804 0.074276
vt 0.541089 0.074080
vt 0.542820 0.053010
vt 0.541130 0.052804
vt 0.542836 0.031744
vt 0.541170 0.031528
vt 0.542852 0.010477
vt 0.539382 0.967707
vt 0.542116 0.988758
vt 0.539342 0.988983
vt 0.539423 0.946431
vt 0.542132 0.967492
vt 0.539464 0.925155
vt 0.542148 0.946226
vt 0.539504 0.903879
vt 0.542164 0.924959
vt 0.539545 0.882603
vt 0.542180 0.903693
vt 0.539586 0.861327
vt 0.542196 0.882427
vt 0.539626 0.840051
vt 0.542212 0.861161
vt 0.539667 0.818775
vt 0.542228 0.839895
vt 0.539707 0.797499
vt 0.542244 0.818628
vt 0.539748 0.776223
vt 0.542260 0.797362
vt 0.539789 0.754947
vt 0.542276 0.776096
vt 0.539829 0.733671
vt 0.542292 0.754830
vt 0.542324 0.712297
vt 0.542308 0.733563
vt 0.539870 0.712395
vt 0.542340 0.691031
vt 0.539911 0.691119
vt 0.542356 0.669765
vt 0.539951 0.669843
vt 0.617562 0.214045
vt 0.605906 0.233279
vt 0.631735 0.196583
vt 0.648157 0.181218
vt 0.666517 0.168239
vt 0.686472 0.157884
vt 0.707649 0.150345
vt 0.729654 0.145763
vt 0.752074 0.144220
vt 0.774495 0.145745
vt 0.796497 0.150310
vt 0.817670 0.157827
vt 0.837622 0.168158
vt 0.855979 0.181109
vt 0.872401 0.196438
vt 0.886580 0.213860
vt 0.898255 0.233050
vt 0.907206 0.253650
vt 0.913267 0.275276
vt 0.916326 0.297524
vt 0.916326 0.319979
vt 0.913268 0.342223
vt 0.907208 0.363840
vt 0.898260 0.384428
vt 0.886593 0.403601
vt 0.872426 0.421001
vt 0.856024 0.436304
vt 0.837696 0.449224
vt 0.817790 0.459519
vt 0.796684 0.466996
vt 0.774785 0.471510
vt 0.752660 0.473017
vt 0.730468 0.471709
vt 0.708325 0.467478
vt 0.687016 0.460048
vt 0.666956 0.449740
vt 0.648518 0.436786
vt 0.632038 0.421445
vt 0.617814 0.404007
vt 0.606106 0.384801
vt 0.597128 0.364186
vt 0.591042 0.342547
vt 0.587959 0.320287
vt 0.587933 0.297819
vt 0.590962 0.275559
vt 0.596988 0.253915
vt 0.543946 0.669713
vt 0.543946 0.690973
vt 0.543946 0.712232
vt 0.543947 0.733492
vt 0.543947 0.754752
vt 0.543947 0.776012
vt 0.543948 0.797271
vt 0.543948 0.818531
vt 0.543948 0.839791
vt 0.543949 0.861051
vt 0.543949 0.882311
vt 0.543949 0.903570
vt 0.543950 0.924830
vt 0.543950 0.946090
vt 0.543950 0.967349
vt 0.543951 0.988609
vt 0.543936 0.010626
vt 0.543936 0.031886
vt 0.543936 0.053145
vt 0.543937 0.074405
vt 0.543937 0.095665
vt 0.543937 0.116924
vt 0.543938 0.138184
vt 0.543938 0.159444
vt 0.543938 0.180704
vt 0.543939 0.201964
vt 0.543939 0.223223
vt 0.543939 0.244483
vt 0.543940 0.265743
vt 0.543940 0.287003
vt 0.543940 0.308262
vt 0.543941 0.329522
vt 0.543941 0.350676
vt 0.543941 0.371936
vt 0.543942 0.393336
vt 0.543942 0.414596
vt 0.543942 0.435855
vt 0.543943 0.457115
vt 0.543943 0.478375
vt 0.543943 0.499635
vt 0.543944 0.520895
vt 0.543944 0.542154
vt 0.543944 0.563414
vt 0.543944 0.584674
vt 0.543945 0.605934
vt 0.543945 0.627193
vt 0.543945 0.648453
vt 0.812696 0.130996
vt 0.818787 0.136585
vt 0.818787 0.130996
vt 0.886717 0.150206
vt 0.884788 0.147029
vt 0.883448 0.149304
vt 0.883426 0.151943
vt 0.884726 0.154240
vt 0.886708 0.151091
vt 0.887001 0.155579
vt 0.887142 0.151861
vt 0.888788 0.152319
vt 0.889640 0.155601
vt 0.889558 0.151885
vt 0.891937 0.154301
vt 0.890008 0.151123
vt 0.893276 0.152026
vt 0.893299 0.149387
vt 0.891998 0.147090
vt 0.890017 0.150239
vt 0.788336 0.130996
vt 0.794426 0.136585
vt 0.794426 0.130996
vt 0.889724 0.145751
vt 0.889583 0.149469
vt 0.887937 0.149010
vt 0.887084 0.145728
vt 0.886548 0.143762
vt 0.883340 0.145595
vt 0.800516 0.136585
vt 0.800516 0.130996
vt 0.824877 0.136585
vt 0.824877 0.130996
vt 0.830966 0.136585
vt 0.830966 0.130996
vt 0.837056 0.136585
vt 0.837056 0.130996
vt 0.763975 0.130996
vt 0.770065 0.136585
vt 0.770065 0.130996
vt 0.776156 0.136585
vt 0.776156 0.130996
vt 0.782246 0.136585
vt 0.782246 0.130996
vt 0.788336 0.136585
vt 0.806606 0.136585
vt 0.806606 0.130996
vt 0.812696 0.136585
vt 0.886081 0.142150
vt 0.882129 0.144432
vt 0.881477 0.148785
vt 0.879848 0.148383
vt 0.879848 0.152946
vt 0.882129 0.156898
vt 0.881460 0.152480
vt 0.886081 0.159179
vt 0.883292 0.155688
vt 0.890177 0.157567
vt 0.890644 0.159179
vt 0.893385 0.155735
vt 0.894595 0.156898
vt 0.895247 0.152544
vt 0.896877 0.152946
vt 0.896877 0.148383
vt 0.894595 0.144432
vt 0.895265 0.148850
vt 0.890644 0.142150
vt 0.893432 0.145642
vt 0.887166 0.149445
vt 0.890242 0.143780
vt 0.886483 0.157550
vt 0.192890 0.980938
vt 0.187247 0.991457
vt 0.192885 0.991464
vt 0.187251 0.980938
vt 0.181609 0.991450
vt 0.181613 0.980938
vt 0.175971 0.991443
vt 0.170336 0.980938
vt 0.170333 0.991435
vt 0.164697 0.980938
vt 0.164695 0.991428
vt 0.159059 0.980938
vt 0.159057 0.991421
vt 0.153420 0.980938
vt 0.153419 0.991414
vt 0.147782 0.980938
vt 0.147781 0.991407
vt 0.142143 0.991400
vt 0.142143 0.980938
vt 0.136505 0.991392
vt 0.136505 0.980938
vt 0.130867 0.991385
vt 0.130866 0.980938
vt 0.125213 0.991378
vt 0.119573 0.980938
vt 0.119575 0.991371
vt 0.113965 0.980938
vt 0.113967 0.991364
vt 0.108326 0.980938
vt 0.108329 0.991357
vt 0.102688 0.980938
vt 0.102691 0.991350
vt 0.821567 0.051420
vt 0.805284 0.066339
vt 0.821550 0.063447
vt 0.097049 0.980938
vt 0.097053 0.991342
vt 0.091415 0.991335
vt 0.565631 0.778423
vt 0.566036 0.771922
vt 0.562252 0.776415
vt 0.571650 0.292461
vt 0.563959 0.315453
vt 0.571651 0.315473
vt 0.576891 0.771958
vt 0.582718 0.769037
vt 0.576909 0.768008
vt 0.585239 0.774971
vt 0.581330 0.772721
vt 0.588142 0.778426
vt 0.587807 0.771989
vt 0.589686 0.782668
vt 0.591575 0.776505
vt 0.589685 0.787182
vt 0.593570 0.782038
vt 0.588140 0.791423
vt 0.593550 0.787919
vt 0.587724 0.797929
vt 0.591519 0.793438
vt 0.585238 0.794880
vt 0.582622 0.800850
vt 0.581329 0.797135
vt 0.576828 0.801850
vt 0.576884 0.797918
vt 0.571043 0.800809
vt 0.568532 0.794875
vt 0.572440 0.797133
vt 0.565633 0.791418
vt 0.565963 0.797852
vt 0.564090 0.787177
vt 0.562200 0.793336
vt 0.564090 0.782665
vt 0.560209 0.787807
vt 0.560228 0.781930
vt 0.576886 0.784923
vt 0.584214 0.764727
vt 0.590690 0.768454
vt 0.595494 0.774173
vt 0.598049 0.781188
vt 0.598049 0.788653
vt 0.590698 0.801383
vt 0.584235 0.805113
vt 0.576886 0.806407
vt 0.569539 0.805110
vt 0.563079 0.801379
vt 0.558285 0.795664
vt 0.555734 0.788656
vt 0.555733 0.781199
vt 0.563059 0.768480
vt 0.569499 0.764740
vt 0.571114 0.768996
vt 0.576851 0.763442
vt 0.568529 0.774960
vt 0.867433 0.090075
vt 0.855598 0.108648
vt 0.873081 0.105611
vt 0.889813 0.051538
vt 0.900014 0.031922
vt 0.885705 0.040222
vt 0.833440 0.030925
vt 0.811377 0.031885
vt 0.825696 0.040126
vt 0.843764 0.090017
vt 0.822757 0.096648
vt 0.838124 0.105540
vt 0.885659 0.074894
vt 0.906103 0.066434
vt 0.889799 0.063580
vt 0.843865 0.024928
vt 0.855690 0.006330
vt 0.838192 0.009408
vt 0.811350 0.083035
vt 0.825647 0.074755
vt 0.877888 0.084113
vt 0.888509 0.096786
vt 0.888581 0.018306
vt 0.877977 0.030994
vt 0.805292 0.048575
vt 0.855598 0.092132
vt 0.906103 0.048636
vt 0.822802 0.018283
vt 0.833362 0.083982
vt 0.855715 0.022858
vt 0.873188 0.009420
vt 0.899998 0.083165
vt 0.867561 0.024964
vt 0.861422 0.041620
vt 0.870759 0.039602
vt 0.863721 0.035518
vt 0.866561 0.070433
vt 0.875929 0.069258
vt 0.870330 0.065935
vt 0.855636 0.040601
vt 0.855714 0.034085
vt 0.841047 0.065949
vt 0.840580 0.075387
vt 0.844827 0.070445
vt 0.844777 0.044558
vt 0.847702 0.035476
vt 0.840652 0.039522
vt 0.872332 0.060420
vt 0.878751 0.053492
vt 0.872322 0.054552
vt 0.855699 0.074399
vt 0.847612 0.079475
vt 0.855618 0.080917
vt 0.841013 0.049055
vt 0.832619 0.053368
vt 0.839017 0.054568
vt 0.870301 0.049042
vt 0.866514 0.044556
vt 0.863643 0.079540
vt 0.870682 0.075459
vt 0.839031 0.060433
vt 0.835368 0.069144
vt 0.849856 0.041622
vt 0.878733 0.061626
vt 0.849915 0.073379
vt 0.835414 0.045736
vt 0.875980 0.045844
vt 0.861480 0.073377
vt 0.832603 0.061497
vt 0.872128 0.037998
vt 0.864460 0.033543
vt 0.877744 0.070330
vt 0.855733 0.031978
vt 0.839211 0.076990
vt 0.846999 0.033489
vt 0.839312 0.037897
vt 0.880830 0.053143
vt 0.846872 0.081449
vt 0.855596 0.083026
vt 0.830548 0.052984
vt 0.864350 0.081534
vt 0.872021 0.077079
vt 0.833533 0.070182
vt 0.880806 0.062010
vt 0.833599 0.044667
vt 0.877815 0.044804
vt 0.830525 0.061845
vt 0.876244 0.033046
vt 0.866634 0.027484
vt 0.883336 0.073540
vt 0.855705 0.025542
vt 0.835095 0.081934
vt 0.844774 0.027454
vt 0.835157 0.032987
vt 0.887166 0.051996
vt 0.844692 0.087500
vt 0.855610 0.089450
vt 0.824208 0.051895
vt 0.866529 0.087547
vt 0.876173 0.082046
vt 0.827976 0.073422
vt 0.887154 0.063104
vt 0.828015 0.041476
vt 0.883375 0.041557
vt 0.824195 0.062990
vt 0.563959 0.062302
vt 0.571643 0.085281
vt 0.571642 0.062269
vt 0.571646 0.177332
vt 0.563959 0.200348
vt 0.571647 0.200344
vt 0.571653 0.384388
vt 0.563959 0.407361
vt 0.571654 0.407400
vt 0.571645 0.154319
vt 0.563959 0.177340
vt 0.563959 0.269371
vt 0.571649 0.269381
vt 0.563959 0.039294
vt 0.571642 0.039256
vt 0.563959 0.246363
vt 0.571648 0.246369
vt 0.563959 0.016286
vt 0.571641 0.016244
vt 0.571652 0.361375
vt 0.563959 0.384353
vt 0.571645 0.131306
vt 0.563959 0.154332
vt 0.571651 0.338363
vt 0.563959 0.361345
vt 0.571644 0.108294
vt 0.563959 0.131324
vt 0.563959 0.223355
vt 0.571648 0.223356
vt 0.577272 0.430445
vt 0.577271 0.407429
vt 0.563959 0.338338
vt 0.563959 0.108317
vt 0.577261 0.223357
vt 0.577260 0.200341
vt 0.577263 0.269389
vt 0.577262 0.246373
vt 0.577266 0.315488
vt 0.577265 0.292472
vt 0.577267 0.338381
vt 0.577251 0.039229
vt 0.577249 0.016213
vt 0.577253 0.085261
vt 0.577252 0.062245
vt 0.577254 0.108277
vt 0.577269 0.361397
vt 0.577270 0.384413
vt 0.577258 0.177325
vt 0.577256 0.131293
vt 0.577257 0.154309
vt 0.553608 0.407307
vt 0.553623 0.062345
vt 0.553616 0.223354
vt 0.553609 0.384306
vt 0.553624 0.039344
vt 0.553617 0.200353
vt 0.553610 0.361305
vt 0.553618 0.177351
vt 0.553611 0.338304
vt 0.553619 0.154350
vt 0.563959 0.292445
vt 0.553612 0.315425
vt 0.553620 0.131349
vt 0.553613 0.292424
vt 0.563959 0.085309
vt 0.553621 0.108348
vt 0.553614 0.269356
vt 0.553607 0.430309
vt 0.563959 0.430368
vt 0.553622 0.085347
vt 0.553615 0.246355
vt 0.571654 0.430413
vt 0.572437 0.772686
vt 0.703632 0.584156
vt 0.683880 0.595559
vt 0.726092 0.645865
vt 0.782964 0.678700
vt 0.790765 0.657269
vt 0.661420 0.657269
vt 0.669220 0.678700
vt 0.669220 0.613030
vt 0.790765 0.634462
vt 0.683880 0.696171
vt 0.661420 0.634462
vt 0.782964 0.613030
vt 0.703632 0.707575
vt 0.768304 0.595559
vt 0.726092 0.711535
vt 0.748553 0.584155
vt 0.748553 0.707575
vt 0.726092 0.580195
vt 0.768304 0.696171
vt 0.617165 0.103840
vt 0.601282 0.100999
vt 0.616893 0.107172
vt 0.632028 0.045716
vt 0.636315 0.027293
vt 0.629634 0.044555
vt 0.609260 0.014595
vt 0.597419 0.028615
vt 0.599813 0.029776
vt 0.636274 0.136682
vt 0.630808 0.118575
vt 0.628494 0.119888
vt 0.597376 0.137873
vt 0.610095 0.151099
vt 0.599689 0.136559
vt 0.593758 0.055455
vt 0.603698 0.065160
vt 0.595139 0.053074
vt 0.791595 0.066307
vt 0.775982 0.077618
vt 0.791866 0.077528
vt 0.593523 0.113612
vt 0.589033 0.114810
vt 0.592035 0.116284
vt 0.618878 0.057993
vt 0.775859 0.055884
vt 0.791743 0.055793
vt 0.700335 0.067956
vt 0.716129 0.081161
vt 0.716220 0.067941
vt 0.715789 0.098141
vt 0.701139 0.094623
vt 0.699905 0.098157
vt 0.700379 0.113025
vt 0.700383 0.009961
vt 0.716247 0.019392
vt 0.716267 0.009946
vt 0.700362 0.019407
vt 0.716204 0.030835
vt 0.700319 0.030851
vt 0.716195 0.043012
vt 0.700310 0.043027
vt 0.715999 0.055496
vt 0.700115 0.055511
vt 0.619364 0.061301
vt 0.628132 0.151987
vt 0.639578 0.137202
vt 0.608311 0.153927
vt 0.593482 0.050503
vt 0.639578 0.026561
vt 0.627202 0.012545
vt 0.607297 0.011888
vt 0.591989 0.111325
vt 0.590584 0.052168
vt 0.589337 0.065706
vt 0.776330 0.105226
vt 0.792134 0.111183
vt 0.792213 0.105031
vt 0.586917 0.101380
vt 0.589968 0.092429
vt 0.588174 0.074414
vt 0.586119 0.092635
vt 0.592023 0.074208
vt 0.716267 0.121252
vt 0.716263 0.113009
vt 0.776063 0.088055
vt 0.791946 0.087964
vt 0.776175 0.098233
vt 0.792059 0.098143
vt 0.775674 0.010125
vt 0.791533 0.019013
vt 0.791558 0.010034
vt 0.775661 0.020957
vt 0.791544 0.020867
vt 0.791159 0.034007
vt 0.775694 0.044933
vt 0.791577 0.044842
vt 0.701432 0.084643
vt 0.714603 0.094609
vt 0.714895 0.084629
vt 0.593470 0.142654
vt 0.593149 0.024198
vt 0.700245 0.081176
vt 0.964789 0.006240
vt 0.959973 0.991493
vt 0.964789 0.991495
vt 0.959973 0.006234
vt 0.955158 0.991491
vt 0.950343 0.006222
vt 0.950343 0.991490
vt 0.945528 0.006216
vt 0.945528 0.991488
vt 0.940713 0.006210
vt 0.940713 0.991486
vt 0.935897 0.006204
vt 0.935897 0.991484
vt 0.931082 0.991482
vt 0.969604 0.006247
vt 0.969604 0.991497
vt 0.843060 0.809487
vt 0.840504 0.815661
vt 0.843060 0.815661
vt 0.830277 0.809487
vt 0.832833 0.815661
vt 0.832833 0.809487
vt 0.835390 0.809487
vt 0.835390 0.815661
vt 0.845617 0.809487
vt 0.845617 0.815661
vt 0.814936 0.809487
vt 0.817493 0.815661
vt 0.817493 0.809487
vt 0.820050 0.815661
vt 0.820050 0.809487
vt 0.822606 0.815661
vt 0.822606 0.809487
vt 0.825163 0.815661
vt 0.825163 0.809487
vt 0.827720 0.815661
vt 0.827720 0.809487
vt 0.830277 0.815661
vt 0.837947 0.809487
vt 0.837947 0.815661
vt 0.840504 0.809487
vt 0.802480 0.804614
vt 0.801202 0.809385
vt 0.804695 0.805893
vt 0.805973 0.810664
vt 0.804695 0.812878
vt 0.884574 0.747522
vt 0.890747 0.750079
vt 0.890747 0.747522
vt 0.884574 0.757749
vt 0.890747 0.760306
vt 0.890747 0.757749
vt 0.884574 0.755193
vt 0.890747 0.755193
vt 0.884574 0.744965
vt 0.890747 0.744966
vt 0.884574 0.775647
vt 0.890747 0.773090
vt 0.884574 0.773090
vt 0.890747 0.770533
vt 0.884574 0.770533
vt 0.890747 0.767977
vt 0.884574 0.767976
vt 0.890747 0.765420
vt 0.884574 0.765420
vt 0.890747 0.762863
vt 0.884574 0.762863
vt 0.884574 0.760306
vt 0.884574 0.752636
vt 0.890747 0.752636
vt 0.884574 0.750079
vt 0.888997 0.735031
vt 0.887718 0.730260
vt 0.886440 0.735031
vt 0.888997 0.725489
vt 0.891211 0.726767
vt 0.987205 0.990614
vt 0.989484 0.962615
vt 0.987204 0.962580
vt 0.987199 0.691283
vt 0.989436 0.594027
vt 0.987197 0.594010
vt 0.989448 0.691305
vt 0.991673 0.594044
vt 0.991696 0.691327
vt 0.993910 0.594062
vt 0.975956 0.691174
vt 0.978246 0.593941
vt 0.976007 0.593923
vt 0.980454 0.691217
vt 0.980484 0.593958
vt 0.982701 0.691239
vt 0.982721 0.593975
vt 0.984958 0.593993
vt 0.982781 0.288159
vt 0.984977 0.376960
vt 0.984985 0.288162
vt 0.982745 0.469397
vt 0.984961 0.557005
vt 0.984969 0.469409
vt 0.991761 0.962650
vt 0.994047 0.990723
vt 0.994038 0.962685
vt 0.987196 0.557020
vt 0.987194 0.469420
vt 0.980578 0.288156
vt 0.982764 0.376952
vt 0.980522 0.469386
vt 0.982728 0.556989
vt 0.978373 0.288153
vt 0.980551 0.376945
vt 0.980637 0.098244
vt 0.982796 0.212732
vt 0.982819 0.098238
vt 0.978298 0.469375
vt 0.980495 0.556974
vt 0.976121 0.376931
vt 0.976167 0.288150
vt 0.978453 0.098250
vt 0.980601 0.212732
vt 0.976026 0.556942
vt 0.976072 0.469363
vt 0.991621 0.376981
vt 0.993804 0.288174
vt 0.991599 0.288171
vt 0.980370 0.962477
vt 0.982641 0.990543
vt 0.982647 0.962512
vt 0.976268 0.098255
vt 0.978405 0.212733
vt 0.991664 0.557051
vt 0.993867 0.469455
vt 0.991643 0.469443
vt 0.989408 0.376974
vt 0.989396 0.288168
vt 0.978093 0.962443
vt 0.980361 0.990507
vt 0.991554 0.098214
vt 0.993777 0.212729
vt 0.993737 0.098209
vt 0.989431 0.557036
vt 0.989420 0.469432
vt 0.987193 0.376967
vt 0.987191 0.288165
vt 0.975814 0.962408
vt 0.978082 0.990472
vt 0.989386 0.212730
vt 0.989371 0.098220
vt 0.987189 0.212731
vt 0.987187 0.098226
vt 0.989488 0.990651
vt 0.984923 0.990579
vt 0.984925 0.962546
vt 0.982751 0.440650
vt 0.984972 0.440661
vt 0.982758 0.406875
vt 0.984975 0.406884
vt 0.980531 0.440640
vt 0.980541 0.406867
vt 0.978310 0.440630
vt 0.978324 0.406858
vt 0.978336 0.376938
vt 0.976088 0.440620
vt 0.976105 0.406850
vt 0.993857 0.440701
vt 0.991636 0.440691
vt 0.993845 0.406918
vt 0.991628 0.406910
vt 0.993835 0.376988
vt 0.989416 0.440681
vt 0.989411 0.406901
vt 0.987194 0.440671
vt 0.987193 0.406892
vt 0.984992 0.212731
vt 0.985002 0.098232
vt 0.982789 0.251807
vt 0.984989 0.251808
vt 0.980589 0.251805
vt 0.978388 0.251804
vt 0.976187 0.251803
vt 0.976207 0.212733
vt 0.993791 0.251813
vt 0.991591 0.251812
vt 0.991581 0.212730
vt 0.989391 0.251811
vt 0.987190 0.251809
vt 0.982724 0.575446
vt 0.984960 0.575463
vt 0.980489 0.575430
vt 0.978254 0.575413
vt 0.978261 0.556958
vt 0.976017 0.575397
vt 0.993904 0.575529
vt 0.991668 0.575512
vt 0.993898 0.557067
vt 0.989433 0.575496
vt 0.987196 0.575479
vt 0.984949 0.691262
vt 0.984940 0.799317
vt 0.982687 0.761921
vt 0.982680 0.799289
vt 0.984943 0.761947
vt 0.982695 0.722491
vt 0.984947 0.722515
vt 0.980432 0.761896
vt 0.980420 0.799262
vt 0.980444 0.722468
vt 0.978176 0.761871
vt 0.978161 0.799236
vt 0.978193 0.722445
vt 0.978206 0.691196
vt 0.975919 0.761845
vt 0.975899 0.799208
vt 0.975940 0.722421
vt 0.991722 0.799397
vt 0.993968 0.762048
vt 0.991713 0.762022
vt 0.993955 0.722609
vt 0.991704 0.722585
vt 0.993944 0.691349
vt 0.989463 0.799370
vt 0.989458 0.761997
vt 0.989452 0.722562
vt 0.987201 0.799343
vt 0.987200 0.761971
vt 0.987199 0.722538
vt 0.985010 0.010267
vt 0.987186 0.047122
vt 0.987185 0.010257
vt 0.982837 0.010277
vt 0.985007 0.047130
vt 0.989365 0.047114
vt 0.989360 0.010247
vt 0.991542 0.047105
vt 0.991533 0.010237
vt 0.993719 0.047097
vt 0.993706 0.010227
vt 0.976295 0.047163
vt 0.978490 0.010297
vt 0.976314 0.010307
vt 0.978474 0.047155
vt 0.980664 0.010287
vt 0.982829 0.047138
vt 0.980652 0.047147
vt 0.984928 0.933332
vt 0.982653 0.933298
vt 0.987204 0.933364
vt 0.989480 0.933398
vt 0.991754 0.933431
vt 0.975829 0.933199
vt 0.978105 0.933232
vt 0.980379 0.933265
vt 0.994028 0.933465
vt 0.993981 0.799425
vt 0.670749 0.100244
vt 0.654887 0.097297
vt 0.670455 0.103575
vt 0.685198 0.045743
vt 0.689664 0.027363
vt 0.682816 0.044558
vt 0.662733 0.014403
vt 0.650759 0.028304
vt 0.653141 0.029488
vt 0.689634 0.133216
vt 0.684291 0.115071
vt 0.681969 0.116368
vt 0.650729 0.134142
vt 0.663356 0.147453
vt 0.653051 0.132845
vt 0.646837 0.055104
vt 0.656679 0.064907
vt 0.648241 0.052738
vt 0.765107 0.066218
vt 0.751939 0.077440
vt 0.765295 0.077440
vt 0.647042 0.109856
vt 0.642546 0.111023
vt 0.645537 0.112519
vt 0.671928 0.057890
vt 0.751906 0.055705
vt 0.765261 0.055705
vt 0.727884 0.067950
vt 0.741158 0.081160
vt 0.741240 0.067940
vt 0.740885 0.098141
vt 0.728562 0.094617
vt 0.727525 0.098151
vt 0.727944 0.113019
vt 0.727962 0.009956
vt 0.741319 0.019391
vt 0.741317 0.009946
vt 0.727963 0.019401
vt 0.741278 0.030835
vt 0.727922 0.030845
vt 0.741260 0.043011
vt 0.727904 0.043021
vt 0.741080 0.055495
vt 0.727722 0.055505
vt 0.672382 0.061202
vt 0.681387 0.148464
vt 0.692933 0.133758
vt 0.661553 0.150268
vt 0.646610 0.050151
vt 0.692933 0.026663
vt 0.680695 0.012528
vt 0.660797 0.011677
vt 0.645526 0.107560
vt 0.643695 0.051789
vt 0.642325 0.065314
vt 0.752043 0.104728
vt 0.765254 0.110880
vt 0.765398 0.104729
vt 0.640529 0.097579
vt 0.643508 0.088934
vt 0.641217 0.073749
vt 0.639673 0.089089
vt 0.645052 0.073600
vt 0.727963 0.121262
vt 0.741301 0.113009
vt 0.751964 0.087877
vt 0.765320 0.087877
vt 0.752012 0.098055
vt 0.765368 0.098056
vt 0.752013 0.009946
vt 0.765288 0.018924
vt 0.765368 0.009946
vt 0.751932 0.018923
vt 0.765285 0.020778
vt 0.751929 0.020778
vt 0.764884 0.033916
vt 0.751814 0.044754
vt 0.765170 0.044754
vt 0.728800 0.084637
vt 0.739885 0.094609
vt 0.740120 0.084629
vt 0.656036 0.152493
vt 0.655135 0.009787
vt 0.727801 0.081170
vt 0.797709 0.812878
vt 0.796431 0.810664
vt 0.796431 0.808107
vt 0.797709 0.805893
vt 0.802480 0.814156
vt 0.805973 0.808107
vt 0.799924 0.804614
vt 0.799924 0.814156
vt 0.785101 0.810664
vt 0.789872 0.809385
vt 0.785101 0.808107
vt 0.793365 0.805893
vt 0.794643 0.808107
vt 0.788593 0.804614
vt 0.791150 0.804614
vt 0.793365 0.812878
vt 0.791150 0.814156
vt 0.786379 0.812878
vt 0.786379 0.805893
vt 0.794643 0.810664
vt 0.788593 0.814156
vt 0.882948 0.731538
vt 0.882948 0.728981
vt 0.886440 0.725489
vt 0.891211 0.733752
vt 0.892489 0.728981
vt 0.892489 0.731538
vt 0.884226 0.733752
vt 0.884226 0.726767
vt 0.887151 0.713324
vt 0.888430 0.718095
vt 0.889708 0.713324
vt 0.887151 0.722866
vt 0.884937 0.721588
vt 0.883659 0.719373
vt 0.883659 0.716817
vt 0.893200 0.719373
vt 0.891922 0.721588
vt 0.891922 0.714603
vt 0.884937 0.714603
vt 0.889708 0.722866
vt 0.893200 0.716817
vt 0.700383 0.121268
vt 0.713886 0.126016
vt 0.776251 0.111379
vt 0.789690 0.115970
vt 0.751901 0.110880
vt 0.763128 0.115636
vt 0.729990 0.126022
vt 0.741319 0.121252
vt 0.584327 0.467646
vt 0.590176 0.461010
vt 0.584323 0.460902
vt 0.604051 0.469558
vt 0.611547 0.464459
vt 0.604889 0.463249
vt 0.568555 0.468895
vt 0.561222 0.468034
vt 0.562404 0.470429
vt 0.578677 0.461390
vt 0.579204 0.467712
vt 0.596888 0.468560
vt 0.597701 0.461893
vt 0.555267 0.473215
vt 0.573023 0.462559
vt 0.574043 0.468090
vt 0.589712 0.467872
vt 0.889791 0.503350
vt 0.900631 0.496706
vt 0.889606 0.496898
vt 0.567212 0.464631
vt 0.590798 0.453411
vt 0.584032 0.453214
vt 0.612587 0.458698
vt 0.606142 0.457000
vt 0.559179 0.465933
vt 0.577363 0.454157
vt 0.598969 0.454933
vt 0.570811 0.456416
vt 0.890395 0.484394
vt 0.901528 0.479970
vt 0.891371 0.478470
vt 0.564577 0.460257
vt 0.610946 0.502504
vt 0.621930 0.494826
vt 0.610345 0.495802
vt 0.560089 0.455939
vt 0.592080 0.444442
vt 0.583564 0.443635
vt 0.613958 0.453264
vt 0.608092 0.451064
vt 0.556187 0.464446
vt 0.574861 0.445142
vt 0.601250 0.447605
vt 0.566696 0.449257
vt 0.875406 0.521036
vt 0.864586 0.511804
vt 0.863775 0.522315
vt 0.902395 0.474641
vt 0.892715 0.472923
vt 0.833451 0.503960
vt 0.843875 0.504834
vt 0.838150 0.500266
vt 0.857091 0.510580
vt 0.854200 0.520779
vt 0.891478 0.515983
vt 0.882952 0.510809
vt 0.884465 0.518029
vt 0.830250 0.495941
vt 0.833081 0.494484
vt 0.845646 0.516933
vt 0.850198 0.508257
vt 0.874231 0.511784
vt 0.828593 0.487509
vt 0.838614 0.511155
vt 0.835098 0.492307
vt 0.852971 0.500822
vt 0.847081 0.498780
vt 0.865537 0.503209
vt 0.901597 0.508484
vt 0.890408 0.509808
vt 0.841189 0.496011
vt 0.859046 0.502274
vt 0.882356 0.503646
vt 0.874109 0.503670
vt 0.860357 0.494821
vt 0.854629 0.493963
vt 0.874432 0.496175
vt 0.836257 0.489724
vt 0.848911 0.492883
vt 0.866403 0.495516
vt 0.610363 0.476518
vt 0.621386 0.471230
vt 0.610825 0.470415
vt 0.842908 0.491501
vt 0.882324 0.496679
vt 0.882702 0.489895
vt 0.843488 0.486828
vt 0.836559 0.486947
vt 0.861200 0.487640
vt 0.855469 0.487247
vt 0.875029 0.488980
vt 0.849668 0.486967
vt 0.867178 0.488160
vt 0.611996 0.509019
vt 0.622643 0.501074
vt 0.867953 0.480723
vt 0.861694 0.480271
vt 0.883478 0.483255
vt 0.835981 0.484150
vt 0.855601 0.480283
vt 0.875933 0.481847
vt 0.849420 0.480808
vt 0.900610 0.490990
vt 0.889810 0.490561
vt 0.842935 0.481999
vt 0.900971 0.502546
vt 0.841066 0.477009
vt 0.868955 0.472771
vt 0.861960 0.472172
vt 0.884753 0.476779
vt 0.834460 0.481526
vt 0.854994 0.472567
vt 0.877372 0.474597
vt 0.848005 0.474104
vt 0.844853 0.466408
vt 0.879844 0.467154
vt 0.870668 0.463691
vt 0.621444 0.488699
vt 0.610101 0.489198
vt 0.837409 0.471948
vt 0.862160 0.462425
vt 0.886752 0.470720
vt 0.831912 0.479364
vt 0.853366 0.463238
vt 0.594704 0.513721
vt 0.603158 0.503402
vt 0.594111 0.503999
vt 0.554152 0.481623
vt 0.557238 0.481076
vt 0.564420 0.505794
vt 0.564944 0.493410
vt 0.558444 0.498559
vt 0.582345 0.513983
vt 0.584305 0.503244
vt 0.622567 0.460356
vt 0.560464 0.487809
vt 0.555018 0.490215
vt 0.572584 0.511140
vt 0.576943 0.501162
vt 0.604484 0.511031
vt 0.570478 0.497867
vt 0.579859 0.493290
vt 0.574290 0.491140
vt 0.594432 0.495807
vt 0.559700 0.479649
vt 0.569129 0.488282
vt 0.586024 0.494814
vt 0.621193 0.482718
vt 0.610122 0.482771
vt 0.564279 0.484548
vt 0.602735 0.496047
vt 0.602768 0.489061
vt 0.566812 0.480893
vt 0.561449 0.477675
vt 0.581845 0.486451
vt 0.576749 0.485055
vt 0.595010 0.488487
vt 0.571817 0.483257
vt 0.587387 0.487540
vt 0.623506 0.455102
vt 0.573425 0.478287
vt 0.568306 0.477032
vt 0.583166 0.480114
vt 0.603038 0.482383
vt 0.562483 0.475382
vt 0.578275 0.479283
vt 0.595630 0.481667
vt 0.588418 0.480850
vt 0.621172 0.476894
vt 0.589168 0.474387
vt 0.621849 0.465722
vt 0.574150 0.473274
vt 0.568883 0.473028
vt 0.583964 0.473941
vt 0.603462 0.475914
vt 0.562807 0.472924
vt 0.579067 0.473580
vt 0.596242 0.475092
vt 0.900914 0.485411
vt 0.410062 0.987483
vt 0.650825 0.609433
vt 0.796565 0.684922
vt 0.271940 0.012763
vt 0.848390 0.827981
vt 0.746278 0.916262
vt 0.742073 0.984847
vt 0.905752 0.534132
vt 0.918739 0.418338
vt 0.541211 0.010252
vt 0.887903 0.152311
vt 0.888821 0.149019
vt 0.763975 0.136585
vt 0.175974 0.980938
vt 0.125212 0.980938
vt 0.091411 0.980938
vt 0.595496 0.795666
vt 0.558278 0.774194
vt 0.553625 0.016343
vt 0.599355 0.097598
vt 0.601992 0.068679
vt 0.775712 0.066397
vt 0.630062 0.155387
vt 0.628908 0.009028
vt 0.593025 0.065577
vt 0.590606 0.101271
vt 0.775649 0.019103
vt 0.775275 0.034097
vt 0.602738 0.156260
vt 0.601520 0.010021
vt 0.955158 0.006228
vt 0.931082 0.006197
vt 0.814936 0.815661
vt 0.890747 0.775647
vt 0.991768 0.990686
vt 0.975799 0.990435
vt 0.652981 0.093883
vt 0.654940 0.068408
vt 0.751749 0.066218
vt 0.683294 0.151877
vt 0.682436 0.009028
vt 0.646006 0.065218
vt 0.644210 0.097498
vt 0.751524 0.033916
vt 0.646862 0.138825
vt 0.646627 0.023880
vt 0.702769 0.126027
vt 0.778574 0.116107
vt 0.753783 0.115636
vt 0.739338 0.126015
vt 0.902395 0.514547
vt 0.623506 0.507466
vt 0.375000 0.250000
vt 0.625000 0.000000
vt 0.375000 0.000000
vt 0.375000 0.500000
vt 0.625000 0.250000
vt 0.375000 1.000000
vt 0.625000 0.750000
vt 0.375000 0.750000
vt 0.125000 0.750000
vt 0.125000 0.500000
vt 0.875000 0.500000
vt 0.625000 0.500000
vt 0.625000 1.000000
vt 0.875000 0.750000
vt 1.000000 0.000000
vt 0.000000 1.000000
vt 0.000000 0.000000
vt 1.000000 1.000000
vt 0.733896 0.744041
vt 0.757576 0.744041
vt 0.695917 0.738768
vt 0.695917 0.744041
vt 0.678823 0.738768
vt 0.656932 0.744041
vt 0.656932 0.738768
vt 0.678823 0.744041
vt 0.717945 0.738768
vt 0.717945 0.744041
vt 0.757576 0.738768
vt 0.733896 0.738768
vt 0.656932 0.509396
vt 0.625000 0.509396
vt 0.717945 0.509396
vt 0.733896 0.509396
vt 0.678823 0.509396
vt 0.757576 0.509396
vt 0.865274 0.750000
vt 0.865273 0.744041
vt 0.865274 0.509396
vt 0.865274 0.725763
vt 0.695917 0.509396
vt 0.865273 0.734902
vt 0.865274 0.734902
vt 0.625000 0.990274
vt 0.865274 0.744041
vt 0.865273 0.738768
vt 0.865274 0.738768
vt 0.134726 0.597959
vt 0.134726 0.606010
vt 0.125000 0.606010
s 1
usemtl Material.011
f 957/1/1 419/2/2 958/3/3
f 952/4/4 411/5/5 412/6/6
f 958/3/3 420/7/7 959/8/8
f 953/9/9 412/6/6 413/10/10
f 959/8/8 421/11/11 960/12/12
f 954/13/13 413/10/10 414/14/14
f 960/12/12 1697/15/15 1742/16/16
f 955/17/17 414/14/14 415/18/18
f 409/19/19 415/18/18 416/20/20
f 409/19/19 417/21/21 956/22/22
f 956/22/22 418/23/23 957/1/1
f 951/24/24 410/25/25 411/5/5
f 416/20/20 429/26/26 417/21/21
f 417/21/21 430/27/27 418/23/23
f 411/5/5 422/28/28 423/29/29
f 418/23/23 431/30/30 419/2/2
f 412/6/6 423/29/29 424/31/31
f 419/2/2 432/32/32 420/7/7
f 413/10/10 424/31/31 425/33/33
f 420/7/7 433/34/34 421/11/11
f 414/14/14 425/33/33 426/35/35
f 421/11/11 1698/36/36 1697/15/15
f 415/18/18 426/35/35 427/37/37
f 416/20/20 427/37/37 428/38/38
f 431/30/30 444/39/39 432/32/32
f 425/33/33 436/40/40 437/41/41
f 432/32/32 445/42/42 433/34/34
f 426/35/35 437/41/41 438/43/43
f 433/34/34 1699/44/44 1698/36/36
f 427/37/37 438/43/43 439/45/45
f 428/38/38 439/45/45 440/46/46
f 428/38/38 441/47/47 429/26/26
f 429/26/26 442/48/48 430/27/27
f 423/29/29 434/49/49 435/50/50
f 430/27/27 443/51/51 431/30/30
f 424/31/31 435/50/50 436/40/40
f 439/45/45 450/52/52 451/53/53
f 440/46/46 451/53/53 452/54/54
f 440/46/46 453/55/55 441/47/47
f 441/47/47 454/56/56 442/48/48
f 435/50/50 446/57/57 447/58/58
f 442/48/48 455/59/59 443/51/51
f 436/40/40 447/58/58 448/60/60
f 443/51/51 456/61/61 444/39/39
f 437/41/41 448/60/60 449/62/62
f 444/39/39 457/63/63 445/42/42
f 438/43/43 449/62/62 450/52/52
f 445/42/42 1700/64/64 1699/44/44
f 453/55/55 466/65/65 454/56/56
f 447/58/58 458/66/66 459/67/67
f 454/56/56 467/68/68 455/59/59
f 448/60/60 459/67/67 460/69/69
f 455/59/59 468/70/70 456/61/61
f 449/62/62 460/69/69 461/71/71
f 456/61/61 469/72/72 457/63/63
f 450/52/52 461/71/71 462/73/73
f 457/63/63 1701/74/74 1700/64/64
f 451/53/53 462/73/73 463/75/75
f 452/54/54 463/75/75 464/76/76
f 452/54/54 465/77/77 453/55/55
f 468/70/70 481/78/78 469/72/72
f 462/73/73 473/79/79 474/80/80
f 469/72/72 1702/81/81 1701/74/74
f 463/75/75 474/80/80 475/82/82
f 464/76/76 475/82/82 476/83/83
f 464/76/76 477/84/84 465/77/77
f 465/77/77 478/85/85 466/65/65
f 459/67/67 470/86/86 471/87/87
f 466/65/65 479/88/88 467/68/68
f 460/69/69 471/87/87 472/89/89
f 467/68/68 480/90/90 468/70/70
f 461/71/71 472/89/89 473/79/79
f 476/83/83 487/91/91 488/92/92
f 476/83/83 489/93/93 477/84/84
f 477/84/84 490/94/94 478/85/85
f 471/87/87 482/95/95 483/96/96
f 478/85/85 491/97/97 479/88/88
f 472/89/89 483/96/96 484/98/98
f 479/88/88 492/99/99 480/90/90
f 473/79/79 484/98/98 485/100/100
f 480/90/90 493/101/101 481/78/78
f 474/80/80 485/100/100 486/102/102
f 481/78/78 1703/103/103 1702/81/81
f 475/82/82 486/102/102 487/91/91
f 490/94/94 503/104/104 491/97/97
f 484/98/98 495/105/105 496/106/106
f 491/97/97 504/107/107 492/99/99
f 485/100/100 496/106/106 497/108/108
f 492/99/99 505/109/109 493/101/101
f 486/102/102 497/108/108 498/110/110
f 493/101/101 1704/111/111 1703/103/103
f 487/91/91 498/110/110 499/112/112
f 488/92/92 499/112/112 500/113/113
f 488/92/92 501/114/114 489/93/93
f 489/93/93 502/115/115 490/94/94
f 483/96/96 494/116/116 495/105/105
f 1704/111/111 517/117/117 1705/118/118
f 498/110/110 511/119/119 499/112/112
f 499/112/112 512/120/120 500/113/113
f 501/114/114 512/120/120 513/121/121
f 502/115/115 513/121/121 514/122/122
f 494/116/116 507/123/123 495/105/105
f 503/104/104 514/122/122 515/124/124
f 495/105/105 508/125/125 496/106/106
f 504/107/107 515/124/124 516/126/126
f 496/106/106 509/127/127 497/108/108
f 505/109/109 516/126/126 517/117/117
f 497/108/108 510/128/128 498/110/110
f 513/121/121 524/129/129 525/130/130
f 514/122/122 525/130/130 526/131/131
f 506/132/132 519/133/133 507/123/123
f 515/124/124 526/131/131 527/134/134
f 507/123/123 520/135/135 508/125/125
f 516/126/126 527/134/134 528/136/136
f 508/125/125 521/137/137 509/127/127
f 517/117/117 528/136/136 529/138/138
f 509/127/127 522/139/139 510/128/128
f 1705/118/118 529/138/138 1706/140/140
f 510/128/128 523/141/141 511/119/119
f 511/119/119 524/129/129 512/120/120
f 528/136/136 539/142/142 540/143/143
f 520/135/135 533/144/144 521/137/137
f 529/138/138 540/143/143 541/145/145
f 521/137/137 534/146/146 522/139/139
f 1706/140/140 541/145/145 1707/147/147
f 522/139/139 535/148/148 523/141/141
f 523/141/141 536/149/149 524/129/129
f 525/130/130 536/149/149 537/150/150
f 526/131/131 537/150/150 538/151/151
f 518/152/152 531/153/153 519/133/133
f 527/134/134 538/151/151 539/142/142
f 519/133/133 532/154/154 520/135/135
f 535/148/148 548/155/155 536/149/149
f 537/150/150 548/155/155 549/156/156
f 538/151/151 549/156/156 550/157/157
f 530/158/158 543/159/159 531/153/153
f 539/142/142 550/157/157 551/160/160
f 531/153/153 544/161/161 532/154/154
f 540/143/143 551/160/160 552/162/162
f 532/154/154 545/163/163 533/144/144
f 541/145/145 552/162/162 553/164/164
f 533/144/144 546/165/165 534/146/146
f 1707/147/147 553/164/164 1708/166/166
f 534/146/146 547/167/167 535/148/148
f 550/157/157 561/168/168 562/169/169
f 542/170/170 555/171/171 543/159/159
f 551/160/160 562/169/169 563/172/172
f 543/159/159 556/173/173 544/161/161
f 552/162/162 563/172/172 564/174/174
f 544/161/161 557/175/175 545/163/163
f 553/164/164 564/174/174 565/176/176
f 545/163/163 558/177/177 546/165/165
f 1708/166/166 565/176/176 1709/178/178
f 546/165/165 559/179/179 547/167/167
f 547/167/167 560/180/180 548/155/155
f 549/156/156 560/180/180 561/168/168
f 565/176/176 576/181/181 577/182/182
f 557/175/175 570/183/183 558/177/177
f 1709/178/178 577/182/182 1710/184/184
f 558/177/177 571/185/185 559/179/179
f 559/179/179 572/186/186 560/180/180
f 561/168/168 572/186/186 573/187/187
f 562/169/169 573/187/187 574/188/188
f 554/189/189 567/190/190 555/171/171
f 563/172/172 574/188/188 575/191/191
f 555/171/171 568/192/192 556/173/173
f 564/174/174 575/191/191 576/181/181
f 556/173/173 569/193/193 557/175/175
f 573/187/187 584/194/194 585/195/195
f 574/188/188 585/195/195 586/196/196
f 566/197/197 579/198/198 567/190/190
f 575/191/191 586/196/196 587/199/199
f 567/190/190 580/200/200 568/192/192
f 576/181/181 587/199/199 588/201/201
f 568/192/192 581/202/202 569/193/193
f 577/182/182 588/201/201 589/203/203
f 569/193/193 582/204/204 570/183/183
f 1710/184/184 589/203/203 1711/205/205
f 570/183/183 583/206/206 571/185/185
f 571/185/185 584/194/194 572/186/186
f 587/199/199 598/207/207 599/208/208
f 579/198/198 592/209/209 580/200/200
f 588/201/201 599/208/208 600/210/210
f 580/200/200 593/211/211 581/202/202
f 589/203/203 600/210/210 601/212/212
f 581/202/202 594/213/213 582/204/204
f 1711/205/205 601/212/212 1712/214/214
f 582/204/204 595/215/215 583/206/206
f 583/206/206 596/216/216 584/194/194
f 585/195/195 596/216/216 597/217/217
f 586/196/196 597/217/217 598/207/207
f 578/218/218 591/219/219 579/198/198
f 1712/214/214 613/220/220 1713/221/221
f 594/213/213 607/222/222 595/215/215
f 595/215/215 608/223/223 596/216/216
f 597/217/217 608/223/223 609/224/224
f 598/207/207 609/224/224 610/225/225
f 590/226/226 603/227/227 591/219/219
f 599/208/208 610/225/225 611/228/228
f 591/219/219 604/229/229 592/209/209
f 600/210/210 611/228/228 612/230/230
f 592/209/209 605/231/231 593/211/211
f 601/212/212 612/230/230 613/220/220
f 593/211/211 606/232/232 594/213/213
f 610/225/225 621/233/233 622/234/234
f 602/235/235 615/236/236 603/227/227
f 611/228/228 622/234/234 623/237/237
f 603/227/227 616/238/238 604/229/229
f 612/230/230 623/237/237 624/239/239
f 604/229/229 617/240/240 605/231/231
f 613/220/220 624/239/239 625/241/241
f 605/231/231 618/242/242 606/232/232
f 1713/221/221 625/241/241 1714/243/243
f 606/232/232 619/244/244 607/222/222
f 607/222/222 620/245/245 608/223/223
f 609/224/224 620/245/245 621/233/233
f 624/239/239 635/246/246 636/247/247
f 616/238/238 629/248/248 617/240/240
f 625/241/241 636/247/247 637/249/249
f 617/240/240 630/250/250 618/242/242
f 1714/243/243 637/249/249 1715/251/251
f 618/242/242 631/252/252 619/244/244
f 619/244/244 632/253/253 620/245/245
f 621/233/233 632/253/253 633/254/254
f 622/234/234 633/254/254 634/255/255
f 614/256/256 627/257/257 615/236/236
f 623/237/237 634/255/255 635/246/246
f 615/236/236 628/258/258 616/238/238
f 631/252/252 644/259/259 632/253/253
f 633/254/254 644/259/259 645/260/260
f 634/255/255 645/260/260 646/261/261
f 626/262/262 639/263/263 627/257/257
f 635/246/246 646/261/261 647/264/264
f 627/257/257 640/265/265 628/258/258
f 636/247/247 647/264/264 648/266/266
f 628/258/258 641/267/267 629/248/248
f 637/249/249 648/266/266 649/268/268
f 629/248/248 642/269/269 630/250/250
f 1715/251/251 649/268/268 1716/270/270
f 630/250/250 643/271/271 631/252/252
f 639/263/263 650/272/272 651/273/273
f 646/261/261 659/274/274 647/264/264
f 640/265/265 651/273/273 652/275/275
f 647/264/264 660/276/276 648/266/266
f 641/267/267 652/275/275 653/277/277
f 648/266/266 661/278/278 649/268/268
f 642/269/269 653/277/277 654/279/279
f 649/268/268 1717/280/280 1716/270/270
f 643/271/271 654/279/279 655/281/281
f 644/259/259 655/281/281 656/282/282
f 644/259/259 657/283/283 645/260/260
f 645/260/260 658/284/284 646/261/261
f 660/276/276 673/285/285 661/278/278
f 654/279/279 665/286/286 666/287/287
f 661/278/278 1718/288/288 1717/280/280
f 655/281/281 666/287/287 667/289/289
f 656/282/282 667/289/289 668/290/290
f 656/282/282 669/291/291 657/283/283
f 657/283/283 670/292/292 658/284/284
f 651/273/273 662/293/293 663/294/294
f 658/284/284 671/295/295 659/274/274
f 652/275/275 663/294/294 664/296/296
f 659/274/274 672/297/297 660/276/276
f 653/277/277 664/296/296 665/286/286
f 668/290/290 681/298/298 669/291/291
f 669/291/291 682/299/299 670/292/292
f 663/294/294 674/300/300 675/301/301
f 670/292/292 683/302/302 671/295/295
f 664/296/296 675/301/301 676/303/303
f 671/295/295 684/304/304 672/297/297
f 665/286/286 676/303/303 677/305/305
f 672/297/297 685/306/306 673/285/285
f 666/287/287 677/305/305 678/307/307
f 673/285/285 1719/308/308 1718/288/288
f 667/289/289 678/307/307 679/309/309
f 668/290/290 679/309/309 680/310/310
f 676/303/303 687/311/311 688/312/312
f 683/302/302 696/313/313 684/304/304
f 677/305/305 688/312/312 689/314/314
f 684/304/304 697/315/315 685/306/306
f 678/307/307 689/314/314 690/316/316
f 685/306/306 1720/317/317 1719/308/308
f 679/309/309 690/316/316 691/318/318
f 680/310/310 691/318/318 692/319/319
f 680/310/310 693/320/320 681/298/298
f 681/298/298 694/321/321 682/299/299
f 675/301/301 686/322/322 687/311/311
f 682/299/299 695/323/323 683/302/302
f 697/315/315 1721/324/324 1720/317/317
f 691/318/318 702/325/325 703/326/326
f 692/319/319 703/326/326 704/327/327
f 692/319/319 705/328/328 693/320/320
f 693/320/320 706/329/329 694/321/321
f 687/311/311 698/330/330 699/331/331
f 694/321/321 707/332/332 695/323/323
f 688/312/312 699/331/331 700/333/333
f 695/323/323 708/334/334 696/313/313
f 689/314/314 700/333/333 701/335/335
f 696/313/313 709/336/336 697/315/315
f 690/316/316 701/335/335 702/325/325
f 705/328/328 718/337/337 706/329/329
f 699/331/331 710/338/338 711/339/339
f 706/329/329 719/340/340 707/332/332
f 700/333/333 711/339/339 712/341/341
f 707/332/332 720/342/342 708/334/334
f 701/335/335 712/341/341 713/343/343
f 708/334/334 721/344/344 709/336/336
f 702/325/325 713/343/343 714/345/345
f 709/336/336 1722/346/346 1721/324/324
f 703/326/326 714/345/345 715/347/347
f 704/327/327 715/347/347 716/348/348
f 704/327/327 717/349/349 705/328/328
f 713/343/343 724/350/350 725/351/351
f 720/342/342 733/352/352 721/344/344
f 714/345/345 725/351/351 726/353/353
f 721/344/344 1723/354/354 1722/346/346
f 715/347/347 726/353/353 727/355/355
f 716/348/348 727/355/355 728/356/356
f 716/348/348 729/357/357 717/349/349
f 717/349/349 730/358/358 718/337/337
f 711/339/339 722/359/359 723/360/360
f 718/337/337 731/361/361 719/340/340
f 712/341/341 723/360/360 724/350/350
f 719/340/340 732/362/362 720/342/342
f 728/356/356 739/363/363 740/364/364
f 728/356/356 741/365/365 729/357/357
f 729/357/357 742/366/366 730/358/358
f 723/360/360 734/367/367 735/368/368
f 730/358/358 743/369/369 731/361/361
f 724/350/350 735/368/368 736/370/370
f 731/361/361 744/371/371 732/362/362
f 725/351/351 736/370/370 737/372/372
f 732/362/362 745/373/373 733/352/352
f 726/353/353 737/372/372 738/374/374
f 733/352/352 1724/375/375 1723/354/354
f 727/355/355 738/374/374 739/363/363
f 735/368/368 746/376/376 747/377/377
f 742/366/366 755/378/378 743/369/369
f 736/370/370 747/377/377 748/379/379
f 743/369/369 756/380/380 744/371/371
f 737/372/372 748/379/379 749/381/381
f 744/371/371 757/382/382 745/373/373
f 738/374/374 749/381/381 750/383/383
f 745/373/373 1725/384/384 1724/375/375
f 739/363/363 750/383/383 751/385/385
f 740/364/364 751/385/385 752/386/386
f 740/364/364 753/387/387 741/365/365
f 741/365/365 754/388/388 742/366/366
f 750/383/383 761/389/389 762/390/390
f 757/382/382 1726/391/391 1725/384/384
f 751/385/385 762/390/390 763/392/392
f 752/386/386 763/392/392 764/393/393
f 752/386/386 765/394/394 753/387/387
f 753/387/387 766/395/395 754/388/388
f 747/377/377 758/396/396 759/397/397
f 754/388/388 767/398/398 755/378/378
f 748/379/379 759/397/397 760/399/399
f 755/378/378 768/400/400 756/380/380
f 749/381/381 760/399/399 761/389/389
f 756/380/380 769/401/401 757/382/382
f 764/393/393 777/402/402 765/394/394
f 765/394/394 778/403/403 766/395/395
f 759/397/397 770/404/404 771/405/405
f 766/395/395 779/406/406 767/398/398
f 760/399/399 771/405/405 772/407/407
f 767/398/398 780/408/408 768/400/400
f 761/389/389 772/407/407 773/409/409
f 768/400/400 781/410/410 769/401/401
f 762/390/390 773/409/409 774/411/411
f 769/401/401 1727/412/412 1726/391/391
f 763/392/392 774/411/411 775/413/413
f 764/393/393 775/413/413 776/414/414
f 771/415/405 784/416/415 772/417/407
f 780/418/408 791/419/416 792/420/417
f 772/417/407 785/421/418 773/422/409
f 781/423/410 792/420/417 793/424/419
f 773/422/409 786/425/420 774/426/411
f 1727/427/412 793/424/419 1728/428/421
f 774/426/411 787/429/422 775/430/413
f 775/430/413 788/431/423 776/432/414
f 777/433/402 788/431/423 789/434/424
f 778/435/403 789/434/424 790/436/425
f 770/437/404 783/438/426 771/415/405
f 779/439/406 790/436/425 791/419/416
f 786/425/420 799/440/427 787/429/422
f 787/429/422 800/441/428 788/431/423
f 789/434/424 800/441/428 801/442/429
f 790/436/425 801/442/429 802/443/430
f 782/444/431 795/445/432 783/438/426
f 791/419/416 802/443/430 803/446/433
f 783/438/426 796/447/434 784/416/415
f 792/420/417 803/446/433 804/448/435
f 784/416/415 797/449/436 785/421/418
f 793/424/419 804/448/435 805/450/437
f 785/421/418 798/451/438 786/425/420
f 1728/428/421 805/450/437 1729/452/439
f 802/443/430 813/453/440 814/454/441
f 794/455/442 807/456/443 795/445/432
f 803/446/433 814/454/441 815/457/444
f 795/445/432 808/458/445 796/447/434
f 804/448/435 815/457/444 816/459/446
f 796/447/434 809/460/447 797/449/436
f 805/450/437 816/459/446 817/461/448
f 797/449/436 810/462/449 798/451/438
f 1729/452/439 817/461/448 1730/463/450
f 798/451/438 811/464/451 799/440/427
f 799/440/427 812/465/452 800/441/428
f 801/442/429 812/465/452 813/453/440
f 816/459/446 827/466/453 828/467/454
f 808/458/445 821/468/455 809/460/447
f 817/461/448 828/467/454 829/469/456
f 809/460/447 822/470/457 810/462/449
f 1730/463/450 829/469/456 1731/471/458
f 810/462/449 823/472/459 811/464/451
f 811/464/451 824/473/460 812/465/452
f 813/453/440 824/473/460 825/474/461
f 814/454/441 825/474/461 826/475/462
f 806/476/463 819/477/464 807/456/443
f 815/457/444 826/475/462 827/466/453
f 807/456/443 820/478/465 808/458/445
f 822/470/457 835/479/466 823/472/459
f 823/472/459 836/480/467 824/473/460
f 825/474/461 836/480/467 837/481/468
f 826/475/462 837/481/468 838/482/469
f 818/483/470 831/484/471 819/477/464
f 827/466/453 838/482/469 839/485/472
f 819/477/464 832/486/473 820/478/465
f 828/467/454 839/485/472 840/487/474
f 820/478/465 833/488/475 821/468/455
f 829/469/456 840/487/474 841/489/476
f 821/468/455 834/490/477 822/470/457
f 1731/471/458 841/489/476 1732/491/478
f 838/482/469 849/492/479 850/493/480
f 830/494/481 843/495/482 831/484/471
f 839/485/472 850/493/480 851/496/483
f 831/484/471 844/497/484 832/486/473
f 840/487/474 851/496/483 852/498/485
f 832/486/473 845/499/486 833/488/475
f 841/489/476 852/498/485 853/500/487
f 833/488/475 846/501/488 834/490/477
f 1732/491/478 853/500/487 1733/502/489
f 834/490/477 847/503/490 835/479/466
f 835/479/466 848/504/491 836/480/467
f 837/481/468 848/504/491 849/492/479
f 853/500/487 864/505/492 865/506/493
f 845/499/486 858/507/494 846/501/488
f 1733/502/489 865/506/493 1734/508/495
f 846/501/488 859/509/496 847/503/490
f 847/503/490 860/510/497 848/504/491
f 849/492/479 860/510/497 861/511/498
f 850/493/480 861/511/498 862/512/499
f 842/513/500 855/514/501 843/495/482
f 851/496/483 862/512/499 863/515/502
f 843/495/482 856/516/503 844/497/484
f 852/498/485 863/515/502 864/505/492
f 844/497/484 857/517/504 845/499/486
f 859/509/496 872/518/505 860/510/497
f 861/511/498 872/518/505 873/519/506
f 862/512/499 873/519/506 874/520/507
f 854/521/508 867/522/509 855/514/501
f 863/515/502 874/520/507 875/523/510
f 855/514/501 868/524/511 856/516/503
f 864/505/492 875/523/510 876/525/512
f 856/516/503 869/526/513 857/517/504
f 865/506/493 876/525/512 877/527/514
f 857/517/504 870/528/515 858/507/494
f 1734/508/495 877/527/514 1735/529/516
f 858/507/494 871/530/517 859/509/496
f 875/523/510 886/531/518 887/532/519
f 867/522/509 880/533/520 868/524/511
f 876/525/512 887/532/519 888/534/521
f 868/524/511 881/535/522 869/526/513
f 877/527/514 888/534/521 889/536/523
f 869/526/513 882/537/524 870/528/515
f 1735/529/516 889/536/523 1736/538/525
f 870/528/515 883/539/526 871/530/517
f 871/530/517 884/540/527 872/518/505
f 873/519/506 884/540/527 885/541/528
f 874/520/507 885/541/528 886/531/518
f 866/542/529 879/543/530 867/522/509
f 1736/538/525 901/544/531 1737/545/532
f 882/537/524 895/546/533 883/539/526
f 883/539/526 896/547/534 884/540/527
f 885/541/528 896/547/534 897/548/535
f 886/531/518 897/548/535 898/549/536
f 878/550/537 891/551/538 879/543/530
f 887/532/519 898/549/536 899/552/539
f 879/543/530 892/553/540 880/533/520
f 888/534/521 899/552/539 900/554/541
f 880/533/520 893/555/542 881/535/522
f 889/536/523 900/554/541 901/544/531
f 881/535/522 894/556/543 882/537/524
f 897/548/535 908/557/544 909/558/545
f 898/549/536 909/558/545 910/559/546
f 890/560/547 903/561/548 891/551/538
f 899/552/539 910/559/546 911/562/549
f 891/551/538 904/563/550 892/553/540
f 900/554/541 911/562/549 912/564/551
f 892/553/540 905/565/552 893/555/542
f 901/544/531 912/564/551 913/566/553
f 893/555/542 906/567/554 894/556/543
f 1737/545/532 913/566/553 1738/568/555
f 894/556/543 907/569/556 895/546/533
f 895/546/533 908/557/544 896/547/534
f 912/564/551 923/570/557 924/571/558
f 904/563/550 917/572/559 905/565/552
f 913/566/553 924/571/558 925/573/560
f 905/565/552 918/574/561 906/567/554
f 1738/568/555 925/573/560 1739/575/562
f 906/567/554 919/576/563 907/569/556
f 907/569/556 920/577/564 908/557/544
f 909/558/545 920/577/564 921/578/565
f 910/559/546 921/578/565 922/579/566
f 902/580/567 915/581/568 903/561/548
f 911/562/549 922/579/566 923/570/557
f 903/561/548 916/582/569 904/563/550
f 920/577/564 931/583/570 932/584/571
f 920/577/564 933/585/572 921/578/565
f 921/578/565 934/586/573 922/579/566
f 915/581/568 926/587/574 927/588/575
f 922/579/566 935/589/576 923/570/557
f 916/582/569 927/588/575 928/590/577
f 923/570/557 936/591/578 924/571/558
f 917/572/559 928/590/577 929/592/579
f 924/571/558 937/593/580 925/573/560
f 918/574/561 929/592/579 930/594/581
f 925/573/560 1740/595/582 1739/575/562
f 919/576/563 930/594/581 931/583/570
f 933/585/572 946/596/583 934/586/573
f 927/588/575 938/597/584 939/598/585
f 934/586/573 947/599/586 935/589/576
f 928/590/577 939/598/585 940/600/587
f 935/589/576 948/601/588 936/591/578
f 929/592/579 940/600/587 941/602/589
f 936/591/578 949/603/590 937/593/580
f 930/594/581 941/602/589 942/604/591
f 937/593/580 1741/605/592 1740/595/582
f 931/583/570 942/604/591 943/606/593
f 932/584/571 943/606/593 944/607/594
f 932/584/571 945/608/595 933/585/572
f 948/601/588 960/12/12 949/603/590
f 942/604/591 953/9/9 954/13/13
f 949/603/590 1742/16/16 1741/605/592
f 943/606/593 954/13/13 955/17/17
f 944/607/594 955/17/17 409/19/19
f 944/607/594 956/22/22 945/608/595
f 945/608/595 957/1/1 946/596/583
f 939/598/585 950/609/596 951/24/24
f 946/596/583 958/3/3 947/599/586
f 940/600/587 951/24/24 952/4/4
f 947/599/586 959/8/8 948/601/588
f 941/602/589 952/4/4 953/9/9
f 638/610/597 981/611/598 650/272/272
f 578/218/218 974/612/599 975/613/600
f 854/521/508 997/614/601 998/615/602
f 782/444/431 991/616/603 992/617/604
f 926/587/574 1005/618/605 938/597/584
f 938/597/584 1006/619/606 950/609/596
f 806/476/463 993/620/607 994/621/608
f 722/359/359 988/622/609 734/367/367
f 566/197/197 973/623/610 974/612/599
f 482/95/95 968/624/611 494/116/116
f 506/132/132 968/624/611 969/625/612
f 518/152/152 969/625/612 970/626/613
f 710/338/338 987/627/614 722/359/359
f 422/28/28 963/628/615 434/49/49
f 734/367/367 989/629/616 746/376/376
f 662/293/293 983/630/617 674/300/300
f 614/256/256 977/631/618 978/632/619
f 434/49/49 964/633/620 446/57/57
f 902/580/567 1001/634/621 1002/635/622
f 650/272/272 982/636/623 662/293/293
f 878/550/537 999/637/624 1000/638/625
f 890/560/547 1000/638/625 1001/634/621
f 758/396/396 991/639/603 770/404/404
f 446/57/57 965/640/626 458/66/66
f 590/226/226 975/613/600 976/641/627
f 602/235/235 976/641/627 977/631/618
f 818/483/470 994/621/608 995/642/628
f 830/494/481 995/642/628 996/643/629
f 746/376/376 990/644/630 758/396/396
f 698/330/330 986/645/631 710/338/338
f 542/170/170 971/646/632 972/647/633
f 530/158/158 970/626/613 971/646/632
f 470/86/86 967/648/634 482/95/95
f 674/300/300 984/649/635 686/322/322
f 842/513/500 996/643/629 997/614/601
f 686/322/322 985/650/636 698/330/330
f 458/66/66 966/651/637 470/86/86
f 410/25/25 962/652/638 422/28/28
f 914/653/639 1004/654/640 926/587/574
f 554/189/189 972/647/633 973/623/610
f 914/653/639 1002/635/622 1003/655/641
f 638/610/597 979/656/642 980/657/643
f 950/609/596 961/658/644 410/25/25
f 866/542/529 998/615/602 999/637/624
f 794/455/442 992/617/604 993/620/607
f 626/262/262 978/632/619 979/656/642
f 971/646/632 1016/659/645 1017/660/645
f 1000/638/625 1045/661/645 1046/662/645
f 984/649/635 1031/663/645 985/650/636
f 972/647/633 1017/660/645 1018/664/645
f 1001/634/621 1046/662/645 1047/665/645
f 985/650/636 1032/666/645 986/645/631
f 973/623/610 1018/664/645 1019/667/645
f 1002/635/622 1047/665/645 1048/668/645
f 986/645/631 1033/669/645 987/627/614
f 974/612/599 1019/667/645 1020/670/645
f 1003/655/641 1048/668/645 1049/671/645
f 987/627/614 1034/672/645 988/622/609
f 989/629/616 1036/673/646 990/644/630
f 975/613/600 1020/670/645 1021/674/645
f 1003/655/641 1050/675/645 1004/654/640
f 961/658/644 1008/676/645 962/652/638
f 988/622/609 1035/677/645 989/629/616
f 990/644/630 1037/678/645 991/639/603
f 976/641/627 1021/674/645 1022/679/645
f 1004/654/640 1051/680/645 1005/618/605
f 962/652/638 1009/681/645 963/628/615
f 992/617/604 1037/682/645 1038/683/645
f 977/631/618 1022/679/645 1023/684/645
f 1005/618/605 1052/685/645 1006/619/606
f 963/628/615 1010/686/645 964/633/620
f 993/620/607 1038/683/645 1039/687/645
f 978/632/619 1023/684/645 1024/688/645
f 1006/619/606 1007/689/645 961/658/644
f 964/633/620 1011/690/645 965/640/626
f 994/621/608 1039/687/645 1040/691/645
f 979/656/642 1024/688/645 1025/692/645
f 965/640/626 1012/693/645 966/651/637
f 995/642/628 1040/691/645 1041/694/645
f 980/657/643 1025/692/645 1026/695/645
f 966/651/637 1013/696/645 967/648/634
f 996/643/629 1041/694/645 1042/697/645
f 980/657/643 1027/698/645 981/611/598
f 967/648/634 1014/699/645 968/624/611
f 997/614/601 1042/697/645 1043/700/645
f 981/611/598 1028/701/645 982/636/623
f 969/625/612 1014/699/645 1015/702/645
f 998/615/602 1043/700/645 1044/703/645
f 982/636/623 1029/704/645 983/630/617
f 970/626/613 1015/702/645 1016/659/645
f 999/637/624 1044/703/645 1045/661/645
f 983/630/617 1030/705/645 984/649/635
f 1063/706/647 1601/707/307 1602/708/648
f 1596/709/649 1055/710/650 1595/711/651
f 1064/712/652 1602/708/648 1603/713/653
f 1597/714/654 1056/715/655 1596/709/649
f 1065/716/656 1603/713/653 1604/717/657
f 1598/718/658 1057/719/659 1597/714/654
f 1743/720/660 1604/717/657 1788/721/661
f 1599/722/662 1058/723/663 1598/718/658
f 1053/724/310 1059/725/664 1599/722/662
f 1061/726/318 1053/724/310 1600/727/309
f 1062/728/665 1600/727/309 1601/707/307
f 1595/711/651 1054/729/666 1594/730/667
f 1073/731/668 1060/732/319 1061/726/318
f 1074/733/669 1061/726/318 1062/728/665
f 1055/710/650 1066/734/670 1054/729/666
f 1075/735/671 1062/728/665 1063/706/647
f 1056/715/655 1067/736/672 1055/710/650
f 1076/737/673 1063/706/647 1064/712/652
f 1057/719/659 1068/738/674 1056/715/655
f 1077/739/675 1064/712/652 1065/716/656
f 1058/723/663 1069/740/676 1057/719/659
f 1744/741/677 1065/716/656 1743/720/660
f 1059/725/664 1070/742/678 1058/723/663
f 1060/732/319 1071/743/328 1059/725/664
f 1088/744/679 1075/735/671 1076/737/673
f 1069/740/676 1080/745/680 1068/738/674
f 1089/746/681 1076/737/673 1077/739/675
f 1070/742/678 1081/747/682 1069/740/676
f 1745/748/683 1077/739/675 1744/741/677
f 1071/743/328 1082/749/684 1070/742/678
f 1072/750/327 1083/751/685 1071/743/328
f 1085/752/686 1072/750/327 1073/731/668
f 1086/753/345 1073/731/668 1074/733/669
f 1067/736/672 1078/754/687 1066/734/670
f 1087/755/688 1074/733/669 1075/735/671
f 1068/738/674 1079/756/689 1067/736/672
f 1083/751/685 1094/757/690 1082/749/684
f 1084/758/348 1095/759/691 1083/751/685
f 1097/760/692 1084/758/348 1085/752/686
f 1098/761/693 1085/752/686 1086/753/345
f 1079/756/689 1090/762/694 1078/754/687
f 1099/763/695 1086/753/345 1087/755/688
f 1080/745/680 1091/764/696 1079/756/689
f 1100/765/697 1087/755/688 1088/744/679
f 1081/747/682 1092/766/698 1080/745/680
f 1101/767/699 1088/744/679 1089/746/681
f 1082/749/684 1093/768/700 1081/747/682
f 1746/769/701 1089/746/681 1745/748/683
f 1110/770/702 1097/760/692 1098/761/693
f 1091/764/696 1102/771/703 1090/762/694
f 1111/772/704 1098/761/693 1099/763/695
f 1092/766/698 1103/773/705 1091/764/696
f 1112/774/706 1099/763/695 1100/765/697
f 1093/768/700 1104/775/707 1092/766/698
f 1113/776/708 1100/765/697 1101/767/699
f 1094/757/690 1105/777/709 1093/768/700
f 1747/778/710 1101/767/699 1746/769/701
f 1095/759/691 1106/779/366 1094/757/690
f 1096/780/711 1107/781/712 1095/759/691
f 1109/782/713 1096/780/711 1097/760/692
f 1125/783/714 1112/774/706 1113/776/708
f 1106/779/366 1117/784/715 1105/777/709
f 1748/785/716 1113/776/708 1747/778/710
f 1107/781/712 1118/786/388 1106/779/366
f 1108/787/717 1119/788/387 1107/781/712
f 1121/789/718 1108/787/717 1109/782/713
f 1122/790/719 1109/782/713 1110/770/702
f 1103/773/705 1114/791/720 1102/771/703
f 1123/792/721 1110/770/702 1111/772/704
f 1104/775/707 1115/793/722 1103/773/705
f 1124/794/723 1111/772/704 1112/774/706
f 1105/777/709 1116/795/724 1104/775/707
f 1120/796/386 1131/797/394 1119/788/387
f 1133/798/392 1120/796/386 1121/789/718
f 1134/799/390 1121/789/718 1122/790/719
f 1115/793/722 1126/800/725 1114/791/720
f 1135/801/389 1122/790/719 1123/792/721
f 1116/795/724 1127/802/726 1115/793/722
f 1136/803/727 1123/792/721 1124/794/723
f 1117/784/715 1128/804/728 1116/795/724
f 1137/805/729 1124/794/723 1125/783/714
f 1118/786/388 1129/806/730 1117/784/715
f 1749/807/731 1125/783/714 1748/785/716
f 1119/788/387 1130/808/732 1118/786/388
f 1147/809/733 1134/799/390 1135/801/389
f 1128/804/728 1139/810/734 1127/802/726
f 1148/811/735 1135/801/389 1136/803/727
f 1129/806/730 1140/812/736 1128/804/728
f 1149/813/737 1136/803/727 1137/805/729
f 1130/808/732 1141/814/738 1129/806/730
f 1750/815/739 1137/805/729 1749/807/731
f 1131/797/394 1142/816/403 1130/808/732
f 1132/817/393 1143/818/402 1131/797/394
f 1145/819/413 1132/817/393 1133/798/392
f 1146/820/411 1133/798/392 1134/799/390
f 1127/802/726 1138/821/740 1126/800/725
f 1750/815/739 1161/822/741 1149/813/737
f 1155/823/742 1142/816/403 1143/818/402
f 1156/824/423 1143/818/402 1144/825/414
f 1145/819/413 1156/824/423 1144/825/414
f 1146/820/411 1157/826/743 1145/819/413
f 1151/827/744 1138/821/740 1139/810/734
f 1147/809/733 1158/828/420 1146/820/411
f 1152/829/745 1139/810/734 1140/812/736
f 1148/811/735 1159/830/746 1147/809/733
f 1153/831/747 1140/812/736 1141/814/738
f 1149/813/737 1160/832/748 1148/811/735
f 1154/833/425 1141/814/738 1142/816/403
f 1157/826/743 1168/834/428 1156/824/423
f 1158/828/420 1169/835/749 1157/826/743
f 1163/836/750 1150/837/751 1151/827/744
f 1159/830/746 1170/838/752 1158/828/420
f 1164/839/753 1151/827/744 1152/829/745
f 1160/832/748 1171/840/754 1159/830/746
f 1165/841/755 1152/829/745 1153/831/747
f 1161/822/741 1172/842/756 1160/832/748
f 1166/843/757 1153/831/747 1154/833/425
f 1751/844/758 1173/845/759 1161/822/741
f 1167/846/429 1154/833/425 1155/823/742
f 1168/834/428 1155/823/742 1156/824/423
f 1172/842/756 1183/847/760 1171/840/754
f 1177/848/761 1164/839/753 1165/841/755
f 1173/845/759 1184/849/762 1172/842/756
f 1178/850/763 1165/841/755 1166/843/757
f 1752/851/764 1185/852/765 1173/845/759
f 1179/853/766 1166/843/757 1167/846/429
f 1180/854/452 1167/846/429 1168/834/428
f 1169/835/749 1180/854/452 1168/834/428
f 1170/838/752 1181/855/451 1169/835/749
f 1175/856/767 1162/857/768 1163/836/750
f 1171/840/754 1182/858/769 1170/838/752
f 1176/859/770 1163/836/750 1164/839/753
f 1192/860/460 1179/853/766 1180/854/452
f 1181/855/451 1192/860/460 1180/854/452
f 1182/858/769 1193/861/459 1181/855/451
f 1187/862/771 1174/863/772 1175/856/767
f 1183/847/760 1194/864/457 1182/858/769
f 1188/865/773 1175/856/767 1176/859/770
f 1184/849/762 1195/866/774 1183/847/760
f 1189/867/775 1176/859/770 1177/848/761
f 1185/852/765 1196/868/776 1184/849/762
f 1190/869/462 1177/848/761 1178/850/763
f 1753/870/777 1197/871/778 1185/852/765
f 1191/872/461 1178/850/763 1179/853/766
f 1194/864/457 1205/873/779 1193/861/459
f 1199/874/780 1186/875/781 1187/862/771
f 1195/866/774 1206/876/782 1194/864/457
f 1200/877/783 1187/862/771 1188/865/773
f 1196/868/776 1207/878/784 1195/866/774
f 1201/879/785 1188/865/773 1189/867/775
f 1197/871/778 1208/880/786 1196/868/776
f 1202/881/787 1189/867/775 1190/869/462
f 1754/882/788 1209/883/789 1197/871/778
f 1203/884/790 1190/869/462 1191/872/461
f 1204/885/467 1191/872/461 1192/860/460
f 1193/861/459 1204/885/467 1192/860/460
f 1209/883/789 1220/886/791 1208/880/786
f 1214/887/792 1201/879/785 1202/881/787
f 1755/888/793 1221/889/794 1209/883/789
f 1215/890/795 1202/881/787 1203/884/790
f 1216/891/796 1203/884/790 1204/885/467
f 1205/873/779 1216/891/796 1204/885/467
f 1206/876/782 1217/892/797 1205/873/779
f 1211/893/798 1198/894/799 1199/874/780
f 1207/878/784 1218/895/800 1206/876/782
f 1212/896/801 1199/874/780 1200/877/783
f 1208/880/786 1219/897/802 1207/878/784
f 1213/898/803 1200/877/783 1201/879/785
f 1217/892/797 1228/899/804 1216/891/796
f 1218/895/800 1229/900/805 1217/892/797
f 1223/901/806 1210/902/807 1211/893/798
f 1219/897/802 1230/903/808 1218/895/800
f 1224/904/809 1211/893/798 1212/896/801
f 1220/886/791 1231/905/810 1219/897/802
f 1225/906/811 1212/896/801 1213/898/803
f 1221/889/794 1232/907/812 1220/886/791
f 1226/908/499 1213/898/803 1214/887/792
f 1756/909/813 1233/910/814 1221/889/794
f 1227/911/815 1214/887/792 1215/890/795
f 1228/899/804 1215/890/795 1216/891/796
f 1231/905/810 1242/912/816 1230/903/808
f 1236/913/817 1223/901/806 1224/904/809
f 1232/907/812 1243/914/818 1231/905/810
f 1237/915/819 1224/904/809 1225/906/811
f 1233/910/814 1244/916/820 1232/907/812
f 1238/917/821 1225/906/811 1226/908/499
f 1757/918/822 1245/919/823 1233/910/814
f 1239/920/824 1226/908/499 1227/911/815
f 1240/921/505 1227/911/815 1228/899/804
f 1229/900/805 1240/921/505 1228/899/804
f 1230/903/808 1241/922/825 1229/900/805
f 1235/923/826 1222/924/827 1223/901/806
f 1758/925/828 1257/926/829 1245/919/823
f 1251/927/528 1238/917/821 1239/920/824
f 1252/928/830 1239/920/824 1240/921/505
f 1241/922/825 1252/928/830 1240/921/505
f 1242/912/816 1253/929/831 1241/922/825
f 1247/930/832 1234/931/833 1235/923/826
f 1243/914/818 1254/932/524 1242/912/816
f 1248/933/834 1235/923/826 1236/913/817
f 1244/916/820 1255/934/835 1243/914/818
f 1249/935/836 1236/913/817 1237/915/819
f 1245/919/823 1256/936/837 1244/916/820
f 1250/937/838 1237/915/819 1238/917/821
f 1254/932/524 1265/938/533 1253/929/831
f 1259/939/839 1246/940/840 1247/930/832
f 1255/934/835 1266/941/841 1254/932/524
f 1260/942/842 1247/930/832 1248/933/834
f 1256/936/837 1267/943/843 1255/934/835
f 1261/944/844 1248/933/834 1249/935/836
f 1257/926/829 1268/945/845 1256/936/837
f 1262/946/846 1249/935/836 1250/937/838
f 1759/947/847 1269/948/848 1257/926/829
f 1263/949/535 1250/937/838 1251/927/528
f 1264/950/534 1251/927/528 1252/928/830
f 1253/929/831 1264/950/534 1252/928/830
f 1268/945/845 1279/951/849 1267/943/843
f 1273/952/850 1260/942/842 1261/944/844
f 1269/948/848 1280/953/851 1268/945/845
f 1274/954/852 1261/944/844 1262/946/846
f 1760/955/853 1281/956/854 1269/948/848
f 1275/957/855 1262/946/846 1263/949/535
f 1276/958/856 1263/949/535 1264/950/534
f 1265/938/533 1276/958/856 1264/950/534
f 1266/941/841 1277/959/857 1265/938/533
f 1271/960/858 1258/961/859 1259/939/839
f 1267/943/843 1278/962/860 1266/941/841
f 1272/963/861 1259/939/839 1260/942/842
f 1288/964/564 1275/957/855 1276/958/856
f 1277/959/857 1288/964/564 1276/958/856
f 1278/962/860 1289/965/563 1277/959/857
f 1283/966/862 1270/967/863 1271/960/858
f 1279/951/849 1290/968/864 1278/962/860
f 1284/969/865 1271/960/858 1272/963/861
f 1280/953/851 1291/970/866 1279/951/849
f 1285/971/867 1272/963/861 1273/952/850
f 1281/956/854 1292/972/868 1280/953/851
f 1286/973/869 1273/952/850 1274/954/852
f 1761/974/870 1293/975/871 1281/956/854
f 1287/976/872 1274/954/852 1275/957/855
f 1283/966/862 1294/977/873 1282/978/874
f 1303/979/875 1290/968/864 1291/970/866
f 1284/969/865 1295/980/876 1283/966/862
f 1304/981/877 1291/970/866 1292/972/868
f 1285/971/867 1296/982/878 1284/969/865
f 1305/983/879 1292/972/868 1293/975/871
f 1286/973/869 1297/984/880 1285/971/867
f 1763/985/881 1293/975/871 1762/986/882
f 1287/976/872 1298/987/883 1286/973/869
f 1288/964/564 1299/988/572 1287/976/872
f 1301/989/570 1288/964/564 1289/965/563
f 1302/990/884 1289/965/563 1290/968/864
f 1317/991/885 1304/981/877 1305/983/879
f 1298/987/883 1309/992/886 1297/984/880
f 1764/993/887 1305/983/879 1763/985/881
f 1299/988/572 1310/994/888 1298/987/883
f 1300/995/571 1311/996/889 1299/988/572
f 1313/997/593 1300/995/571 1301/989/570
f 1314/998/591 1301/989/570 1302/990/884
f 1295/980/876 1306/999/890 1294/977/873
f 1315/1000/891 1302/990/884 1303/979/875
f 1296/982/878 1307/1001/892 1295/980/876
f 1316/1002/893 1303/979/875 1304/981/877
f 1297/984/880 1308/1003/894 1296/982/878
f 1325/1004/895 1312/1005/594 1313/997/593
f 1326/1006/896 1313/997/593 1314/998/591
f 1307/1001/892 1318/1007/897 1306/999/890
f 1327/1008/898 1314/998/591 1315/1000/891
f 1308/1003/894 1319/1009/899 1307/1001/892
f 1328/1010/900 1315/1000/891 1316/1002/893
f 1309/992/886 1320/1011/901 1308/1003/894
f 1329/1012/902 1316/1002/893 1317/991/885
f 1310/994/888 1321/1013/903 1309/992/886
f 1765/1014/904 1317/991/885 1764/993/887
f 1311/996/889 1322/1015/905 1310/994/888
f 1312/1005/594 1323/1016/906 1311/996/889
f 1320/1011/901 1331/1017/907 1319/1009/899
f 1340/1018/908 1327/1008/898 1328/1010/900
f 1321/1013/903 1332/1019/909 1320/1011/901
f 1341/1020/910 1328/1010/900 1329/1012/902
f 1322/1015/905 1333/1021/911 1321/1013/903
f 1766/1022/912 1329/1012/902 1765/1014/904
f 1323/1016/906 1334/1023/913 1322/1015/905
f 1324/1024/19 1335/1025/21 1323/1016/906
f 1337/1026/914 1324/1024/19 1325/1004/895
f 1338/1027/915 1325/1004/895 1326/1006/896
f 1319/1009/899 1330/1028/916 1318/1007/897
f 1339/1029/917 1326/1006/896 1327/1008/898
f 1767/1030/918 1341/1020/910 1766/1022/912
f 1335/1025/21 1346/1031/919 1334/1023/913
f 1336/1032/20 1347/1033/26 1335/1025/21
f 1349/1034/37 1336/1032/20 1337/1026/914
f 1350/1035/920 1337/1026/914 1338/1027/915
f 1331/1017/907 1342/1036/921 1330/1028/916
f 1351/1037/922 1338/1027/915 1339/1029/917
f 1332/1019/909 1343/1038/923 1331/1017/907
f 1352/1039/924 1339/1029/917 1340/1018/908
f 1333/1021/911 1344/1040/925 1332/1019/909
f 1353/1041/926 1340/1018/908 1341/1020/910
f 1334/1023/913 1345/1042/927 1333/1021/911
f 1362/1043/43 1349/1034/37 1350/1035/920
f 1343/1038/923 1354/1044/928 1342/1036/921
f 1363/1045/929 1350/1035/920 1351/1037/922
f 1344/1040/925 1355/1046/930 1343/1038/923
f 1364/1047/931 1351/1037/922 1352/1039/924
f 1345/1042/927 1356/1048/932 1344/1040/925
f 1365/1049/933 1352/1039/924 1353/1041/926
f 1346/1031/919 1357/1050/934 1345/1042/927
f 1768/1051/935 1353/1041/926 1767/1030/918
f 1347/1033/26 1358/1052/936 1346/1031/919
f 1348/1053/38 1359/1054/937 1347/1033/26
f 1361/1055/938 1348/1053/38 1349/1034/37
f 1357/1050/934 1368/1056/939 1356/1048/932
f 1377/1057/940 1364/1047/931 1365/1049/933
f 1358/1052/936 1369/1058/941 1357/1050/934
f 1769/1059/942 1365/1049/933 1768/1051/935
f 1359/1054/937 1370/1060/943 1358/1052/936
f 1360/1061/944 1371/1062/945 1359/1054/937
f 1373/1063/946 1360/1061/944 1361/1055/938
f 1374/1064/947 1361/1055/938 1362/1043/43
f 1355/1046/930 1366/1065/948 1354/1044/928
f 1375/1066/949 1362/1043/43 1363/1045/929
f 1356/1048/932 1367/1067/950 1355/1046/930
f 1376/1068/951 1363/1045/929 1364/1047/931
f 1372/1069/952 1383/1070/953 1371/1062/945
f 1385/1071/75 1372/1069/952 1373/1063/946
f 1386/1072/73 1373/1063/946 1374/1064/947
f 1367/1067/950 1378/1073/954 1366/1065/948
f 1387/1074/955 1374/1064/947 1375/1066/949
f 1368/1056/939 1379/1075/956 1367/1067/950
f 1388/1076/957 1375/1066/949 1376/1068/951
f 1369/1058/941 1380/1077/958 1368/1056/939
f 1389/1078/959 1376/1068/951 1377/1057/940
f 1370/1060/943 1381/1079/960 1369/1058/941
f 1770/1080/961 1377/1057/940 1769/1059/942
f 1371/1062/945 1382/1081/962 1370/1060/943
f 1379/1075/956 1390/1082/963 1378/1073/954
f 1399/1083/964 1386/1072/73 1387/1074/955
f 1380/1077/958 1391/1084/965 1379/1075/956
f 1400/1085/966 1387/1074/955 1388/1076/957
f 1381/1079/960 1392/1086/967 1380/1077/958
f 1401/1087/968 1388/1076/957 1389/1078/959
f 1382/1081/962 1393/1088/969 1381/1079/960
f 1771/1089/970 1389/1078/959 1770/1080/961
f 1383/1070/953 1394/1090/971 1382/1081/962
f 1384/1091/972 1395/1092/84 1383/1070/953
f 1397/1093/82 1384/1091/972 1385/1071/75
f 1398/1094/973 1385/1071/75 1386/1072/73
f 1394/1090/971 1405/1095/974 1393/1088/969
f 1772/1096/975 1401/1087/968 1771/1089/970
f 1395/1092/84 1406/1097/94 1394/1090/971
f 1396/1098/83 1407/1099/93 1395/1092/84
f 1409/1100/91 1396/1098/83 1397/1093/82
f 1410/1101/102 1397/1093/82 1398/1094/973
f 1391/1084/965 1402/1102/976 1390/1082/963
f 1411/1103/100 1398/1094/973 1399/1083/964
f 1392/1086/967 1403/1104/977 1391/1084/965
f 1412/1105/978 1399/1083/964 1400/1085/966
f 1393/1088/969 1404/1106/979 1392/1086/967
f 1413/1107/980 1400/1085/966 1401/1087/968
f 1421/1108/112 1408/1109/92 1409/1100/91
f 1422/1110/981 1409/1100/91 1410/1101/102
f 1403/1104/977 1414/1111/982 1402/1102/976
f 1423/1112/983 1410/1101/102 1411/1103/100
f 1404/1106/979 1415/1113/984 1403/1104/977
f 1424/1114/985 1411/1103/100 1412/1105/978
f 1405/1095/974 1416/1115/986 1404/1106/979
f 1425/1116/987 1412/1105/978 1413/1107/980
f 1406/1097/94 1417/1117/988 1405/1095/974
f 1773/1118/989 1413/1107/980 1772/1096/975
f 1407/1099/93 1418/1119/115 1406/1097/94
f 1408/1109/92 1419/1120/114 1407/1099/93
f 1428/1121/990 1415/1122/984 1416/1123/986
f 1424/1124/985 1435/1125/991 1423/1126/983
f 1429/1127/992 1416/1123/986 1417/1128/988
f 1425/1129/987 1436/1130/993 1424/1124/985
f 1430/1131/122 1417/1128/988 1418/1132/115
f 1773/1133/989 1437/1134/994 1425/1129/987
f 1431/1135/995 1418/1132/115 1419/1136/114
f 1432/1137/120 1419/1136/114 1420/1138/113
f 1421/1139/112 1432/1137/120 1420/1138/113
f 1422/1140/981 1433/1141/996 1421/1139/112
f 1427/1142/997 1414/1143/982 1415/1122/984
f 1423/1126/983 1434/1144/128 1422/1140/981
f 1443/1145/998 1430/1131/122 1431/1135/995
f 1444/1146/999 1431/1135/995 1432/1137/120
f 1433/1141/996 1444/1146/999 1432/1137/120
f 1434/1144/128 1445/1147/141 1433/1141/996
f 1439/1148/1000 1426/1149/1001 1427/1142/997
f 1435/1125/991 1446/1150/139 1434/1144/128
f 1440/1151/1002 1427/1142/997 1428/1121/990
f 1436/1130/993 1447/1152/137 1435/1125/991
f 1441/1153/1003 1428/1121/990 1429/1127/992
f 1437/1134/994 1448/1154/1004 1436/1130/993
f 1442/1155/1005 1429/1127/992 1430/1131/122
f 1774/1156/1006 1449/1157/1007 1437/1134/994
f 1446/1150/139 1457/1158/148 1445/1147/141
f 1451/1159/1008 1438/1160/1009 1439/1148/1000
f 1447/1152/137 1458/1161/146 1446/1150/139
f 1452/1162/1010 1439/1148/1000 1440/1151/1002
f 1448/1154/1004 1459/1163/1011 1447/1152/137
f 1453/1164/1012 1440/1151/1002 1441/1153/1003
f 1449/1157/1007 1460/1165/1013 1448/1154/1004
f 1454/1166/1014 1441/1153/1003 1442/1155/1005
f 1775/1167/1015 1461/1168/1016 1449/1157/1007
f 1455/1169/1017 1442/1155/1005 1443/1145/998
f 1456/1170/149 1443/1145/998 1444/1146/999
f 1445/1147/141 1456/1170/149 1444/1146/999
f 1460/1165/1013 1471/1171/1018 1459/1163/1011
f 1465/1172/1019 1452/1162/1010 1453/1164/1012
f 1461/1168/1016 1472/1173/1020 1460/1165/1013
f 1466/1174/157 1453/1164/1012 1454/1166/1014
f 1776/1175/1021 1473/1176/1022 1461/1168/1016
f 1467/1177/1023 1454/1166/1014 1455/1169/1017
f 1468/1178/155 1455/1169/1017 1456/1170/149
f 1457/1158/148 1468/1178/155 1456/1170/149
f 1458/1161/146 1469/1179/167 1457/1158/148
f 1463/1180/1024 1450/1181/1025 1451/1159/1008
f 1459/1163/1011 1470/1182/1026 1458/1161/146
f 1464/1183/1027 1451/1159/1008 1452/1162/1010
f 1479/1184/1028 1466/1174/157 1467/1177/1023
f 1480/1185/180 1467/1177/1023 1468/1178/155
f 1469/1179/167 1480/1185/180 1468/1178/155
f 1470/1182/1026 1481/1186/1029 1469/1179/167
f 1475/1187/1030 1462/1188/1031 1463/1180/1024
f 1471/1171/1018 1482/1189/1032 1470/1182/1026
f 1476/1190/1033 1463/1180/1024 1464/1183/1027
f 1472/1173/1020 1483/1191/1034 1471/1171/1018
f 1477/1192/1035 1464/1183/1027 1465/1172/1019
f 1473/1176/1022 1484/1193/1036 1472/1173/1020
f 1478/1194/1037 1465/1172/1019 1466/1174/157
f 1777/1195/1038 1485/1196/1039 1473/1176/1022
f 1482/1189/1032 1493/1197/1040 1481/1186/1029
f 1487/1198/1041 1474/1199/1042 1475/1187/1030
f 1483/1191/1034 1494/1200/1043 1482/1189/1032
f 1488/1201/1044 1475/1187/1030 1476/1190/1033
f 1484/1193/1036 1495/1202/1045 1483/1191/1034
f 1489/1203/1046 1476/1190/1033 1477/1192/1035
f 1485/1196/1039 1496/1204/1047 1484/1193/1036
f 1490/1205/1048 1477/1192/1035 1478/1194/1037
f 1778/1206/1049 1497/1207/1050 1485/1196/1039
f 1491/1208/1051 1478/1194/1037 1479/1184/1028
f 1492/1209/186 1479/1184/1028 1480/1185/180
f 1481/1186/1029 1492/1209/186 1480/1185/180
f 1497/1207/1050 1508/1210/1052 1496/1204/1047
f 1502/1211/1053 1489/1203/1046 1490/1205/1048
f 1779/1212/1054 1509/1213/1055 1497/1207/1050
f 1503/1214/1056 1490/1205/1048 1491/1208/1051
f 1504/1215/1057 1491/1208/1051 1492/1209/186
f 1493/1197/1040 1504/1215/1057 1492/1209/186
f 1494/1200/1043 1505/1216/1058 1493/1197/1040
f 1499/1217/1059 1486/1218/1060 1487/1198/1041
f 1495/1202/1045 1506/1219/1061 1494/1200/1043
f 1500/1220/1062 1487/1198/1041 1488/1201/1044
f 1496/1204/1047 1507/1221/1063 1495/1202/1045
f 1501/1222/1064 1488/1201/1044 1489/1203/1046
f 1516/1223/216 1503/1214/1056 1504/1215/1057
f 1505/1216/1058 1516/1223/216 1504/1215/1057
f 1506/1219/1061 1517/1224/1065 1505/1216/1058
f 1511/1225/1066 1498/1226/1067 1499/1217/1059
f 1507/1221/1063 1518/1227/1068 1506/1219/1061
f 1512/1228/1069 1499/1217/1059 1500/1220/1062
f 1508/1210/1052 1519/1229/1070 1507/1221/1063
f 1513/1230/1071 1500/1220/1062 1501/1222/1064
f 1509/1213/1055 1520/1231/1072 1508/1210/1052
f 1514/1232/1073 1501/1222/1064 1502/1211/1053
f 1780/1233/1074 1521/1234/1075 1509/1213/1055
f 1515/1235/1076 1502/1211/1053 1503/1214/1056
f 1519/1229/1070 1530/1236/1077 1518/1227/1068
f 1524/1237/1078 1511/1225/1066 1512/1228/1069
f 1520/1231/1072 1531/1238/1079 1519/1229/1070
f 1525/1239/1080 1512/1228/1069 1513/1230/1071
f 1521/1234/1075 1532/1240/1081 1520/1231/1072
f 1526/1241/1082 1513/1230/1071 1514/1232/1073
f 1781/1242/1083 1533/1243/1084 1521/1234/1075
f 1527/1244/224 1514/1232/1073 1515/1235/1076
f 1528/1245/1085 1515/1235/1076 1516/1223/216
f 1517/1224/1065 1528/1245/1085 1516/1223/216
f 1518/1227/1068 1529/1246/1086 1517/1224/1065
f 1523/1247/1087 1510/1248/1088 1511/1225/1066
f 1782/1249/1089 1545/1250/1090 1533/1243/1084
f 1539/1251/1091 1526/1241/1082 1527/1244/224
f 1540/1252/245 1527/1244/224 1528/1245/1085
f 1529/1246/1086 1540/1252/245 1528/1245/1085
f 1530/1236/1077 1541/1253/1092 1529/1246/1086
f 1535/1254/1093 1522/1255/1094 1523/1247/1087
f 1531/1238/1079 1542/1256/1095 1530/1236/1077
f 1536/1257/1096 1523/1247/1087 1524/1237/1078
f 1532/1240/1081 1543/1258/240 1531/1238/1079
f 1537/1259/1097 1524/1237/1078 1525/1239/1080
f 1533/1243/1084 1544/1260/1098 1532/1240/1081
f 1538/1261/1099 1525/1239/1080 1526/1241/1082
f 1541/1253/1092 1552/1262/253 1540/1252/245
f 1542/1256/1095 1553/1263/1100 1541/1253/1092
f 1547/1264/1101 1534/1265/1102 1535/1254/1093
f 1543/1258/240 1554/1266/1103 1542/1256/1095
f 1548/1267/1104 1535/1254/1093 1536/1257/1096
f 1544/1260/1098 1555/1268/1105 1543/1258/240
f 1549/1269/1106 1536/1257/1096 1537/1259/1097
f 1545/1250/1090 1556/1270/1107 1544/1260/1098
f 1550/1271/255 1537/1259/1097 1538/1261/1099
f 1783/1272/1108 1557/1273/1109 1545/1250/1090
f 1551/1274/254 1538/1261/1099 1539/1251/1091
f 1552/1262/253 1539/1251/1091 1540/1252/245
f 1556/1270/1107 1567/1275/267 1555/1268/1105
f 1561/1276/1110 1548/1267/1104 1549/1269/1106
f 1557/1273/1109 1568/1277/1111 1556/1270/1107
f 1562/1278/1112 1549/1269/1106 1550/1271/255
f 1784/1279/1113 1569/1280/1114 1557/1273/1109
f 1563/1281/1115 1550/1271/255 1551/1274/254
f 1564/1282/259 1551/1274/254 1552/1262/253
f 1553/1263/1100 1564/1282/259 1552/1262/253
f 1554/1266/1103 1565/1283/271 1553/1263/1100
f 1559/1284/1116 1546/1285/1117 1547/1264/1101
f 1555/1268/1105 1566/1286/1118 1554/1266/1103
f 1560/1287/1119 1547/1264/1101 1548/1267/1104
f 1564/1282/259 1575/1288/1120 1563/1281/1115
f 1577/1289/281 1564/1282/259 1565/1283/271
f 1578/1290/1121 1565/1283/271 1566/1286/1118
f 1559/1284/1116 1570/1291/1122 1558/1292/1123
f 1579/1293/1124 1566/1286/1118 1567/1275/267
f 1560/1287/1119 1571/1294/1125 1559/1284/1116
f 1580/1295/1126 1567/1275/267 1568/1277/1111
f 1561/1276/1110 1572/1296/1127 1560/1287/1119
f 1581/1297/1128 1568/1277/1111 1569/1280/1114
f 1562/1278/1112 1573/1298/1129 1561/1276/1110
f 1786/1299/1130 1569/1280/1114 1785/1300/1131
f 1563/1281/1115 1574/1301/1132 1562/1278/1112
f 1590/1302/287 1577/1289/281 1578/1290/1121
f 1571/1294/1125 1582/1303/1133 1570/1291/1122
f 1591/1304/1134 1578/1290/1121 1579/1293/1124
f 1572/1296/1127 1583/1305/1135 1571/1294/1125
f 1592/1306/1136 1579/1293/1124 1580/1295/1126
f 1573/1298/1129 1584/1307/1137 1572/1296/1127
f 1593/1308/1138 1580/1295/1126 1581/1297/1128
f 1574/1301/1132 1585/1309/1139 1573/1298/1129
f 1787/1310/1140 1581/1297/1128 1786/1299/1130
f 1575/1288/1120 1586/1311/1141 1574/1301/1132
f 1576/1312/282 1587/1313/1142 1575/1288/1120
f 1589/1314/289 1576/1312/282 1577/1289/281
f 1604/717/657 1592/1306/1136 1593/1308/1138
f 1586/1311/1141 1597/714/654 1585/1309/1139
f 1788/721/661 1593/1308/1138 1787/1310/1140
f 1587/1313/1142 1598/718/658 1586/1311/1141
f 1588/1315/290 1599/722/662 1587/1313/1142
f 1600/727/309 1588/1315/290 1589/1314/289
f 1601/707/307 1589/1314/289 1590/1302/287
f 1583/1305/1135 1594/730/667 1582/1303/1133
f 1602/708/648 1590/1302/287 1591/1304/1134
f 1584/1307/1137 1595/711/651 1583/1305/1135
f 1603/713/653 1591/1304/1134 1592/1306/1136
f 1585/1309/1139 1596/709/649 1584/1307/1137
f 1626/1316/1143 1294/1317/873 1306/1318/890
f 1234/1319/833 1619/1320/1144 1222/1321/827
f 1510/1322/1088 1642/1323/1145 1498/1324/1067
f 1438/1325/1009 1636/1326/1146 1426/1327/1001
f 1650/1328/1147 1582/1329/1133 1594/1330/667
f 1605/1331/1148 1594/1330/667 1054/1332/666
f 1462/1333/1031 1638/1334/1149 1450/1335/1025
f 1633/1336/1150 1378/1337/954 1390/1338/963
f 1222/1321/827 1618/1339/1151 1210/1340/807
f 1150/1341/751 1612/1342/1152 1138/1343/740
f 1162/1344/768 1613/1345/1153 1150/1341/751
f 1174/1346/772 1614/1347/1154 1162/1344/768
f 1632/1348/1155 1366/1349/948 1378/1337/954
f 1608/1350/1156 1078/1351/687 1090/1352/694
f 1634/1353/1157 1390/1338/963 1402/1354/976
f 1628/1355/1158 1318/1356/897 1330/1357/916
f 1270/1358/863 1622/1359/1159 1258/1360/859
f 1609/1361/1160 1090/1352/694 1102/1362/703
f 1558/1363/1123 1646/1364/1161 1546/1365/1117
f 1627/1366/1162 1306/1318/890 1318/1356/897
f 1534/1367/1102 1644/1368/1163 1522/1369/1094
f 1546/1365/1117 1645/1370/1164 1534/1367/1102
f 1426/1327/1001 1635/1371/1165 1414/1372/982
f 1610/1373/1166 1102/1362/703 1114/1374/720
f 1246/1375/840 1620/1376/1167 1234/1319/833
f 1258/1360/859 1621/1377/1168 1246/1375/840
f 1474/1378/1042 1639/1379/1169 1462/1333/1031
f 1486/1380/1060 1640/1381/1170 1474/1378/1042
f 1635/1371/1165 1402/1354/976 1414/1372/982
f 1631/1382/1171 1354/1383/928 1366/1349/948
f 1198/1384/799 1616/1385/1172 1186/1386/781
f 1186/1386/781 1615/1387/1173 1174/1346/772
f 1612/1342/1152 1126/1388/725 1138/1343/740
f 1629/1389/1174 1330/1357/916 1342/1390/921
f 1498/1324/1067 1641/1391/1175 1486/1380/1060
f 1630/1392/1176 1342/1390/921 1354/1383/928
f 1611/1393/1177 1114/1374/720 1126/1388/725
f 1607/1394/1178 1066/1395/670 1078/1351/687
f 1649/1396/1179 1570/1397/1122 1582/1329/1133
f 1210/1340/807 1617/1398/1180 1198/1384/799
f 1648/1399/1181 1558/1363/1123 1570/1397/1122
f 1625/1400/1182 1282/1401/874 1294/1317/873
f 1522/1369/1094 1643/1402/1183 1510/1322/1088
f 1450/1335/1025 1637/1403/1184 1438/1325/1009
f 1282/1401/874 1623/1404/1185 1270/1358/863
f 1678/1405/1186 1631/1382/1171 1632/1348/1155
f 1619/1320/1144 1664/1406/1186 1618/1339/1151
f 1646/1364/1161 1691/1407/1186 1645/1370/1164
f 1652/1408/1186 1605/1331/1148 1606/1409/1187
f 1679/1410/1186 1632/1348/1155 1633/1336/1150
f 1620/1376/1167 1665/1411/1186 1619/1320/1144
f 1647/1412/1188 1692/1413/1186 1646/1364/1161
f 1653/1414/1186 1606/1409/1187 1607/1394/1178
f 1680/1415/1186 1633/1336/1150 1634/1353/1157
f 1621/1377/1168 1666/1416/1186 1620/1376/1167
f 1694/1417/1186 1647/1412/1188 1648/1399/1181
f 1654/1418/1186 1607/1394/1178 1608/1350/1156
f 1681/1419/1186 1634/1353/1157 1635/1371/1165
f 1622/1359/1159 1667/1420/1186 1621/1377/1168
f 1695/1421/1186 1648/1399/1181 1649/1396/1179
f 1655/1422/1186 1608/1350/1156 1609/1361/1160
f 1636/1326/1146 1681/1419/1186 1635/1371/1165
f 1623/1404/1185 1668/1423/1186 1622/1359/1159
f 1696/1424/1186 1649/1396/1179 1650/1328/1147
f 1656/1425/1186 1609/1361/1160 1610/1373/1166
f 1637/1403/1184 1682/1426/1186 1636/1326/1146
f 1624/1427/1189 1669/1428/1186 1623/1404/1185
f 1651/1429/1186 1650/1328/1147 1605/1331/1148
f 1657/1430/1186 1610/1373/1166 1611/1393/1177
f 1638/1334/1149 1683/1431/1186 1637/1403/1184
f 1671/1432/1186 1624/1427/1189 1625/1400/1182
f 1658/1433/1186 1611/1393/1177 1612/1342/1152
f 1639/1379/1169 1684/1434/1186 1638/1334/1149
f 1672/1435/1186 1625/1400/1182 1626/1316/1143
f 1613/1345/1153 1658/1433/1186 1612/1342/1152
f 1640/1381/1170 1685/1436/1186 1639/1379/1169
f 1673/1437/1186 1626/1316/1143 1627/1366/1162
f 1614/1347/1154 1659/1438/1186 1613/1345/1153
f 1641/1391/1175 1686/1439/1186 1640/1381/1170
f 1674/1440/1186 1627/1366/1162 1628/1355/1158
f 1615/1387/1173 1660/1441/1186 1614/1347/1154
f 1642/1323/1145 1687/1442/1186 1641/1391/1175
f 1675/1443/1186 1628/1355/1158 1629/1389/1174
f 1616/1385/1172 1661/1444/1186 1615/1387/1173
f 1643/1402/1183 1688/1445/1186 1642/1323/1145
f 1676/1446/1186 1629/1389/1174 1630/1392/1176
f 1617/1398/1180 1662/1447/1186 1616/1385/1172
f 1644/1368/1163 1689/1448/1186 1643/1402/1183
f 1677/1449/1186 1630/1392/1176 1631/1382/1171
f 1618/1339/1151 1663/1450/1186 1617/1398/1180
f 1645/1370/1164 1690/1451/1186 1644/1368/1163
f 1792/1452/1190 1743/1453/660 1790/1454/1191
f 1924/1455/1192 1787/1456/1140 1921/1457/1193
f 1921/1457/1193 1786/1458/1130 1918/1459/1194
f 1918/1459/1194 1785/1460/1131 1915/1461/1195
f 1912/1462/1196 1785/1460/1131 1784/1463/1113
f 1909/1464/1197 1784/1463/1113 1783/1465/1108
f 1906/1466/1198 1783/1465/1108 1782/1467/1089
f 1903/1468/1199 1782/1467/1089 1781/1469/1083
f 1900/1470/1200 1781/1469/1083 1780/1471/1074
f 1897/1472/1201 1780/1471/1074 1779/1473/1054
f 1894/1474/1202 1779/1473/1054 1778/1475/1049
f 1891/1476/1203 1778/1475/1049 1777/1477/1038
f 1888/1478/1204 1777/1477/1038 1776/1479/1021
f 1885/1480/1205 1776/1479/1021 1775/1481/1015
f 1882/1482/1206 1775/1481/1015 1774/1483/1006
f 1879/1484/1207 1774/1483/1006 1773/1485/989
f 1879/1486/1207 1772/1487/975 1876/1488/1208
f 1876/1488/1208 1771/1489/970 1873/1490/1209
f 1873/1490/1209 1770/1491/961 1870/1492/1210
f 1870/1492/1210 1769/1493/942 1867/1494/1211
f 1867/1494/1211 1768/1495/935 1864/1496/1212
f 1864/1496/1212 1767/1497/918 1861/1498/1213
f 1861/1498/1213 1766/1499/912 1858/1500/1214
f 1858/1500/1214 1765/1501/904 1855/1502/1215
f 1855/1502/1215 1764/1503/887 1852/1504/1216
f 1852/1504/1216 1763/1505/881 1849/1506/1217
f 1849/1506/1217 1762/1507/882 1846/1508/1218
f 1843/1509/1219 1762/1507/882 1761/1510/870
f 1840/1511/1220 1761/1510/870 1760/1512/853
f 1837/1513/1221 1760/1512/853 1759/1514/847
f 1834/1515/1222 1759/1514/847 1758/1516/828
f 1831/1517/1223 1758/1516/828 1757/1518/822
f 1828/1519/1224 1757/1518/822 1756/1520/813
f 1825/1521/1225 1756/1520/813 1755/1522/793
f 1822/1523/1226 1755/1522/793 1754/1524/788
f 1819/1525/1227 1754/1524/788 1753/1526/777
f 1816/1527/1228 1753/1526/777 1752/1528/764
f 1813/1529/1229 1752/1528/764 1751/1530/758
f 1810/1531/1230 1751/1530/758 1750/1532/739
f 1810/1531/1230 1749/1533/731 1807/1534/1231
f 1807/1534/1231 1748/1535/716 1804/1536/1232
f 1804/1536/1232 1747/1537/710 1801/1538/1233
f 1801/1538/1233 1746/1539/701 1798/1540/1234
f 1798/1540/1234 1745/1541/683 1795/1542/1235
f 1795/1542/1235 1744/1543/677 1792/1452/1190
f 1793/1544/1236 1697/15/15 1698/36/36
f 1925/1545/1237 1741/605/592 1742/16/16
f 1922/1546/1238 1740/595/582 1741/605/592
f 1919/1547/1239 1739/575/562 1740/595/582
f 1739/575/562 1913/1548/1240 1738/568/555
f 1738/568/555 1910/1549/1241 1737/545/532
f 1737/545/532 1907/1550/1242 1736/538/525
f 1736/538/525 1904/1551/1243 1735/529/516
f 1735/529/516 1901/1552/1244 1734/508/495
f 1734/508/495 1898/1553/1245 1733/502/489
f 1733/502/489 1895/1554/1246 1732/491/478
f 1732/491/478 1892/1555/1247 1731/471/458
f 1731/471/458 1889/1556/1248 1730/463/450
f 1730/463/450 1886/1557/1249 1729/452/439
f 1729/452/439 1883/1558/1250 1728/428/421
f 1728/428/421 1880/1559/1251 1727/427/412
f 1880/1560/1251 1726/391/391 1727/412/412
f 1877/1561/1252 1725/384/384 1726/391/391
f 1874/1562/1253 1724/375/375 1725/384/384
f 1871/1563/1254 1723/354/354 1724/375/375
f 1868/1564/1255 1722/346/346 1723/354/354
f 1865/1565/1256 1721/324/324 1722/346/346
f 1862/1566/1257 1720/317/317 1721/324/324
f 1859/1567/1258 1719/308/308 1720/317/317
f 1856/1568/1259 1718/288/288 1719/308/308
f 1853/1569/1260 1717/280/280 1718/288/288
f 1850/1570/1261 1716/270/270 1717/280/280
f 1716/270/270 1844/1571/1262 1715/251/251
f 1715/251/251 1841/1572/1263 1714/243/243
f 1714/243/243 1838/1573/1264 1713/221/221
f 1713/221/221 1835/1574/1265 1712/214/214
f 1712/214/214 1832/1575/1266 1711/205/205
f 1711/205/205 1829/1576/1267 1710/184/184
f 1710/184/184 1826/1577/1268 1709/178/178
f 1709/178/178 1823/1578/1269 1708/166/166
f 1708/166/166 1820/1579/1270 1707/147/147
f 1707/147/147 1817/1580/1271 1706/140/140
f 1706/140/140 1814/1581/1272 1705/118/118
f 1705/118/118 1811/1582/1273 1704/111/111
f 1811/1582/1273 1703/103/103 1704/111/111
f 1808/1583/1274 1702/81/81 1703/103/103
f 1805/1584/1275 1701/74/74 1702/81/81
f 1802/1585/1276 1700/64/64 1701/74/74
f 1799/1586/1277 1699/44/44 1700/64/64
f 1796/1587/1278 1698/36/36 1699/44/44
f 1789/1588/1279 1742/16/16 1697/15/15
f 1790/1454/1191 1926/1589/1280 1791/1590/1281
f 1791/1590/1281 1925/1545/1237 1789/1588/1279
f 1924/1455/1192 1923/1591/1282 1926/1589/1280
f 1926/1589/1280 1922/1546/1238 1925/1545/1237
f 1921/1457/1193 1920/1592/1283 1923/1591/1282
f 1923/1591/1282 1919/1547/1239 1922/1546/1238
f 1918/1459/1194 1917/1593/1284 1920/1592/1283
f 1920/1592/1283 1916/1594/1285 1919/1547/1239
f 1912/1462/1196 1917/1593/1284 1915/1461/1195
f 1914/1595/1286 1916/1594/1285 1917/1593/1284
f 1909/1464/1197 1914/1595/1286 1912/1462/1196
f 1911/1596/1287 1913/1548/1240 1914/1595/1286
f 1906/1466/1198 1911/1596/1287 1909/1464/1197
f 1908/1597/1288 1910/1549/1241 1911/1596/1287
f 1903/1468/1199 1908/1597/1288 1906/1466/1198
f 1905/1598/1289 1907/1550/1242 1908/1597/1288
f 1900/1470/1200 1905/1598/1289 1903/1468/1199
f 1902/1599/1290 1904/1551/1243 1905/1598/1289
f 1897/1472/1201 1902/1599/1290 1900/1470/1200
f 1899/1600/1291 1901/1552/1244 1902/1599/1290
f 1894/1474/1202 1899/1600/1291 1897/1472/1201
f 1896/1601/1292 1898/1553/1245 1899/1600/1291
f 1891/1476/1203 1896/1601/1292 1894/1474/1202
f 1893/1602/1293 1895/1554/1246 1896/1601/1292
f 1888/1478/1204 1893/1602/1293 1891/1476/1203
f 1890/1603/1294 1892/1555/1247 1893/1602/1293
f 1885/1480/1205 1890/1603/1294 1888/1478/1204
f 1887/1604/1295 1889/1556/1248 1890/1603/1294
f 1882/1482/1206 1887/1604/1295 1885/1480/1205
f 1884/1605/1296 1886/1557/1249 1887/1604/1295
f 1879/1484/1207 1884/1605/1296 1882/1482/1206
f 1881/1606/1297 1883/1558/1250 1884/1605/1296
f 1879/1486/1207 1878/1607/1298 1881/1608/1297
f 1881/1608/1297 1877/1561/1252 1880/1560/1251
f 1876/1488/1208 1875/1609/1299 1878/1607/1298
f 1878/1607/1298 1874/1562/1253 1877/1561/1252
f 1873/1490/1209 1872/1610/1300 1875/1609/1299
f 1875/1609/1299 1871/1563/1254 1874/1562/1253
f 1870/1492/1210 1869/1611/1301 1872/1610/1300
f 1872/1610/1300 1868/1564/1255 1871/1563/1254
f 1867/1494/1211 1866/1612/1302 1869/1611/1301
f 1869/1611/1301 1865/1565/1256 1868/1564/1255
f 1864/1496/1212 1863/1613/1303 1866/1612/1302
f 1866/1612/1302 1862/1566/1257 1865/1565/1256
f 1861/1498/1213 1860/1614/1304 1863/1613/1303
f 1863/1613/1303 1859/1567/1258 1862/1566/1257
f 1858/1500/1214 1857/1615/1305 1860/1614/1304
f 1860/1614/1304 1856/1568/1259 1859/1567/1258
f 1855/1502/1215 1854/1616/1306 1857/1615/1305
f 1857/1615/1305 1853/1569/1260 1856/1568/1259
f 1852/1504/1216 1851/1617/1307 1854/1616/1306
f 1854/1616/1306 1850/1570/1261 1853/1569/1260
f 1849/1506/1217 1848/1618/1308 1851/1617/1307
f 1851/1617/1307 1847/1619/1309 1850/1570/1261
f 1843/1509/1219 1848/1618/1308 1846/1508/1218
f 1845/1620/1310 1847/1619/1309 1848/1618/1308
f 1840/1511/1220 1845/1620/1310 1843/1509/1219
f 1842/1621/1311 1844/1571/1262 1845/1620/1310
f 1837/1513/1221 1842/1621/1311 1840/1511/1220
f 1839/1622/1312 1841/1572/1263 1842/1621/1311
f 1834/1515/1222 1839/1622/1312 1837/1513/1221
f 1836/1623/1313 1838/1573/1264 1839/1622/1312
f 1831/1517/1223 1836/1623/1313 1834/1515/1222
f 1833/1624/1314 1835/1574/1265 1836/1623/1313
f 1828/1519/1224 1833/1624/1314 1831/1517/1223
f 1830/1625/1315 1832/1575/1266 1833/1624/1314
f 1825/1521/1225 1830/1625/1315 1828/1519/1224
f 1827/1626/1316 1829/1576/1267 1830/1625/1315
f 1822/1523/1226 1827/1626/1316 1825/1521/1225
f 1824/1627/1317 1826/1577/1268 1827/1626/1316
f 1819/1525/1227 1824/1627/1317 1822/1523/1226
f 1821/1628/1318 1823/1578/1269 1824/1627/1317
f 1816/1527/1228 1821/1628/1318 1819/1525/1227
f 1818/1629/1319 1820/1579/1270 1821/1628/1318
f 1813/1529/1229 1818/1629/1319 1816/1527/1228
f 1815/1630/1320 1817/1580/1271 1818/1629/1319
f 1810/1531/1230 1815/1630/1320 1813/1529/1229
f 1812/1631/1321 1814/1581/1272 1815/1630/1320
f 1810/1531/1230 1809/1632/1322 1812/1631/1321
f 1812/1631/1321 1808/1583/1274 1811/1582/1273
f 1807/1534/1231 1806/1633/1323 1809/1632/1322
f 1809/1632/1322 1805/1584/1275 1808/1583/1274
f 1804/1536/1232 1803/1634/1324 1806/1633/1323
f 1806/1633/1323 1802/1585/1276 1805/1584/1275
f 1801/1538/1233 1800/1635/1325 1803/1634/1324
f 1803/1634/1324 1799/1586/1277 1802/1585/1276
f 1798/1540/1234 1797/1636/1326 1800/1635/1325
f 1800/1635/1325 1796/1587/1278 1799/1586/1277
f 1795/1542/1235 1794/1637/1327 1797/1636/1326
f 1797/1636/1326 1793/1544/1236 1796/1587/1278
f 1792/1452/1190 1791/1590/1281 1794/1637/1327
f 1794/1637/1327 1789/1588/1279 1793/1544/1236
f 1790/1454/1191 1788/1638/661 1924/1455/1192
f 1606/1409/1187 1054/1332/666 1066/1395/670
f 1/1639/1328 49/1640/1329 23/1641/1330
f 18/1642/1331 25/1643/645 24/1644/1332
f 16/1645/1333 25/1643/645 18/1642/1331
f 14/1646/1334 25/1643/645 16/1645/1333
f 12/1647/1335 25/1643/645 14/1646/1334
f 10/1648/1336 25/1643/645 12/1647/1335
f 8/1649/1337 25/1643/645 10/1648/1336
f 6/1650/1338 25/1643/645 8/1649/1337
f 4/1651/1339 25/1643/645 6/1650/1338
f 2/1652/1340 25/1643/645 4/1651/1339
f 9/1653/1341 33/1654/1342 7/1655/1343
f 20/1656/1344 25/1643/645 2/1652/1340
f 22/1657/1345 25/1643/645 20/1656/1344
f 28/1658/1346 22/1657/1345 27/1659/1347
f 7/1655/1343 31/1660/1348 5/1661/1349
f 23/1641/1330 47/1662/1350 21/1663/1351
f 21/1663/1351 45/1664/1352 19/1665/1353
f 19/1665/1353 43/1666/1354 17/1667/1355
f 17/1667/1355 41/1668/1356 15/1669/1357
f 15/1669/1357 39/1670/1358 13/1671/1359
f 13/1671/1359 37/1672/1360 11/1673/1361
f 11/1673/1361 35/1674/1362 9/1675/1341
f 5/1661/1349 29/1676/1363 3/1677/1364
f 3/1677/1364 26/1678/1365 1/1639/1328
f 29/1679/1363 27/1659/1347 26/1680/1365
f 30/1681/1366 29/1679/1363 31/1682/1348
f 32/1683/1367 31/1682/1348 33/1684/1342
f 34/1685/1368 33/1684/1342 35/1686/1362
f 37/1687/1360 34/1685/1368 35/1686/1362
f 39/1688/1358 36/1689/1369 37/1687/1360
f 41/1690/1356 38/1691/1370 39/1688/1358
f 42/1692/1371 41/1690/1356 43/1693/1354
f 44/1694/1372 43/1693/1354 45/1695/1352
f 46/1696/1373 45/1695/1352 47/1697/1350
f 49/1698/1329 46/1696/1373 47/1697/1350
f 26/1680/1365 48/1699/1374 49/1698/1329
f 24/1644/1332 25/1643/645 22/1657/1345
f 27/1659/1347 20/1656/1344 48/1699/1374
f 48/1699/1374 2/1652/1340 46/1696/1373
f 2/1652/1340 44/1694/1372 46/1696/1373
f 4/1651/1339 42/1692/1371 44/1694/1372
f 6/1650/1338 40/1700/1375 42/1692/1371
f 40/1700/1375 10/1648/1336 38/1691/1370
f 38/1691/1370 12/1647/1335 36/1689/1369
f 36/1689/1369 14/1646/1334 34/1685/1368
f 14/1646/1334 32/1683/1367 34/1685/1368
f 16/1645/1333 30/1681/1366 32/1683/1367
f 18/1642/1331 28/1658/1346 30/1681/1366
f 50/1701/1376 83/1702/1377 67/1703/1378
f 85/1704/1379 51/1705/1380 84/1706/1381
f 82/1707/1382 51/1705/1380 52/1708/1383
f 82/1707/1382 89/1709/1384 88/1710/1385
f 81/1711/1386 90/1712/1387 89/1709/1384
f 80/1713/1388 91/1714/1389 90/1712/1387
f 79/1715/1390 92/1716/1391 91/1714/1389
f 77/1717/1392 92/1716/1391 78/1718/1393
f 76/1719/1394 93/1720/1395 77/1717/1392
f 75/1721/1396 94/1722/1397 76/1719/1394
f 74/1723/1398 95/1724/1399 75/1721/1396
f 74/1723/1398 97/1725/1400 96/1726/1401
f 73/1727/1402 98/1728/1403 97/1725/1400
f 72/1729/1404 99/1730/1405 98/1728/1403
f 71/1731/1406 100/1732/1407 99/1730/1405
f 70/1733/1408 101/1734/1409 100/1732/1407
f 68/1735/1410 101/1734/1409 69/1736/1411
f 83/1702/1377 102/1737/1412 68/1735/1410
f 66/1738/1413 69/1736/1411 65/1739/1414
f 86/1740/1415 84/1706/1381 87/1741/1416
f 88/1710/1385 84/1706/1381 82/1707/1382
f 52/1708/1383 81/1711/1386 82/1707/1382
f 53/1742/1417 80/1713/1388 81/1711/1386
f 54/1743/1418 79/1715/1390 80/1713/1388
f 55/1744/1419 78/1718/1393 79/1715/1390
f 57/1745/1420 78/1718/1393 56/1746/1421
f 58/1747/1422 77/1717/1392 57/1745/1420
f 59/1748/1423 76/1719/1394 58/1747/1422
f 60/1749/1424 75/1721/1396 59/1748/1423
f 60/1749/1424 73/1727/1402 74/1723/1398
f 61/1750/1425 72/1729/1404 73/1727/1402
f 62/1751/1426 71/1731/1406 72/1729/1404
f 63/1752/1427 70/1733/1408 71/1731/1406
f 64/1753/1428 69/1736/1411 70/1733/1408
f 92/1716/1391 2619/1754/645 91/1714/1389
f 67/1703/1378 68/1735/1410 66/1738/1413
f 85/1704/1379 103/1755/1429 83/1702/1377
f 56/1756/1421 114/1757/1430 57/1758/1420
f 51/1759/1380 119/1760/1431 52/1761/1383
f 63/1762/1427 107/1763/1432 64/1764/1428
f 58/1765/1422 112/1766/1328 59/1767/1423
f 53/1768/1417 117/1769/1433 54/1770/1418
f 65/1771/1414 105/1772/1434 66/1773/1413
f 60/1774/1424 110/1775/1435 61/1776/1425
f 55/1777/1419 115/1778/1351 56/1756/1421
f 67/1779/1378 121/1780/1359 50/1781/1376
f 62/1782/1426 108/1783/1436 63/1762/1427
f 50/1781/1376 120/1784/1437 51/1759/1380
f 57/1758/1420 113/1785/1438 58/1765/1422
f 52/1761/1383 118/1786/1439 53/1768/1417
f 64/1764/1428 106/1787/1440 65/1788/1414
f 59/1767/1423 111/1789/1441 60/1774/1424
f 54/1770/1418 116/1790/1442 55/1777/1419
f 66/1773/1413 104/1791/1443 67/1779/1378
f 61/1776/1425 109/1792/1444 62/1782/1426
f 171/1793/1186 145/1794/1186 170/1795/1186
f 163/1796/1186 153/1797/1186 162/1798/1186
f 170/1795/1186 146/1799/1186 169/1800/1186
f 162/1798/1186 154/1801/1186 161/1802/1186
f 169/1800/1186 147/1803/1186 168/1804/1186
f 161/1802/1186 155/1805/1186 160/1806/1186
f 168/1804/1186 148/1807/1186 167/1808/1186
f 174/1809/1186 140/1810/1186 141/1811/1186
f 160/1806/1186 156/1812/1186 159/1813/1186
f 166/1814/1186 148/1807/1186 149/1815/1186
f 173/1816/1186 141/1811/1186 142/1817/1186
f 159/1813/1186 157/1818/1186 158/1819/1186
f 165/1820/1186 149/1815/1186 150/1821/1186
f 172/1822/1186 142/1817/1186 143/1823/1186
f 175/1824/1186 157/1818/1186 140/1810/1186
f 164/1825/1186 150/1821/1186 151/1826/1186
f 172/1822/1186 144/1827/1186 171/1793/1186
f 163/1796/1186 151/1826/1186 152/1828/1186
f 128/1829/1445 168/1830/1446 129/1831/1447
f 123/1832/1448 173/1833/1430 124/1834/1449
f 135/1835/1450 161/1836/1436 136/1837/1451
f 130/1838/1452 166/1839/1359 131/1840/1453
f 125/1841/1454 171/1842/1455 126/1843/1456
f 138/1844/1457 160/1845/1458 159/1846/1459
f 132/1847/1460 164/1848/1461 133/1849/1462
f 127/1850/1463 169/1851/1439 128/1829/1445
f 139/1852/1464 175/1853/19 122/1854/1465
f 134/1855/1466 162/1856/1467 135/1835/1450
f 122/1854/1465 174/1857/1468 123/1832/1448
f 129/1831/1447 167/1858/1437 130/1838/1452
f 124/1834/1449 172/1859/1351 125/1841/1454
f 136/1837/1451 160/1845/1458 137/1860/1469
f 131/1840/1453 165/1861/1443 132/1847/1460
f 127/1850/1463 171/1842/1455 170/1862/1433
f 138/1844/1457 158/1863/1441 139/1852/1464
f 133/1849/1462 163/1864/1440 134/1865/1466
f 145/1866/1470 182/1867/1355 146/1868/1471
f 153/1869/1467 190/1870/1436 154/1871/1436
f 146/1868/1471 183/1872/1472 147/1873/1472
f 155/1874/1458 190/1870/1436 191/1875/1444
f 147/1873/1472 184/1876/1437 148/1877/1437
f 140/1878/1473 177/1879/1468 141/1880/1468
f 155/1874/1458 192/1881/1459 156/1882/1459
f 148/1877/1437 185/1883/1474 149/1884/1359
f 141/1880/1468 178/1885/1475 142/1886/1475
f 156/1882/1459 193/1887/1441 157/1888/1441
f 149/1884/1359 186/1889/1443 150/1890/1443
f 142/1886/1475 179/1891/1351 143/1892/1351
f 157/1888/1441 176/1893/1328 140/1878/1473
f 150/1890/1443 187/1894/1461 151/1895/1476
f 143/1892/1351 180/1896/1477 144/1897/1455
f 151/1895/1476 188/1898/1440 152/1899/1440
f 144/1897/1455 181/1900/1470 145/1866/1470
f 152/1901/1440 189/1902/1478 153/1869/1467
f 179/1903/1186 198/1904/1186 180/1905/1186
f 188/1906/1186 205/1907/1186 206/1908/1186
f 180/1905/1186 199/1909/1186 181/1910/1186
f 188/1906/1186 207/1911/1186 189/1912/1186
f 181/1910/1186 200/1913/1186 182/1914/1186
f 189/1912/1186 208/1915/1186 190/1916/1186
f 182/1914/1186 201/1917/1186 183/1918/1186
f 190/1916/1186 209/1919/1186 191/1920/1186
f 183/1918/1186 202/1921/1186 184/1922/1186
f 177/1923/1186 194/1924/1186 195/1925/1186
f 191/1920/1186 210/1926/1186 192/1927/1186
f 185/1928/1186 202/1921/1186 203/1929/1186
f 178/1930/1186 195/1925/1186 196/1931/1186
f 192/1927/1186 211/1932/1186 193/1933/1186
f 186/1934/1186 203/1929/1186 204/1935/1186
f 179/1903/1186 196/1931/1186 197/1936/1186
f 176/1937/1186 211/1932/1186 194/1924/1186
f 187/1938/1186 204/1935/1186 205/1907/1186
f 198/1939/1477 217/1940/1433 199/1941/1433
f 206/1942/1440 225/1943/1467 207/1944/1479
f 199/1941/1433 218/1945/1471 200/1946/1480
f 207/1944/1479 226/1947/1481 208/1948/1436
f 200/1946/1480 219/1949/1472 201/1950/1482
f 208/1948/1436 227/1951/1444 209/1952/1444
f 201/1950/1482 220/1953/1437 202/1954/1437
f 194/1955/1473 213/1956/1483 195/1957/1468
f 209/1952/1444 228/1958/1459 210/1959/1459
f 202/1954/1437 221/1960/310 203/1961/1359
f 195/1957/1468 214/1962/1475 196/1963/1475
f 210/1959/1459 229/1964/1441 211/1965/1441
f 203/1961/1359 222/1966/1484 204/1967/1484
f 196/1963/1475 215/1968/1351 197/1969/1351
f 211/1965/1441 212/1970/1473 194/1955/1473
f 204/1967/1484 223/1971/1485 205/1972/1461
f 197/1969/1351 216/1973/1455 198/1939/1477
f 206/1974/1440 223/1971/1485 224/1975/1440
f 122/1976/1465 231/1977/1186 230/1978/1186
f 137/1979/1469 244/1980/1186 136/1981/1451
f 130/1982/1452 237/1983/1186 129/1984/1447
f 138/1985/1457 245/1986/1186 137/1979/1469
f 130/1982/1452 239/1987/1186 238/1988/1186
f 123/1989/1448 232/1990/1186 231/1977/1186
f 139/1991/1464 246/1992/1186 138/1985/1457
f 131/1993/1453 240/1994/1186 239/1987/1186
f 124/1995/1449 233/1996/1186 232/1990/1186
f 139/1991/1464 230/1978/1186 247/1997/1186
f 132/1998/1460 241/1999/1186 240/1994/1186
f 126/2000/1456 233/1996/1186 125/2001/1454
f 133/2002/1462 242/2003/1186 241/1999/1186
f 127/2004/1463 234/2005/1186 126/2000/1456
f 135/2006/1450 242/2003/1186 134/2007/1466
f 128/2008/1445 235/2009/1186 127/2004/1463
f 136/1981/1451 243/2010/1186 135/2006/1450
f 129/1984/1447 236/2011/1186 128/2008/1445
f 2198/2012/1486 1981/2013/645 1927/2014/1487
f 2199/2015/1488 1927/2014/1487 1928/2016/1489
f 2200/2017/1490 1928/2016/1489 1929/2018/1491
f 2201/2019/1492 1929/2018/1491 1930/2020/1493
f 2202/2021/1494 1930/2020/1493 1931/2022/1495
f 2295/2023/1496 1931/2022/1495 2250/2024/1497
f 2250/2024/1497 1937/2025/1498 2251/2026/1499
f 1927/2014/1487 1981/2013/645 1933/2027/1500
f 1928/2016/1489 1933/2027/1500 1934/2028/1501
f 1929/2018/1491 1934/2028/1501 1935/2029/1502
f 1930/2020/1493 1935/2029/1502 1936/2030/1503
f 1931/2022/1495 1936/2030/1503 1937/2025/1498
f 1933/2027/1500 1981/2013/645 1939/2031/1504
f 1934/2028/1501 1939/2031/1504 1940/2032/1505
f 1935/2029/1502 1940/2032/1505 1941/2033/1506
f 1936/2030/1503 1941/2033/1506 1942/2034/1507
f 1937/2025/1498 1942/2034/1507 1943/2035/1508
f 2251/2026/1499 1943/2035/1508 2252/2036/1509
f 1942/2034/1507 1947/2037/1510 1948/2038/1511
f 1943/2035/1508 1948/2038/1511 1949/2039/1512
f 2252/2036/1509 1949/2039/1512 2253/2040/1513
f 1939/2031/1504 1981/2013/645 1945/2041/1514
f 1940/2032/1505 1945/2041/1514 1946/2042/1515
f 1941/2033/1506 1946/2042/1515 1947/2037/1510
f 1945/2041/1514 1981/2013/645 1951/2043/1516
f 1946/2042/1515 1951/2043/1516 1952/2044/1517
f 1947/2037/1510 1952/2044/1517 1953/2045/1518
f 1948/2038/1511 1953/2045/1518 1954/2046/1519
f 1949/2039/1512 1954/2046/1519 1955/2047/1520
f 2253/2040/1513 1955/2047/1520 2254/2048/1521
f 1952/2044/1517 1957/2049/1522 1958/2050/1523
f 1953/2045/1518 1958/2050/1523 1959/2051/1524
f 1954/2046/1519 1959/2051/1524 1960/2052/1525
f 1955/2047/1520 1960/2052/1525 1961/2053/1526
f 2254/2048/1521 1961/2053/1526 2255/2054/1527
f 1951/2043/1516 1981/2013/645 1957/2049/1522
f 1961/2053/1526 1966/2055/1528 1967/2056/1529
f 2255/2054/1527 1967/2056/1529 2256/2057/1530
f 1957/2049/1522 1981/2013/645 1963/2058/1531
f 1958/2050/1523 1963/2058/1531 1964/2059/1532
f 1959/2051/1524 1964/2059/1532 1965/2060/1533
f 1960/2052/1525 1965/2060/1533 1966/2055/1528
f 1963/2058/1531 1981/2013/645 1969/2061/1534
f 1964/2059/1532 1969/2061/1534 1970/2062/1535
f 1965/2060/1533 1970/2062/1535 1971/2063/1536
f 1966/2055/1528 1971/2063/1536 1972/2064/1537
f 1967/2056/1529 1972/2064/1537 1973/2065/1538
f 2256/2057/1530 1973/2065/1538 2257/2066/1539
f 1970/2062/1535 1977/2067/1540 1971/2063/1536
f 1971/2063/1536 1978/2068/1541 1972/2064/1537
f 1972/2064/1537 1979/2069/1542 1973/2065/1538
f 1973/2065/1538 2258/2070/1543 2257/2066/1539
f 1969/2061/1534 1981/2013/645 1975/2071/1544
f 1969/2061/1534 1976/2072/1545 1970/2062/1535
f 1979/2069/1542 2259/2073/1546 2258/2070/1543
f 1975/2071/1544 1981/2013/645 1982/2074/1547
f 1975/2071/1544 1983/2075/1548 1976/2072/1545
f 1976/2072/1545 1984/2076/1549 1977/2067/1540
f 1977/2067/1540 1985/2077/1550 1978/2068/1541
f 1978/2068/1541 1986/2078/1551 1979/2069/1542
f 1982/2074/1547 1981/2013/645 1988/2079/1552
f 1982/2074/1547 1989/2080/1553 1983/2075/1548
f 1983/2075/1548 1990/2081/1554 1984/2076/1549
f 1984/2076/1549 1991/2082/1555 1985/2077/1550
f 1985/2077/1550 1992/2083/1556 1986/2078/1551
f 1986/2078/1551 2260/2084/1557 2259/2073/1546
f 1990/2081/1554 1997/2085/1558 1991/2082/1555
f 1991/2082/1555 1998/2086/1559 1992/2083/1556
f 1992/2083/1556 2261/2087/1560 2260/2084/1557
f 1988/2079/1552 1981/2013/645 1994/2088/1561
f 1988/2079/1552 1995/2089/1562 1989/2080/1553
f 1989/2080/1553 1996/2090/1563 1990/2081/1554
f 1994/2088/1561 1981/2013/645 2000/2091/1564
f 1994/2088/1561 2001/2092/1565 1995/2089/1562
f 1995/2089/1562 2002/2093/1566 1996/2090/1563
f 1996/2090/1563 2003/2094/1567 1997/2085/1558
f 1997/2085/1558 2004/2095/1568 1998/2086/1559
f 1998/2086/1559 2262/2096/1569 2261/2087/1560
f 2000/2091/1564 2007/2097/1570 2001/2092/1565
f 2001/2092/1565 2008/2098/1571 2002/2093/1566
f 2002/2093/1566 2009/2099/1572 2003/2094/1567
f 2003/2094/1567 2010/2100/1573 2004/2095/1568
f 2004/2095/1568 2263/2101/1574 2262/2096/1569
f 2000/2091/1564 1981/2013/645 2006/2102/1575
f 2009/2099/1572 2016/2103/1576 2010/2100/1573
f 2010/2100/1573 2264/2104/1577 2263/2101/1574
f 2006/2102/1575 1981/2013/645 2012/2105/1578
f 2006/2102/1575 2013/2106/1579 2007/2097/1570
f 2007/2097/1570 2014/2107/1580 2008/2098/1571
f 2008/2098/1571 2015/2108/1581 2009/2099/1572
f 2012/2105/1578 1981/2013/645 2018/2109/1582
f 2012/2105/1578 2019/2110/1583 2013/2106/1579
f 2013/2106/1579 2020/2111/1584 2014/2107/1580
f 2014/2107/1580 2021/2112/1585 2015/2108/1581
f 2015/2108/1581 2022/2113/1586 2016/2103/1576
f 2016/2103/1576 2265/2114/1587 2264/2104/1577
f 2019/2110/1583 2026/2115/1588 2020/2111/1584
f 2020/2111/1584 2027/2116/1589 2021/2112/1585
f 2021/2112/1585 2028/2117/1590 2022/2113/1586
f 2022/2113/1586 2266/2118/1591 2265/2114/1587
f 2018/2109/1582 1981/2013/645 2024/2119/1592
f 2018/2109/1582 2025/2120/1593 2019/2110/1583
f 2028/2117/1590 2267/2121/1594 2266/2118/1591
f 2024/2119/1592 1981/2013/645 2030/2122/1595
f 2024/2119/1592 2031/2123/1596 2025/2120/1593
f 2025/2120/1593 2032/2124/1597 2026/2115/1588
f 2026/2115/1588 2033/2125/1598 2027/2116/1589
f 2027/2116/1589 2034/2126/1599 2028/2117/1590
f 2030/2122/1595 2037/2127/1600 2031/2123/1596
f 2031/2123/1596 2038/2128/1601 2032/2124/1597
f 2032/2124/1597 2039/2129/1602 2033/2125/1598
f 2033/2125/1598 2040/2130/1603 2034/2126/1599
f 2034/2126/1599 2268/2131/1604 2267/2121/1594
f 2030/2122/1595 1981/2013/645 2036/2132/1605
f 2038/2128/1601 2045/2133/1606 2039/2129/1602
f 2039/2129/1602 2046/2134/1607 2040/2130/1603
f 2040/2130/1603 2269/2135/1608 2268/2131/1604
f 2036/2132/1605 1981/2013/645 2042/2136/1609
f 2036/2132/1605 2043/2137/1610 2037/2127/1600
f 2037/2127/1600 2044/2138/1611 2038/2128/1601
f 2042/2136/1609 1981/2013/645 2048/2139/1612
f 2043/2137/1610 2048/2139/1612 2049/2140/1613
f 2044/2138/1611 2049/2140/1613 2050/2141/1614
f 2045/2133/1606 2050/2141/1614 2051/2142/1615
f 2046/2134/1607 2051/2142/1615 2052/2143/1616
f 2269/2135/1608 2052/2143/1616 2270/2144/1617
f 2050/2141/1614 2055/2145/1618 2056/2146/1619
f 2051/2142/1615 2056/2146/1619 2057/2147/1620
f 2052/2143/1616 2057/2147/1620 2058/2148/1621
f 2270/2144/1617 2058/2148/1621 2271/2149/1622
f 2048/2139/1612 1981/2013/645 2054/2150/1623
f 2049/2140/1613 2054/2150/1623 2055/2145/1618
f 2058/2148/1621 2063/2151/1624 2064/2152/1625
f 2271/2149/1622 2064/2152/1625 2272/2153/1626
f 2054/2150/1623 1981/2013/645 2060/2154/1627
f 2055/2145/1618 2060/2154/1627 2061/2155/1628
f 2056/2146/1619 2061/2155/1628 2062/2156/1629
f 2057/2147/1620 2062/2156/1629 2063/2151/1624
f 2060/2154/1627 1981/2013/645 2066/2157/1630
f 2061/2155/1628 2066/2157/1630 2067/2158/1631
f 2062/2156/1629 2067/2158/1631 2068/2159/1632
f 2063/2151/1624 2068/2159/1632 2069/2160/1633
f 2064/2152/1625 2069/2160/1633 2070/2161/1634
f 2272/2153/1626 2070/2161/1634 2273/2162/1635
f 2069/2160/1633 2074/2163/1636 2075/2164/1637
f 2070/2161/1634 2075/2164/1637 2076/2165/1638
f 2273/2162/1635 2076/2165/1638 2274/2166/1639
f 2066/2157/1630 1981/2013/645 2072/2167/1640
f 2067/2158/1631 2072/2167/1640 2073/2168/1641
f 2068/2159/1632 2073/2168/1641 2074/2163/1636
f 2274/2166/1639 2082/2169/1642 2275/2170/1643
f 2072/2167/1640 1981/2013/645 2078/2171/1644
f 2073/2168/1641 2078/2171/1644 2079/2172/1645
f 2074/2163/1636 2079/2172/1645 2080/2173/1646
f 2075/2164/1637 2080/2173/1646 2081/2174/1647
f 2076/2165/1638 2081/2174/1647 2082/2169/1642
f 2079/2172/1645 2084/2175/1648 2085/2176/1649
f 2080/2173/1646 2085/2176/1649 2086/2177/1650
f 2081/2174/1647 2086/2177/1650 2087/2178/1651
f 2082/2169/1642 2087/2178/1651 2088/2179/1652
f 2275/2170/1643 2088/2179/1652 2276/2180/1653
f 2078/2171/1644 1981/2013/645 2084/2175/1648
f 2088/2179/1652 2093/2181/1654 2094/2182/1655
f 2276/2180/1653 2094/2182/1655 2277/2183/1656
f 2084/2175/1648 1981/2013/645 2090/2184/1657
f 2085/2176/1649 2090/2184/1657 2091/2185/1658
f 2086/2177/1650 2091/2185/1658 2092/2186/1659
f 2087/2178/1651 2092/2186/1659 2093/2181/1654
f 2090/2184/1657 1981/2013/645 2096/2187/1660
f 2091/2185/1658 2096/2187/1660 2097/2188/1661
f 2092/2186/1659 2097/2188/1661 2098/2189/1662
f 2093/2181/1654 2098/2189/1662 2099/2190/1663
f 2094/2182/1655 2099/2190/1663 2100/2191/1664
f 2277/2183/1656 2100/2191/1664 2278/2192/1665
f 2098/2189/1662 2103/2193/1666 2104/2194/1667
f 2099/2190/1663 2104/2194/1667 2105/2195/1668
f 2100/2191/1664 2105/2195/1668 2106/2196/1669
f 2278/2192/1665 2106/2196/1669 2279/2197/1670
f 2096/2187/1660 1981/2013/645 2102/2198/1671
f 2097/2188/1661 2102/2198/1671 2103/2193/1666
f 2279/2197/1670 2112/2199/1672 2280/2200/1673
f 2102/2198/1671 1981/2013/645 2108/2201/1674
f 2103/2193/1666 2108/2201/1674 2109/2202/1675
f 2104/2194/1667 2109/2202/1675 2110/2203/1676
f 2105/2195/1668 2110/2203/1676 2111/2204/1677
f 2106/2196/1669 2111/2204/1677 2112/2199/1672
f 2108/2201/1674 1981/2013/645 2114/2205/1678
f 2108/2201/1674 2115/2206/1679 2109/2202/1675
f 2109/2202/1675 2116/2207/1680 2110/2203/1676
f 2110/2203/1676 2117/2208/1681 2111/2204/1677
f 2111/2204/1677 2118/2209/1682 2112/2199/1672
f 2112/2199/1672 2281/2210/1683 2280/2200/1673
f 2116/2207/1680 2123/2211/1684 2117/2208/1681
f 2117/2208/1681 2124/2212/1685 2118/2209/1682
f 2118/2209/1682 2282/2213/1686 2281/2210/1683
f 2114/2205/1678 1981/2013/645 2120/2214/1687
f 2114/2205/1678 2121/2215/1688 2115/2206/1679
f 2115/2206/1679 2122/2216/1689 2116/2207/1680
f 2120/2214/1687 1981/2013/645 2126/2217/1690
f 2120/2214/1687 2127/2218/1691 2121/2215/1688
f 2121/2215/1688 2128/2219/1692 2122/2216/1689
f 2122/2216/1689 2129/2220/1693 2123/2211/1684
f 2123/2211/1684 2130/2221/1694 2124/2212/1685
f 2124/2212/1685 2283/2222/1695 2282/2213/1686
f 2126/2217/1690 1981/2013/645 2132/2223/1696
f 2126/2217/1690 2133/2224/1697 2127/2218/1691
f 2127/2218/1691 2134/2225/1698 2128/2219/1692
f 2128/2219/1692 2135/2226/1699 2129/2220/1693
f 2129/2220/1693 2136/2227/1700 2130/2221/1694
f 2130/2221/1694 2284/2228/1701 2283/2222/1695
f 2134/2225/1698 2141/2229/1702 2135/2226/1699
f 2135/2226/1699 2142/2230/1703 2136/2227/1700
f 2136/2227/1700 2285/2231/1704 2284/2228/1701
f 2132/2223/1696 1981/2013/645 2138/2232/1705
f 2132/2223/1696 2139/2233/1706 2133/2224/1697
f 2133/2224/1697 2140/2234/1707 2134/2225/1698
f 2138/2232/1705 1981/2013/645 2144/2235/1708
f 2138/2232/1705 2145/2236/1709 2139/2233/1706
f 2139/2233/1706 2146/2237/1710 2140/2234/1707
f 2140/2234/1707 2147/2238/1711 2141/2229/1702
f 2141/2229/1702 2148/2239/1712 2142/2230/1703
f 2142/2230/1703 2286/2240/1713 2285/2231/1704
f 2144/2235/1708 2151/2241/1714 2145/2236/1709
f 2145/2236/1709 2152/2242/1715 2146/2237/1710
f 2146/2237/1710 2153/2243/1716 2147/2238/1711
f 2147/2238/1711 2154/2244/1717 2148/2239/1712
f 2148/2239/1712 2287/2245/1718 2286/2240/1713
f 2144/2235/1708 1981/2013/645 2150/2246/1719
f 2153/2243/1716 2160/2247/1720 2154/2244/1717
f 2154/2244/1717 2288/2248/1721 2287/2245/1718
f 2150/2246/1719 1981/2013/645 2156/2249/1722
f 2150/2246/1719 2157/2250/1723 2151/2241/1714
f 2151/2241/1714 2158/2251/1724 2152/2242/1715
f 2152/2242/1715 2159/2252/1725 2153/2243/1716
f 2156/2249/1722 1981/2013/645 2162/2253/1726
f 2156/2249/1722 2163/2254/1727 2157/2250/1723
f 2157/2250/1723 2164/2255/1728 2158/2251/1724
f 2158/2251/1724 2165/2256/1729 2159/2252/1725
f 2159/2252/1725 2166/2257/1730 2160/2247/1720
f 2160/2247/1720 2289/2258/1731 2288/2248/1721
f 2163/2254/1727 2170/2259/1732 2164/2255/1728
f 2164/2255/1728 2171/2260/1733 2165/2256/1729
f 2165/2256/1729 2172/2261/1734 2166/2257/1730
f 2166/2257/1730 2290/2262/1735 2289/2258/1731
f 2162/2253/1726 1981/2013/645 2168/2263/1736
f 2162/2253/1726 2169/2264/1737 2163/2254/1727
f 2172/2261/1734 2291/2265/1738 2290/2262/1735
f 2168/2263/1736 1981/2013/645 2174/2266/1739
f 2168/2263/1736 2175/2267/1740 2169/2264/1737
f 2169/2264/1737 2176/2268/1741 2170/2259/1732
f 2170/2259/1732 2177/2269/1742 2171/2260/1733
f 2171/2260/1733 2178/2270/1743 2172/2261/1734
f 2174/2266/1739 1981/2013/645 2180/2271/1744
f 2174/2266/1739 2181/2272/1745 2175/2267/1740
f 2175/2267/1740 2182/2273/1746 2176/2268/1741
f 2176/2268/1741 2183/2274/1747 2177/2269/1742
f 2177/2269/1742 2184/2275/1748 2178/2270/1743
f 2178/2270/1743 2292/2276/1749 2291/2265/1738
f 2183/2274/1747 2188/2277/1750 2189/2278/1751
f 2184/2275/1748 2189/2278/1751 2190/2279/1752
f 2292/2276/1749 2190/2279/1752 2293/2280/1753
f 2180/2271/1744 1981/2013/645 2186/2281/1754
f 2181/2272/1745 2186/2281/1754 2187/2282/1755
f 2182/2273/1746 2187/2282/1755 2188/2277/1750
f 2186/2281/1754 1981/2013/645 2192/2283/1756
f 2187/2282/1755 2192/2283/1756 2193/2284/1757
f 2188/2277/1750 2193/2284/1757 2194/2285/1758
f 2189/2278/1751 2194/2285/1758 2195/2286/1759
f 2190/2279/1752 2195/2286/1759 2196/2287/1760
f 2293/2280/1753 2196/2287/1760 2294/2288/1761
f 2193/2284/1757 2198/2012/1486 2199/2015/1488
f 2194/2285/1758 2199/2015/1488 2200/2017/1490
f 2195/2286/1759 2200/2017/1490 2201/2019/1492
f 2196/2287/1760 2201/2019/1492 2202/2021/1494
f 2294/2288/1761 2202/2021/1494 2295/2023/1496
f 2192/2283/1756 1981/2013/645 2198/2012/1486
f 1932/2289/1762 2205/2290/1763 2204/2291/1764
f 1938/2292/1765 2206/2293/1766 2205/2290/1763
f 1944/2294/1767 2207/2295/1768 2206/2293/1766
f 1950/2296/1769 2208/2297/1770 2207/2295/1768
f 1956/2298/1771 2209/2299/1772 2208/2297/1770
f 1962/2300/1773 2210/2301/1774 2209/2299/1772
f 1968/2302/1775 2211/2303/1776 2210/2301/1774
f 1980/2304/1777 2211/2303/1776 1974/2305/1778
f 1987/2306/1779 2212/2307/1780 1980/2304/1777
f 1993/2308/1781 2213/2309/1782 1987/2306/1779
f 1999/2310/1783 2214/2311/1784 1993/2308/1781
f 2005/2312/1785 2215/2313/1786 1999/2310/1783
f 2011/2314/1787 2216/2315/1788 2005/2312/1785
f 2017/2316/1789 2217/2317/1790 2011/2314/1787
f 2023/2318/1791 2218/2319/1792 2017/2316/1789
f 2029/2320/1793 2219/2321/1794 2023/2318/1791
f 2035/2322/1795 2220/2323/1796 2029/2320/1793
f 2041/2324/1797 2221/2325/1798 2035/2322/1795
f 2047/2326/1799 2222/2327/1800 2041/2324/1797
f 2047/2326/1799 2224/2328/1801 2223/2329/1802
f 2053/2330/1803 2225/2331/1804 2224/2328/1801
f 2059/2332/1805 2226/2333/1806 2225/2331/1804
f 2065/2334/1807 2227/2335/1808 2226/2333/1806
f 2071/2336/1809 2228/2337/1810 2227/2335/1808
f 2077/2338/1811 2229/2339/1812 2228/2337/1810
f 2083/2340/1813 2230/2341/1814 2229/2339/1812
f 2089/2342/1815 2231/2343/1816 2230/2341/1814
f 2095/2344/1817 2232/2345/1818 2231/2343/1816
f 2101/2346/1819 2233/2347/1820 2232/2345/1818
f 2107/2348/1821 2234/2349/1822 2233/2347/1820
f 2119/2350/1823 2234/2351/1822 2113/2352/1824
f 2125/2353/1825 2235/2354/1826 2119/2350/1823
f 2131/2355/1827 2236/2356/1828 2125/2353/1825
f 2137/2357/1829 2237/2358/1830 2131/2355/1827
f 2143/2359/1831 2238/2360/1832 2137/2357/1829
f 2149/2361/1833 2239/2362/1834 2143/2359/1831
f 2155/2363/1835 2240/2364/1836 2149/2361/1833
f 2161/2365/1837 2241/2366/1838 2155/2363/1835
f 2167/2367/1839 2242/2368/1840 2161/2365/1837
f 2173/2369/1841 2243/2370/1842 2167/2367/1839
f 2179/2371/1843 2244/2372/1844 2173/2369/1841
f 2185/2373/1845 2245/2374/1846 2179/2371/1843
f 2185/2373/1845 2247/2375/1847 2246/2376/1848
f 2191/2377/1849 2248/2378/1850 2247/2375/1847
f 2197/2379/1851 2249/2380/1852 2248/2378/1850
f 2203/2381/1853 2204/2291/1764 2249/2380/1852
f 2197/2382/1851 2295/2023/1496 2203/2383/1853
f 2191/2384/1849 2294/2288/1761 2197/2382/1851
f 2185/2385/1845 2293/2280/1753 2191/2384/1849
f 2291/2265/1738 2185/2385/1845 2179/2386/1843
f 2290/2262/1735 2179/2386/1843 2173/2387/1841
f 2289/2258/1731 2173/2387/1841 2167/2388/1839
f 2288/2248/1721 2167/2388/1839 2161/2389/1837
f 2287/2245/1718 2161/2389/1837 2155/2390/1835
f 2286/2240/1713 2155/2390/1835 2149/2391/1833
f 2285/2231/1704 2149/2391/1833 2143/2392/1831
f 2284/2228/1701 2143/2392/1831 2137/2393/1829
f 2283/2222/1695 2137/2393/1829 2131/2394/1827
f 2282/2213/1686 2131/2394/1827 2125/2395/1825
f 2281/2210/1683 2125/2395/1825 2119/2396/1823
f 2280/2200/1673 2119/2396/1823 2113/2397/1824
f 2107/2398/1821 2280/2200/1673 2113/2397/1824
f 2101/2399/1819 2279/2197/1670 2107/2398/1821
f 2095/2400/1817 2278/2192/1665 2101/2399/1819
f 2089/2401/1815 2277/2183/1656 2095/2400/1817
f 2083/2402/1813 2276/2180/1653 2089/2401/1815
f 2077/2403/1811 2275/2170/1643 2083/2402/1813
f 2071/2404/1809 2274/2166/1639 2077/2403/1811
f 2065/2405/1807 2273/2162/1635 2071/2404/1809
f 2059/2406/1805 2272/2153/1626 2065/2405/1807
f 2053/2407/1803 2271/2149/1622 2059/2406/1805
f 2047/2408/1799 2270/2144/1617 2053/2407/1803
f 2268/2131/1604 2047/2408/1799 2041/2409/1797
f 2267/2121/1594 2041/2409/1797 2035/2410/1795
f 2266/2118/1591 2035/2410/1795 2029/2411/1793
f 2265/2114/1587 2029/2411/1793 2023/2412/1791
f 2264/2104/1577 2023/2412/1791 2017/2413/1789
f 2263/2101/1574 2017/2413/1789 2011/2414/1787
f 2262/2096/1569 2011/2414/1787 2005/2415/1785
f 2261/2087/1560 2005/2415/1785 1999/2416/1783
f 2260/2084/1557 1999/2416/1783 1993/2417/1781
f 2259/2073/1546 1993/2417/1781 1987/2418/1779
f 2258/2070/1543 1987/2418/1779 1980/2419/1777
f 2257/2066/1539 1980/2419/1777 1974/2420/1778
f 1968/2421/1775 2257/2066/1539 1974/2420/1778
f 1962/2422/1773 2256/2057/1530 1968/2421/1775
f 1956/2423/1771 2255/2054/1527 1962/2422/1773
f 1950/2424/1769 2254/2048/1521 1956/2423/1771
f 1944/2425/1767 2253/2040/1513 1950/2424/1769
f 1938/2426/1765 2252/2036/1509 1944/2425/1767
f 1932/2427/1762 2251/2026/1499 1938/2426/1765
f 2203/2383/1853 2250/2024/1497 1932/2427/1762
f 2248/2378/1850 2341/2428/1854 2340/2429/1855
f 2247/2375/1847 2340/2429/1855 2339/2430/1856
f 2246/2376/1848 2339/2430/1856 2338/2431/1857
f 2246/2376/1848 2337/2432/1858 2245/2374/1846
f 2245/2374/1846 2336/2433/1859 2244/2372/1844
f 2244/2372/1844 2335/2434/1860 2243/2370/1842
f 2243/2370/1842 2334/2435/1861 2242/2368/1840
f 2242/2368/1840 2333/2436/1862 2241/2366/1838
f 2241/2366/1838 2332/2437/1863 2240/2364/1836
f 2240/2364/1836 2331/2438/1864 2239/2362/1834
f 2239/2362/1834 2330/2439/1865 2238/2360/1832
f 2238/2360/1832 2329/2440/1866 2237/2358/1830
f 2237/2358/1830 2328/2441/1867 2236/2356/1828
f 2236/2356/1828 2327/2442/1868 2235/2354/1826
f 2235/2354/1826 2326/2443/1869 2234/2351/1822
f 2233/2347/1820 2326/2444/1869 2325/2445/1870
f 2232/2345/1818 2325/2445/1870 2324/2446/1871
f 2231/2343/1816 2324/2446/1871 2323/2447/1872
f 2230/2341/1814 2323/2447/1872 2322/2448/1873
f 2229/2339/1812 2322/2448/1873 2321/2449/1874
f 2228/2337/1810 2321/2449/1874 2320/2450/1875
f 2227/2335/1808 2320/2450/1875 2319/2451/1876
f 2226/2333/1806 2319/2451/1876 2318/2452/1877
f 2225/2331/1804 2318/2452/1877 2317/2453/1878
f 2224/2328/1801 2317/2453/1878 2316/2454/1879
f 2223/2329/1802 2316/2454/1879 2315/2455/1880
f 2223/2329/1802 2314/2456/1881 2222/2327/1800
f 2222/2327/1800 2313/2457/1882 2221/2325/1798
f 2221/2325/1798 2312/2458/1883 2220/2323/1796
f 2220/2323/1796 2311/2459/1884 2219/2321/1794
f 2219/2321/1794 2310/2460/1885 2218/2319/1792
f 2218/2319/1792 2309/2461/1886 2217/2317/1790
f 2217/2317/1790 2308/2462/1887 2216/2315/1788
f 2216/2315/1788 2307/2463/1888 2215/2313/1786
f 2215/2313/1786 2306/2464/1889 2214/2311/1784
f 2214/2311/1784 2305/2465/1890 2213/2309/1782
f 2213/2309/1782 2304/2466/1891 2212/2307/1780
f 2212/2307/1780 2303/2467/1892 2211/2303/1776
f 2210/2301/1774 2303/2467/1892 2302/2468/1893
f 2209/2299/1772 2302/2468/1893 2301/2469/1894
f 2208/2297/1770 2301/2469/1894 2300/2470/1895
f 2207/2295/1768 2300/2470/1895 2299/2471/1896
f 2206/2293/1766 2299/2471/1896 2298/2472/1897
f 2205/2290/1763 2298/2472/1897 2297/2473/1898
f 2204/2291/1764 2297/2473/1898 2296/2474/1899
f 2249/2380/1852 2296/2474/1899 2341/2428/1854
f 2342/2475/1900 2401/2476/1901 2364/2477/1902
f 2368/2478/1903 2365/2479/1904 2359/2480/1905
f 2357/2481/1906 2368/2478/1903 2359/2480/1905
f 2355/2482/1907 2369/2483/1908 2357/2481/1906
f 2353/2484/1909 2370/2485/1910 2355/2482/1907
f 2372/2486/1911 2353/2484/1909 2351/2487/1912
f 2373/2488/1913 2351/2487/1912 2349/2489/1914
f 2374/2490/1915 2349/2489/1914 2347/2491/1916
f 2345/2492/1917 2374/2490/1915 2347/2491/1916
f 2343/2493/1918 2375/2494/1919 2345/2492/1917
f 2350/2495/1458 2385/2496/1920 2348/2497/1343
f 2361/2498/1921 2376/2499/1922 2343/2493/1918
f 2367/2500/1923 2361/2498/1921 2363/2501/1924
f 2370/2485/1910 2374/2490/1915 2367/2500/1923
f 2365/2479/1904 2379/2502/1925 2380/2503/1926
f 2348/2497/1343 2383/2504/1927 2346/2505/1341
f 2364/2477/1902 2399/2506/1928 2362/2507/1480
f 2362/2507/1480 2397/2508/1929 2360/2509/1930
f 2360/2509/1930 2395/2510/1931 2358/2511/1932
f 2358/2512/1932 2393/2513/1933 2356/2514/1330
f 2356/2514/1330 2391/2515/1934 2354/2516/1328
f 2354/2516/1328 2389/2517/1935 2352/2518/1936
f 2352/2518/1936 2387/2519/1937 2350/2495/1458
f 2346/2505/1341 2381/2520/1938 2344/2521/1361
f 2344/2521/1361 2378/2522/1939 2342/2475/1900
f 2380/2503/1926 2378/2523/1939 2381/2524/1938
f 2382/2525/1940 2381/2524/1938 2383/2526/1927
f 2385/2527/1920 2382/2525/1940 2383/2526/1927
f 2387/2528/1937 2384/2529/1941 2385/2527/1920
f 2389/2530/1935 2386/2531/1942 2387/2528/1937
f 2390/2532/1943 2389/2530/1935 2391/2533/1934
f 2392/2534/1944 2391/2533/1934 2393/2535/1933
f 2394/2536/1945 2393/2535/1933 2395/2537/1931
f 2397/2538/1929 2394/2536/1945 2395/2537/1931
f 2399/2539/1928 2396/2540/1946 2397/2538/1929
f 2401/2541/1901 2398/2542/1947 2399/2539/1928
f 2379/2502/1925 2401/2541/1901 2378/2523/1939
f 2366/2543/1948 2363/2501/1924 2365/2479/1904
f 2363/2501/1924 2400/2544/1949 2379/2502/1925
f 2400/2544/1949 2343/2493/1918 2398/2542/1947
f 2398/2542/1947 2345/2492/1917 2396/2540/1946
f 2396/2540/1946 2347/2491/1916 2394/2536/1945
f 2347/2491/1916 2392/2534/1944 2394/2536/1945
f 2349/2489/1914 2390/2532/1943 2392/2534/1944
f 2351/2487/1912 2388/2545/1950 2390/2532/1943
f 2388/2545/1950 2355/2482/1907 2386/2531/1942
f 2386/2531/1942 2357/2481/1906 2384/2529/1941
f 2384/2529/1941 2359/2480/1905 2382/2525/1940
f 2359/2480/1905 2380/2503/1926 2382/2525/1940
f 2403/2546/1951 2457/2547/1952 2456/2548/1953
f 2405/2549/1954 2458/2550/1955 2457/2547/1952
f 2407/2551/1956 2459/2552/1957 2458/2550/1955
f 2459/2552/1957 2411/2553/1958 2460/2554/1959
f 2460/2554/1959 2413/2555/1960 2461/2556/1961
f 2461/2556/1961 2415/2557/1962 2462/2558/1963
f 2462/2558/1963 2417/2559/1964 2463/2560/1965
f 2463/2560/1965 2419/2561/1966 2464/2562/1967
f 2419/2561/1966 2465/2563/1968 2464/2562/1967
f 2421/2564/1969 2466/2565/1970 2465/2563/1968
f 2423/2566/1971 2467/2567/1972 2466/2565/1970
f 2425/2568/1973 2468/2569/1974 2467/2567/1972
f 2468/2569/1974 2429/2570/1975 2469/2571/1976
f 2469/2571/1976 2431/2572/1977 2470/2573/1978
f 2470/2573/1978 2433/2574/1979 2471/2575/1980
f 2471/2575/1980 2435/2576/1981 2472/2577/1982
f 2553/2578/1983 2424/2579/1984 2561/2580/1985
f 2472/2577/1982 2437/2581/1986 2473/2582/1987
f 2437/2581/1986 2456/2583/1953 2473/2582/1987
f 2477/2584/1988 2440/2585/1989 2441/2586/1990
f 2566/2587/1991 2586/2588/1992 2568/2589/1993
f 2474/2590/1994 2455/2591/1995 2438/2592/1996
f 2490/2593/1997 2455/2591/1995 2491/2594/1998
f 2489/2595/1999 2454/2596/2000 2490/2593/1997
f 2488/2597/2001 2453/2598/2002 2489/2595/1999
f 2487/2599/2003 2452/2600/2004 2488/2597/2001
f 2486/2601/2005 2451/2602/2006 2487/2599/2003
f 2486/2601/2005 2449/2603/2007 2450/2604/2008
f 2485/2605/2009 2448/2606/2010 2449/2603/2007
f 2484/2607/2011 2447/2608/2012 2448/2606/2010
f 2483/2609/2013 2446/2610/2014 2447/2608/2012
f 2481/2611/2015 2446/2610/2014 2482/2612/2016
f 2480/2613/2017 2445/2614/2018 2481/2611/2015
f 2479/2615/2019 2444/2616/2020 2480/2613/2017
f 2478/2617/2021 2443/2618/2022 2479/2615/2019
f 2477/2584/1988 2442/2619/2023 2478/2617/2021
f 2487/2599/2003 2944/2620/1186 2486/2601/2005
f 2473/2621/1987 2438/2592/1996 2455/2591/1995
f 2454/2596/2000 2473/2621/1987 2455/2591/1995
f 2453/2598/2002 2472/2622/1982 2454/2596/2000
f 2452/2600/2004 2471/2623/1980 2453/2598/2002
f 2451/2602/2006 2470/2624/1978 2452/2600/2004
f 2450/2604/2008 2469/2625/1976 2451/2602/2006
f 2467/2626/1972 2450/2604/2008 2449/2603/2007
f 2466/2627/1970 2449/2603/2007 2448/2606/2010
f 2465/2628/1968 2448/2606/2010 2447/2608/2012
f 2464/2629/1967 2447/2608/2012 2446/2610/2014
f 2445/2614/2018 2464/2629/1967 2446/2610/2014
f 2444/2616/2020 2463/2630/1965 2445/2614/2018
f 2443/2618/2022 2462/2631/1963 2444/2616/2020
f 2442/2619/2023 2461/2632/1961 2443/2618/2022
f 2441/2586/1990 2460/2633/1959 2442/2619/2023
f 2458/2634/1955 2441/2586/1990 2440/2585/1989
f 2457/2635/1952 2440/2585/1989 2439/2636/2024
f 2456/2637/1953 2439/2636/2024 2438/2592/1996
f 2476/2638/2025 2439/2636/2024 2440/2585/1989
f 2560/2639/2026 2416/2640/2027 2414/2641/2028
f 2551/2642/2029 2404/2643/2030 2559/2644/2031
f 2550/2645/2032 2428/2646/2033 2558/2647/2034
f 2557/2648/2035 2420/2649/2036 2418/2650/2037
f 2548/2651/2038 2408/2652/2039 2556/2653/2040
f 2555/2654/2041 2436/2655/2042 2432/2656/2043
f 2561/2580/1985 2422/2657/2044 2554/2658/2045
f 2563/2659/2046 2414/2641/2028 2412/2660/2047
f 2559/2644/2031 2402/2661/2048 2562/2662/2049
f 2558/2647/2034 2426/2663/2050 2553/2578/1983
f 2552/2664/2051 2418/2650/2037 2416/2640/2027
f 2556/2653/2040 2406/2665/2052 2551/2642/2029
f 2550/2645/2032 2432/2656/2043 2430/2666/2053
f 2554/2658/2045 2420/2649/2036 2549/2667/2054
f 2547/2668/2055 2434/2669/2056 2436/2655/2042
f 2563/2659/2046 2410/2670/2057 2548/2651/2038
f 2546/2671/2058 2402/2661/2048 2434/2669/2056
f 2403/2672/2059 2508/2673/2060 2492/2674/2061
f 2427/2675/2062 2497/2676/2063 2429/2677/2064
f 2405/2678/2065 2492/2674/2061 2495/2679/2066
f 2417/2680/2067 2499/2681/2068 2419/2682/2069
f 2409/2683/2070 2494/2684/2071 2501/2685/2072
f 2431/2686/2073 2503/2687/2074 2433/2688/2075
f 2423/2689/2076 2498/2690/2077 2505/2691/2078
f 2411/2692/2079 2507/2693/2080 2413/2694/2081
f 2435/2695/2082 2508/2673/2060 2437/2696/2083
f 2427/2675/2062 2504/2697/2084 2509/2698/2085
f 2415/2699/2086 2493/2700/2087 2417/2680/2067
f 2407/2701/2088 2495/2679/2066 2494/2684/2071
f 2429/2677/2064 2496/2702/2089 2431/2686/2073
f 2421/2703/2090 2499/2681/2068 2498/2690/2077
f 2409/2683/2070 2500/2704/2091 2411/2692/2079
f 2433/2688/2075 2502/2705/2092 2435/2695/2082
f 2425/2706/2093 2505/2691/2078 2504/2697/2084
f 2413/2694/2081 2506/2707/2094 2415/2699/2086
f 2492/2674/2061 2526/2708/2095 2510/2709/2096
f 2509/2698/2085 2512/2710/2097 2497/2676/2063
f 2495/2679/2066 2510/2709/2096 2511/2711/2098
f 2493/2700/2087 2513/2712/2099 2499/2681/2068
f 2501/2685/2072 2519/2713/2100 2514/2714/2101
f 2496/2702/2089 2515/2715/2102 2503/2687/2074
f 2505/2691/2078 2521/2716/2103 2516/2717/2104
f 2500/2704/2091 2517/2718/2105 2507/2693/2080
f 2502/2705/2092 2526/2708/2095 2508/2673/2060
f 2509/2698/2085 2524/2719/2106 2527/2720/2107
f 2506/2707/2094 2518/2721/2108 2493/2700/2087
f 2494/2684/2071 2511/2711/2098 2519/2713/2100
f 2497/2676/2063 2520/2722/2109 2496/2702/2089
f 2498/2690/2077 2513/2712/2099 2521/2716/2103
f 2501/2685/2072 2522/2723/2110 2500/2704/2091
f 2503/2687/2074 2523/2724/2111 2502/2705/2092
f 2504/2697/2084 2516/2717/2104 2524/2719/2106
f 2507/2693/2080 2525/2725/2112 2506/2707/2094
f 2510/2709/2096 2544/2726/2113 2528/2727/2114
f 2527/2720/2107 2530/2728/2115 2512/2710/2097
f 2511/2711/2098 2528/2727/2114 2529/2729/2116
f 2518/2721/2108 2531/2730/2117 2513/2712/2099
f 2514/2714/2101 2537/2731/2118 2532/2732/2119
f 2520/2722/2109 2533/2733/2120 2515/2715/2102
f 2516/2717/2104 2539/2734/2121 2534/2735/2122
f 2522/2723/2110 2535/2736/2123 2517/2718/2105
f 2523/2724/2111 2544/2726/2113 2526/2708/2095
f 2527/2720/2107 2542/2737/2124 2545/2738/2125
f 2525/2725/2112 2536/2739/2126 2518/2721/2108
f 2519/2713/2100 2529/2729/2116 2537/2731/2118
f 2512/2710/2097 2538/2740/2127 2520/2722/2109
f 2521/2716/2103 2531/2730/2117 2539/2734/2121
f 2514/2714/2101 2540/2741/2128 2522/2723/2110
f 2515/2715/2102 2541/2742/2129 2523/2724/2111
f 2524/2719/2106 2534/2735/2122 2542/2737/2124
f 2517/2718/2105 2543/2743/2130 2525/2725/2112
f 2528/2727/2114 2562/2662/2049 2546/2671/2058
f 2545/2738/2125 2548/2651/2038 2530/2728/2115
f 2529/2729/2116 2546/2671/2058 2547/2668/2055
f 2536/2739/2126 2549/2667/2054 2531/2730/2117
f 2532/2732/2119 2555/2654/2041 2550/2645/2032
f 2538/2740/2127 2551/2642/2029 2533/2733/2120
f 2534/2735/2122 2557/2648/2035 2552/2664/2051
f 2540/2741/2128 2553/2578/1983 2535/2736/2123
f 2541/2742/2129 2562/2662/2049 2544/2726/2113
f 2545/2738/2125 2560/2639/2026 2563/2659/2046
f 2543/2743/2130 2554/2658/2045 2536/2739/2126
f 2537/2731/2118 2547/2668/2055 2555/2654/2041
f 2530/2728/2115 2556/2653/2040 2538/2740/2127
f 2539/2734/2121 2549/2667/2054 2557/2648/2035
f 2532/2732/2119 2558/2647/2034 2540/2741/2128
f 2533/2733/2120 2559/2644/2031 2541/2742/2129
f 2542/2737/2124 2552/2664/2051 2560/2639/2026
f 2535/2736/2123 2561/2580/1985 2543/2743/2130
f 2597/2744/2131 2579/2745/2132 2578/2746/2133
f 2571/2747/2134 2591/2748/2135 2573/2749/2136
f 2575/2750/2137 2582/2751/2138 2580/2752/2139
f 2569/2753/2140 2592/2754/2141 2571/2747/2134
f 2588/2755/2142 2566/2587/1991 2564/2756/2143
f 2599/2757/2144 2578/2746/2133 2574/2758/2145
f 2589/2759/2146 2564/2756/2143 2577/2760/2147
f 2598/2761/2148 2574/2758/2145 2581/2762/2149
f 2572/2763/2150 2583/2764/2151 2575/2750/2137
f 2567/2765/2152 2593/2766/2153 2569/2753/2140
f 2570/2767/2154 2584/2768/2155 2572/2763/2150
f 2565/2769/2156 2594/2770/2157 2567/2765/2152
f 2590/2771/2158 2577/2760/2147 2576/2772/2159
f 2580/2752/2139 2434/2773/2056 2402/2774/2048
f 2591/2748/2135 2576/2772/2159 2573/2749/2136
f 2568/2589/1993 2585/2775/2160 2570/2767/2154
f 2579/2745/2132 2595/2776/2161 2565/2769/2156
f 2573/2749/2136 2418/2777/2037 2420/2778/2036
f 2577/2760/2147 2414/2779/2028 2416/2780/2027
f 2566/2587/1991 2410/2781/2057 2412/2782/2047
f 2410/2781/2057 2570/2767/2154 2408/2783/2039
f 2581/2762/2149 2436/2784/2042 2434/2785/2056
f 2578/2746/2133 2430/2786/2053 2432/2787/2043
f 2430/2786/2053 2565/2769/2156 2428/2788/2033
f 2406/2789/2052 2575/2750/2137 2404/2790/2030
f 2422/2791/2044 2573/2749/2136 2420/2778/2036
f 2426/2792/2050 2569/2753/2140 2424/2793/1984
f 2404/2790/2030 2580/2752/2139 2402/2774/2048
f 2408/2783/2039 2572/2763/2150 2406/2789/2052
f 2424/2793/1984 2571/2747/2134 2422/2791/2044
f 2428/2788/2033 2567/2765/2152 2426/2792/2050
f 2564/2756/2143 2412/2782/2047 2414/2779/2028
f 2576/2772/2159 2416/2780/2027 2418/2777/2037
f 2574/2758/2145 2432/2787/2043 2436/2784/2042
f 2583/2764/2151 2600/2794/1441 2582/2751/2138
f 2599/2757/2144 2615/2795/1430 2597/2744/2131
f 2591/2748/2135 2608/2796/1359 2590/2771/2158
f 2584/2768/2155 2601/2797/2162 2583/2764/2151
f 2598/2761/2148 2617/2798/1468 2599/2757/2144
f 2592/2754/2141 2609/2799/1437 2591/2748/2135
f 2585/2775/2160 2602/2800/2163 2584/2768/2155
f 2593/2766/2153 2610/2801/1482 2592/2754/2141
f 2586/2588/1992 2603/2802/1436 2585/2775/2160
f 2594/2770/2157 2611/2803/1471 2593/2766/2153
f 2587/2804/2164 2604/2805/1479 2586/2588/1992
f 2595/2776/2161 2612/2806/1433 2594/2770/2157
f 2588/2755/2142 2605/2807/1440 2587/2804/2164
f 2596/2808/2165 2613/2809/1442 2595/2776/2161
f 2589/2759/2146 2606/2810/1476 2588/2755/2142
f 2582/2751/2138 2616/2811/1473 2598/2812/2148
f 2597/2744/2131 2614/2813/1351 2596/2808/2165
f 2590/2771/2158 2607/2814/1484 2589/2759/2146
f 2582/2751/2138 2581/2815/2149 2580/2752/2139
f 2438/2592/1996 2475/2816/2166 2474/2590/1994
f 2613/2817/645 2614/2818/645 2618/2819/645
f 2606/2820/645 2607/2821/645 2618/2819/645
f 2616/2822/645 2600/2823/645 2618/2819/645
f 2614/2818/645 2615/2824/645 2618/2819/645
f 2607/2821/645 2608/2825/645 2618/2819/645
f 2600/2823/645 2601/2826/645 2618/2819/645
f 2615/2824/645 2617/2827/645 2618/2819/645
f 2608/2825/645 2609/2828/645 2618/2819/645
f 2601/2826/645 2602/2829/645 2618/2819/645
f 2617/2827/645 2616/2822/645 2618/2819/645
f 2609/2828/645 2610/2830/645 2618/2819/645
f 2602/2829/645 2603/2831/645 2618/2819/645
f 2610/2830/645 2611/2832/645 2618/2819/645
f 2603/2831/645 2604/2833/645 2618/2819/645
f 2611/2832/645 2612/2834/645 2618/2819/645
f 2604/2833/645 2605/2835/645 2618/2819/645
f 2612/2834/645 2613/2817/645 2618/2819/645
f 2605/2835/645 2606/2820/645 2618/2819/645
f 100/1732/1407 2619/1754/645 99/1730/1405
f 93/1720/1395 2619/1754/645 92/1716/1391
f 101/1734/1409 2619/1754/645 100/1732/1407
f 94/1722/1397 2619/1754/645 93/1720/1395
f 87/1741/1416 2619/1754/645 86/1740/1415
f 102/1737/1412 2619/1754/645 101/1734/1409
f 95/1724/1399 2619/1754/645 94/1722/1397
f 88/1710/1385 2619/1754/645 87/1741/1416
f 103/1755/1429 2619/1754/645 102/1737/1412
f 96/1726/1401 2619/1754/645 95/1724/1399
f 89/1709/1384 2619/1754/645 88/1710/1385
f 86/1740/1415 2619/1754/645 103/1755/1429
f 97/1725/1400 2619/1754/645 96/1726/1401
f 90/1712/1387 2619/1754/645 89/1709/1384
f 98/1728/1403 2619/1754/645 97/1725/1400
f 91/1714/1389 2619/1754/645 90/1712/1387
f 99/1730/1405 2619/1754/645 98/1728/1403
f 2646/2836/2167 2628/2837/2168 2630/2838/2169
f 2649/2839/2170 2635/2840/2171 2633/2841/2172
f 2623/2842/2173 2641/2843/2174 2625/2844/2175
f 2634/2845/2176 2648/2846/2177 2632/2847/2178
f 2640/2848/2179 2622/2849/2180 2624/2850/2181
f 2655/2851/2182 2629/2852/2183 2653/2853/2184
f 2635/2854/2171 2632/2855/2178 2633/2856/2172
f 2652/2857/2185 2642/2858/2186 2626/2859/2187
f 2631/2860/2188 2649/2839/2170 2633/2841/2172
f 2620/2861/2189 2635/2854/2171 2621/2862/2190
f 2636/2863/2191 2638/2864/2192 2639/2865/2193
f 2641/2866/2174 2666/2867/2194 2640/2868/2179
f 2642/2869/2186 2641/2866/2174 2640/2868/2179
f 2654/2870/2195 2645/2871/2196 2655/2872/2182
f 2644/2873/2197 2647/2874/2198 2645/2871/2196
f 2646/2875/2167 2649/2876/2170 2647/2874/2198
f 2648/2877/2177 2651/2878/2199 2649/2876/2170
f 2636/2863/2191 2651/2878/2199 2650/2879/2200
f 2629/2852/2183 2647/2880/2198 2631/2860/2188
f 2626/2859/2187 2640/2848/2179 2624/2850/2181
f 2620/2881/2189 2650/2882/2200 2634/2845/2176
f 2637/2883/2201 2620/2881/2189 2622/2849/2180
f 2641/2843/2174 2627/2884/2202 2625/2844/2175
f 2651/2885/2199 2621/2886/2190 2635/2840/2171
f 2621/2886/2190 2638/2887/2192 2623/2842/2173
f 2648/2846/2177 2630/2838/2169 2632/2847/2178
f 2628/2837/2168 2654/2888/2195 2652/2857/2185
f 2643/2889/2203 2653/2853/2184 2627/2884/2202
f 2656/2890/2204 2655/2851/2182 2643/2889/2203
f 2655/2891/2182 2662/2892/2205 2654/2893/2195
f 2654/2888/2195 2659/2894/2206 2642/2858/2186
f 2663/2895/2207 2657/2896/2208 2658/2897/2209
f 2660/2898/2210 2656/2890/2204 2657/2896/2208
f 2659/2894/2206 2663/2895/2207 2658/2897/2209
f 2642/2869/2186 2656/2899/2204 2643/2900/2203
f 2633/2856/2172 2630/2901/2169 2631/2902/2188
f 2631/2902/2188 2628/2903/2168 2629/2904/2183
f 2628/2905/2168 2653/2906/2184 2629/2907/2183
f 2653/2906/2184 2626/2908/2187 2627/2909/2202
f 2626/2908/2187 2625/2910/2175 2627/2909/2202
f 2625/2910/2175 2622/2911/2180 2623/2912/2173
f 2623/2912/2173 2620/2861/2189 2621/2862/2190
f 2665/2913/2211 2667/2914/2212 2664/2915/2213
f 2666/2916/2194 2637/2883/2201 2640/2848/2179
f 2638/2887/2192 2667/2917/2212 2641/2843/2174
f 2637/2918/2201 2664/2915/2213 2638/2864/2192
f 2669/2919/2214 2670/2920/2215 2668/2921/2214
f 2671/2922/2215 2672/2923/2216 2670/2920/2215
f 2672/2923/2216 2675/2924/2217 2674/2925/2218
f 2674/2925/2218 2677/2926/2219 2676/2927/2220
f 2676/2927/2220 2679/2928/2221 2678/2929/2221
f 2678/2929/2221 2681/2930/2222 2680/2931/2223
f 2681/2930/2222 2682/2932/2224 2680/2931/2223
f 2683/2933/2224 2668/2921/2214 2682/2934/2224
f 2695/2935/2225 2696/2936/2226 2707/2937/2227
f 2688/2938/2228 2699/2939/2229 2687/2940/2230
f 2686/2941/2231 2699/2939/2229 2698/2942/2232
f 2694/2943/2233 2707/2937/2227 2706/2944/2234
f 2694/2945/2233 2705/2946/2235 2693/2947/2236
f 2693/2947/2236 2704/2948/2237 2692/2949/2238
f 2692/2949/2238 2703/2950/2239 2691/2951/2240
f 2691/2951/2240 2702/2952/2241 2690/2953/2242
f 2690/2953/2242 2701/2954/2243 2689/2955/2244
f 2689/2955/2244 2700/2956/2245 2688/2938/2228
f 2685/2957/2246 2698/2942/2232 2697/2958/2247
f 2684/2959/2248 2697/2958/2247 2696/2936/2226
f 2687/2960/2230 2940/2961/2249 2688/2962/2228
f 2690/2963/2242 2940/2961/2249 2691/2964/2240
f 2719/2965/2250 2720/2966/2251 2731/2967/2252
f 2711/2968/2253 2724/2969/2254 2723/2970/2255
f 2710/2971/2256 2723/2970/2255 2722/2972/2257
f 2718/2973/2258 2731/2967/2252 2730/2974/2234
f 2718/2975/2258 2729/2976/2259 2717/2977/2260
f 2717/2977/2260 2728/2978/2261 2716/2979/2262
f 2716/2979/2262 2727/2980/2263 2715/2981/2264
f 2715/2981/2264 2726/2982/2265 2714/2983/2242
f 2714/2983/2242 2725/2984/2266 2713/2985/2267
f 2713/2985/2267 2724/2969/2254 2712/2986/2268
f 2709/2987/2269 2722/2972/2257 2721/2988/2270
f 2708/2989/2248 2721/2988/2270 2720/2966/2251
f 2730/2990/2234 2942/2991/2271 2729/2992/2259
f 2723/2993/2255 2942/2991/2271 2722/2994/2257
f 2735/2995/2272 2879/2996/2273 2878/2997/2274
f 2832/2998/2275 2811/2999/2276 2808/3000/2277
f 2836/3001/2278 2814/3002/2279 2811/2999/2276
f 2840/3003/2280 2817/3004/2281 2814/3002/2279
f 2844/3005/2282 2820/3006/2283 2817/3007/2281
f 2820/3006/2283 2852/3008/2284 2823/3009/2285
f 2823/3009/2285 2856/3010/2286 2826/3011/2287
f 2804/3012/2288 2832/2998/2275 2808/3000/2277
f 2802/3013/2289 2749/3014/2290 2780/3015/2291
f 2777/3016/2292 2805/3017/2293 2748/3018/2294
f 2880/3019/2295 2741/3020/2296 2881/3021/2297
f 2748/3018/2294 2807/3022/2298 2753/3023/2299
f 2799/3024/2300 2776/3025/2301 2802/3013/2289
f 2773/3026/2302 2825/3027/2303 2777/3016/2292
f 2796/3028/2304 2772/3029/2305 2799/3024/2300
f 2875/3030/2306 2801/3031/2307 2869/3032/2308
f 2769/3033/2309 2822/3034/2310 2773/3026/2302
f 2764/3035/2311 2796/3028/2304 2793/3036/2312
f 2874/3037/2313 2798/3038/2314 2875/3030/2306
f 2816/3039/2315 2769/3033/2309 2765/3040/2316
f 2760/3041/2317 2793/3042/2312 2790/3043/2318
f 2883/3044/2319 2747/3045/2320 2876/3046/2321
f 2873/3047/2322 2795/3048/2323 2874/3037/2313
f 2813/3049/2324 2765/3050/2316 2761/3051/2325
f 2756/3052/2326 2790/3043/2318 2787/3053/2327
f 2882/3054/2328 2745/3055/2329 2883/3044/2319
f 2872/3056/2330 2792/3057/2331 2873/3058/2322
f 2810/3059/2332 2761/3051/2325 2757/3060/2333
f 2752/3061/2334 2787/3053/2327 2784/3062/2335
f 2881/3063/2297 2743/3064/2336 2882/3054/2328
f 2786/3065/2337 2872/3056/2330 2871/3066/2338
f 2807/3022/2298 2757/3060/2333 2753/3023/2299
f 2780/3015/2291 2752/3061/2334 2784/3062/2335
f 2783/3067/2339 2871/3066/2338 2870/3068/2340
f 2737/3069/2341 2880/3019/2295 2879/2996/2273
f 2733/3070/2342 2878/2997/2274 2877/3071/2343
f 2748/3018/2294 2779/3072/2344 2777/3016/2292
f 2750/3073/2345 2778/3074/2346 2779/3072/2344
f 2751/3075/2347 2776/3025/2301 2778/3074/2346
f 2777/3016/2292 2775/3076/2348 2773/3026/2302
f 2779/3072/2344 2774/3077/2349 2775/3076/2348
f 2778/3074/2346 2772/3029/2305 2774/3077/2349
f 2773/3026/2302 2771/3078/2350 2769/3033/2309
f 2775/3076/2348 2770/3079/2351 2771/3078/2350
f 2774/3077/2349 2768/3080/2352 2770/3079/2351
f 2769/3033/2309 2767/3081/2353 2765/3040/2316
f 2767/3081/2353 2770/3079/2351 2766/3082/2354
f 2766/3082/2354 2768/3080/2352 2764/3035/2311
f 2761/3051/2325 2767/3083/2353 2763/3084/2355
f 2763/3084/2355 2766/3085/2354 2762/3086/2356
f 2762/3086/2356 2764/3087/2311 2760/3041/2317
f 2757/3060/2333 2763/3084/2355 2759/3088/2357
f 2759/3088/2357 2762/3086/2356 2758/3089/2358
f 2758/3089/2358 2760/3041/2317 2756/3052/2326
f 2753/3023/2299 2759/3088/2357 2755/3090/2359
f 2759/3088/2357 2754/3091/2360 2755/3090/2359
f 2758/3089/2358 2752/3061/2334 2754/3091/2360
f 2753/3023/2299 2750/3073/2345 2748/3018/2294
f 2755/3090/2359 2751/3075/2347 2750/3073/2345
f 2754/3091/2360 2749/3014/2290 2751/3075/2347
f 2869/3032/2308 2781/3092/2361 2868/3093/2362
f 2780/3015/2291 2803/3094/2363 2802/3013/2289
f 2782/3095/2364 2801/3031/2307 2803/3094/2363
f 2802/3013/2289 2800/3096/2365 2799/3024/2300
f 2803/3094/2363 2798/3038/2314 2800/3096/2365
f 2799/3024/2300 2797/3097/2366 2796/3028/2304
f 2800/3096/2365 2795/3048/2323 2797/3097/2366
f 2796/3028/2304 2794/3098/2367 2793/3036/2312
f 2797/3097/2366 2792/3099/2331 2794/3098/2367
f 2790/3043/2318 2794/3100/2367 2791/3101/2368
f 2791/3101/2368 2792/3057/2331 2789/3102/2369
f 2787/3053/2327 2791/3101/2368 2788/3103/2370
f 2788/3103/2370 2789/3102/2369 2786/3065/2337
f 2784/3062/2335 2788/3103/2370 2785/3104/2371
f 2785/3104/2371 2786/3065/2337 2783/3067/2339
f 2784/3062/2335 2782/3095/2364 2780/3015/2291
f 2785/3104/2371 2781/3092/2361 2782/3095/2364
f 2781/3092/2361 2870/3068/2340 2868/3093/2362
f 2804/3012/2288 2827/3105/2372 2826/3011/2287
f 2806/3106/2373 2825/3027/2303 2827/3105/2372
f 2826/3011/2287 2824/3107/2374 2823/3009/2285
f 2827/3105/2372 2822/3034/2310 2824/3107/2374
f 2823/3009/2285 2821/3108/2375 2820/3006/2283
f 2824/3107/2374 2819/3109/2376 2821/3108/2375
f 2820/3006/2283 2818/3110/2377 2817/3007/2281
f 2818/3110/2377 2819/3109/2376 2816/3039/2315
f 2814/3002/2279 2818/3111/2377 2815/3112/2378
f 2815/3112/2378 2816/3113/2315 2813/3049/2324
f 2811/2999/2276 2815/3112/2378 2812/3114/2379
f 2812/3114/2379 2813/3049/2324 2810/3059/2332
f 2808/3000/2277 2812/3114/2379 2809/3115/2380
f 2812/3114/2379 2807/3022/2298 2809/3115/2380
f 2808/3000/2277 2806/3106/2373 2804/3012/2288
f 2809/3115/2380 2805/3017/2293 2806/3106/2373
f 2826/3011/2287 2829/3116/2381 2804/3012/2288
f 2828/3117/2382 2859/3118/2383 2857/3119/2384
f 2830/3120/2385 2858/3121/2386 2859/3118/2383
f 2831/3122/2387 2856/3010/2286 2858/3121/2386
f 2857/3119/2384 2855/3123/2388 2853/3124/2389
f 2859/3118/2383 2854/3125/2390 2855/3123/2388
f 2858/3121/2386 2852/3008/2284 2854/3125/2390
f 2853/3124/2389 2851/3126/2391 2849/3127/2392
f 2855/3123/2388 2850/3128/2393 2851/3126/2391
f 2854/3125/2390 2848/3129/2394 2850/3128/2393
f 2849/3127/2392 2847/3130/2395 2845/3131/2396
f 2851/3126/2391 2846/3132/2397 2847/3130/2395
f 2846/3132/2397 2848/3129/2394 2844/3005/2282
f 2841/3133/2398 2847/3134/2395 2843/3135/2399
f 2843/3135/2399 2846/3136/2397 2842/3137/2400
f 2842/3137/2400 2844/3138/2282 2840/3003/2280
f 2837/3139/2401 2843/3135/2399 2839/3140/2402
f 2839/3140/2402 2842/3137/2400 2838/3141/2403
f 2838/3141/2403 2840/3003/2280 2836/3001/2278
f 2833/3142/2404 2839/3140/2402 2835/3143/2405
f 2835/3143/2405 2838/3141/2403 2834/3144/2406
f 2838/3141/2403 2832/2998/2275 2834/3144/2406
f 2828/3117/2382 2835/3143/2405 2830/3120/2385
f 2835/3143/2405 2831/3122/2387 2830/3120/2385
f 2834/3144/2406 2829/3116/2381 2831/3122/2387
f 2876/3046/2321 2733/3070/2342 2877/3071/2343
f 2732/3145/2407 2861/3146/2408 2734/3147/2409
f 2746/3148/2410 2860/3149/2411 2732/3145/2407
f 2734/3147/2409 2863/3150/2412 2736/3151/2413
f 2736/3151/2413 2864/3152/2414 2738/3153/2415
f 2738/3153/2415 2865/3154/2416 2740/3155/2417
f 2865/3156/2416 2742/3157/2418 2740/3158/2417
f 2866/3159/2419 2744/3160/2420 2742/3157/2418
f 2744/3160/2420 2862/3161/2421 2746/3148/2410
f 2860/3149/2411 2870/3068/2340 2861/3146/2408
f 2862/3161/2421 2868/3093/2362 2860/3149/2411
f 2861/3146/2408 2871/3066/2338 2863/3150/2412
f 2863/3150/2412 2872/3056/2330 2864/3152/2414
f 2872/3056/2330 2865/3154/2416 2864/3152/2414
f 2873/3047/2322 2866/3159/2419 2865/3156/2416
f 2874/3037/2313 2867/3162/2422 2866/3159/2419
f 2875/3030/2306 2862/3161/2421 2867/3162/2422
f 2876/3046/2321 2884/3163/2423 2891/3164/2424
f 2877/3071/2343 2885/3165/2425 2884/3163/2423
f 2886/3166/2426 2880/3019/2295 2887/3167/2427
f 2888/3168/2428 2882/3054/2328 2889/3169/2429
f 2889/3169/2429 2883/3044/2319 2890/3170/2430
f 2890/3170/2430 2876/3046/2321 2891/3164/2424
f 2887/3167/2427 2881/3021/2297 2888/3171/2428
f 2878/2997/2274 2886/3166/2426 2885/3165/2425
f 2833/3142/2404 2886/3166/2426 2837/3139/2401
f 2887/3167/2427 2845/3172/2396 2841/3133/2398
f 2853/3124/2389 2891/3164/2424 2857/3119/2384
f 2889/3169/2429 2853/3124/2389 2849/3127/2392
f 2888/3168/2428 2849/3127/2392 2845/3131/2396
f 2886/3166/2426 2841/3133/2398 2837/3139/2401
f 2828/3117/2382 2885/3165/2425 2833/3142/2404
f 2857/3119/2384 2884/3163/2423 2828/3117/2382
f 2918/3173/2431 2900/3174/2432 2902/3175/2433
f 2921/3176/2434 2907/3177/2435 2905/3178/2436
f 2895/3179/2437 2913/3180/2438 2897/3181/2439
f 2906/3182/2440 2920/3183/2441 2904/3184/2442
f 2912/3185/2443 2894/3186/2444 2896/3187/2445
f 2927/3188/2446 2901/3189/2447 2925/3190/2448
f 2907/3191/2435 2904/3192/2442 2905/3193/2436
f 2924/3194/2449 2914/3195/2450 2898/3196/2451
f 2903/3197/2452 2921/3176/2434 2905/3178/2436
f 2892/3198/2453 2907/3191/2435 2893/3199/2454
f 2908/3200/2455 2910/3201/2456 2911/3202/2457
f 2913/3203/2438 2938/3204/2458 2912/3205/2443
f 2914/3206/2450 2913/3203/2438 2912/3205/2443
f 2926/3207/2459 2917/3208/2460 2927/3209/2446
f 2916/3210/2461 2919/3211/2462 2917/3208/2460
f 2918/3212/2431 2921/3213/2434 2919/3211/2462
f 2920/3214/2441 2923/3215/2463 2921/3213/2434
f 2908/3200/2455 2923/3215/2463 2922/3216/2464
f 2901/3189/2447 2919/3217/2462 2903/3197/2452
f 2898/3196/2451 2912/3185/2443 2896/3187/2445
f 2892/3218/2453 2922/3219/2464 2906/3182/2440
f 2909/3220/2465 2892/3218/2453 2894/3186/2444
f 2913/3180/2438 2899/3221/2466 2897/3181/2439
f 2923/3222/2463 2893/3223/2454 2907/3177/2435
f 2893/3223/2454 2910/3224/2456 2895/3179/2437
f 2920/3183/2441 2902/3175/2433 2904/3184/2442
f 2900/3174/2432 2926/3225/2459 2924/3194/2449
f 2915/3226/2467 2925/3190/2448 2899/3221/2466
f 2928/3227/2468 2927/3188/2446 2915/3226/2467
f 2927/3228/2446 2934/3229/2469 2926/3230/2459
f 2926/3225/2459 2931/3231/2470 2914/3195/2450
f 2935/3232/2471 2929/3233/2472 2930/3234/2473
f 2932/3235/2474 2928/3227/2468 2929/3233/2472
f 2931/3231/2470 2935/3232/2471 2930/3234/2473
f 2931/3236/2470 2915/3237/2467 2914/3206/2450
f 2905/3193/2436 2902/3238/2433 2903/3239/2452
f 2903/3239/2452 2900/3240/2432 2901/3241/2447
f 2900/3242/2432 2925/3243/2448 2901/3244/2447
f 2924/3245/2449 2899/3246/2466 2925/3243/2448
f 2898/3247/2451 2897/3248/2439 2899/3246/2466
f 2897/3248/2439 2894/3249/2444 2895/3250/2437
f 2895/3250/2437 2892/3198/2453 2893/3199/2454
f 2937/3251/2475 2939/3252/2476 2936/3253/2477
f 2912/3185/2443 2937/3254/2475 2909/3220/2465
f 2936/3255/2477 2913/3180/2438 2910/3224/2456
f 2909/3256/2465 2936/3253/2477 2910/3201/2456
f 2694/3257/2233 2940/2961/2249 2695/3258/2225
f 2684/3259/2248 2940/2961/2249 2685/3260/2246
f 2691/2964/2240 2940/2961/2249 2692/3261/2238
f 2688/2962/2228 2940/2961/2249 2689/3262/2244
f 2695/3258/2225 2940/2961/2249 2684/3259/2248
f 2685/3260/2246 2940/2961/2249 2686/3263/2231
f 2692/3261/2238 2940/2961/2249 2693/3264/2236
f 2689/3262/2244 2940/2961/2249 2690/2963/2242
f 2686/3263/2231 2940/2961/2249 2687/2960/2230
f 2693/3264/2236 2940/2961/2249 2694/3257/2233
f 2701/3265/2243 2941/3266/2271 2700/3267/2245
f 2696/3268/2226 2941/3266/2271 2707/3269/2227
f 2698/3270/2232 2941/3266/2271 2697/3271/2247
f 2705/3272/2235 2941/3266/2271 2704/3273/2237
f 2702/3274/2241 2941/3266/2271 2701/3265/2243
f 2699/3275/2229 2941/3266/2271 2698/3270/2232
f 2706/3276/2234 2941/3266/2271 2705/3272/2235
f 2703/3277/2239 2941/3266/2271 2702/3274/2241
f 2700/3267/2245 2941/3266/2271 2699/3275/2229
f 2707/3269/2227 2941/3266/2271 2706/3276/2234
f 2697/3271/2247 2941/3266/2271 2696/3268/2226
f 2704/3273/2237 2941/3266/2271 2703/3277/2239
f 2727/3278/2263 2942/2991/2271 2726/3279/2265
f 2724/3280/2254 2942/2991/2271 2723/2993/2255
f 2731/3281/2252 2942/2991/2271 2730/2990/2234
f 2721/3282/2270 2942/2991/2271 2720/3283/2251
f 2728/3284/2261 2942/2991/2271 2727/3278/2263
f 2725/3285/2266 2942/2991/2271 2724/3280/2254
f 2720/3283/2251 2942/2991/2271 2731/3281/2252
f 2722/2994/2257 2942/2991/2271 2721/3282/2270
f 2729/2992/2259 2942/2991/2271 2728/3284/2261
f 2726/3279/2265 2942/2991/2271 2725/3285/2266
f 2712/3286/2268 2943/3287/2249 2713/3288/2267
f 2719/3289/2250 2943/3287/2249 2708/3290/2248
f 2709/3291/2269 2943/3287/2249 2710/3292/2256
f 2716/3293/2262 2943/3287/2249 2717/3294/2260
f 2713/3288/2267 2943/3287/2249 2714/3295/2242
f 2710/3292/2256 2943/3287/2249 2711/3296/2253
f 2717/3294/2260 2943/3287/2249 2718/3297/2258
f 2714/3295/2242 2943/3287/2249 2715/3298/2264
f 2711/3296/2253 2943/3287/2249 2712/3286/2268
f 2718/3297/2258 2943/3287/2249 2719/3289/2250
f 2708/3290/2248 2943/3287/2249 2709/3291/2269
f 2715/3298/2264 2943/3287/2249 2716/3293/2262
f 2659/3299/2206 2657/3300/2208 2656/2899/2204
f 2661/3301/2478 2663/3302/2207 2662/2892/2205
f 2480/2613/2017 2944/2620/1186 2479/2615/2019
f 2933/3303/2479 2935/3304/2471 2934/3229/2469
f 2930/3305/2473 2928/3306/2468 2931/3236/2470
f 2488/2597/2001 2944/2620/1186 2487/2599/2003
f 2481/2611/2015 2944/2620/1186 2480/2613/2017
f 2489/2595/1999 2944/2620/1186 2488/2597/2001
f 2482/2612/2016 2944/2620/1186 2481/2611/2015
f 2475/2816/2166 2944/2620/1186 2474/2590/1994
f 2490/2593/1997 2944/2620/1186 2489/2595/1999
f 2483/2609/2013 2944/2620/1186 2482/2612/2016
f 2476/2638/2025 2944/2620/1186 2475/2816/2166
f 2491/2594/1998 2944/2620/1186 2490/2593/1997
f 2484/2607/2011 2944/2620/1186 2483/2609/2013
f 2477/2584/1988 2944/2620/1186 2476/2638/2025
f 2474/2590/1994 2944/2620/1186 2491/2594/1998
f 2485/2605/2009 2944/2620/1186 2484/2607/2011
f 2478/2617/2021 2944/2620/1186 2477/2584/1988
f 2486/2601/2005 2944/2620/1186 2485/2605/2009
f 2479/2615/2019 2944/2620/1186 2478/2617/2021
f 251/3307/2480 259/3308/2481 260/3309/2482
f 391/3310/2483 256/3311/2484 257/3312/2485
f 253/3313/2486 264/3314/2487 254/3315/2488
f 251/3307/2480 261/3316/2489 252/3317/2490
f 249/3318/2491 257/3312/2485 258/3319/2492
f 255/3320/1186 254/3315/2488 264/3314/2487
f 252/3317/2490 262/3321/2493 392/3322/2494
f 250/3323/2495 258/3319/2492 259/3308/2481
f 292/3324/2496 399/3325/2497 301/3326/2498
f 392/3322/2494 263/3327/2499 253/3313/2486
f 260/3309/2482 268/3328/2500 269/3329/2501
f 257/3312/2485 265/3330/2502 266/3331/2503
f 263/3327/2499 273/3332/2504 264/3314/2487
f 260/3309/2482 270/3333/2505 261/3316/2489
f 258/3319/2492 266/3331/2503 267/3334/2506
f 255/3320/1186 264/3314/2487 273/3332/2504
f 261/3316/2489 271/3335/2507 262/3321/2493
f 259/3308/2481 267/3334/2506 268/3328/2500
f 319/3336/2508 402/3337/2509 328/3338/2510
f 262/3321/2493 272/3339/2511 263/3327/2499
f 346/3340/2512 405/3341/2513 355/3342/2514
f 271/3335/2507 281/3343/2515 272/3339/2511
f 269/3329/2501 277/3344/2516 278/3345/2517
f 266/3331/2503 274/3346/2518 275/3347/2519
f 272/3339/2511 282/3348/2520 273/3332/2504
f 269/3329/2501 279/3349/2521 270/3333/2505
f 267/3334/2506 275/3347/2519 276/3350/2522
f 255/3320/1186 273/3332/2504 282/3348/2520
f 270/3333/2505 280/3351/2523 271/3335/2507
f 268/3328/2500 276/3350/2522 277/3344/2516
f 276/3352/2522 286/3353/2524 277/3354/2516
f 328/3338/2510 403/3355/2525 337/3356/2526
f 281/3357/2515 289/3358/2527 290/3359/2528
f 277/3354/2516 287/3360/2529 278/3361/2517
f 274/3362/2518 284/3363/2530 275/3364/2519
f 282/3365/2520 290/3359/2528 291/3366/2531
f 279/3367/2521 287/3360/2529 288/3368/2532
f 275/3364/2519 285/3369/2533 276/3352/2522
f 255/3370/1186 282/3365/2520 291/3366/2531
f 280/3371/2523 288/3368/2532 289/3358/2527
f 255/3370/1186 291/3366/2531 300/3372/2534
f 289/3358/2527 297/3373/2535 298/3374/2536
f 285/3369/2533 295/3375/2537 286/3353/2524
f 274/3362/2518 397/3376/1353 283/3377/2538
f 290/3359/2528 298/3374/2536 299/3378/2539
f 286/3353/2524 296/3379/2540 287/3360/2529
f 283/3377/2538 293/3380/2541 284/3363/2530
f 291/3366/2531 299/3378/2539 300/3372/2534
f 288/3368/2532 296/3379/2540 297/3373/2535
f 284/3363/2530 294/3381/2542 285/3369/2533
f 297/3373/2535 305/3382/2543 306/3383/2544
f 293/3380/2541 303/3384/2545 294/3381/2542
f 255/3370/1186 300/3372/2534 309/3385/2546
f 298/3374/2536 306/3383/2544 307/3386/2547
f 294/3381/2542 304/3387/2548 295/3375/2537
f 382/3388/2549 393/3389/1473 248/3390/2550
f 299/3378/2539 307/3386/2547 308/3391/2551
f 295/3375/2537 305/3382/2543 296/3379/2540
f 292/3324/2496 302/3392/2552 293/3380/2541
f 300/3372/2534 308/3391/2551 309/3385/2546
f 301/3326/2498 311/3393/2553 302/3392/2552
f 309/3385/2546 317/3394/2554 318/3395/2555
f 306/3383/2544 314/3396/2556 315/3397/2557
f 302/3392/2552 312/3398/2558 303/3384/2545
f 255/3370/1186 309/3385/2546 318/3395/2555
f 307/3386/2547 315/3397/2557 316/3399/2559
f 303/3384/2545 313/3400/2560 304/3387/2548
f 337/3401/2526 404/3402/2561 346/3340/2512
f 308/3391/2551 316/3399/2559 317/3394/2554
f 304/3387/2548 314/3396/2556 305/3382/2543
f 314/3396/2556 322/3403/2562 323/3404/1900
f 311/3393/2553 319/3336/2508 320/3405/2563
f 317/3394/2554 327/3406/2564 318/3395/2555
f 314/3396/2556 324/3407/2565 315/3397/2557
f 312/3398/2558 320/3405/2563 321/3408/2566
f 255/3370/1186 318/3395/2555 327/3406/2564
f 315/3397/2557 325/3409/2567 316/3399/2559
f 313/3400/2560 321/3408/2566 322/3403/2562
f 301/3326/2498 400/3410/2568 310/3411/2569
f 316/3399/2559 326/3412/2570 317/3394/2554
f 283/3377/2538 398/3413/2571 292/3324/2496
f 325/3409/2567 335/3414/2572 326/3412/2570
f 323/3404/1900 331/3415/2573 332/3416/2574
f 320/3405/2563 328/3338/2510 329/3417/2575
f 326/3412/2570 336/3418/2576 327/3406/2564
f 323/3404/1900 333/3419/2577 324/3407/2565
f 321/3408/2566 329/3417/2575 330/3420/2578
f 255/3370/1186 327/3406/2564 336/3418/2576
f 324/3407/2565 334/3421/2579 325/3409/2567
f 322/3403/2562 330/3420/2578 331/3415/2573
f 333/3419/2577 343/3422/2580 334/3421/2579
f 331/3415/2573 339/3423/2581 340/3424/2582
f 355/3342/2514 406/3425/2583 364/3426/2584
f 334/3421/2579 344/3427/2585 335/3414/2572
f 332/3416/2574 340/3424/2582 341/3428/2586
f 329/3417/2575 337/3356/2526 338/3429/2587
f 335/3414/2572 345/3430/2588 336/3418/2576
f 332/3416/2574 342/3431/2589 333/3419/2577
f 330/3420/2578 338/3429/2587 339/3423/2581
f 255/3370/1186 336/3418/2576 345/3430/2588
f 339/3432/2581 347/3433/2590 348/3434/2591
f 255/3320/1186 345/3435/2588 354/3436/2592
f 342/3437/2589 352/3438/2593 343/3439/2580
f 340/3440/2582 348/3434/2591 349/3441/2594
f 256/3311/2484 395/3442/2501 265/3330/2502
f 343/3439/2580 353/3443/2595 344/3444/2585
f 341/3445/2586 349/3441/2594 350/3446/2596
f 338/3447/2587 346/3340/2512 347/3433/2590
f 344/3444/2585 354/3436/2592 345/3435/2588
f 341/3445/2586 351/3448/2597 342/3437/2589
f 351/3448/2597 359/3449/1343 360/3450/2598
f 347/3433/2590 357/3451/2599 348/3434/2591
f 255/3320/1186 354/3436/2592 363/3452/2600
f 352/3438/2593 360/3450/2598 361/3453/2601
f 348/3434/2591 358/3454/2602 349/3441/2594
f 364/3426/2584 407/3455/2603 373/3456/2604
f 353/3443/2595 361/3453/2601 362/3457/2605
f 349/3441/2594 359/3449/1343 350/3446/2596
f 346/3340/2512 356/3458/2606 347/3433/2590
f 354/3436/2592 362/3457/2605 363/3452/2600
f 355/3342/2514 365/3459/2607 356/3458/2606
f 363/3452/2600 371/3460/2608 372/3461/2609
f 360/3450/2598 368/3462/2610 369/3463/2611
f 356/3458/2606 366/3464/2612 357/3451/2599
f 255/3320/1186 363/3452/2600 372/3461/2609
f 361/3453/2601 369/3463/2611 370/3465/2613
f 357/3451/2599 367/3466/2614 358/3454/2602
f 265/3330/2502 396/3467/2615 274/3346/2518
f 362/3457/2605 370/3465/2613 371/3460/2608
f 358/3454/2602 368/3462/2610 359/3449/1343
f 371/3460/2608 379/3468/2616 380/3469/2617
f 367/3466/2614 377/3470/2603 368/3462/2610
f 364/3426/2584 374/3471/2618 365/3459/2607
f 372/3461/2609 380/3469/2617 381/3472/2619
f 369/3463/2611 377/3470/2603 378/3473/2620
f 365/3459/2607 375/3474/2621 366/3464/2612
f 255/3320/1186 372/3461/2609 381/3472/2619
f 370/3465/2613 378/3473/2620 379/3468/2616
f 366/3464/2612 376/3475/2622 367/3466/2614
f 373/3456/2604 408/3476/2623 382/3388/2549
f 375/3474/2621 385/3477/2624 376/3475/2622
f 248/3390/2550 394/3478/2482 256/3311/2484
f 380/3469/2617 388/3479/2625 389/3480/2626
f 376/3475/2622 386/3481/2627 377/3470/2603
f 373/3456/2604 383/3482/2628 374/3471/2618
f 381/3472/2619 389/3480/2626 390/3483/2629
f 378/3473/2620 386/3481/2627 387/3484/2630
f 374/3471/2618 384/3485/2631 375/3474/2621
f 255/3320/1186 381/3472/2619 390/3483/2629
f 379/3468/2616 387/3484/2630 388/3479/2625
f 387/3484/2630 392/3322/2494 388/3479/2625
f 385/3477/2624 249/3318/2491 250/3323/2495
f 310/3411/2569 401/3486/1900 319/3336/2508
f 388/3479/2625 253/3313/2486 389/3480/2626
f 386/3481/2627 250/3323/2495 251/3307/2480
f 383/3482/2628 248/3390/2550 391/3310/2483
f 389/3480/2626 254/3315/2488 390/3483/2629
f 386/3481/2627 252/3317/2490 387/3484/2630
f 384/3485/2631 391/3310/2483 249/3318/2491
f 255/3320/1186 390/3483/2629 254/3315/2488
f 957/1/1 418/23/23 419/2/2
f 952/4/4 951/24/24 411/5/5
f 958/3/3 419/2/2 420/7/7
f 953/9/9 952/4/4 412/6/6
f 959/8/8 420/7/7 421/11/11
f 954/13/13 953/9/9 413/10/10
f 960/12/12 421/11/11 1697/15/15
f 955/17/17 954/13/13 414/14/14
f 409/19/19 955/17/17 415/18/18
f 409/19/19 416/20/20 417/21/21
f 956/22/22 417/21/21 418/23/23
f 951/24/24 950/609/596 410/25/25
f 416/20/20 428/38/38 429/26/26
f 417/21/21 429/26/26 430/27/27
f 411/5/5 410/25/25 422/28/28
f 418/23/23 430/27/27 431/30/30
f 412/6/6 411/5/5 423/29/29
f 419/2/2 431/30/30 432/32/32
f 413/10/10 412/6/6 424/31/31
f 420/7/7 432/32/32 433/34/34
f 414/14/14 413/10/10 425/33/33
f 421/11/11 433/34/34 1698/36/36
f 415/18/18 414/14/14 426/35/35
f 416/20/20 415/18/18 427/37/37
f 431/30/30 443/51/51 444/39/39
f 425/33/33 424/31/31 436/40/40
f 432/32/32 444/39/39 445/42/42
f 426/35/35 425/33/33 437/41/41
f 433/34/34 445/42/42 1699/44/44
f 427/37/37 426/35/35 438/43/43
f 428/38/38 427/37/37 439/45/45
f 428/38/38 440/46/46 441/47/47
f 429/26/26 441/47/47 442/48/48
f 423/29/29 422/28/28 434/49/49
f 430/27/27 442/48/48 443/51/51
f 424/31/31 423/29/29 435/50/50
f 439/45/45 438/43/43 450/52/52
f 440/46/46 439/45/45 451/53/53
f 440/46/46 452/54/54 453/55/55
f 441/47/47 453/55/55 454/56/56
f 435/50/50 434/49/49 446/57/57
f 442/48/48 454/56/56 455/59/59
f 436/40/40 435/50/50 447/58/58
f 443/51/51 455/59/59 456/61/61
f 437/41/41 436/40/40 448/60/60
f 444/39/39 456/61/61 457/63/63
f 438/43/43 437/41/41 449/62/62
f 445/42/42 457/63/63 1700/64/64
f 453/55/55 465/77/77 466/65/65
f 447/58/58 446/57/57 458/66/66
f 454/56/56 466/65/65 467/68/68
f 448/60/60 447/58/58 459/67/67
f 455/59/59 467/68/68 468/70/70
f 449/62/62 448/60/60 460/69/69
f 456/61/61 468/70/70 469/72/72
f 450/52/52 449/62/62 461/71/71
f 457/63/63 469/72/72 1701/74/74
f 451/53/53 450/52/52 462/73/73
f 452/54/54 451/53/53 463/75/75
f 452/54/54 464/76/76 465/77/77
f 468/70/70 480/90/90 481/78/78
f 462/73/73 461/71/71 473/79/79
f 469/72/72 481/78/78 1702/81/81
f 463/75/75 462/73/73 474/80/80
f 464/76/76 463/75/75 475/82/82
f 464/76/76 476/83/83 477/84/84
f 465/77/77 477/84/84 478/85/85
f 459/67/67 458/66/66 470/86/86
f 466/65/65 478/85/85 479/88/88
f 460/69/69 459/67/67 471/87/87
f 467/68/68 479/88/88 480/90/90
f 461/71/71 460/69/69 472/89/89
f 476/83/83 475/82/82 487/91/91
f 476/83/83 488/92/92 489/93/93
f 477/84/84 489/93/93 490/94/94
f 471/87/87 470/86/86 482/95/95
f 478/85/85 490/94/94 491/97/97
f 472/89/89 471/87/87 483/96/96
f 479/88/88 491/97/97 492/99/99
f 473/79/79 472/89/89 484/98/98
f 480/90/90 492/99/99 493/101/101
f 474/80/80 473/79/79 485/100/100
f 481/78/78 493/101/101 1703/103/103
f 475/82/82 474/80/80 486/102/102
f 490/94/94 502/115/115 503/104/104
f 484/98/98 483/96/96 495/105/105
f 491/97/97 503/104/104 504/107/107
f 485/100/100 484/98/98 496/106/106
f 492/99/99 504/107/107 505/109/109
f 486/102/102 485/100/100 497/108/108
f 493/101/101 505/109/109 1704/111/111
f 487/91/91 486/102/102 498/110/110
f 488/92/92 487/91/91 499/112/112
f 488/92/92 500/113/113 501/114/114
f 489/93/93 501/114/114 502/115/115
f 483/96/96 482/95/95 494/116/116
f 1704/111/111 505/109/109 517/117/117
f 498/110/110 510/128/128 511/119/119
f 499/112/112 511/119/119 512/120/120
f 501/114/114 500/113/113 512/120/120
f 502/115/115 501/114/114 513/121/121
f 494/116/116 506/132/132 507/123/123
f 503/104/104 502/115/115 514/122/122
f 495/105/105 507/123/123 508/125/125
f 504/107/107 503/104/104 515/124/124
f 496/106/106 508/125/125 509/127/127
f 505/109/109 504/107/107 516/126/126
f 497/108/108 509/127/127 510/128/128
f 513/121/121 512/120/120 524/129/129
f 514/122/122 513/121/121 525/130/130
f 506/132/132 518/152/152 519/133/133
f 515/124/124 514/122/122 526/131/131
f 507/123/123 519/133/133 520/135/135
f 516/126/126 515/124/124 527/134/134
f 508/125/125 520/135/135 521/137/137
f 517/117/117 516/126/126 528/136/136
f 509/127/127 521/137/137 522/139/139
f 1705/118/118 517/117/117 529/138/138
f 510/128/128 522/139/139 523/141/141
f 511/119/119 523/141/141 524/129/129
f 528/136/136 527/134/134 539/142/142
f 520/135/135 532/154/154 533/144/144
f 529/138/138 528/136/136 540/143/143
f 521/137/137 533/144/144 534/146/146
f 1706/140/140 529/138/138 541/145/145
f 522/139/139 534/146/146 535/148/148
f 523/141/141 535/148/148 536/149/149
f 525/130/130 524/129/129 536/149/149
f 526/131/131 525/130/130 537/150/150
f 518/152/152 530/158/158 531/153/153
f 527/134/134 526/131/131 538/151/151
f 519/133/133 531/153/153 532/154/154
f 535/148/148 547/167/167 548/155/155
f 537/150/150 536/149/149 548/155/155
f 538/151/151 537/150/150 549/156/156
f 530/158/158 542/170/170 543/159/159
f 539/142/142 538/151/151 550/157/157
f 531/153/153 543/159/159 544/161/161
f 540/143/143 539/142/142 551/160/160
f 532/154/154 544/161/161 545/163/163
f 541/145/145 540/143/143 552/162/162
f 533/144/144 545/163/163 546/165/165
f 1707/147/147 541/145/145 553/164/164
f 534/146/146 546/165/165 547/167/167
f 550/157/157 549/156/156 561/168/168
f 542/170/170 554/189/189 555/171/171
f 551/160/160 550/157/157 562/169/169
f 543/159/159 555/171/171 556/173/173
f 552/162/162 551/160/160 563/172/172
f 544/161/161 556/173/173 557/175/175
f 553/164/164 552/162/162 564/174/174
f 545/163/163 557/175/175 558/177/177
f 1708/166/166 553/164/164 565/176/176
f 546/165/165 558/177/177 559/179/179
f 547/167/167 559/179/179 560/180/180
f 549/156/156 548/155/155 560/180/180
f 565/176/176 564/174/174 576/181/181
f 557/175/175 569/193/193 570/183/183
f 1709/178/178 565/176/176 577/182/182
f 558/177/177 570/183/183 571/185/185
f 559/179/179 571/185/185 572/186/186
f 561/168/168 560/180/180 572/186/186
f 562/169/169 561/168/168 573/187/187
f 554/189/189 566/197/197 567/190/190
f 563/172/172 562/169/169 574/188/188
f 555/171/171 567/190/190 568/192/192
f 564/174/174 563/172/172 575/191/191
f 556/173/173 568/192/192 569/193/193
f 573/187/187 572/186/186 584/194/194
f 574/188/188 573/187/187 585/195/195
f 566/197/197 578/218/218 579/198/198
f 575/191/191 574/188/188 586/196/196
f 567/190/190 579/198/198 580/200/200
f 576/181/181 575/191/191 587/199/199
f 568/192/192 580/200/200 581/202/202
f 577/182/182 576/181/181 588/201/201
f 569/193/193 581/202/202 582/204/204
f 1710/184/184 577/182/182 589/203/203
f 570/183/183 582/204/204 583/206/206
f 571/185/185 583/206/206 584/194/194
f 587/199/199 586/196/196 598/207/207
f 579/198/198 591/219/219 592/209/209
f 588/201/201 587/199/199 599/208/208
f 580/200/200 592/209/209 593/211/211
f 589/203/203 588/201/201 600/210/210
f 581/202/202 593/211/211 594/213/213
f 1711/205/205 589/203/203 601/212/212
f 582/204/204 594/213/213 595/215/215
f 583/206/206 595/215/215 596/216/216
f 585/195/195 584/194/194 596/216/216
f 586/196/196 585/195/195 597/217/217
f 578/218/218 590/226/226 591/219/219
f 1712/214/214 601/212/212 613/220/220
f 594/213/213 606/232/232 607/222/222
f 595/215/215 607/222/222 608/223/223
f 597/217/217 596/216/216 608/223/223
f 598/207/207 597/217/217 609/224/224
f 590/226/226 602/235/235 603/227/227
f 599/208/208 598/207/207 610/225/225
f 591/219/219 603/227/227 604/229/229
f 600/210/210 599/208/208 611/228/228
f 592/209/209 604/229/229 605/231/231
f 601/212/212 600/210/210 612/230/230
f 593/211/211 605/231/231 606/232/232
f 610/225/225 609/224/224 621/233/233
f 602/235/235 614/256/256 615/236/236
f 611/228/228 610/225/225 622/234/234
f 603/227/227 615/236/236 616/238/238
f 612/230/230 611/228/228 623/237/237
f 604/229/229 616/238/238 617/240/240
f 613/220/220 612/230/230 624/239/239
f 605/231/231 617/240/240 618/242/242
f 1713/221/221 613/220/220 625/241/241
f 606/232/232 618/242/242 619/244/244
f 607/222/222 619/244/244 620/245/245
f 609/224/224 608/223/223 620/245/245
f 624/239/239 623/237/237 635/246/246
f 616/238/238 628/258/258 629/248/248
f 625/241/241 624/239/239 636/247/247
f 617/240/240 629/248/248 630/250/250
f 1714/243/243 625/241/241 637/249/249
f 618/242/242 630/250/250 631/252/252
f 619/244/244 631/252/252 632/253/253
f 621/233/233 620/245/245 632/253/253
f 622/234/234 621/233/233 633/254/254
f 614/256/256 626/262/262 627/257/257
f 623/237/237 622/234/234 634/255/255
f 615/236/236 627/257/257 628/258/258
f 631/252/252 643/271/271 644/259/259
f 633/254/254 632/253/253 644/259/259
f 634/255/255 633/254/254 645/260/260
f 626/262/262 638/610/597 639/263/263
f 635/246/246 634/255/255 646/261/261
f 627/257/257 639/263/263 640/265/265
f 636/247/247 635/246/246 647/264/264
f 628/258/258 640/265/265 641/267/267
f 637/249/249 636/247/247 648/266/266
f 629/248/248 641/267/267 642/269/269
f 1715/251/251 637/249/249 649/268/268
f 630/250/250 642/269/269 643/271/271
f 639/263/263 638/610/597 650/272/272
f 646/261/261 658/284/284 659/274/274
f 640/265/265 639/263/263 651/273/273
f 647/264/264 659/274/274 660/276/276
f 641/267/267 640/265/265 652/275/275
f 648/266/266 660/276/276 661/278/278
f 642/269/269 641/267/267 653/277/277
f 649/268/268 661/278/278 1717/280/280
f 643/271/271 642/269/269 654/279/279
f 644/259/259 643/271/271 655/281/281
f 644/259/259 656/282/282 657/283/283
f 645/260/260 657/283/283 658/284/284
f 660/276/276 672/297/297 673/285/285
f 654/279/279 653/277/277 665/286/286
f 661/278/278 673/285/285 1718/288/288
f 655/281/281 654/279/279 666/287/287
f 656/282/282 655/281/281 667/289/289
f 656/282/282 668/290/290 669/291/291
f 657/283/283 669/291/291 670/292/292
f 651/273/273 650/272/272 662/293/293
f 658/284/284 670/292/292 671/295/295
f 652/275/275 651/273/273 663/294/294
f 659/274/274 671/295/295 672/297/297
f 653/277/277 652/275/275 664/296/296
f 668/290/290 680/310/310 681/298/298
f 669/291/291 681/298/298 682/299/299
f 663/294/294 662/293/293 674/300/300
f 670/292/292 682/299/299 683/302/302
f 664/296/296 663/294/294 675/301/301
f 671/295/295 683/302/302 684/304/304
f 665/286/286 664/296/296 676/303/303
f 672/297/297 684/304/304 685/306/306
f 666/287/287 665/286/286 677/305/305
f 673/285/285 685/306/306 1719/308/308
f 667/289/289 666/287/287 678/307/307
f 668/290/290 667/289/289 679/309/309
f 676/303/303 675/301/301 687/311/311
f 683/302/302 695/323/323 696/313/313
f 677/305/305 676/303/303 688/312/312
f 684/304/304 696/313/313 697/315/315
f 678/307/307 677/305/305 689/314/314
f 685/306/306 697/315/315 1720/317/317
f 679/309/309 678/307/307 690/316/316
f 680/310/310 679/309/309 691/318/318
f 680/310/310 692/319/319 693/320/320
f 681/298/298 693/320/320 694/321/321
f 675/301/301 674/300/300 686/322/322
f 682/299/299 694/321/321 695/323/323
f 697/315/315 709/336/336 1721/324/324
f 691/318/318 690/316/316 702/325/325
f 692/319/319 691/318/318 703/326/326
f 692/319/319 704/327/327 705/328/328
f 693/320/320 705/328/328 706/329/329
f 687/311/311 686/322/322 698/330/330
f 694/321/321 706/329/329 707/332/332
f 688/312/312 687/311/311 699/331/331
f 695/323/323 707/332/332 708/334/334
f 689/314/314 688/312/312 700/333/333
f 696/313/313 708/334/334 709/336/336
f 690/316/316 689/314/314 701/335/335
f 705/328/328 717/349/349 718/337/337
f 699/331/331 698/330/330 710/338/338
f 706/329/329 718/337/337 719/340/340
f 700/333/333 699/331/331 711/339/339
f 707/332/332 719/340/340 720/342/342
f 701/335/335 700/333/333 712/341/341
f 708/334/334 720/342/342 721/344/344
f 702/325/325 701/335/335 713/343/343
f 709/336/336 721/344/344 1722/346/346
f 703/326/326 702/325/325 714/345/345
f 704/327/327 703/326/326 715/347/347
f 704/327/327 716/348/348 717/349/349
f 713/343/343 712/341/341 724/350/350
f 720/342/342 732/362/362 733/352/352
f 714/345/345 713/343/343 725/351/351
f 721/344/344 733/352/352 1723/354/354
f 715/347/347 714/345/345 726/353/353
f 716/348/348 715/347/347 727/355/355
f 716/348/348 728/356/356 729/357/357
f 717/349/349 729/357/357 730/358/358
f 711/339/339 710/338/338 722/359/359
f 718/337/337 730/358/358 731/361/361
f 712/341/341 711/339/339 723/360/360
f 719/340/340 731/361/361 732/362/362
f 728/356/356 727/355/355 739/363/363
f 728/356/356 740/364/364 741/365/365
f 729/357/357 741/365/365 742/366/366
f 723/360/360 722/359/359 734/367/367
f 730/358/358 742/366/366 743/369/369
f 724/350/350 723/360/360 735/368/368
f 731/361/361 743/369/369 744/371/371
f 725/351/351 724/350/350 736/370/370
f 732/362/362 744/371/371 745/373/373
f 726/353/353 725/351/351 737/372/372
f 733/352/352 745/373/373 1724/375/375
f 727/355/355 726/353/353 738/374/374
f 735/368/368 734/367/367 746/376/376
f 742/366/366 754/388/388 755/378/378
f 736/370/370 735/368/368 747/377/377
f 743/369/369 755/378/378 756/380/380
f 737/372/372 736/370/370 748/379/379
f 744/371/371 756/380/380 757/382/382
f 738/374/374 737/372/372 749/381/381
f 745/373/373 757/382/382 1725/384/384
f 739/363/363 738/374/374 750/383/383
f 740/364/364 739/363/363 751/385/385
f 740/364/364 752/386/386 753/387/387
f 741/365/365 753/387/387 754/388/388
f 750/383/383 749/381/381 761/389/389
f 757/382/382 769/401/401 1726/391/391
f 751/385/385 750/383/383 762/390/390
f 752/386/386 751/385/385 763/392/392
f 752/386/386 764/393/393 765/394/394
f 753/387/387 765/394/394 766/395/395
f 747/377/377 746/376/376 758/396/396
f 754/388/388 766/395/395 767/398/398
f 748/379/379 747/377/377 759/397/397
f 755/378/378 767/398/398 768/400/400
f 749/381/381 748/379/379 760/399/399
f 756/380/380 768/400/400 769/401/401
f 764/393/393 776/414/414 777/402/402
f 765/394/394 777/402/402 778/403/403
f 759/397/397 758/396/396 770/404/404
f 766/395/395 778/403/403 779/406/406
f 760/399/399 759/397/397 771/405/405
f 767/398/398 779/406/406 780/408/408
f 761/389/389 760/399/399 772/407/407
f 768/400/400 780/408/408 781/410/410
f 762/390/390 761/389/389 773/409/409
f 769/401/401 781/410/410 1727/412/412
f 763/392/392 762/390/390 774/411/411
f 764/393/393 763/392/392 775/413/413
f 771/415/405 783/438/426 784/416/415
f 780/418/408 779/439/406 791/419/416
f 772/417/407 784/416/415 785/421/418
f 781/423/410 780/418/408 792/420/417
f 773/422/409 785/421/418 786/425/420
f 1727/427/412 781/423/410 793/424/419
f 774/426/411 786/425/420 787/429/422
f 775/430/413 787/429/422 788/431/423
f 777/433/402 776/432/414 788/431/423
f 778/435/403 777/433/402 789/434/424
f 770/437/404 782/444/431 783/438/426
f 779/439/406 778/435/403 790/436/425
f 786/425/420 798/451/438 799/440/427
f 787/429/422 799/440/427 800/441/428
f 789/434/424 788/431/423 800/441/428
f 790/436/425 789/434/424 801/442/429
f 782/444/431 794/455/442 795/445/432
f 791/419/416 790/436/425 802/443/430
f 783/438/426 795/445/432 796/447/434
f 792/420/417 791/419/416 803/446/433
f 784/416/415 796/447/434 797/449/436
f 793/424/419 792/420/417 804/448/435
f 785/421/418 797/449/436 798/451/438
f 1728/428/421 793/424/419 805/450/437
f 802/443/430 801/442/429 813/453/440
f 794/455/442 806/476/463 807/456/443
f 803/446/433 802/443/430 814/454/441
f 795/445/432 807/456/443 808/458/445
f 804/448/435 803/446/433 815/457/444
f 796/447/434 808/458/445 809/460/447
f 805/450/437 804/448/435 816/459/446
f 797/449/436 809/460/447 810/462/449
f 1729/452/439 805/450/437 817/461/448
f 798/451/438 810/462/449 811/464/451
f 799/440/427 811/464/451 812/465/452
f 801/442/429 800/441/428 812/465/452
f 816/459/446 815/457/444 827/466/453
f 808/458/445 820/478/465 821/468/455
f 817/461/448 816/459/446 828/467/454
f 809/460/447 821/468/455 822/470/457
f 1730/463/450 817/461/448 829/469/456
f 810/462/449 822/470/457 823/472/459
f 811/464/451 823/472/459 824/473/460
f 813/453/440 812/465/452 824/473/460
f 814/454/441 813/453/440 825/474/461
f 806/476/463 818/483/470 819/477/464
f 815/457/444 814/454/441 826/475/462
f 807/456/443 819/477/464 820/478/465
f 822/470/457 834/490/477 835/479/466
f 823/472/459 835/479/466 836/480/467
f 825/474/461 824/473/460 836/480/467
f 826/475/462 825/474/461 837/481/468
f 818/483/470 830/494/481 831/484/471
f 827/466/453 826/475/462 838/482/469
f 819/477/464 831/484/471 832/486/473
f 828/467/454 827/466/453 839/485/472
f 820/478/465 832/486/473 833/488/475
f 829/469/456 828/467/454 840/487/474
f 821/468/455 833/488/475 834/490/477
f 1731/471/458 829/469/456 841/489/476
f 838/482/469 837/481/468 849/492/479
f 830/494/481 842/513/500 843/495/482
f 839/485/472 838/482/469 850/493/480
f 831/484/471 843/495/482 844/497/484
f 840/487/474 839/485/472 851/496/483
f 832/486/473 844/497/484 845/499/486
f 841/489/476 840/487/474 852/498/485
f 833/488/475 845/499/486 846/501/488
f 1732/491/478 841/489/476 853/500/487
f 834/490/477 846/501/488 847/503/490
f 835/479/466 847/503/490 848/504/491
f 837/481/468 836/480/467 848/504/491
f 853/500/487 852/498/485 864/505/492
f 845/499/486 857/517/504 858/507/494
f 1733/502/489 853/500/487 865/506/493
f 846/501/488 858/507/494 859/509/496
f 847/503/490 859/509/496 860/510/497
f 849/492/479 848/504/491 860/510/497
f 850/493/480 849/492/479 861/511/498
f 842/513/500 854/521/508 855/514/501
f 851/496/483 850/493/480 862/512/499
f 843/495/482 855/514/501 856/516/503
f 852/498/485 851/496/483 863/515/502
f 844/497/484 856/516/503 857/517/504
f 859/509/496 871/530/517 872/518/505
f 861/511/498 860/510/497 872/518/505
f 862/512/499 861/511/498 873/519/506
f 854/521/508 866/542/529 867/522/509
f 863/515/502 862/512/499 874/520/507
f 855/514/501 867/522/509 868/524/511
f 864/505/492 863/515/502 875/523/510
f 856/516/503 868/524/511 869/526/513
f 865/506/493 864/505/492 876/525/512
f 857/517/504 869/526/513 870/528/515
f 1734/508/495 865/506/493 877/527/514
f 858/507/494 870/528/515 871/530/517
f 875/523/510 874/520/507 886/531/518
f 867/522/509 879/543/530 880/533/520
f 876/525/512 875/523/510 887/532/519
f 868/524/511 880/533/520 881/535/522
f 877/527/514 876/525/512 888/534/521
f 869/526/513 881/535/522 882/537/524
f 1735/529/516 877/527/514 889/536/523
f 870/528/515 882/537/524 883/539/526
f 871/530/517 883/539/526 884/540/527
f 873/519/506 872/518/505 884/540/527
f 874/520/507 873/519/506 885/541/528
f 866/542/529 878/550/537 879/543/530
f 1736/538/525 889/536/523 901/544/531
f 882/537/524 894/556/543 895/546/533
f 883/539/526 895/546/533 896/547/534
f 885/541/528 884/540/527 896/547/534
f 886/531/518 885/541/528 897/548/535
f 878/550/537 890/560/547 891/551/538
f 887/532/519 886/531/518 898/549/536
f 879/543/530 891/551/538 892/553/540
f 888/534/521 887/532/519 899/552/539
f 880/533/520 892/553/540 893/555/542
f 889/536/523 888/534/521 900/554/541
f 881/535/522 893/555/542 894/556/543
f 897/548/535 896/547/534 908/557/544
f 898/549/536 897/548/535 909/558/545
f 890/560/547 902/580/567 903/561/548
f 899/552/539 898/549/536 910/559/546
f 891/551/538 903/561/548 904/563/550
f 900/554/541 899/552/539 911/562/549
f 892/553/540 904/563/550 905/565/552
f 901/544/531 900/554/541 912/564/551
f 893/555/542 905/565/552 906/567/554
f 1737/545/532 901/544/531 913/566/553
f 894/556/543 906/567/554 907/569/556
f 895/546/533 907/569/556 908/557/544
f 912/564/551 911/562/549 923/570/557
f 904/563/550 916/582/569 917/572/559
f 913/566/553 912/564/551 924/571/558
f 905/565/552 917/572/559 918/574/561
f 1738/568/555 913/566/553 925/573/560
f 906/567/554 918/574/561 919/576/563
f 907/569/556 919/576/563 920/577/564
f 909/558/545 908/557/544 920/577/564
f 910/559/546 909/558/545 921/578/565
f 902/580/567 914/653/639 915/581/568
f 911/562/549 910/559/546 922/579/566
f 903/561/548 915/581/568 916/582/569
f 920/577/564 919/576/563 931/583/570
f 920/577/564 932/584/571 933/585/572
f 921/578/565 933/585/572 934/586/573
f 915/581/568 914/653/639 926/587/574
f 922/579/566 934/586/573 935/589/576
f 916/582/569 915/581/568 927/588/575
f 923/570/557 935/589/576 936/591/578
f 917/572/559 916/582/569 928/590/577
f 924/571/558 936/591/578 937/593/580
f 918/574/561 917/572/559 929/592/579
f 925/573/560 937/593/580 1740/595/582
f 919/576/563 918/574/561 930/594/581
f 933/585/572 945/608/595 946/596/583
f 927/588/575 926/587/574 938/597/584
f 934/586/573 946/596/583 947/599/586
f 928/590/577 927/588/575 939/598/585
f 935/589/576 947/599/586 948/601/588
f 929/592/579 928/590/577 940/600/587
f 936/591/578 948/601/588 949/603/590
f 930/594/581 929/592/579 941/602/589
f 937/593/580 949/603/590 1741/605/592
f 931/583/570 930/594/581 942/604/591
f 932/584/571 931/583/570 943/606/593
f 932/584/571 944/607/594 945/608/595
f 948/601/588 959/8/8 960/12/12
f 942/604/591 941/602/589 953/9/9
f 949/603/590 960/12/12 1742/16/16
f 943/606/593 942/604/591 954/13/13
f 944/607/594 943/606/593 955/17/17
f 944/607/594 409/19/19 956/22/22
f 945/608/595 956/22/22 957/1/1
f 939/598/585 938/597/584 950/609/596
f 946/596/583 957/1/1 958/3/3
f 940/600/587 939/598/585 951/24/24
f 947/599/586 958/3/3 959/8/8
f 941/602/589 940/600/587 952/4/4
f 638/610/597 980/657/643 981/611/598
f 578/218/218 566/197/197 974/612/599
f 854/521/508 842/513/500 997/614/601
f 782/444/431 770/437/404 991/616/603
f 926/587/574 1004/654/640 1005/618/605
f 938/597/584 1005/618/605 1006/619/606
f 806/476/463 794/455/442 993/620/607
f 722/359/359 987/627/614 988/622/609
f 566/197/197 554/189/189 973/623/610
f 482/95/95 967/648/634 968/624/611
f 506/132/132 494/116/116 968/624/611
f 518/152/152 506/132/132 969/625/612
f 710/338/338 986/645/631 987/627/614
f 422/28/28 962/652/638 963/628/615
f 734/367/367 988/622/609 989/629/616
f 662/293/293 982/636/623 983/630/617
f 614/256/256 602/235/235 977/631/618
f 434/49/49 963/628/615 964/633/620
f 902/580/567 890/560/547 1001/634/621
f 650/272/272 981/611/598 982/636/623
f 878/550/537 866/542/529 999/637/624
f 890/560/547 878/550/537 1000/638/625
f 758/396/396 990/644/630 991/639/603
f 446/57/57 964/633/620 965/640/626
f 590/226/226 578/218/218 975/613/600
f 602/235/235 590/226/226 976/641/627
f 818/483/470 806/476/463 994/621/608
f 830/494/481 818/483/470 995/642/628
f 746/376/376 989/629/616 990/644/630
f 698/330/330 985/650/636 986/645/631
f 542/170/170 530/158/158 971/646/632
f 530/158/158 518/152/152 970/626/613
f 470/86/86 966/651/637 967/648/634
f 674/300/300 983/630/617 984/649/635
f 842/513/500 830/494/481 996/643/629
f 686/322/322 984/649/635 985/650/636
f 458/66/66 965/640/626 966/651/637
f 410/25/25 961/658/644 962/652/638
f 914/653/639 1003/655/641 1004/654/640
f 554/189/189 542/170/170 972/647/633
f 914/653/639 902/580/567 1002/635/622
f 638/610/597 626/262/262 979/656/642
f 950/609/596 1006/619/606 961/658/644
f 866/542/529 854/521/508 998/615/602
f 794/455/442 782/444/431 992/617/604
f 626/262/262 614/256/256 978/632/619
f 971/646/632 970/626/613 1016/659/645
f 1000/638/625 999/637/624 1045/661/645
f 984/649/635 1030/705/645 1031/663/645
f 972/647/633 971/646/632 1017/660/645
f 1001/634/621 1000/638/625 1046/662/645
f 985/650/636 1031/663/645 1032/666/645
f 973/623/610 972/647/633 1018/664/645
f 1002/635/622 1001/634/621 1047/665/645
f 986/645/631 1032/666/645 1033/669/645
f 974/612/599 973/623/610 1019/667/645
f 1003/655/641 1002/635/622 1048/668/645
f 987/627/614 1033/669/645 1034/672/645
f 989/629/616 1035/677/645 1036/673/646
f 975/613/600 974/612/599 1020/670/645
f 1003/655/641 1049/671/645 1050/675/645
f 961/658/644 1007/689/645 1008/676/645
f 988/622/609 1034/672/645 1035/677/645
f 990/644/630 1036/673/646 1037/678/645
f 976/641/627 975/613/600 1021/674/645
f 1004/654/640 1050/675/645 1051/680/645
f 962/652/638 1008/676/645 1009/681/645
f 992/617/604 991/616/603 1037/682/645
f 977/631/618 976/641/627 1022/679/645
f 1005/618/605 1051/680/645 1052/685/645
f 963/628/615 1009/681/645 1010/686/645
f 993/620/607 992/617/604 1038/683/645
f 978/632/619 977/631/618 1023/684/645
f 1006/619/606 1052/685/645 1007/689/645
f 964/633/620 1010/686/645 1011/690/645
f 994/621/608 993/620/607 1039/687/645
f 979/656/642 978/632/619 1024/688/645
f 965/640/626 1011/690/645 1012/693/645
f 995/642/628 994/621/608 1040/691/645
f 980/657/643 979/656/642 1025/692/645
f 966/651/637 1012/693/645 1013/696/645
f 996/643/629 995/642/628 1041/694/645
f 980/657/643 1026/695/645 1027/698/645
f 967/648/634 1013/696/645 1014/699/645
f 997/614/601 996/643/629 1042/697/645
f 981/611/598 1027/698/645 1028/701/645
f 969/625/612 968/624/611 1014/699/645
f 998/615/602 997/614/601 1043/700/645
f 982/636/623 1028/701/645 1029/704/645
f 970/626/613 969/625/612 1015/702/645
f 999/637/624 998/615/602 1044/703/645
f 983/630/617 1029/704/645 1030/705/645
f 1063/706/647 1062/728/665 1601/707/307
f 1596/709/649 1056/715/655 1055/710/650
f 1064/712/652 1063/706/647 1602/708/648
f 1597/714/654 1057/719/659 1056/715/655
f 1065/716/656 1064/712/652 1603/713/653
f 1598/718/658 1058/723/663 1057/719/659
f 1743/720/660 1065/716/656 1604/717/657
f 1599/722/662 1059/725/664 1058/723/663
f 1053/724/310 1060/732/319 1059/725/664
f 1061/726/318 1060/732/319 1053/724/310
f 1062/728/665 1061/726/318 1600/727/309
f 1595/711/651 1055/710/650 1054/729/666
f 1073/731/668 1072/750/327 1060/732/319
f 1074/733/669 1073/731/668 1061/726/318
f 1055/710/650 1067/736/672 1066/734/670
f 1075/735/671 1074/733/669 1062/728/665
f 1056/715/655 1068/738/674 1067/736/672
f 1076/737/673 1075/735/671 1063/706/647
f 1057/719/659 1069/740/676 1068/738/674
f 1077/739/675 1076/737/673 1064/712/652
f 1058/723/663 1070/742/678 1069/740/676
f 1744/741/677 1077/739/675 1065/716/656
f 1059/725/664 1071/743/328 1070/742/678
f 1060/732/319 1072/750/327 1071/743/328
f 1088/744/679 1087/755/688 1075/735/671
f 1069/740/676 1081/747/682 1080/745/680
f 1089/746/681 1088/744/679 1076/737/673
f 1070/742/678 1082/749/684 1081/747/682
f 1745/748/683 1089/746/681 1077/739/675
f 1071/743/328 1083/751/685 1082/749/684
f 1072/750/327 1084/758/348 1083/751/685
f 1085/752/686 1084/758/348 1072/750/327
f 1086/753/345 1085/752/686 1073/731/668
f 1067/736/672 1079/756/689 1078/754/687
f 1087/755/688 1086/753/345 1074/733/669
f 1068/738/674 1080/745/680 1079/756/689
f 1083/751/685 1095/759/691 1094/757/690
f 1084/758/348 1096/780/711 1095/759/691
f 1097/760/692 1096/780/711 1084/758/348
f 1098/761/693 1097/760/692 1085/752/686
f 1079/756/689 1091/764/696 1090/762/694
f 1099/763/695 1098/761/693 1086/753/345
f 1080/745/680 1092/766/698 1091/764/696
f 1100/765/697 1099/763/695 1087/755/688
f 1081/747/682 1093/768/700 1092/766/698
f 1101/767/699 1100/765/697 1088/744/679
f 1082/749/684 1094/757/690 1093/768/700
f 1746/769/701 1101/767/699 1089/746/681
f 1110/770/702 1109/782/713 1097/760/692
f 1091/764/696 1103/773/705 1102/771/703
f 1111/772/704 1110/770/702 1098/761/693
f 1092/766/698 1104/775/707 1103/773/705
f 1112/774/706 1111/772/704 1099/763/695
f 1093/768/700 1105/777/709 1104/775/707
f 1113/776/708 1112/774/706 1100/765/697
f 1094/757/690 1106/779/366 1105/777/709
f 1747/778/710 1113/776/708 1101/767/699
f 1095/759/691 1107/781/712 1106/779/366
f 1096/780/711 1108/787/717 1107/781/712
f 1109/782/713 1108/787/717 1096/780/711
f 1125/783/714 1124/794/723 1112/774/706
f 1106/779/366 1118/786/388 1117/784/715
f 1748/785/716 1125/783/714 1113/776/708
f 1107/781/712 1119/788/387 1118/786/388
f 1108/787/717 1120/796/386 1119/788/387
f 1121/789/718 1120/796/386 1108/787/717
f 1122/790/719 1121/789/718 1109/782/713
f 1103/773/705 1115/793/722 1114/791/720
f 1123/792/721 1122/790/719 1110/770/702
f 1104/775/707 1116/795/724 1115/793/722
f 1124/794/723 1123/792/721 1111/772/704
f 1105/777/709 1117/784/715 1116/795/724
f 1120/796/386 1132/817/393 1131/797/394
f 1133/798/392 1132/817/393 1120/796/386
f 1134/799/390 1133/798/392 1121/789/718
f 1115/793/722 1127/802/726 1126/800/725
f 1135/801/389 1134/799/390 1122/790/719
f 1116/795/724 1128/804/728 1127/802/726
f 1136/803/727 1135/801/389 1123/792/721
f 1117/784/715 1129/806/730 1128/804/728
f 1137/805/729 1136/803/727 1124/794/723
f 1118/786/388 1130/808/732 1129/806/730
f 1749/807/731 1137/805/729 1125/783/714
f 1119/788/387 1131/797/394 1130/808/732
f 1147/809/733 1146/820/411 1134/799/390
f 1128/804/728 1140/812/736 1139/810/734
f 1148/811/735 1147/809/733 1135/801/389
f 1129/806/730 1141/814/738 1140/812/736
f 1149/813/737 1148/811/735 1136/803/727
f 1130/808/732 1142/816/403 1141/814/738
f 1750/815/739 1149/813/737 1137/805/729
f 1131/797/394 1143/818/402 1142/816/403
f 1132/817/393 1144/825/414 1143/818/402
f 1145/819/413 1144/825/414 1132/817/393
f 1146/820/411 1145/819/413 1133/798/392
f 1127/802/726 1139/810/734 1138/821/740
f 1750/815/739 1751/844/758 1161/822/741
f 1155/823/742 1154/833/425 1142/816/403
f 1156/824/423 1155/823/742 1143/818/402
f 1145/819/413 1157/826/743 1156/824/423
f 1146/820/411 1158/828/420 1157/826/743
f 1151/827/744 1150/837/751 1138/821/740
f 1147/809/733 1159/830/746 1158/828/420
f 1152/829/745 1151/827/744 1139/810/734
f 1148/811/735 1160/832/748 1159/830/746
f 1153/831/747 1152/829/745 1140/812/736
f 1149/813/737 1161/822/741 1160/832/748
f 1154/833/425 1153/831/747 1141/814/738
f 1157/826/743 1169/835/749 1168/834/428
f 1158/828/420 1170/838/752 1169/835/749
f 1163/836/750 1162/857/768 1150/837/751
f 1159/830/746 1171/840/754 1170/838/752
f 1164/839/753 1163/836/750 1151/827/744
f 1160/832/748 1172/842/756 1171/840/754
f 1165/841/755 1164/839/753 1152/829/745
f 1161/822/741 1173/845/759 1172/842/756
f 1166/843/757 1165/841/755 1153/831/747
f 1751/844/758 1752/851/764 1173/845/759
f 1167/846/429 1166/843/757 1154/833/425
f 1168/834/428 1167/846/429 1155/823/742
f 1172/842/756 1184/849/762 1183/847/760
f 1177/848/761 1176/859/770 1164/839/753
f 1173/845/759 1185/852/765 1184/849/762
f 1178/850/763 1177/848/761 1165/841/755
f 1752/851/764 1753/870/777 1185/852/765
f 1179/853/766 1178/850/763 1166/843/757
f 1180/854/452 1179/853/766 1167/846/429
f 1169/835/749 1181/855/451 1180/854/452
f 1170/838/752 1182/858/769 1181/855/451
f 1175/856/767 1174/863/772 1162/857/768
f 1171/840/754 1183/847/760 1182/858/769
f 1176/859/770 1175/856/767 1163/836/750
f 1192/860/460 1191/872/461 1179/853/766
f 1181/855/451 1193/861/459 1192/860/460
f 1182/858/769 1194/864/457 1193/861/459
f 1187/862/771 1186/875/781 1174/863/772
f 1183/847/760 1195/866/774 1194/864/457
f 1188/865/773 1187/862/771 1175/856/767
f 1184/849/762 1196/868/776 1195/866/774
f 1189/867/775 1188/865/773 1176/859/770
f 1185/852/765 1197/871/778 1196/868/776
f 1190/869/462 1189/867/775 1177/848/761
f 1753/870/777 1754/882/788 1197/871/778
f 1191/872/461 1190/869/462 1178/850/763
f 1194/864/457 1206/876/782 1205/873/779
f 1199/874/780 1198/894/799 1186/875/781
f 1195/866/774 1207/878/784 1206/876/782
f 1200/877/783 1199/874/780 1187/862/771
f 1196/868/776 1208/880/786 1207/878/784
f 1201/879/785 1200/877/783 1188/865/773
f 1197/871/778 1209/883/789 1208/880/786
f 1202/881/787 1201/879/785 1189/867/775
f 1754/882/788 1755/888/793 1209/883/789
f 1203/884/790 1202/881/787 1190/869/462
f 1204/885/467 1203/884/790 1191/872/461
f 1193/861/459 1205/873/779 1204/885/467
f 1209/883/789 1221/889/794 1220/886/791
f 1214/887/792 1213/898/803 1201/879/785
f 1755/888/793 1756/909/813 1221/889/794
f 1215/890/795 1214/887/792 1202/881/787
f 1216/891/796 1215/890/795 1203/884/790
f 1205/873/779 1217/892/797 1216/891/796
f 1206/876/782 1218/895/800 1217/892/797
f 1211/893/798 1210/902/807 1198/894/799
f 1207/878/784 1219/897/802 1218/895/800
f 1212/896/801 1211/893/798 1199/874/780
f 1208/880/786 1220/886/791 1219/897/802
f 1213/898/803 1212/896/801 1200/877/783
f 1217/892/797 1229/900/805 1228/899/804
f 1218/895/800 1230/903/808 1229/900/805
f 1223/901/806 1222/924/827 1210/902/807
f 1219/897/802 1231/905/810 1230/903/808
f 1224/904/809 1223/901/806 1211/893/798
f 1220/886/791 1232/907/812 1231/905/810
f 1225/906/811 1224/904/809 1212/896/801
f 1221/889/794 1233/910/814 1232/907/812
f 1226/908/499 1225/906/811 1213/898/803
f 1756/909/813 1757/918/822 1233/910/814
f 1227/911/815 1226/908/499 1214/887/792
f 1228/899/804 1227/911/815 1215/890/795
f 1231/905/810 1243/914/818 1242/912/816
f 1236/913/817 1235/923/826 1223/901/806
f 1232/907/812 1244/916/820 1243/914/818
f 1237/915/819 1236/913/817 1224/904/809
f 1233/910/814 1245/919/823 1244/916/820
f 1238/917/821 1237/915/819 1225/906/811
f 1757/918/822 1758/925/828 1245/919/823
f 1239/920/824 1238/917/821 1226/908/499
f 1240/921/505 1239/920/824 1227/911/815
f 1229/900/805 1241/922/825 1240/921/505
f 1230/903/808 1242/912/816 1241/922/825
f 1235/923/826 1234/931/833 1222/924/827
f 1758/925/828 1759/947/847 1257/926/829
f 1251/927/528 1250/937/838 1238/917/821
f 1252/928/830 1251/927/528 1239/920/824
f 1241/922/825 1253/929/831 1252/928/830
f 1242/912/816 1254/932/524 1253/929/831
f 1247/930/832 1246/940/840 1234/931/833
f 1243/914/818 1255/934/835 1254/932/524
f 1248/933/834 1247/930/832 1235/923/826
f 1244/916/820 1256/936/837 1255/934/835
f 1249/935/836 1248/933/834 1236/913/817
f 1245/919/823 1257/926/829 1256/936/837
f 1250/937/838 1249/935/836 1237/915/819
f 1254/932/524 1266/941/841 1265/938/533
f 1259/939/839 1258/961/859 1246/940/840
f 1255/934/835 1267/943/843 1266/941/841
f 1260/942/842 1259/939/839 1247/930/832
f 1256/936/837 1268/945/845 1267/943/843
f 1261/944/844 1260/942/842 1248/933/834
f 1257/926/829 1269/948/848 1268/945/845
f 1262/946/846 1261/944/844 1249/935/836
f 1759/947/847 1760/955/853 1269/948/848
f 1263/949/535 1262/946/846 1250/937/838
f 1264/950/534 1263/949/535 1251/927/528
f 1253/929/831 1265/938/533 1264/950/534
f 1268/945/845 1280/953/851 1279/951/849
f 1273/952/850 1272/963/861 1260/942/842
f 1269/948/848 1281/956/854 1280/953/851
f 1274/954/852 1273/952/850 1261/944/844
f 1760/955/853 1761/974/870 1281/956/854
f 1275/957/855 1274/954/852 1262/946/846
f 1276/958/856 1275/957/855 1263/949/535
f 1265/938/533 1277/959/857 1276/958/856
f 1266/941/841 1278/962/860 1277/959/857
f 1271/960/858 1270/967/863 1258/961/859
f 1267/943/843 1279/951/849 1278/962/860
f 1272/963/861 1271/960/858 1259/939/839
f 1288/964/564 1287/976/872 1275/957/855
f 1277/959/857 1289/965/563 1288/964/564
f 1278/962/860 1290/968/864 1289/965/563
f 1283/966/862 1282/978/874 1270/967/863
f 1279/951/849 1291/970/866 1290/968/864
f 1284/969/865 1283/966/862 1271/960/858
f 1280/953/851 1292/972/868 1291/970/866
f 1285/971/867 1284/969/865 1272/963/861
f 1281/956/854 1293/975/871 1292/972/868
f 1286/973/869 1285/971/867 1273/952/850
f 1761/974/870 1762/986/882 1293/975/871
f 1287/976/872 1286/973/869 1274/954/852
f 1283/966/862 1295/980/876 1294/977/873
f 1303/979/875 1302/990/884 1290/968/864
f 1284/969/865 1296/982/878 1295/980/876
f 1304/981/877 1303/979/875 1291/970/866
f 1285/971/867 1297/984/880 1296/982/878
f 1305/983/879 1304/981/877 1292/972/868
f 1286/973/869 1298/987/883 1297/984/880
f 1763/985/881 1305/983/879 1293/975/871
f 1287/976/872 1299/988/572 1298/987/883
f 1288/964/564 1300/995/571 1299/988/572
f 1301/989/570 1300/995/571 1288/964/564
f 1302/990/884 1301/989/570 1289/965/563
f 1317/991/885 1316/1002/893 1304/981/877
f 1298/987/883 1310/994/888 1309/992/886
f 1764/993/887 1317/991/885 1305/983/879
f 1299/988/572 1311/996/889 1310/994/888
f 1300/995/571 1312/1005/594 1311/996/889
f 1313/997/593 1312/1005/594 1300/995/571
f 1314/998/591 1313/997/593 1301/989/570
f 1295/980/876 1307/1001/892 1306/999/890
f 1315/1000/891 1314/998/591 1302/990/884
f 1296/982/878 1308/1003/894 1307/1001/892
f 1316/1002/893 1315/1000/891 1303/979/875
f 1297/984/880 1309/992/886 1308/1003/894
f 1325/1004/895 1324/1024/19 1312/1005/594
f 1326/1006/896 1325/1004/895 1313/997/593
f 1307/1001/892 1319/1009/899 1318/1007/897
f 1327/1008/898 1326/1006/896 1314/998/591
f 1308/1003/894 1320/1011/901 1319/1009/899
f 1328/1010/900 1327/1008/898 1315/1000/891
f 1309/992/886 1321/1013/903 1320/1011/901
f 1329/1012/902 1328/1010/900 1316/1002/893
f 1310/994/888 1322/1015/905 1321/1013/903
f 1765/1014/904 1329/1012/902 1317/991/885
f 1311/996/889 1323/1016/906 1322/1015/905
f 1312/1005/594 1324/1024/19 1323/1016/906
f 1320/1011/901 1332/1019/909 1331/1017/907
f 1340/1018/908 1339/1029/917 1327/1008/898
f 1321/1013/903 1333/1021/911 1332/1019/909
f 1341/1020/910 1340/1018/908 1328/1010/900
f 1322/1015/905 1334/1023/913 1333/1021/911
f 1766/1022/912 1341/1020/910 1329/1012/902
f 1323/1016/906 1335/1025/21 1334/1023/913
f 1324/1024/19 1336/1032/20 1335/1025/21
f 1337/1026/914 1336/1032/20 1324/1024/19
f 1338/1027/915 1337/1026/914 1325/1004/895
f 1319/1009/899 1331/1017/907 1330/1028/916
f 1339/1029/917 1338/1027/915 1326/1006/896
f 1767/1030/918 1353/1041/926 1341/1020/910
f 1335/1025/21 1347/1033/26 1346/1031/919
f 1336/1032/20 1348/1053/38 1347/1033/26
f 1349/1034/37 1348/1053/38 1336/1032/20
f 1350/1035/920 1349/1034/37 1337/1026/914
f 1331/1017/907 1343/1038/923 1342/1036/921
f 1351/1037/922 1350/1035/920 1338/1027/915
f 1332/1019/909 1344/1040/925 1343/1038/923
f 1352/1039/924 1351/1037/922 1339/1029/917
f 1333/1021/911 1345/1042/927 1344/1040/925
f 1353/1041/926 1352/1039/924 1340/1018/908
f 1334/1023/913 1346/1031/919 1345/1042/927
f 1362/1043/43 1361/1055/938 1349/1034/37
f 1343/1038/923 1355/1046/930 1354/1044/928
f 1363/1045/929 1362/1043/43 1350/1035/920
f 1344/1040/925 1356/1048/932 1355/1046/930
f 1364/1047/931 1363/1045/929 1351/1037/922
f 1345/1042/927 1357/1050/934 1356/1048/932
f 1365/1049/933 1364/1047/931 1352/1039/924
f 1346/1031/919 1358/1052/936 1357/1050/934
f 1768/1051/935 1365/1049/933 1353/1041/926
f 1347/1033/26 1359/1054/937 1358/1052/936
f 1348/1053/38 1360/1061/944 1359/1054/937
f 1361/1055/938 1360/1061/944 1348/1053/38
f 1357/1050/934 1369/1058/941 1368/1056/939
f 1377/1057/940 1376/1068/951 1364/1047/931
f 1358/1052/936 1370/1060/943 1369/1058/941
f 1769/1059/942 1377/1057/940 1365/1049/933
f 1359/1054/937 1371/1062/945 1370/1060/943
f 1360/1061/944 1372/1069/952 1371/1062/945
f 1373/1063/946 1372/1069/952 1360/1061/944
f 1374/1064/947 1373/1063/946 1361/1055/938
f 1355/1046/930 1367/1067/950 1366/1065/948
f 1375/1066/949 1374/1064/947 1362/1043/43
f 1356/1048/932 1368/1056/939 1367/1067/950
f 1376/1068/951 1375/1066/949 1363/1045/929
f 1372/1069/952 1384/1091/972 1383/1070/953
f 1385/1071/75 1384/1091/972 1372/1069/952
f 1386/1072/73 1385/1071/75 1373/1063/946
f 1367/1067/950 1379/1075/956 1378/1073/954
f 1387/1074/955 1386/1072/73 1374/1064/947
f 1368/1056/939 1380/1077/958 1379/1075/956
f 1388/1076/957 1387/1074/955 1375/1066/949
f 1369/1058/941 1381/1079/960 1380/1077/958
f 1389/1078/959 1388/1076/957 1376/1068/951
f 1370/1060/943 1382/1081/962 1381/1079/960
f 1770/1080/961 1389/1078/959 1377/1057/940
f 1371/1062/945 1383/1070/953 1382/1081/962
f 1379/1075/956 1391/1084/965 1390/1082/963
f 1399/1083/964 1398/1094/973 1386/1072/73
f 1380/1077/958 1392/1086/967 1391/1084/965
f 1400/1085/966 1399/1083/964 1387/1074/955
f 1381/1079/960 1393/1088/969 1392/1086/967
f 1401/1087/968 1400/1085/966 1388/1076/957
f 1382/1081/962 1394/1090/971 1393/1088/969
f 1771/1089/970 1401/1087/968 1389/1078/959
f 1383/1070/953 1395/1092/84 1394/1090/971
f 1384/1091/972 1396/1098/83 1395/1092/84
f 1397/1093/82 1396/1098/83 1384/1091/972
f 1398/1094/973 1397/1093/82 1385/1071/75
f 1394/1090/971 1406/1097/94 1405/1095/974
f 1772/1096/975 1413/1107/980 1401/1087/968
f 1395/1092/84 1407/1099/93 1406/1097/94
f 1396/1098/83 1408/1109/92 1407/1099/93
f 1409/1100/91 1408/1109/92 1396/1098/83
f 1410/1101/102 1409/1100/91 1397/1093/82
f 1391/1084/965 1403/1104/977 1402/1102/976
f 1411/1103/100 1410/1101/102 1398/1094/973
f 1392/1086/967 1404/1106/979 1403/1104/977
f 1412/1105/978 1411/1103/100 1399/1083/964
f 1393/1088/969 1405/1095/974 1404/1106/979
f 1413/1107/980 1412/1105/978 1400/1085/966
f 1421/1108/112 1420/3487/113 1408/1109/92
f 1422/1110/981 1421/1108/112 1409/1100/91
f 1403/1104/977 1415/1113/984 1414/1111/982
f 1423/1112/983 1422/1110/981 1410/1101/102
f 1404/1106/979 1416/1115/986 1415/1113/984
f 1424/1114/985 1423/1112/983 1411/1103/100
f 1405/1095/974 1417/1117/988 1416/1115/986
f 1425/1116/987 1424/1114/985 1412/1105/978
f 1406/1097/94 1418/1119/115 1417/1117/988
f 1773/1118/989 1425/1116/987 1413/1107/980
f 1407/1099/93 1419/1120/114 1418/1119/115
f 1408/1109/92 1420/3487/113 1419/1120/114
f 1428/1121/990 1427/1142/997 1415/1122/984
f 1424/1124/985 1436/1130/993 1435/1125/991
f 1429/1127/992 1428/1121/990 1416/1123/986
f 1425/1129/987 1437/1134/994 1436/1130/993
f 1430/1131/122 1429/1127/992 1417/1128/988
f 1773/1133/989 1774/1156/1006 1437/1134/994
f 1431/1135/995 1430/1131/122 1418/1132/115
f 1432/1137/120 1431/1135/995 1419/1136/114
f 1421/1139/112 1433/1141/996 1432/1137/120
f 1422/1140/981 1434/1144/128 1433/1141/996
f 1427/1142/997 1426/1149/1001 1414/1143/982
f 1423/1126/983 1435/1125/991 1434/1144/128
f 1443/1145/998 1442/1155/1005 1430/1131/122
f 1444/1146/999 1443/1145/998 1431/1135/995
f 1433/1141/996 1445/1147/141 1444/1146/999
f 1434/1144/128 1446/1150/139 1445/1147/141
f 1439/1148/1000 1438/1160/1009 1426/1149/1001
f 1435/1125/991 1447/1152/137 1446/1150/139
f 1440/1151/1002 1439/1148/1000 1427/1142/997
f 1436/1130/993 1448/1154/1004 1447/1152/137
f 1441/1153/1003 1440/1151/1002 1428/1121/990
f 1437/1134/994 1449/1157/1007 1448/1154/1004
f 1442/1155/1005 1441/1153/1003 1429/1127/992
f 1774/1156/1006 1775/1167/1015 1449/1157/1007
f 1446/1150/139 1458/1161/146 1457/1158/148
f 1451/1159/1008 1450/1181/1025 1438/1160/1009
f 1447/1152/137 1459/1163/1011 1458/1161/146
f 1452/1162/1010 1451/1159/1008 1439/1148/1000
f 1448/1154/1004 1460/1165/1013 1459/1163/1011
f 1453/1164/1012 1452/1162/1010 1440/1151/1002
f 1449/1157/1007 1461/1168/1016 1460/1165/1013
f 1454/1166/1014 1453/1164/1012 1441/1153/1003
f 1775/1167/1015 1776/1175/1021 1461/1168/1016
f 1455/1169/1017 1454/1166/1014 1442/1155/1005
f 1456/1170/149 1455/1169/1017 1443/1145/998
f 1445/1147/141 1457/1158/148 1456/1170/149
f 1460/1165/1013 1472/1173/1020 1471/1171/1018
f 1465/1172/1019 1464/1183/1027 1452/1162/1010
f 1461/1168/1016 1473/1176/1022 1472/1173/1020
f 1466/1174/157 1465/1172/1019 1453/1164/1012
f 1776/1175/1021 1777/1195/1038 1473/1176/1022
f 1467/1177/1023 1466/1174/157 1454/1166/1014
f 1468/1178/155 1467/1177/1023 1455/1169/1017
f 1457/1158/148 1469/1179/167 1468/1178/155
f 1458/1161/146 1470/1182/1026 1469/1179/167
f 1463/1180/1024 1462/1188/1031 1450/1181/1025
f 1459/1163/1011 1471/1171/1018 1470/1182/1026
f 1464/1183/1027 1463/1180/1024 1451/1159/1008
f 1479/1184/1028 1478/1194/1037 1466/1174/157
f 1480/1185/180 1479/1184/1028 1467/1177/1023
f 1469/1179/167 1481/1186/1029 1480/1185/180
f 1470/1182/1026 1482/1189/1032 1481/1186/1029
f 1475/1187/1030 1474/1199/1042 1462/1188/1031
f 1471/1171/1018 1483/1191/1034 1482/1189/1032
f 1476/1190/1033 1475/1187/1030 1463/1180/1024
f 1472/1173/1020 1484/1193/1036 1483/1191/1034
f 1477/1192/1035 1476/1190/1033 1464/1183/1027
f 1473/1176/1022 1485/1196/1039 1484/1193/1036
f 1478/1194/1037 1477/1192/1035 1465/1172/1019
f 1777/1195/1038 1778/1206/1049 1485/1196/1039
f 1482/1189/1032 1494/1200/1043 1493/1197/1040
f 1487/1198/1041 1486/1218/1060 1474/1199/1042
f 1483/1191/1034 1495/1202/1045 1494/1200/1043
f 1488/1201/1044 1487/1198/1041 1475/1187/1030
f 1484/1193/1036 1496/1204/1047 1495/1202/1045
f 1489/1203/1046 1488/1201/1044 1476/1190/1033
f 1485/1196/1039 1497/1207/1050 1496/1204/1047
f 1490/1205/1048 1489/1203/1046 1477/1192/1035
f 1778/1206/1049 1779/1212/1054 1497/1207/1050
f 1491/1208/1051 1490/1205/1048 1478/1194/1037
f 1492/1209/186 1491/1208/1051 1479/1184/1028
f 1481/1186/1029 1493/1197/1040 1492/1209/186
f 1497/1207/1050 1509/1213/1055 1508/1210/1052
f 1502/1211/1053 1501/1222/1064 1489/1203/1046
f 1779/1212/1054 1780/1233/1074 1509/1213/1055
f 1503/1214/1056 1502/1211/1053 1490/1205/1048
f 1504/1215/1057 1503/1214/1056 1491/1208/1051
f 1493/1197/1040 1505/1216/1058 1504/1215/1057
f 1494/1200/1043 1506/1219/1061 1505/1216/1058
f 1499/1217/1059 1498/1226/1067 1486/1218/1060
f 1495/1202/1045 1507/1221/1063 1506/1219/1061
f 1500/1220/1062 1499/1217/1059 1487/1198/1041
f 1496/1204/1047 1508/1210/1052 1507/1221/1063
f 1501/1222/1064 1500/1220/1062 1488/1201/1044
f 1516/1223/216 1515/1235/1076 1503/1214/1056
f 1505/1216/1058 1517/1224/1065 1516/1223/216
f 1506/1219/1061 1518/1227/1068 1517/1224/1065
f 1511/1225/1066 1510/1248/1088 1498/1226/1067
f 1507/1221/1063 1519/1229/1070 1518/1227/1068
f 1512/1228/1069 1511/1225/1066 1499/1217/1059
f 1508/1210/1052 1520/1231/1072 1519/1229/1070
f 1513/1230/1071 1512/1228/1069 1500/1220/1062
f 1509/1213/1055 1521/1234/1075 1520/1231/1072
f 1514/1232/1073 1513/1230/1071 1501/1222/1064
f 1780/1233/1074 1781/1242/1083 1521/1234/1075
f 1515/1235/1076 1514/1232/1073 1502/1211/1053
f 1519/1229/1070 1531/1238/1079 1530/1236/1077
f 1524/1237/1078 1523/1247/1087 1511/1225/1066
f 1520/1231/1072 1532/1240/1081 1531/1238/1079
f 1525/1239/1080 1524/1237/1078 1512/1228/1069
f 1521/1234/1075 1533/1243/1084 1532/1240/1081
f 1526/1241/1082 1525/1239/1080 1513/1230/1071
f 1781/1242/1083 1782/1249/1089 1533/1243/1084
f 1527/1244/224 1526/1241/1082 1514/1232/1073
f 1528/1245/1085 1527/1244/224 1515/1235/1076
f 1517/1224/1065 1529/1246/1086 1528/1245/1085
f 1518/1227/1068 1530/1236/1077 1529/1246/1086
f 1523/1247/1087 1522/1255/1094 1510/1248/1088
f 1782/1249/1089 1783/1272/1108 1545/1250/1090
f 1539/1251/1091 1538/1261/1099 1526/1241/1082
f 1540/1252/245 1539/1251/1091 1527/1244/224
f 1529/1246/1086 1541/1253/1092 1540/1252/245
f 1530/1236/1077 1542/1256/1095 1541/1253/1092
f 1535/1254/1093 1534/1265/1102 1522/1255/1094
f 1531/1238/1079 1543/1258/240 1542/1256/1095
f 1536/1257/1096 1535/1254/1093 1523/1247/1087
f 1532/1240/1081 1544/1260/1098 1543/1258/240
f 1537/1259/1097 1536/1257/1096 1524/1237/1078
f 1533/1243/1084 1545/1250/1090 1544/1260/1098
f 1538/1261/1099 1537/1259/1097 1525/1239/1080
f 1541/1253/1092 1553/1263/1100 1552/1262/253
f 1542/1256/1095 1554/1266/1103 1553/1263/1100
f 1547/1264/1101 1546/1285/1117 1534/1265/1102
f 1543/1258/240 1555/1268/1105 1554/1266/1103
f 1548/1267/1104 1547/1264/1101 1535/1254/1093
f 1544/1260/1098 1556/1270/1107 1555/1268/1105
f 1549/1269/1106 1548/1267/1104 1536/1257/1096
f 1545/1250/1090 1557/1273/1109 1556/1270/1107
f 1550/1271/255 1549/1269/1106 1537/1259/1097
f 1783/1272/1108 1784/1279/1113 1557/1273/1109
f 1551/1274/254 1550/1271/255 1538/1261/1099
f 1552/1262/253 1551/1274/254 1539/1251/1091
f 1556/1270/1107 1568/1277/1111 1567/1275/267
f 1561/1276/1110 1560/1287/1119 1548/1267/1104
f 1557/1273/1109 1569/1280/1114 1568/1277/1111
f 1562/1278/1112 1561/1276/1110 1549/1269/1106
f 1784/1279/1113 1785/1300/1131 1569/1280/1114
f 1563/1281/1115 1562/1278/1112 1550/1271/255
f 1564/1282/259 1563/1281/1115 1551/1274/254
f 1553/1263/1100 1565/1283/271 1564/1282/259
f 1554/1266/1103 1566/1286/1118 1565/1283/271
f 1559/1284/1116 1558/1292/1123 1546/1285/1117
f 1555/1268/1105 1567/1275/267 1566/1286/1118
f 1560/1287/1119 1559/1284/1116 1547/1264/1101
f 1564/1282/259 1576/1312/282 1575/1288/1120
f 1577/1289/281 1576/1312/282 1564/1282/259
f 1578/1290/1121 1577/1289/281 1565/1283/271
f 1559/1284/1116 1571/1294/1125 1570/1291/1122
f 1579/1293/1124 1578/1290/1121 1566/1286/1118
f 1560/1287/1119 1572/1296/1127 1571/1294/1125
f 1580/1295/1126 1579/1293/1124 1567/1275/267
f 1561/1276/1110 1573/1298/1129 1572/1296/1127
f 1581/1297/1128 1580/1295/1126 1568/1277/1111
f 1562/1278/1112 1574/1301/1132 1573/1298/1129
f 1786/1299/1130 1581/1297/1128 1569/1280/1114
f 1563/1281/1115 1575/1288/1120 1574/1301/1132
f 1590/1302/287 1589/1314/289 1577/1289/281
f 1571/1294/1125 1583/1305/1135 1582/1303/1133
f 1591/1304/1134 1590/1302/287 1578/1290/1121
f 1572/1296/1127 1584/1307/1137 1583/1305/1135
f 1592/1306/1136 1591/1304/1134 1579/1293/1124
f 1573/1298/1129 1585/1309/1139 1584/1307/1137
f 1593/1308/1138 1592/1306/1136 1580/1295/1126
f 1574/1301/1132 1586/1311/1141 1585/1309/1139
f 1787/1310/1140 1593/1308/1138 1581/1297/1128
f 1575/1288/1120 1587/1313/1142 1586/1311/1141
f 1576/1312/282 1588/1315/290 1587/1313/1142
f 1589/1314/289 1588/1315/290 1576/1312/282
f 1604/717/657 1603/713/653 1592/1306/1136
f 1586/1311/1141 1598/718/658 1597/714/654
f 1788/721/661 1604/717/657 1593/1308/1138
f 1587/1313/1142 1599/722/662 1598/718/658
f 1588/1315/290 1053/724/310 1599/722/662
f 1600/727/309 1053/724/310 1588/1315/290
f 1601/707/307 1600/727/309 1589/1314/289
f 1583/1305/1135 1595/711/651 1594/730/667
f 1602/708/648 1601/707/307 1590/1302/287
f 1584/1307/1137 1596/709/649 1595/711/651
f 1603/713/653 1602/708/648 1591/1304/1134
f 1585/1309/1139 1597/714/654 1596/709/649
f 1626/1316/1143 1625/1400/1182 1294/1317/873
f 1234/1319/833 1620/1376/1167 1619/1320/1144
f 1510/1322/1088 1643/1402/1183 1642/1323/1145
f 1438/1325/1009 1637/1403/1184 1636/1326/1146
f 1650/1328/1147 1649/1396/1179 1582/1329/1133
f 1605/1331/1148 1650/1328/1147 1594/1330/667
f 1462/1333/1031 1639/1379/1169 1638/1334/1149
f 1633/1336/1150 1632/1348/1155 1378/1337/954
f 1222/1321/827 1619/1320/1144 1618/1339/1151
f 1150/1341/751 1613/1345/1153 1612/1342/1152
f 1162/1344/768 1614/1347/1154 1613/1345/1153
f 1174/1346/772 1615/1387/1173 1614/1347/1154
f 1632/1348/1155 1631/1382/1171 1366/1349/948
f 1608/1350/1156 1607/1394/1178 1078/1351/687
f 1634/1353/1157 1633/1336/1150 1390/1338/963
f 1628/1355/1158 1627/1366/1162 1318/1356/897
f 1270/1358/863 1623/1404/1185 1622/1359/1159
f 1609/1361/1160 1608/1350/1156 1090/1352/694
f 1558/1363/1123 1647/1412/1188 1646/1364/1161
f 1627/1366/1162 1626/1316/1143 1306/1318/890
f 1534/1367/1102 1645/1370/1164 1644/1368/1163
f 1546/1365/1117 1646/1364/1161 1645/1370/1164
f 1426/1327/1001 1636/1326/1146 1635/1371/1165
f 1610/1373/1166 1609/1361/1160 1102/1362/703
f 1246/1375/840 1621/1377/1168 1620/1376/1167
f 1258/1360/859 1622/1359/1159 1621/1377/1168
f 1474/1378/1042 1640/1381/1170 1639/1379/1169
f 1486/1380/1060 1641/1391/1175 1640/1381/1170
f 1635/1371/1165 1634/1353/1157 1402/1354/976
f 1631/1382/1171 1630/1392/1176 1354/1383/928
f 1198/1384/799 1617/1398/1180 1616/1385/1172
f 1186/1386/781 1616/1385/1172 1615/1387/1173
f 1612/1342/1152 1611/1393/1177 1126/1388/725
f 1629/1389/1174 1628/1355/1158 1330/1357/916
f 1498/1324/1067 1642/1323/1145 1641/1391/1175
f 1630/1392/1176 1629/1389/1174 1342/1390/921
f 1611/1393/1177 1610/1373/1166 1114/1374/720
f 1607/1394/1178 1606/1409/1187 1066/1395/670
f 1649/1396/1179 1648/1399/1181 1570/1397/1122
f 1210/1340/807 1618/1339/1151 1617/1398/1180
f 1648/1399/1181 1647/1412/1188 1558/1363/1123
f 1625/1400/1182 1624/1427/1189 1282/1401/874
f 1522/1369/1094 1644/1368/1163 1643/1402/1183
f 1450/1335/1025 1638/1334/1149 1637/1403/1184
f 1282/1401/874 1624/1427/1189 1623/1404/1185
f 1678/1405/1186 1677/1449/1186 1631/1382/1171
f 1619/1320/1144 1665/1411/1186 1664/1406/1186
f 1646/1364/1161 1692/1413/1186 1691/1407/1186
f 1652/1408/1186 1651/1429/1186 1605/1331/1148
f 1679/1410/1186 1678/1405/1186 1632/1348/1155
f 1620/1376/1167 1666/1416/1186 1665/1411/1186
f 1647/1412/1188 1693/3488/1186 1692/1413/1186
f 1653/1414/1186 1652/1408/1186 1606/1409/1187
f 1680/1415/1186 1679/1410/1186 1633/1336/1150
f 1621/1377/1168 1667/1420/1186 1666/1416/1186
f 1694/1417/1186 1693/3488/1186 1647/1412/1188
f 1654/1418/1186 1653/1414/1186 1607/1394/1178
f 1681/1419/1186 1680/1415/1186 1634/1353/1157
f 1622/1359/1159 1668/1423/1186 1667/1420/1186
f 1695/1421/1186 1694/1417/1186 1648/1399/1181
f 1655/1422/1186 1654/1418/1186 1608/1350/1156
f 1636/1326/1146 1682/1426/1186 1681/1419/1186
f 1623/1404/1185 1669/1428/1186 1668/1423/1186
f 1696/1424/1186 1695/1421/1186 1649/1396/1179
f 1656/1425/1186 1655/1422/1186 1609/1361/1160
f 1637/1403/1184 1683/1431/1186 1682/1426/1186
f 1624/1427/1189 1670/3489/1186 1669/1428/1186
f 1651/1429/1186 1696/1424/1186 1650/1328/1147
f 1657/1430/1186 1656/1425/1186 1610/1373/1166
f 1638/1334/1149 1684/1434/1186 1683/1431/1186
f 1671/1432/1186 1670/3489/1186 1624/1427/1189
f 1658/1433/1186 1657/1430/1186 1611/1393/1177
f 1639/1379/1169 1685/1436/1186 1684/1434/1186
f 1672/1435/1186 1671/1432/1186 1625/1400/1182
f 1613/1345/1153 1659/1438/1186 1658/1433/1186
f 1640/1381/1170 1686/1439/1186 1685/1436/1186
f 1673/1437/1186 1672/1435/1186 1626/1316/1143
f 1614/1347/1154 1660/1441/1186 1659/1438/1186
f 1641/1391/1175 1687/1442/1186 1686/1439/1186
f 1674/1440/1186 1673/1437/1186 1627/1366/1162
f 1615/1387/1173 1661/1444/1186 1660/1441/1186
f 1642/1323/1145 1688/1445/1186 1687/1442/1186
f 1675/1443/1186 1674/1440/1186 1628/1355/1158
f 1616/1385/1172 1662/1447/1186 1661/1444/1186
f 1643/1402/1183 1689/1448/1186 1688/1445/1186
f 1676/1446/1186 1675/1443/1186 1629/1389/1174
f 1617/1398/1180 1663/1450/1186 1662/1447/1186
f 1644/1368/1163 1690/1451/1186 1689/1448/1186
f 1677/1449/1186 1676/1446/1186 1630/1392/1176
f 1618/1339/1151 1664/1406/1186 1663/1450/1186
f 1645/1370/1164 1691/1407/1186 1690/1451/1186
f 1792/1452/1190 1744/1543/677 1743/1453/660
f 1924/1455/1192 1788/1638/661 1787/1456/1140
f 1921/1457/1193 1787/1456/1140 1786/1458/1130
f 1918/1459/1194 1786/1458/1130 1785/1460/1131
f 1912/1462/1196 1915/1461/1195 1785/1460/1131
f 1909/1464/1197 1912/1462/1196 1784/1463/1113
f 1906/1466/1198 1909/1464/1197 1783/1465/1108
f 1903/1468/1199 1906/1466/1198 1782/1467/1089
f 1900/1470/1200 1903/1468/1199 1781/1469/1083
f 1897/1472/1201 1900/1470/1200 1780/1471/1074
f 1894/1474/1202 1897/1472/1201 1779/1473/1054
f 1891/1476/1203 1894/1474/1202 1778/1475/1049
f 1888/1478/1204 1891/1476/1203 1777/1477/1038
f 1885/1480/1205 1888/1478/1204 1776/1479/1021
f 1882/1482/1206 1885/1480/1205 1775/1481/1015
f 1879/1484/1207 1882/1482/1206 1774/1483/1006
f 1879/1486/1207 1773/3490/989 1772/1487/975
f 1876/1488/1208 1772/1487/975 1771/1489/970
f 1873/1490/1209 1771/1489/970 1770/1491/961
f 1870/1492/1210 1770/1491/961 1769/1493/942
f 1867/1494/1211 1769/1493/942 1768/1495/935
f 1864/1496/1212 1768/1495/935 1767/1497/918
f 1861/1498/1213 1767/1497/918 1766/1499/912
f 1858/1500/1214 1766/1499/912 1765/1501/904
f 1855/1502/1215 1765/1501/904 1764/1503/887
f 1852/1504/1216 1764/1503/887 1763/1505/881
f 1849/1506/1217 1763/1505/881 1762/1507/882
f 1843/1509/1219 1846/1508/1218 1762/1507/882
f 1840/1511/1220 1843/1509/1219 1761/1510/870
f 1837/1513/1221 1840/1511/1220 1760/1512/853
f 1834/1515/1222 1837/1513/1221 1759/1514/847
f 1831/1517/1223 1834/1515/1222 1758/1516/828
f 1828/1519/1224 1831/1517/1223 1757/1518/822
f 1825/1521/1225 1828/1519/1224 1756/1520/813
f 1822/1523/1226 1825/1521/1225 1755/1522/793
f 1819/1525/1227 1822/1523/1226 1754/1524/788
f 1816/1527/1228 1819/1525/1227 1753/1526/777
f 1813/1529/1229 1816/1527/1228 1752/1528/764
f 1810/1531/1230 1813/1529/1229 1751/1530/758
f 1810/1531/1230 1750/1532/739 1749/1533/731
f 1807/1534/1231 1749/1533/731 1748/1535/716
f 1804/1536/1232 1748/1535/716 1747/1537/710
f 1801/1538/1233 1747/1537/710 1746/1539/701
f 1798/1540/1234 1746/1539/701 1745/1541/683
f 1795/1542/1235 1745/1541/683 1744/1543/677
f 1793/1544/1236 1789/1588/1279 1697/15/15
f 1925/1545/1237 1922/1546/1238 1741/605/592
f 1922/1546/1238 1919/1547/1239 1740/595/582
f 1919/1547/1239 1916/1594/1285 1739/575/562
f 1739/575/562 1916/1594/1285 1913/1548/1240
f 1738/568/555 1913/1548/1240 1910/1549/1241
f 1737/545/532 1910/1549/1241 1907/1550/1242
f 1736/538/525 1907/1550/1242 1904/1551/1243
f 1735/529/516 1904/1551/1243 1901/1552/1244
f 1734/508/495 1901/1552/1244 1898/1553/1245
f 1733/502/489 1898/1553/1245 1895/1554/1246
f 1732/491/478 1895/1554/1246 1892/1555/1247
f 1731/471/458 1892/1555/1247 1889/1556/1248
f 1730/463/450 1889/1556/1248 1886/1557/1249
f 1729/452/439 1886/1557/1249 1883/1558/1250
f 1728/428/421 1883/1558/1250 1880/1559/1251
f 1880/1560/1251 1877/1561/1252 1726/391/391
f 1877/1561/1252 1874/1562/1253 1725/384/384
f 1874/1562/1253 1871/1563/1254 1724/375/375
f 1871/1563/1254 1868/1564/1255 1723/354/354
f 1868/1564/1255 1865/1565/1256 1722/346/346
f 1865/1565/1256 1862/1566/1257 1721/324/324
f 1862/1566/1257 1859/1567/1258 1720/317/317
f 1859/1567/1258 1856/1568/1259 1719/308/308
f 1856/1568/1259 1853/1569/1260 1718/288/288
f 1853/1569/1260 1850/1570/1261 1717/280/280
f 1850/1570/1261 1847/1619/1309 1716/270/270
f 1716/270/270 1847/1619/1309 1844/1571/1262
f 1715/251/251 1844/1571/1262 1841/1572/1263
f 1714/243/243 1841/1572/1263 1838/1573/1264
f 1713/221/221 1838/1573/1264 1835/1574/1265
f 1712/214/214 1835/1574/1265 1832/1575/1266
f 1711/205/205 1832/1575/1266 1829/1576/1267
f 1710/184/184 1829/1576/1267 1826/1577/1268
f 1709/178/178 1826/1577/1268 1823/1578/1269
f 1708/166/166 1823/1578/1269 1820/1579/1270
f 1707/147/147 1820/1579/1270 1817/1580/1271
f 1706/140/140 1817/1580/1271 1814/1581/1272
f 1705/118/118 1814/1581/1272 1811/1582/1273
f 1811/1582/1273 1808/1583/1274 1703/103/103
f 1808/1583/1274 1805/1584/1275 1702/81/81
f 1805/1584/1275 1802/1585/1276 1701/74/74
f 1802/1585/1276 1799/1586/1277 1700/64/64
f 1799/1586/1277 1796/1587/1278 1699/44/44
f 1796/1587/1278 1793/1544/1236 1698/36/36
f 1789/1588/1279 1925/1545/1237 1742/16/16
f 1790/1454/1191 1924/1455/1192 1926/1589/1280
f 1791/1590/1281 1926/1589/1280 1925/1545/1237
f 1924/1455/1192 1921/1457/1193 1923/1591/1282
f 1926/1589/1280 1923/1591/1282 1922/1546/1238
f 1921/1457/1193 1918/1459/1194 1920/1592/1283
f 1923/1591/1282 1920/1592/1283 1919/1547/1239
f 1918/1459/1194 1915/1461/1195 1917/1593/1284
f 1920/1592/1283 1917/1593/1284 1916/1594/1285
f 1912/1462/1196 1914/1595/1286 1917/1593/1284
f 1914/1595/1286 1913/1548/1240 1916/1594/1285
f 1909/1464/1197 1911/1596/1287 1914/1595/1286
f 1911/1596/1287 1910/1549/1241 1913/1548/1240
f 1906/1466/1198 1908/1597/1288 1911/1596/1287
f 1908/1597/1288 1907/1550/1242 1910/1549/1241
f 1903/1468/1199 1905/1598/1289 1908/1597/1288
f 1905/1598/1289 1904/1551/1243 1907/1550/1242
f 1900/1470/1200 1902/1599/1290 1905/1598/1289
f 1902/1599/1290 1901/1552/1244 1904/1551/1243
f 1897/1472/1201 1899/1600/1291 1902/1599/1290
f 1899/1600/1291 1898/1553/1245 1901/1552/1244
f 1894/1474/1202 1896/1601/1292 1899/1600/1291
f 1896/1601/1292 1895/1554/1246 1898/1553/1245
f 1891/1476/1203 1893/1602/1293 1896/1601/1292
f 1893/1602/1293 1892/1555/1247 1895/1554/1246
f 1888/1478/1204 1890/1603/1294 1893/1602/1293
f 1890/1603/1294 1889/1556/1248 1892/1555/1247
f 1885/1480/1205 1887/1604/1295 1890/1603/1294
f 1887/1604/1295 1886/1557/1249 1889/1556/1248
f 1882/1482/1206 1884/1605/1296 1887/1604/1295
f 1884/1605/1296 1883/1558/1250 1886/1557/1249
f 1879/1484/1207 1881/1606/1297 1884/1605/1296
f 1881/1606/1297 1880/1559/1251 1883/1558/1250
f 1879/1486/1207 1876/1488/1208 1878/1607/1298
f 1881/1608/1297 1878/1607/1298 1877/1561/1252
f 1876/1488/1208 1873/1490/1209 1875/1609/1299
f 1878/1607/1298 1875/1609/1299 1874/1562/1253
f 1873/1490/1209 1870/1492/1210 1872/1610/1300
f 1875/1609/1299 1872/1610/1300 1871/1563/1254
f 1870/1492/1210 1867/1494/1211 1869/1611/1301
f 1872/1610/1300 1869/1611/1301 1868/1564/1255
f 1867/1494/1211 1864/1496/1212 1866/1612/1302
f 1869/1611/1301 1866/1612/1302 1865/1565/1256
f 1864/1496/1212 1861/1498/1213 1863/1613/1303
f 1866/1612/1302 1863/1613/1303 1862/1566/1257
f 1861/1498/1213 1858/1500/1214 1860/1614/1304
f 1863/1613/1303 1860/1614/1304 1859/1567/1258
f 1858/1500/1214 1855/1502/1215 1857/1615/1305
f 1860/1614/1304 1857/1615/1305 1856/1568/1259
f 1855/1502/1215 1852/1504/1216 1854/1616/1306
f 1857/1615/1305 1854/1616/1306 1853/1569/1260
f 1852/1504/1216 1849/1506/1217 1851/1617/1307
f 1854/1616/1306 1851/1617/1307 1850/1570/1261
f 1849/1506/1217 1846/1508/1218 1848/1618/1308
f 1851/1617/1307 1848/1618/1308 1847/1619/1309
f 1843/1509/1219 1845/1620/1310 1848/1618/1308
f 1845/1620/1310 1844/1571/1262 1847/1619/1309
f 1840/1511/1220 1842/1621/1311 1845/1620/1310
f 1842/1621/1311 1841/1572/1263 1844/1571/1262
f 1837/1513/1221 1839/1622/1312 1842/1621/1311
f 1839/1622/1312 1838/1573/1264 1841/1572/1263
f 1834/1515/1222 1836/1623/1313 1839/1622/1312
f 1836/1623/1313 1835/1574/1265 1838/1573/1264
f 1831/1517/1223 1833/1624/1314 1836/1623/1313
f 1833/1624/1314 1832/1575/1266 1835/1574/1265
f 1828/1519/1224 1830/1625/1315 1833/1624/1314
f 1830/1625/1315 1829/1576/1267 1832/1575/1266
f 1825/1521/1225 1827/1626/1316 1830/1625/1315
f 1827/1626/1316 1826/1577/1268 1829/1576/1267
f 1822/1523/1226 1824/1627/1317 1827/1626/1316
f 1824/1627/1317 1823/1578/1269 1826/1577/1268
f 1819/1525/1227 1821/1628/1318 1824/1627/1317
f 1821/1628/1318 1820/1579/1270 1823/1578/1269
f 1816/1527/1228 1818/1629/1319 1821/1628/1318
f 1818/1629/1319 1817/1580/1271 1820/1579/1270
f 1813/1529/1229 1815/1630/1320 1818/1629/1319
f 1815/1630/1320 1814/1581/1272 1817/1580/1271
f 1810/1531/1230 1812/1631/1321 1815/1630/1320
f 1812/1631/1321 1811/1582/1273 1814/1581/1272
f 1810/1531/1230 1807/1534/1231 1809/1632/1322
f 1812/1631/1321 1809/1632/1322 1808/1583/1274
f 1807/1534/1231 1804/1536/1232 1806/1633/1323
f 1809/1632/1322 1806/1633/1323 1805/1584/1275
f 1804/1536/1232 1801/1538/1233 1803/1634/1324
f 1806/1633/1323 1803/1634/1324 1802/1585/1276
f 1801/1538/1233 1798/1540/1234 1800/1635/1325
f 1803/1634/1324 1800/1635/1325 1799/1586/1277
f 1798/1540/1234 1795/1542/1235 1797/1636/1326
f 1800/1635/1325 1797/1636/1326 1796/1587/1278
f 1795/1542/1235 1792/1452/1190 1794/1637/1327
f 1797/1636/1326 1794/1637/1327 1793/1544/1236
f 1792/1452/1190 1790/1454/1191 1791/1590/1281
f 1794/1637/1327 1791/1590/1281 1789/1588/1279
f 1790/1454/1191 1743/1453/660 1788/1638/661
f 1606/1409/1187 1605/1331/1148 1054/1332/666
f 1/1639/1328 26/1678/1365 49/1640/1329
f 9/1653/1341 35/3491/1362 33/1654/1342
f 28/1658/1346 24/1644/1332 22/1657/1345
f 7/1655/1343 33/1654/1342 31/1660/1348
f 23/1641/1330 49/1640/1329 47/1662/1350
f 21/1663/1351 47/1662/1350 45/1664/1352
f 19/1665/1353 45/1664/1352 43/1666/1354
f 17/1667/1355 43/1666/1354 41/1668/1356
f 15/1669/1357 41/1668/1356 39/1670/1358
f 13/1671/1359 39/1670/1358 37/1672/1360
f 11/1673/1361 37/1672/1360 35/1674/1362
f 5/1661/1349 31/1660/1348 29/1676/1363
f 3/1677/1364 29/1676/1363 26/1678/1365
f 29/1679/1363 28/1658/1346 27/1659/1347
f 30/1681/1366 28/1658/1346 29/1679/1363
f 32/1683/1367 30/1681/1366 31/1682/1348
f 34/1685/1368 32/1683/1367 33/1684/1342
f 37/1687/1360 36/1689/1369 34/1685/1368
f 39/1688/1358 38/1691/1370 36/1689/1369
f 41/1690/1356 40/1700/1375 38/1691/1370
f 42/1692/1371 40/1700/1375 41/1690/1356
f 44/1694/1372 42/1692/1371 43/1693/1354
f 46/1696/1373 44/1694/1372 45/1695/1352
f 49/1698/1329 48/1699/1374 46/1696/1373
f 26/1680/1365 27/1659/1347 48/1699/1374
f 27/1659/1347 22/1657/1345 20/1656/1344
f 48/1699/1374 20/1656/1344 2/1652/1340
f 2/1652/1340 4/1651/1339 44/1694/1372
f 4/1651/1339 6/1650/1338 42/1692/1371
f 6/1650/1338 8/1649/1337 40/1700/1375
f 40/1700/1375 8/1649/1337 10/1648/1336
f 38/1691/1370 10/1648/1336 12/1647/1335
f 36/1689/1369 12/1647/1335 14/1646/1334
f 14/1646/1334 16/1645/1333 32/1683/1367
f 16/1645/1333 18/1642/1331 30/1681/1366
f 18/1642/1331 24/1644/1332 28/1658/1346
f 50/1701/1376 85/1704/1379 83/1702/1377
f 85/1704/1379 50/1701/1376 51/1705/1380
f 82/1707/1382 84/1706/1381 51/1705/1380
f 82/1707/1382 81/1711/1386 89/1709/1384
f 81/1711/1386 80/1713/1388 90/1712/1387
f 80/1713/1388 79/1715/1390 91/1714/1389
f 79/1715/1390 78/1718/1393 92/1716/1391
f 77/1717/1392 93/1720/1395 92/1716/1391
f 76/1719/1394 94/1722/1397 93/1720/1395
f 75/1721/1396 95/1724/1399 94/1722/1397
f 74/1723/1398 96/1726/1401 95/1724/1399
f 74/1723/1398 73/1727/1402 97/1725/1400
f 73/1727/1402 72/1729/1404 98/1728/1403
f 72/1729/1404 71/1731/1406 99/1730/1405
f 71/1731/1406 70/1733/1408 100/1732/1407
f 70/1733/1408 69/1736/1411 101/1734/1409
f 68/1735/1410 102/1737/1412 101/1734/1409
f 83/1702/1377 103/1755/1429 102/1737/1412
f 66/1738/1413 68/1735/1410 69/1736/1411
f 86/1740/1415 85/1704/1379 84/1706/1381
f 88/1710/1385 87/1741/1416 84/1706/1381
f 52/1708/1383 53/1742/1417 81/1711/1386
f 53/1742/1417 54/1743/1418 80/1713/1388
f 54/1743/1418 55/1744/1419 79/1715/1390
f 55/1744/1419 56/1746/1421 78/1718/1393
f 57/1745/1420 77/1717/1392 78/1718/1393
f 58/1747/1422 76/1719/1394 77/1717/1392
f 59/1748/1423 75/1721/1396 76/1719/1394
f 60/1749/1424 74/1723/1398 75/1721/1396
f 60/1749/1424 61/1750/1425 73/1727/1402
f 61/1750/1425 62/1751/1426 72/1729/1404
f 62/1751/1426 63/1752/1427 71/1731/1406
f 63/1752/1427 64/1753/1428 70/1733/1408
f 64/1753/1428 65/1739/1414 69/1736/1411
f 67/1703/1378 83/1702/1377 68/1735/1410
f 85/1704/1379 86/1740/1415 103/1755/1429
f 56/1756/1421 115/1778/1351 114/1757/1430
f 51/1759/1380 120/1784/1437 119/1760/1431
f 63/1762/1427 108/1783/1436 107/1763/1432
f 58/1765/1422 113/1785/1438 112/1766/1328
f 53/1768/1417 118/1786/1439 117/1769/1433
f 65/1771/1414 106/3492/1440 105/1772/1434
f 60/1774/1424 111/1789/1441 110/1775/1435
f 55/1777/1419 116/1790/1442 115/1778/1351
f 67/1779/1378 104/1791/1443 121/1780/1359
f 62/1782/1426 109/1792/1444 108/1783/1436
f 50/1781/1376 121/1780/1359 120/1784/1437
f 57/1758/1420 114/1757/1430 113/1785/1438
f 52/1761/1383 119/1760/1431 118/1786/1439
f 64/1764/1428 107/1763/1432 106/1787/1440
f 59/1767/1423 112/1766/1328 111/1789/1441
f 54/1770/1418 117/1769/1433 116/1790/1442
f 66/1773/1413 105/1772/1434 104/1791/1443
f 61/1776/1425 110/1775/1435 109/1792/1444
f 171/1793/1186 144/1827/1186 145/1794/1186
f 163/1796/1186 152/1828/1186 153/1797/1186
f 170/1795/1186 145/1794/1186 146/1799/1186
f 162/1798/1186 153/1797/1186 154/1801/1186
f 169/1800/1186 146/1799/1186 147/1803/1186
f 161/1802/1186 154/1801/1186 155/1805/1186
f 168/1804/1186 147/1803/1186 148/1807/1186
f 174/1809/1186 175/1824/1186 140/1810/1186
f 160/1806/1186 155/1805/1186 156/1812/1186
f 166/1814/1186 167/1808/1186 148/1807/1186
f 173/1816/1186 174/1809/1186 141/1811/1186
f 159/1813/1186 156/1812/1186 157/1818/1186
f 165/1820/1186 166/1814/1186 149/1815/1186
f 172/1822/1186 173/1816/1186 142/1817/1186
f 175/1824/1186 158/1819/1186 157/1818/1186
f 164/1825/1186 165/1820/1186 150/1821/1186
f 172/1822/1186 143/1823/1186 144/1827/1186
f 163/1796/1186 164/1825/1186 151/1826/1186
f 128/1829/1445 169/1851/1439 168/1830/1446
f 123/1832/1448 174/1857/1468 173/1833/1430
f 135/1835/1450 162/1856/1467 161/1836/1436
f 130/1838/1452 167/1858/1437 166/1839/1359
f 125/1841/1454 172/1859/1351 171/1842/1455
f 138/1844/1457 137/1860/1469 160/1845/1458
f 132/1847/1460 165/1861/1443 164/1848/1461
f 127/1850/1463 170/1862/1433 169/1851/1439
f 139/1852/1464 158/1863/1441 175/1853/19
f 134/1855/1466 163/3493/1440 162/1856/1467
f 122/1854/1465 175/1853/19 174/1857/1468
f 129/1831/1447 168/1830/1446 167/1858/1437
f 124/1834/1449 173/1833/1430 172/1859/1351
f 136/1837/1451 161/1836/1436 160/1845/1458
f 131/1840/1453 166/1839/1359 165/1861/1443
f 127/1850/1463 126/1843/1456 171/1842/1455
f 138/1844/1457 159/1846/1459 158/1863/1441
f 133/1849/1462 164/1848/1461 163/1864/1440
f 145/1866/1470 181/1900/1470 182/1867/1355
f 153/1869/1467 189/1902/1478 190/1870/1436
f 146/1868/1471 182/1867/1355 183/1872/1472
f 155/1874/1458 154/1871/1436 190/1870/1436
f 147/1873/1472 183/1872/1472 184/1876/1437
f 140/1878/1473 176/1893/1328 177/1879/1468
f 155/1874/1458 191/1875/1444 192/1881/1459
f 148/1877/1437 184/1876/1437 185/1883/1474
f 141/1880/1468 177/1879/1468 178/1885/1475
f 156/1882/1459 192/1881/1459 193/1887/1441
f 149/1884/1359 185/1883/1474 186/1889/1443
f 142/1886/1475 178/1885/1475 179/1891/1351
f 157/1888/1441 193/1887/1441 176/1893/1328
f 150/1890/1443 186/1889/1443 187/1894/1461
f 143/1892/1351 179/1891/1351 180/1896/1477
f 151/1895/1476 187/1894/1461 188/1898/1440
f 144/1897/1455 180/1896/1477 181/1900/1470
f 152/1901/1440 188/3494/1440 189/1902/1478
f 179/1903/1186 197/1936/1186 198/1904/1186
f 188/1906/1186 187/1938/1186 205/1907/1186
f 180/1905/1186 198/1904/1186 199/1909/1186
f 188/1906/1186 206/1908/1186 207/1911/1186
f 181/1910/1186 199/1909/1186 200/1913/1186
f 189/1912/1186 207/1911/1186 208/1915/1186
f 182/1914/1186 200/1913/1186 201/1917/1186
f 190/1916/1186 208/1915/1186 209/1919/1186
f 183/1918/1186 201/1917/1186 202/1921/1186
f 177/1923/1186 176/1937/1186 194/1924/1186
f 191/1920/1186 209/1919/1186 210/1926/1186
f 185/1928/1186 184/1922/1186 202/1921/1186
f 178/1930/1186 177/1923/1186 195/1925/1186
f 192/1927/1186 210/1926/1186 211/1932/1186
f 186/1934/1186 185/1928/1186 203/1929/1186
f 179/1903/1186 178/1930/1186 196/1931/1186
f 176/1937/1186 193/1933/1186 211/1932/1186
f 187/1938/1186 186/1934/1186 204/1935/1186
f 198/1939/1477 216/1973/1455 217/1940/1433
f 206/1942/1440 224/3495/1440 225/1943/1467
f 199/1941/1433 217/1940/1433 218/1945/1471
f 207/1944/1479 225/1943/1467 226/1947/1481
f 200/1946/1480 218/1945/1471 219/1949/1472
f 208/1948/1436 226/1947/1481 227/1951/1444
f 201/1950/1482 219/1949/1472 220/1953/1437
f 194/1955/1473 212/1970/1473 213/1956/1483
f 209/1952/1444 227/1951/1444 228/1958/1459
f 202/1954/1437 220/1953/1437 221/1960/310
f 195/1957/1468 213/1956/1483 214/1962/1475
f 210/1959/1459 228/1958/1459 229/1964/1441
f 203/1961/1359 221/1960/310 222/1966/1484
f 196/1963/1475 214/1962/1475 215/1968/1351
f 211/1965/1441 229/1964/1441 212/1970/1473
f 204/1967/1484 222/1966/1484 223/1971/1485
f 197/1969/1351 215/1968/1351 216/1973/1455
f 206/1974/1440 205/1972/1461 223/1971/1485
f 122/1976/1465 123/1989/1448 231/1977/1186
f 137/1979/1469 245/1986/1186 244/1980/1186
f 130/1982/1452 238/1988/1186 237/1983/1186
f 138/1985/1457 246/1992/1186 245/1986/1186
f 130/1982/1452 131/1993/1453 239/1987/1186
f 123/1989/1448 124/1995/1449 232/1990/1186
f 139/1991/1464 247/1997/1186 246/1992/1186
f 131/1993/1453 132/1998/1460 240/1994/1186
f 124/1995/1449 125/2001/1454 233/1996/1186
f 139/1991/1464 122/1976/1465 230/1978/1186
f 132/1998/1460 133/2002/1462 241/1999/1186
f 126/2000/1456 234/2005/1186 233/1996/1186
f 133/2002/1462 134/2007/1466 242/2003/1186
f 127/2004/1463 235/2009/1186 234/2005/1186
f 135/2006/1450 243/2010/1186 242/2003/1186
f 128/2008/1445 236/2011/1186 235/2009/1186
f 136/1981/1451 244/1980/1186 243/2010/1186
f 129/1984/1447 237/1983/1186 236/2011/1186
f 2199/2015/1488 2198/2012/1486 1927/2014/1487
f 2200/2017/1490 2199/2015/1488 1928/2016/1489
f 2201/2019/1492 2200/2017/1490 1929/2018/1491
f 2202/2021/1494 2201/2019/1492 1930/2020/1493
f 2295/2023/1496 2202/2021/1494 1931/2022/1495
f 2250/2024/1497 1931/2022/1495 1937/2025/1498
f 1928/2016/1489 1927/2014/1487 1933/2027/1500
f 1929/2018/1491 1928/2016/1489 1934/2028/1501
f 1930/2020/1493 1929/2018/1491 1935/2029/1502
f 1931/2022/1495 1930/2020/1493 1936/2030/1503
f 1934/2028/1501 1933/2027/1500 1939/2031/1504
f 1935/2029/1502 1934/2028/1501 1940/2032/1505
f 1936/2030/1503 1935/2029/1502 1941/2033/1506
f 1937/2025/1498 1936/2030/1503 1942/2034/1507
f 2251/2026/1499 1937/2025/1498 1943/2035/1508
f 1942/2034/1507 1941/2033/1506 1947/2037/1510
f 1943/2035/1508 1942/2034/1507 1948/2038/1511
f 2252/2036/1509 1943/2035/1508 1949/2039/1512
f 1940/2032/1505 1939/2031/1504 1945/2041/1514
f 1941/2033/1506 1940/2032/1505 1946/2042/1515
f 1946/2042/1515 1945/2041/1514 1951/2043/1516
f 1947/2037/1510 1946/2042/1515 1952/2044/1517
f 1948/2038/1511 1947/2037/1510 1953/2045/1518
f 1949/2039/1512 1948/2038/1511 1954/2046/1519
f 2253/2040/1513 1949/2039/1512 1955/2047/1520
f 1952/2044/1517 1951/2043/1516 1957/2049/1522
f 1953/2045/1518 1952/2044/1517 1958/2050/1523
f 1954/2046/1519 1953/2045/1518 1959/2051/1524
f 1955/2047/1520 1954/2046/1519 1960/2052/1525
f 2254/2048/1521 1955/2047/1520 1961/2053/1526
f 1961/2053/1526 1960/2052/1525 1966/2055/1528
f 2255/2054/1527 1961/2053/1526 1967/2056/1529
f 1958/2050/1523 1957/2049/1522 1963/2058/1531
f 1959/2051/1524 1958/2050/1523 1964/2059/1532
f 1960/2052/1525 1959/2051/1524 1965/2060/1533
f 1964/2059/1532 1963/2058/1531 1969/2061/1534
f 1965/2060/1533 1964/2059/1532 1970/2062/1535
f 1966/2055/1528 1965/2060/1533 1971/2063/1536
f 1967/2056/1529 1966/2055/1528 1972/2064/1537
f 2256/2057/1530 1967/2056/1529 1973/2065/1538
f 1970/2062/1535 1976/2072/1545 1977/2067/1540
f 1971/2063/1536 1977/2067/1540 1978/2068/1541
f 1972/2064/1537 1978/2068/1541 1979/2069/1542
f 1973/2065/1538 1979/2069/1542 2258/2070/1543
f 1969/2061/1534 1975/2071/1544 1976/2072/1545
f 1979/2069/1542 1986/2078/1551 2259/2073/1546
f 1975/2071/1544 1982/2074/1547 1983/2075/1548
f 1976/2072/1545 1983/2075/1548 1984/2076/1549
f 1977/2067/1540 1984/2076/1549 1985/2077/1550
f 1978/2068/1541 1985/2077/1550 1986/2078/1551
f 1982/2074/1547 1988/2079/1552 1989/2080/1553
f 1983/2075/1548 1989/2080/1553 1990/2081/1554
f 1984/2076/1549 1990/2081/1554 1991/2082/1555
f 1985/2077/1550 1991/2082/1555 1992/2083/1556
f 1986/2078/1551 1992/2083/1556 2260/2084/1557
f 1990/2081/1554 1996/2090/1563 1997/2085/1558
f 1991/2082/1555 1997/2085/1558 1998/2086/1559
f 1992/2083/1556 1998/2086/1559 2261/2087/1560
f 1988/2079/1552 1994/2088/1561 1995/2089/1562
f 1989/2080/1553 1995/2089/1562 1996/2090/1563
f 1994/2088/1561 2000/2091/1564 2001/2092/1565
f 1995/2089/1562 2001/2092/1565 2002/2093/1566
f 1996/2090/1563 2002/2093/1566 2003/2094/1567
f 1997/2085/1558 2003/2094/1567 2004/2095/1568
f 1998/2086/1559 2004/2095/1568 2262/2096/1569
f 2000/2091/1564 2006/2102/1575 2007/2097/1570
f 2001/2092/1565 2007/2097/1570 2008/2098/1571
f 2002/2093/1566 2008/2098/1571 2009/2099/1572
f 2003/2094/1567 2009/2099/1572 2010/2100/1573
f 2004/2095/1568 2010/2100/1573 2263/2101/1574
f 2009/2099/1572 2015/2108/1581 2016/2103/1576
f 2010/2100/1573 2016/2103/1576 2264/2104/1577
f 2006/2102/1575 2012/2105/1578 2013/2106/1579
f 2007/2097/1570 2013/2106/1579 2014/2107/1580
f 2008/2098/1571 2014/2107/1580 2015/2108/1581
f 2012/2105/1578 2018/2109/1582 2019/2110/1583
f 2013/2106/1579 2019/2110/1583 2020/2111/1584
f 2014/2107/1580 2020/2111/1584 2021/2112/1585
f 2015/2108/1581 2021/2112/1585 2022/2113/1586
f 2016/2103/1576 2022/2113/1586 2265/2114/1587
f 2019/2110/1583 2025/2120/1593 2026/2115/1588
f 2020/2111/1584 2026/2115/1588 2027/2116/1589
f 2021/2112/1585 2027/2116/1589 2028/2117/1590
f 2022/2113/1586 2028/2117/1590 2266/2118/1591
f 2018/2109/1582 2024/2119/1592 2025/2120/1593
f 2028/2117/1590 2034/2126/1599 2267/2121/1594
f 2024/2119/1592 2030/2122/1595 2031/2123/1596
f 2025/2120/1593 2031/2123/1596 2032/2124/1597
f 2026/2115/1588 2032/2124/1597 2033/2125/1598
f 2027/2116/1589 2033/2125/1598 2034/2126/1599
f 2030/2122/1595 2036/2132/1605 2037/2127/1600
f 2031/2123/1596 2037/2127/1600 2038/2128/1601
f 2032/2124/1597 2038/2128/1601 2039/2129/1602
f 2033/2125/1598 2039/2129/1602 2040/2130/1603
f 2034/2126/1599 2040/2130/1603 2268/2131/1604
f 2038/2128/1601 2044/2138/1611 2045/2133/1606
f 2039/2129/1602 2045/2133/1606 2046/2134/1607
f 2040/2130/1603 2046/2134/1607 2269/2135/1608
f 2036/2132/1605 2042/2136/1609 2043/2137/1610
f 2037/2127/1600 2043/2137/1610 2044/2138/1611
f 2043/2137/1610 2042/2136/1609 2048/2139/1612
f 2044/2138/1611 2043/2137/1610 2049/2140/1613
f 2045/2133/1606 2044/2138/1611 2050/2141/1614
f 2046/2134/1607 2045/2133/1606 2051/2142/1615
f 2269/2135/1608 2046/2134/1607 2052/2143/1616
f 2050/2141/1614 2049/2140/1613 2055/2145/1618
f 2051/2142/1615 2050/2141/1614 2056/2146/1619
f 2052/2143/1616 2051/2142/1615 2057/2147/1620
f 2270/2144/1617 2052/2143/1616 2058/2148/1621
f 2049/2140/1613 2048/2139/1612 2054/2150/1623
f 2058/2148/1621 2057/2147/1620 2063/2151/1624
f 2271/2149/1622 2058/2148/1621 2064/2152/1625
f 2055/2145/1618 2054/2150/1623 2060/2154/1627
f 2056/2146/1619 2055/2145/1618 2061/2155/1628
f 2057/2147/1620 2056/2146/1619 2062/2156/1629
f 2061/2155/1628 2060/2154/1627 2066/2157/1630
f 2062/2156/1629 2061/2155/1628 2067/2158/1631
f 2063/2151/1624 2062/2156/1629 2068/2159/1632
f 2064/2152/1625 2063/2151/1624 2069/2160/1633
f 2272/2153/1626 2064/2152/1625 2070/2161/1634
f 2069/2160/1633 2068/2159/1632 2074/2163/1636
f 2070/2161/1634 2069/2160/1633 2075/2164/1637
f 2273/2162/1635 2070/2161/1634 2076/2165/1638
f 2067/2158/1631 2066/2157/1630 2072/2167/1640
f 2068/2159/1632 2067/2158/1631 2073/2168/1641
f 2274/2166/1639 2076/2165/1638 2082/2169/1642
f 2073/2168/1641 2072/2167/1640 2078/2171/1644
f 2074/2163/1636 2073/2168/1641 2079/2172/1645
f 2075/2164/1637 2074/2163/1636 2080/2173/1646
f 2076/2165/1638 2075/2164/1637 2081/2174/1647
f 2079/2172/1645 2078/2171/1644 2084/2175/1648
f 2080/2173/1646 2079/2172/1645 2085/2176/1649
f 2081/2174/1647 2080/2173/1646 2086/2177/1650
f 2082/2169/1642 2081/2174/1647 2087/2178/1651
f 2275/2170/1643 2082/2169/1642 2088/2179/1652
f 2088/2179/1652 2087/2178/1651 2093/2181/1654
f 2276/2180/1653 2088/2179/1652 2094/2182/1655
f 2085/2176/1649 2084/2175/1648 2090/2184/1657
f 2086/2177/1650 2085/2176/1649 2091/2185/1658
f 2087/2178/1651 2086/2177/1650 2092/2186/1659
f 2091/2185/1658 2090/2184/1657 2096/2187/1660
f 2092/2186/1659 2091/2185/1658 2097/2188/1661
f 2093/2181/1654 2092/2186/1659 2098/2189/1662
f 2094/2182/1655 2093/2181/1654 2099/2190/1663
f 2277/2183/1656 2094/2182/1655 2100/2191/1664
f 2098/2189/1662 2097/2188/1661 2103/2193/1666
f 2099/2190/1663 2098/2189/1662 2104/2194/1667
f 2100/2191/1664 2099/2190/1663 2105/2195/1668
f 2278/2192/1665 2100/2191/1664 2106/2196/1669
f 2097/2188/1661 2096/2187/1660 2102/2198/1671
f 2279/2197/1670 2106/2196/1669 2112/2199/1672
f 2103/2193/1666 2102/2198/1671 2108/2201/1674
f 2104/2194/1667 2103/2193/1666 2109/2202/1675
f 2105/2195/1668 2104/2194/1667 2110/2203/1676
f 2106/2196/1669 2105/2195/1668 2111/2204/1677
f 2108/2201/1674 2114/2205/1678 2115/2206/1679
f 2109/2202/1675 2115/2206/1679 2116/2207/1680
f 2110/2203/1676 2116/2207/1680 2117/2208/1681
f 2111/2204/1677 2117/2208/1681 2118/2209/1682
f 2112/2199/1672 2118/2209/1682 2281/2210/1683
f 2116/2207/1680 2122/2216/1689 2123/2211/1684
f 2117/2208/1681 2123/2211/1684 2124/2212/1685
f 2118/2209/1682 2124/2212/1685 2282/2213/1686
f 2114/2205/1678 2120/2214/1687 2121/2215/1688
f 2115/2206/1679 2121/2215/1688 2122/2216/1689
f 2120/2214/1687 2126/2217/1690 2127/2218/1691
f 2121/2215/1688 2127/2218/1691 2128/2219/1692
f 2122/2216/1689 2128/2219/1692 2129/2220/1693
f 2123/2211/1684 2129/2220/1693 2130/2221/1694
f 2124/2212/1685 2130/2221/1694 2283/2222/1695
f 2126/2217/1690 2132/2223/1696 2133/2224/1697
f 2127/2218/1691 2133/2224/1697 2134/2225/1698
f 2128/2219/1692 2134/2225/1698 2135/2226/1699
f 2129/2220/1693 2135/2226/1699 2136/2227/1700
f 2130/2221/1694 2136/2227/1700 2284/2228/1701
f 2134/2225/1698 2140/2234/1707 2141/2229/1702
f 2135/2226/1699 2141/2229/1702 2142/2230/1703
f 2136/2227/1700 2142/2230/1703 2285/2231/1704
f 2132/2223/1696 2138/2232/1705 2139/2233/1706
f 2133/2224/1697 2139/2233/1706 2140/2234/1707
f 2138/2232/1705 2144/2235/1708 2145/2236/1709
f 2139/2233/1706 2145/2236/1709 2146/2237/1710
f 2140/2234/1707 2146/2237/1710 2147/2238/1711
f 2141/2229/1702 2147/2238/1711 2148/2239/1712
f 2142/2230/1703 2148/2239/1712 2286/2240/1713
f 2144/2235/1708 2150/2246/1719 2151/2241/1714
f 2145/2236/1709 2151/2241/1714 2152/2242/1715
f 2146/2237/1710 2152/2242/1715 2153/2243/1716
f 2147/2238/1711 2153/2243/1716 2154/2244/1717
f 2148/2239/1712 2154/2244/1717 2287/2245/1718
f 2153/2243/1716 2159/2252/1725 2160/2247/1720
f 2154/2244/1717 2160/2247/1720 2288/2248/1721
f 2150/2246/1719 2156/2249/1722 2157/2250/1723
f 2151/2241/1714 2157/2250/1723 2158/2251/1724
f 2152/2242/1715 2158/2251/1724 2159/2252/1725
f 2156/2249/1722 2162/2253/1726 2163/2254/1727
f 2157/2250/1723 2163/2254/1727 2164/2255/1728
f 2158/2251/1724 2164/2255/1728 2165/2256/1729
f 2159/2252/1725 2165/2256/1729 2166/2257/1730
f 2160/2247/1720 2166/2257/1730 2289/2258/1731
f 2163/2254/1727 2169/2264/1737 2170/2259/1732
f 2164/2255/1728 2170/2259/1732 2171/2260/1733
f 2165/2256/1729 2171/2260/1733 2172/2261/1734
f 2166/2257/1730 2172/2261/1734 2290/2262/1735
f 2162/2253/1726 2168/2263/1736 2169/2264/1737
f 2172/2261/1734 2178/2270/1743 2291/2265/1738
f 2168/2263/1736 2174/2266/1739 2175/2267/1740
f 2169/2264/1737 2175/2267/1740 2176/2268/1741
f 2170/2259/1732 2176/2268/1741 2177/2269/1742
f 2171/2260/1733 2177/2269/1742 2178/2270/1743
f 2174/2266/1739 2180/2271/1744 2181/2272/1745
f 2175/2267/1740 2181/2272/1745 2182/2273/1746
f 2176/2268/1741 2182/2273/1746 2183/2274/1747
f 2177/2269/1742 2183/2274/1747 2184/2275/1748
f 2178/2270/1743 2184/2275/1748 2292/2276/1749
f 2183/2274/1747 2182/2273/1746 2188/2277/1750
f 2184/2275/1748 2183/2274/1747 2189/2278/1751
f 2292/2276/1749 2184/2275/1748 2190/2279/1752
f 2181/2272/1745 2180/2271/1744 2186/2281/1754
f 2182/2273/1746 2181/2272/1745 2187/2282/1755
f 2187/2282/1755 2186/2281/1754 2192/2283/1756
f 2188/2277/1750 2187/2282/1755 2193/2284/1757
f 2189/2278/1751 2188/2277/1750 2194/2285/1758
f 2190/2279/1752 2189/2278/1751 2195/2286/1759
f 2293/2280/1753 2190/2279/1752 2196/2287/1760
f 2193/2284/1757 2192/2283/1756 2198/2012/1486
f 2194/2285/1758 2193/2284/1757 2199/2015/1488
f 2195/2286/1759 2194/2285/1758 2200/2017/1490
f 2196/2287/1760 2195/2286/1759 2201/2019/1492
f 2294/2288/1761 2196/2287/1760 2202/2021/1494
f 1932/2289/1762 1938/2292/1765 2205/2290/1763
f 1938/2292/1765 1944/2294/1767 2206/2293/1766
f 1944/2294/1767 1950/2296/1769 2207/2295/1768
f 1950/2296/1769 1956/2298/1771 2208/2297/1770
f 1956/2298/1771 1962/2300/1773 2209/2299/1772
f 1962/2300/1773 1968/2302/1775 2210/2301/1774
f 1968/2302/1775 1974/2305/1778 2211/2303/1776
f 1980/2304/1777 2212/2307/1780 2211/2303/1776
f 1987/2306/1779 2213/2309/1782 2212/2307/1780
f 1993/2308/1781 2214/2311/1784 2213/2309/1782
f 1999/2310/1783 2215/2313/1786 2214/2311/1784
f 2005/2312/1785 2216/2315/1788 2215/2313/1786
f 2011/2314/1787 2217/2317/1790 2216/2315/1788
f 2017/2316/1789 2218/2319/1792 2217/2317/1790
f 2023/2318/1791 2219/2321/1794 2218/2319/1792
f 2029/2320/1793 2220/2323/1796 2219/2321/1794
f 2035/2322/1795 2221/2325/1798 2220/2323/1796
f 2041/2324/1797 2222/2327/1800 2221/2325/1798
f 2047/2326/1799 2223/2329/1802 2222/2327/1800
f 2047/2326/1799 2053/2330/1803 2224/2328/1801
f 2053/2330/1803 2059/2332/1805 2225/2331/1804
f 2059/2332/1805 2065/2334/1807 2226/2333/1806
f 2065/2334/1807 2071/2336/1809 2227/2335/1808
f 2071/2336/1809 2077/2338/1811 2228/2337/1810
f 2077/2338/1811 2083/2340/1813 2229/2339/1812
f 2083/2340/1813 2089/2342/1815 2230/2341/1814
f 2089/2342/1815 2095/2344/1817 2231/2343/1816
f 2095/2344/1817 2101/2346/1819 2232/2345/1818
f 2101/2346/1819 2107/2348/1821 2233/2347/1820
f 2107/2348/1821 2113/3496/1824 2234/2349/1822
f 2119/2350/1823 2235/2354/1826 2234/2351/1822
f 2125/2353/1825 2236/2356/1828 2235/2354/1826
f 2131/2355/1827 2237/2358/1830 2236/2356/1828
f 2137/2357/1829 2238/2360/1832 2237/2358/1830
f 2143/2359/1831 2239/2362/1834 2238/2360/1832
f 2149/2361/1833 2240/2364/1836 2239/2362/1834
f 2155/2363/1835 2241/2366/1838 2240/2364/1836
f 2161/2365/1837 2242/2368/1840 2241/2366/1838
f 2167/2367/1839 2243/2370/1842 2242/2368/1840
f 2173/2369/1841 2244/2372/1844 2243/2370/1842
f 2179/2371/1843 2245/2374/1846 2244/2372/1844
f 2185/2373/1845 2246/2376/1848 2245/2374/1846
f 2185/2373/1845 2191/2377/1849 2247/2375/1847
f 2191/2377/1849 2197/2379/1851 2248/2378/1850
f 2197/2379/1851 2203/2381/1853 2249/2380/1852
f 2203/2381/1853 1932/2289/1762 2204/2291/1764
f 2197/2382/1851 2294/2288/1761 2295/2023/1496
f 2191/2384/1849 2293/2280/1753 2294/2288/1761
f 2185/2385/1845 2292/2276/1749 2293/2280/1753
f 2291/2265/1738 2292/2276/1749 2185/2385/1845
f 2290/2262/1735 2291/2265/1738 2179/2386/1843
f 2289/2258/1731 2290/2262/1735 2173/2387/1841
f 2288/2248/1721 2289/2258/1731 2167/2388/1839
f 2287/2245/1718 2288/2248/1721 2161/2389/1837
f 2286/2240/1713 2287/2245/1718 2155/2390/1835
f 2285/2231/1704 2286/2240/1713 2149/2391/1833
f 2284/2228/1701 2285/2231/1704 2143/2392/1831
f 2283/2222/1695 2284/2228/1701 2137/2393/1829
f 2282/2213/1686 2283/2222/1695 2131/2394/1827
f 2281/2210/1683 2282/2213/1686 2125/2395/1825
f 2280/2200/1673 2281/2210/1683 2119/2396/1823
f 2107/2398/1821 2279/2197/1670 2280/2200/1673
f 2101/2399/1819 2278/2192/1665 2279/2197/1670
f 2095/2400/1817 2277/2183/1656 2278/2192/1665
f 2089/2401/1815 2276/2180/1653 2277/2183/1656
f 2083/2402/1813 2275/2170/1643 2276/2180/1653
f 2077/2403/1811 2274/2166/1639 2275/2170/1643
f 2071/2404/1809 2273/2162/1635 2274/2166/1639
f 2065/2405/1807 2272/2153/1626 2273/2162/1635
f 2059/2406/1805 2271/2149/1622 2272/2153/1626
f 2053/2407/1803 2270/2144/1617 2271/2149/1622
f 2047/2408/1799 2269/2135/1608 2270/2144/1617
f 2268/2131/1604 2269/2135/1608 2047/2408/1799
f 2267/2121/1594 2268/2131/1604 2041/2409/1797
f 2266/2118/1591 2267/2121/1594 2035/2410/1795
f 2265/2114/1587 2266/2118/1591 2029/2411/1793
f 2264/2104/1577 2265/2114/1587 2023/2412/1791
f 2263/2101/1574 2264/2104/1577 2017/2413/1789
f 2262/2096/1569 2263/2101/1574 2011/2414/1787
f 2261/2087/1560 2262/2096/1569 2005/2415/1785
f 2260/2084/1557 2261/2087/1560 1999/2416/1783
f 2259/2073/1546 2260/2084/1557 1993/2417/1781
f 2258/2070/1543 2259/2073/1546 1987/2418/1779
f 2257/2066/1539 2258/2070/1543 1980/2419/1777
f 1968/2421/1775 2256/2057/1530 2257/2066/1539
f 1962/2422/1773 2255/2054/1527 2256/2057/1530
f 1956/2423/1771 2254/2048/1521 2255/2054/1527
f 1950/2424/1769 2253/2040/1513 2254/2048/1521
f 1944/2425/1767 2252/2036/1509 2253/2040/1513
f 1938/2426/1765 2251/2026/1499 2252/2036/1509
f 1932/2427/1762 2250/2024/1497 2251/2026/1499
f 2203/2383/1853 2295/2023/1496 2250/2024/1497
f 2248/2378/1850 2249/2380/1852 2341/2428/1854
f 2247/2375/1847 2248/2378/1850 2340/2429/1855
f 2246/2376/1848 2247/2375/1847 2339/2430/1856
f 2246/2376/1848 2338/2431/1857 2337/2432/1858
f 2245/2374/1846 2337/2432/1858 2336/2433/1859
f 2244/2372/1844 2336/2433/1859 2335/2434/1860
f 2243/2370/1842 2335/2434/1860 2334/2435/1861
f 2242/2368/1840 2334/2435/1861 2333/2436/1862
f 2241/2366/1838 2333/2436/1862 2332/2437/1863
f 2240/2364/1836 2332/2437/1863 2331/2438/1864
f 2239/2362/1834 2331/2438/1864 2330/2439/1865
f 2238/2360/1832 2330/2439/1865 2329/2440/1866
f 2237/2358/1830 2329/2440/1866 2328/2441/1867
f 2236/2356/1828 2328/2441/1867 2327/2442/1868
f 2235/2354/1826 2327/2442/1868 2326/2443/1869
f 2233/2347/1820 2234/2349/1822 2326/2444/1869
f 2232/2345/1818 2233/2347/1820 2325/2445/1870
f 2231/2343/1816 2232/2345/1818 2324/2446/1871
f 2230/2341/1814 2231/2343/1816 2323/2447/1872
f 2229/2339/1812 2230/2341/1814 2322/2448/1873
f 2228/2337/1810 2229/2339/1812 2321/2449/1874
f 2227/2335/1808 2228/2337/1810 2320/2450/1875
f 2226/2333/1806 2227/2335/1808 2319/2451/1876
f 2225/2331/1804 2226/2333/1806 2318/2452/1877
f 2224/2328/1801 2225/2331/1804 2317/2453/1878
f 2223/2329/1802 2224/2328/1801 2316/2454/1879
f 2223/2329/1802 2315/2455/1880 2314/2456/1881
f 2222/2327/1800 2314/2456/1881 2313/2457/1882
f 2221/2325/1798 2313/2457/1882 2312/2458/1883
f 2220/2323/1796 2312/2458/1883 2311/2459/1884
f 2219/2321/1794 2311/2459/1884 2310/2460/1885
f 2218/2319/1792 2310/2460/1885 2309/2461/1886
f 2217/2317/1790 2309/2461/1886 2308/2462/1887
f 2216/2315/1788 2308/2462/1887 2307/2463/1888
f 2215/2313/1786 2307/2463/1888 2306/2464/1889
f 2214/2311/1784 2306/2464/1889 2305/2465/1890
f 2213/2309/1782 2305/2465/1890 2304/2466/1891
f 2212/2307/1780 2304/2466/1891 2303/2467/1892
f 2210/2301/1774 2211/2303/1776 2303/2467/1892
f 2209/2299/1772 2210/2301/1774 2302/2468/1893
f 2208/2297/1770 2209/2299/1772 2301/2469/1894
f 2207/2295/1768 2208/2297/1770 2300/2470/1895
f 2206/2293/1766 2207/2295/1768 2299/2471/1896
f 2205/2290/1763 2206/2293/1766 2298/2472/1897
f 2204/2291/1764 2205/2290/1763 2297/2473/1898
f 2249/2380/1852 2204/2291/1764 2296/2474/1899
f 2342/2475/1900 2378/2522/1939 2401/2476/1901
f 2368/2478/1903 2366/2543/1948 2365/2479/1904
f 2357/2481/1906 2369/2483/1908 2368/2478/1903
f 2355/2482/1907 2370/2485/1910 2369/2483/1908
f 2353/2484/1909 2371/3497/2632 2370/2485/1910
f 2372/2486/1911 2371/3497/2632 2353/2484/1909
f 2373/2488/1913 2372/2486/1911 2351/2487/1912
f 2374/2490/1915 2373/2488/1913 2349/2489/1914
f 2345/2492/1917 2375/2494/1919 2374/2490/1915
f 2343/2493/1918 2376/2499/1922 2375/2494/1919
f 2350/2495/1458 2387/2519/1937 2385/2496/1920
f 2361/2498/1921 2377/3498/2633 2376/2499/1922
f 2367/2500/1923 2377/3498/2633 2361/2498/1921
f 2367/2500/1923 2366/2543/1948 2368/2478/1903
f 2368/2478/1903 2369/2483/1908 2370/2485/1910
f 2370/2485/1910 2371/3497/2632 2372/2486/1911
f 2372/2486/1911 2373/2488/1913 2374/2490/1915
f 2374/2490/1915 2375/2494/1919 2376/2499/1922
f 2376/2499/1922 2377/3498/2633 2367/2500/1923
f 2367/2500/1923 2368/2478/1903 2370/2485/1910
f 2370/2485/1910 2372/2486/1911 2374/2490/1915
f 2374/2490/1915 2376/2499/1922 2367/2500/1923
f 2365/2479/1904 2363/2501/1924 2379/2502/1925
f 2348/2497/1343 2385/2496/1920 2383/2504/1927
f 2364/2477/1902 2401/2476/1901 2399/2506/1928
f 2362/2507/1480 2399/2506/1928 2397/2508/1929
f 2360/2509/1930 2397/2508/1929 2395/2510/1931
f 2358/2512/1932 2395/3499/1931 2393/2513/1933
f 2356/2514/1330 2393/2513/1933 2391/2515/1934
f 2354/2516/1328 2391/2515/1934 2389/2517/1935
f 2352/2518/1936 2389/2517/1935 2387/2519/1937
f 2346/2505/1341 2383/2504/1927 2381/2520/1938
f 2344/2521/1361 2381/2520/1938 2378/2522/1939
f 2380/2503/1926 2379/2502/1925 2378/2523/1939
f 2382/2525/1940 2380/2503/1926 2381/2524/1938
f 2385/2527/1920 2384/2529/1941 2382/2525/1940
f 2387/2528/1937 2386/2531/1942 2384/2529/1941
f 2389/2530/1935 2388/2545/1950 2386/2531/1942
f 2390/2532/1943 2388/2545/1950 2389/2530/1935
f 2392/2534/1944 2390/2532/1943 2391/2533/1934
f 2394/2536/1945 2392/2534/1944 2393/2535/1933
f 2397/2538/1929 2396/2540/1946 2394/2536/1945
f 2399/2539/1928 2398/2542/1947 2396/2540/1946
f 2401/2541/1901 2400/2544/1949 2398/2542/1947
f 2379/2502/1925 2400/2544/1949 2401/2541/1901
f 2366/2543/1948 2367/2500/1923 2363/2501/1924
f 2363/2501/1924 2361/2498/1921 2400/2544/1949
f 2400/2544/1949 2361/2498/1921 2343/2493/1918
f 2398/2542/1947 2343/2493/1918 2345/2492/1917
f 2396/2540/1946 2345/2492/1917 2347/2491/1916
f 2347/2491/1916 2349/2489/1914 2392/2534/1944
f 2349/2489/1914 2351/2487/1912 2390/2532/1943
f 2351/2487/1912 2353/2484/1909 2388/2545/1950
f 2388/2545/1950 2353/2484/1909 2355/2482/1907
f 2386/2531/1942 2355/2482/1907 2357/2481/1906
f 2384/2529/1941 2357/2481/1906 2359/2480/1905
f 2359/2480/1905 2365/2479/1904 2380/2503/1926
f 2403/2546/1951 2405/2549/1954 2457/2547/1952
f 2405/2549/1954 2407/2551/1956 2458/2550/1955
f 2407/2551/1956 2409/3500/2634 2459/2552/1957
f 2459/2552/1957 2409/3500/2634 2411/2553/1958
f 2460/2554/1959 2411/2553/1958 2413/2555/1960
f 2461/2556/1961 2413/2555/1960 2415/2557/1962
f 2462/2558/1963 2415/2557/1962 2417/2559/1964
f 2463/2560/1965 2417/2559/1964 2419/2561/1966
f 2419/2561/1966 2421/2564/1969 2465/2563/1968
f 2421/2564/1969 2423/2566/1971 2466/2565/1970
f 2423/2566/1971 2425/2568/1973 2467/2567/1972
f 2425/2568/1973 2427/3501/2635 2468/2569/1974
f 2468/2569/1974 2427/3501/2635 2429/2570/1975
f 2469/2571/1976 2429/2570/1975 2431/2572/1977
f 2470/2573/1978 2431/2572/1977 2433/2574/1979
f 2471/2575/1980 2433/2574/1979 2435/2576/1981
f 2553/2578/1983 2426/2663/2050 2424/2579/1984
f 2472/2577/1982 2435/2576/1981 2437/2581/1986
f 2437/2581/1986 2403/3502/1951 2456/2583/1953
f 2477/2584/1988 2476/2638/2025 2440/2585/1989
f 2566/2587/1991 2587/2804/2164 2586/2588/1992
f 2474/2590/1994 2491/2594/1998 2455/2591/1995
f 2490/2593/1997 2454/2596/2000 2455/2591/1995
f 2489/2595/1999 2453/2598/2002 2454/2596/2000
f 2488/2597/2001 2452/2600/2004 2453/2598/2002
f 2487/2599/2003 2451/2602/2006 2452/2600/2004
f 2486/2601/2005 2450/2604/2008 2451/2602/2006
f 2486/2601/2005 2485/2605/2009 2449/2603/2007
f 2485/2605/2009 2484/2607/2011 2448/2606/2010
f 2484/2607/2011 2483/2609/2013 2447/2608/2012
f 2483/2609/2013 2482/2612/2016 2446/2610/2014
f 2481/2611/2015 2445/2614/2018 2446/2610/2014
f 2480/2613/2017 2444/2616/2020 2445/2614/2018
f 2479/2615/2019 2443/2618/2022 2444/2616/2020
f 2478/2617/2021 2442/2619/2023 2443/2618/2022
f 2477/2584/1988 2441/2586/1990 2442/2619/2023
f 2473/2621/1987 2456/2637/1953 2438/2592/1996
f 2454/2596/2000 2472/2622/1982 2473/2621/1987
f 2453/2598/2002 2471/2623/1980 2472/2622/1982
f 2452/2600/2004 2470/2624/1978 2471/2623/1980
f 2451/2602/2006 2469/2625/1976 2470/2624/1978
f 2450/2604/2008 2468/3503/1974 2469/2625/1976
f 2467/2626/1972 2468/3503/1974 2450/2604/2008
f 2466/2627/1970 2467/2626/1972 2449/2603/2007
f 2465/2628/1968 2466/2627/1970 2448/2606/2010
f 2464/2629/1967 2465/2628/1968 2447/2608/2012
f 2445/2614/2018 2463/2630/1965 2464/2629/1967
f 2444/2616/2020 2462/2631/1963 2463/2630/1965
f 2443/2618/2022 2461/2632/1961 2462/2631/1963
f 2442/2619/2023 2460/2633/1959 2461/2632/1961
f 2441/2586/1990 2459/3504/1957 2460/2633/1959
f 2458/2634/1955 2459/3504/1957 2441/2586/1990
f 2457/2635/1952 2458/2634/1955 2440/2585/1989
f 2456/2637/1953 2457/2635/1952 2439/2636/2024
f 2476/2638/2025 2475/2816/2166 2439/2636/2024
f 2560/2639/2026 2552/2664/2051 2416/2640/2027
f 2551/2642/2029 2406/2665/2052 2404/2643/2030
f 2550/2645/2032 2430/2666/2053 2428/2646/2033
f 2557/2648/2035 2549/2667/2054 2420/2649/2036
f 2548/2651/2038 2410/2670/2057 2408/2652/2039
f 2555/2654/2041 2547/2668/2055 2436/2655/2042
f 2561/2580/1985 2424/2579/1984 2422/2657/2044
f 2563/2659/2046 2560/2639/2026 2414/2641/2028
f 2559/2644/2031 2404/2643/2030 2402/2661/2048
f 2558/2647/2034 2428/2646/2033 2426/2663/2050
f 2552/2664/2051 2557/2648/2035 2418/2650/2037
f 2556/2653/2040 2408/2652/2039 2406/2665/2052
f 2550/2645/2032 2555/2654/2041 2432/2656/2043
f 2554/2658/2045 2422/2657/2044 2420/2649/2036
f 2547/2668/2055 2546/2671/2058 2434/2669/2056
f 2563/2659/2046 2412/2660/2047 2410/2670/2057
f 2546/2671/2058 2562/2662/2049 2402/2661/2048
f 2403/2672/2059 2437/2696/2083 2508/2673/2060
f 2427/2675/2062 2509/2698/2085 2497/2676/2063
f 2405/2678/2065 2403/2672/2059 2492/2674/2061
f 2417/2680/2067 2493/2700/2087 2499/2681/2068
f 2409/2683/2070 2407/2701/2088 2494/2684/2071
f 2431/2686/2073 2496/2702/2089 2503/2687/2074
f 2423/2689/2076 2421/2703/2090 2498/2690/2077
f 2411/2692/2079 2500/2704/2091 2507/2693/2080
f 2435/2695/2082 2502/2705/2092 2508/2673/2060
f 2427/2675/2062 2425/2706/2093 2504/2697/2084
f 2415/2699/2086 2506/2707/2094 2493/2700/2087
f 2407/2701/2088 2405/2678/2065 2495/2679/2066
f 2429/2677/2064 2497/2676/2063 2496/2702/2089
f 2421/2703/2090 2419/2682/2069 2499/2681/2068
f 2409/2683/2070 2501/2685/2072 2500/2704/2091
f 2433/2688/2075 2503/2687/2074 2502/2705/2092
f 2425/2706/2093 2423/2689/2076 2505/2691/2078
f 2413/2694/2081 2507/2693/2080 2506/2707/2094
f 2492/2674/2061 2508/2673/2060 2526/2708/2095
f 2509/2698/2085 2527/2720/2107 2512/2710/2097
f 2495/2679/2066 2492/2674/2061 2510/2709/2096
f 2493/2700/2087 2518/2721/2108 2513/2712/2099
f 2501/2685/2072 2494/2684/2071 2519/2713/2100
f 2496/2702/2089 2520/2722/2109 2515/2715/2102
f 2505/2691/2078 2498/2690/2077 2521/2716/2103
f 2500/2704/2091 2522/2723/2110 2517/2718/2105
f 2502/2705/2092 2523/2724/2111 2526/2708/2095
f 2509/2698/2085 2504/2697/2084 2524/2719/2106
f 2506/2707/2094 2525/2725/2112 2518/2721/2108
f 2494/2684/2071 2495/2679/2066 2511/2711/2098
f 2497/2676/2063 2512/2710/2097 2520/2722/2109
f 2498/2690/2077 2499/2681/2068 2513/2712/2099
f 2501/2685/2072 2514/2714/2101 2522/2723/2110
f 2503/2687/2074 2515/2715/2102 2523/2724/2111
f 2504/2697/2084 2505/2691/2078 2516/2717/2104
f 2507/2693/2080 2517/2718/2105 2525/2725/2112
f 2510/2709/2096 2526/2708/2095 2544/2726/2113
f 2527/2720/2107 2545/2738/2125 2530/2728/2115
f 2511/2711/2098 2510/2709/2096 2528/2727/2114
f 2518/2721/2108 2536/2739/2126 2531/2730/2117
f 2514/2714/2101 2519/2713/2100 2537/2731/2118
f 2520/2722/2109 2538/2740/2127 2533/2733/2120
f 2516/2717/2104 2521/2716/2103 2539/2734/2121
f 2522/2723/2110 2540/2741/2128 2535/2736/2123
f 2523/2724/2111 2541/2742/2129 2544/2726/2113
f 2527/2720/2107 2524/2719/2106 2542/2737/2124
f 2525/2725/2112 2543/2743/2130 2536/2739/2126
f 2519/2713/2100 2511/2711/2098 2529/2729/2116
f 2512/2710/2097 2530/2728/2115 2538/2740/2127
f 2521/2716/2103 2513/2712/2099 2531/2730/2117
f 2514/2714/2101 2532/2732/2119 2540/2741/2128
f 2515/2715/2102 2533/2733/2120 2541/2742/2129
f 2524/2719/2106 2516/2717/2104 2534/2735/2122
f 2517/2718/2105 2535/2736/2123 2543/2743/2130
f 2528/2727/2114 2544/2726/2113 2562/2662/2049
f 2545/2738/2125 2563/2659/2046 2548/2651/2038
f 2529/2729/2116 2528/2727/2114 2546/2671/2058
f 2536/2739/2126 2554/2658/2045 2549/2667/2054
f 2532/2732/2119 2537/2731/2118 2555/2654/2041
f 2538/2740/2127 2556/2653/2040 2551/2642/2029
f 2534/2735/2122 2539/2734/2121 2557/2648/2035
f 2540/2741/2128 2558/2647/2034 2553/2578/1983
f 2541/2742/2129 2559/2644/2031 2562/2662/2049
f 2545/2738/2125 2542/2737/2124 2560/2639/2026
f 2543/2743/2130 2561/2580/1985 2554/2658/2045
f 2537/2731/2118 2529/2729/2116 2547/2668/2055
f 2530/2728/2115 2548/2651/2038 2556/2653/2040
f 2539/2734/2121 2531/2730/2117 2549/2667/2054
f 2532/2732/2119 2550/2645/2032 2558/2647/2034
f 2533/2733/2120 2551/2642/2029 2559/2644/2031
f 2542/2737/2124 2534/2735/2122 2552/2664/2051
f 2535/2736/2123 2553/2578/1983 2561/2580/1985
f 2597/2744/2131 2596/2808/2165 2579/2745/2132
f 2571/2747/2134 2592/2754/2141 2591/2748/2135
f 2575/2750/2137 2583/2764/2151 2582/2751/2138
f 2569/2753/2140 2593/2766/2153 2592/2754/2141
f 2588/2755/2142 2587/2804/2164 2566/2587/1991
f 2599/2757/2144 2597/2744/2131 2578/2746/2133
f 2589/2759/2146 2588/2755/2142 2564/2756/2143
f 2598/2761/2148 2599/2757/2144 2574/2758/2145
f 2572/2763/2150 2584/2768/2155 2583/2764/2151
f 2567/2765/2152 2594/2770/2157 2593/2766/2153
f 2570/2767/2154 2585/2775/2160 2584/2768/2155
f 2565/2769/2156 2595/2776/2161 2594/2770/2157
f 2590/2771/2158 2589/2759/2146 2577/2760/2147
f 2580/2752/2139 2581/2815/2149 2434/2773/2056
f 2591/2748/2135 2590/2771/2158 2576/2772/2159
f 2568/2589/1993 2586/2588/1992 2585/2775/2160
f 2579/2745/2132 2596/2808/2165 2595/2776/2161
f 2573/2749/2136 2576/2772/2159 2418/2777/2037
f 2577/2760/2147 2564/2756/2143 2414/2779/2028
f 2566/2587/1991 2568/2589/1993 2410/2781/2057
f 2410/2781/2057 2568/2589/1993 2570/2767/2154
f 2581/2762/2149 2574/2758/2145 2436/2784/2042
f 2578/2746/2133 2579/2745/2132 2430/2786/2053
f 2430/2786/2053 2579/2745/2132 2565/2769/2156
f 2406/2789/2052 2572/2763/2150 2575/2750/2137
f 2422/2791/2044 2571/2747/2134 2573/2749/2136
f 2426/2792/2050 2567/2765/2152 2569/2753/2140
f 2404/2790/2030 2575/2750/2137 2580/2752/2139
f 2408/2783/2039 2570/2767/2154 2572/2763/2150
f 2424/2793/1984 2569/2753/2140 2571/2747/2134
f 2428/2788/2033 2565/2769/2156 2567/2765/2152
f 2564/2756/2143 2566/2587/1991 2412/2782/2047
f 2576/2772/2159 2577/2760/2147 2416/2780/2027
f 2574/2758/2145 2578/2746/2133 2432/2787/2043
f 2583/2764/2151 2601/2797/2162 2600/2794/1441
f 2599/2757/2144 2617/2798/1468 2615/2795/1430
f 2591/2748/2135 2609/2799/1437 2608/2796/1359
f 2584/2768/2155 2602/2800/2163 2601/2797/2162
f 2598/2761/2148 2616/3505/1473 2617/2798/1468
f 2592/2754/2141 2610/2801/1482 2609/2799/1437
f 2585/2775/2160 2603/2802/1436 2602/2800/2163
f 2593/2766/2153 2611/2803/1471 2610/2801/1482
f 2586/2588/1992 2604/2805/1479 2603/2802/1436
f 2594/2770/2157 2612/2806/1433 2611/2803/1471
f 2587/2804/2164 2605/2807/1440 2604/2805/1479
f 2595/2776/2161 2613/2809/1442 2612/2806/1433
f 2588/2755/2142 2606/2810/1476 2605/2807/1440
f 2596/2808/2165 2614/2813/1351 2613/2809/1442
f 2589/2759/2146 2607/2814/1484 2606/2810/1476
f 2582/2751/2138 2600/2794/1441 2616/2811/1473
f 2597/2744/2131 2615/2795/1430 2614/2813/1351
f 2590/2771/2158 2608/2796/1359 2607/2814/1484
f 2582/2751/2138 2598/2812/2148 2581/2815/2149
f 2438/2592/1996 2439/2636/2024 2475/2816/2166
f 2646/2836/2167 2644/3506/2197 2628/2837/2168
f 2649/2839/2170 2651/2885/2199 2635/2840/2171
f 2623/2842/2173 2638/2887/2192 2641/2843/2174
f 2634/2845/2176 2650/2882/2200 2648/2846/2177
f 2640/2848/2179 2637/2883/2201 2622/2849/2180
f 2655/2851/2182 2645/3507/2196 2629/2852/2183
f 2635/2854/2171 2634/3508/2176 2632/2855/2178
f 2652/2857/2185 2654/2888/2195 2642/2858/2186
f 2631/2860/2188 2647/2880/2198 2649/2839/2170
f 2620/2861/2189 2634/3508/2176 2635/2854/2171
f 2636/2863/2191 2637/2918/2201 2638/2864/2192
f 2641/2866/2174 2667/2914/2212 2666/2867/2194
f 2642/2869/2186 2643/2900/2203 2641/2866/2174
f 2654/2870/2195 2644/2873/2197 2645/2871/2196
f 2644/2873/2197 2646/2875/2167 2647/2874/2198
f 2646/2875/2167 2648/2877/2177 2649/2876/2170
f 2648/2877/2177 2650/2879/2200 2651/2878/2199
f 2636/2863/2191 2639/2865/2193 2651/2878/2199
f 2629/2852/2183 2645/3507/2196 2647/2880/2198
f 2626/2859/2187 2642/2858/2186 2640/2848/2179
f 2620/2881/2189 2636/3509/2191 2650/2882/2200
f 2637/2883/2201 2636/3509/2191 2620/2881/2189
f 2641/2843/2174 2643/2889/2203 2627/2884/2202
f 2651/2885/2199 2639/3510/2193 2621/2886/2190
f 2621/2886/2190 2639/3510/2193 2638/2887/2192
f 2648/2846/2177 2646/2836/2167 2630/2838/2169
f 2628/2837/2168 2644/3506/2197 2654/2888/2195
f 2643/2889/2203 2655/2851/2182 2653/2853/2184
f 2656/2890/2204 2661/3511/2478 2655/2851/2182
f 2655/2891/2182 2661/3301/2478 2662/2892/2205
f 2654/2888/2195 2662/3512/2205 2659/2894/2206
f 2663/2895/2207 2660/2898/2210 2657/2896/2208
f 2660/2898/2210 2661/3511/2478 2656/2890/2204
f 2659/2894/2206 2662/3512/2205 2663/2895/2207
f 2642/2869/2186 2659/3299/2206 2656/2899/2204
f 2633/2856/2172 2632/2855/2178 2630/2901/2169
f 2631/2902/2188 2630/2901/2169 2628/2903/2168
f 2628/2905/2168 2652/3513/2185 2653/2906/2184
f 2653/2906/2184 2652/3513/2185 2626/2908/2187
f 2626/2908/2187 2624/3514/2181 2625/2910/2175
f 2625/2910/2175 2624/3514/2181 2622/2911/2180
f 2623/2912/2173 2622/2911/2180 2620/2861/2189
f 2665/2913/2211 2666/2867/2194 2667/2914/2212
f 2666/2916/2194 2665/3515/2211 2637/2883/2201
f 2638/2887/2192 2664/3516/2213 2667/2917/2212
f 2637/2918/2201 2665/2913/2211 2664/2915/2213
f 2669/2919/2214 2671/2922/2215 2670/2920/2215
f 2671/2922/2215 2673/3517/2636 2672/2923/2216
f 2672/2923/2216 2673/3517/2636 2675/2924/2217
f 2674/2925/2218 2675/2924/2217 2677/2926/2219
f 2676/2927/2220 2677/2926/2219 2679/2928/2221
f 2678/2929/2221 2679/2928/2221 2681/2930/2222
f 2681/2930/2222 2683/3518/2224 2682/2932/2224
f 2683/2933/2224 2669/2919/2214 2668/2921/2214
f 2695/2935/2225 2684/2959/2248 2696/2936/2226
f 2688/2938/2228 2700/2956/2245 2699/2939/2229
f 2686/2941/2231 2687/2940/2230 2699/2939/2229
f 2694/2943/2233 2695/2935/2225 2707/2937/2227
f 2694/2945/2233 2706/3519/2234 2705/2946/2235
f 2693/2947/2236 2705/2946/2235 2704/2948/2237
f 2692/2949/2238 2704/2948/2237 2703/2950/2239
f 2691/2951/2240 2703/2950/2239 2702/2952/2241
f 2690/2953/2242 2702/2952/2241 2701/2954/2243
f 2689/2955/2244 2701/2954/2243 2700/2956/2245
f 2685/2957/2246 2686/2941/2231 2698/2942/2232
f 2684/2959/2248 2685/2957/2246 2697/2958/2247
f 2719/2965/2250 2708/2989/2248 2720/2966/2251
f 2711/2968/2253 2712/2986/2268 2724/2969/2254
f 2710/2971/2256 2711/2968/2253 2723/2970/2255
f 2718/2973/2258 2719/2965/2250 2731/2967/2252
f 2718/2975/2258 2730/3520/2234 2729/2976/2259
f 2717/2977/2260 2729/2976/2259 2728/2978/2261
f 2716/2979/2262 2728/2978/2261 2727/2980/2263
f 2715/2981/2264 2727/2980/2263 2726/2982/2265
f 2714/2983/2242 2726/2982/2265 2725/2984/2266
f 2713/2985/2267 2725/2984/2266 2724/2969/2254
f 2709/2987/2269 2710/2971/2256 2722/2972/2257
f 2708/2989/2248 2709/2987/2269 2721/2988/2270
f 2735/2995/2272 2737/3069/2341 2879/2996/2273
f 2832/2998/2275 2836/3001/2278 2811/2999/2276
f 2836/3001/2278 2840/3003/2280 2814/3002/2279
f 2840/3003/2280 2844/3138/2282 2817/3004/2281
f 2844/3005/2282 2848/3129/2394 2820/3006/2283
f 2820/3006/2283 2848/3129/2394 2852/3008/2284
f 2823/3009/2285 2852/3008/2284 2856/3010/2286
f 2804/3012/2288 2829/3116/2381 2832/2998/2275
f 2802/3013/2289 2776/3025/2301 2749/3014/2290
f 2777/3016/2292 2825/3027/2303 2805/3017/2293
f 2880/3019/2295 2739/3521/2637 2741/3020/2296
f 2748/3018/2294 2805/3017/2293 2807/3022/2298
f 2799/3024/2300 2772/3029/2305 2776/3025/2301
f 2773/3026/2302 2822/3034/2310 2825/3027/2303
f 2796/3028/2304 2768/3080/2352 2772/3029/2305
f 2875/3030/2306 2798/3038/2314 2801/3031/2307
f 2769/3033/2309 2819/3109/2376 2822/3034/2310
f 2764/3035/2311 2768/3080/2352 2796/3028/2304
f 2874/3037/2313 2795/3048/2323 2798/3038/2314
f 2816/3039/2315 2819/3109/2376 2769/3033/2309
f 2760/3041/2317 2764/3087/2311 2793/3042/2312
f 2883/3044/2319 2745/3055/2329 2747/3045/2320
f 2873/3047/2322 2792/3099/2331 2795/3048/2323
f 2813/3049/2324 2816/3113/2315 2765/3050/2316
f 2756/3052/2326 2760/3041/2317 2790/3043/2318
f 2882/3054/2328 2743/3064/2336 2745/3055/2329
f 2872/3056/2330 2789/3102/2369 2792/3057/2331
f 2810/3059/2332 2813/3049/2324 2761/3051/2325
f 2752/3061/2334 2756/3052/2326 2787/3053/2327
f 2881/3063/2297 2741/3522/2296 2743/3064/2336
f 2786/3065/2337 2789/3102/2369 2872/3056/2330
f 2807/3022/2298 2810/3059/2332 2757/3060/2333
f 2780/3015/2291 2749/3014/2290 2752/3061/2334
f 2783/3067/2339 2786/3065/2337 2871/3066/2338
f 2737/3069/2341 2739/3521/2637 2880/3019/2295
f 2733/3070/2342 2735/2995/2272 2878/2997/2274
f 2748/3018/2294 2750/3073/2345 2779/3072/2344
f 2750/3073/2345 2751/3075/2347 2778/3074/2346
f 2751/3075/2347 2749/3014/2290 2776/3025/2301
f 2777/3016/2292 2779/3072/2344 2775/3076/2348
f 2779/3072/2344 2778/3074/2346 2774/3077/2349
f 2778/3074/2346 2776/3025/2301 2772/3029/2305
f 2773/3026/2302 2775/3076/2348 2771/3078/2350
f 2775/3076/2348 2774/3077/2349 2770/3079/2351
f 2774/3077/2349 2772/3029/2305 2768/3080/2352
f 2769/3033/2309 2771/3078/2350 2767/3081/2353
f 2767/3081/2353 2771/3078/2350 2770/3079/2351
f 2766/3082/2354 2770/3079/2351 2768/3080/2352
f 2761/3051/2325 2765/3050/2316 2767/3083/2353
f 2763/3084/2355 2767/3083/2353 2766/3085/2354
f 2762/3086/2356 2766/3085/2354 2764/3087/2311
f 2757/3060/2333 2761/3051/2325 2763/3084/2355
f 2759/3088/2357 2763/3084/2355 2762/3086/2356
f 2758/3089/2358 2762/3086/2356 2760/3041/2317
f 2753/3023/2299 2757/3060/2333 2759/3088/2357
f 2759/3088/2357 2758/3089/2358 2754/3091/2360
f 2758/3089/2358 2756/3052/2326 2752/3061/2334
f 2753/3023/2299 2755/3090/2359 2750/3073/2345
f 2755/3090/2359 2754/3091/2360 2751/3075/2347
f 2754/3091/2360 2752/3061/2334 2749/3014/2290
f 2869/3032/2308 2801/3031/2307 2781/3092/2361
f 2780/3015/2291 2782/3095/2364 2803/3094/2363
f 2782/3095/2364 2781/3092/2361 2801/3031/2307
f 2802/3013/2289 2803/3094/2363 2800/3096/2365
f 2803/3094/2363 2801/3031/2307 2798/3038/2314
f 2799/3024/2300 2800/3096/2365 2797/3097/2366
f 2800/3096/2365 2798/3038/2314 2795/3048/2323
f 2796/3028/2304 2797/3097/2366 2794/3098/2367
f 2797/3097/2366 2795/3048/2323 2792/3099/2331
f 2790/3043/2318 2793/3042/2312 2794/3100/2367
f 2791/3101/2368 2794/3100/2367 2792/3057/2331
f 2787/3053/2327 2790/3043/2318 2791/3101/2368
f 2788/3103/2370 2791/3101/2368 2789/3102/2369
f 2784/3062/2335 2787/3053/2327 2788/3103/2370
f 2785/3104/2371 2788/3103/2370 2786/3065/2337
f 2784/3062/2335 2785/3104/2371 2782/3095/2364
f 2785/3104/2371 2783/3067/2339 2781/3092/2361
f 2781/3092/2361 2783/3067/2339 2870/3068/2340
f 2804/3012/2288 2806/3106/2373 2827/3105/2372
f 2806/3106/2373 2805/3017/2293 2825/3027/2303
f 2826/3011/2287 2827/3105/2372 2824/3107/2374
f 2827/3105/2372 2825/3027/2303 2822/3034/2310
f 2823/3009/2285 2824/3107/2374 2821/3108/2375
f 2824/3107/2374 2822/3034/2310 2819/3109/2376
f 2820/3006/2283 2821/3108/2375 2818/3110/2377
f 2818/3110/2377 2821/3108/2375 2819/3109/2376
f 2814/3002/2279 2817/3004/2281 2818/3111/2377
f 2815/3112/2378 2818/3111/2377 2816/3113/2315
f 2811/2999/2276 2814/3002/2279 2815/3112/2378
f 2812/3114/2379 2815/3112/2378 2813/3049/2324
f 2808/3000/2277 2811/2999/2276 2812/3114/2379
f 2812/3114/2379 2810/3059/2332 2807/3022/2298
f 2808/3000/2277 2809/3115/2380 2806/3106/2373
f 2809/3115/2380 2807/3022/2298 2805/3017/2293
f 2826/3011/2287 2856/3010/2286 2829/3116/2381
f 2828/3117/2382 2830/3120/2385 2859/3118/2383
f 2830/3120/2385 2831/3122/2387 2858/3121/2386
f 2831/3122/2387 2829/3116/2381 2856/3010/2286
f 2857/3119/2384 2859/3118/2383 2855/3123/2388
f 2859/3118/2383 2858/3121/2386 2854/3125/2390
f 2858/3121/2386 2856/3010/2286 2852/3008/2284
f 2853/3124/2389 2855/3123/2388 2851/3126/2391
f 2855/3123/2388 2854/3125/2390 2850/3128/2393
f 2854/3125/2390 2852/3008/2284 2848/3129/2394
f 2849/3127/2392 2851/3126/2391 2847/3130/2395
f 2851/3126/2391 2850/3128/2393 2846/3132/2397
f 2846/3132/2397 2850/3128/2393 2848/3129/2394
f 2841/3133/2398 2845/3172/2396 2847/3134/2395
f 2843/3135/2399 2847/3134/2395 2846/3136/2397
f 2842/3137/2400 2846/3136/2397 2844/3138/2282
f 2837/3139/2401 2841/3133/2398 2843/3135/2399
f 2839/3140/2402 2843/3135/2399 2842/3137/2400
f 2838/3141/2403 2842/3137/2400 2840/3003/2280
f 2833/3142/2404 2837/3139/2401 2839/3140/2402
f 2835/3143/2405 2839/3140/2402 2838/3141/2403
f 2838/3141/2403 2836/3001/2278 2832/2998/2275
f 2828/3117/2382 2833/3142/2404 2835/3143/2405
f 2835/3143/2405 2834/3144/2406 2831/3122/2387
f 2834/3144/2406 2832/2998/2275 2829/3116/2381
f 2876/3046/2321 2747/3045/2320 2733/3070/2342
f 2732/3145/2407 2860/3149/2411 2861/3146/2408
f 2746/3148/2410 2862/3161/2421 2860/3149/2411
f 2734/3147/2409 2861/3146/2408 2863/3150/2412
f 2736/3151/2413 2863/3150/2412 2864/3152/2414
f 2738/3153/2415 2864/3152/2414 2865/3154/2416
f 2865/3156/2416 2866/3159/2419 2742/3157/2418
f 2866/3159/2419 2867/3162/2422 2744/3160/2420
f 2744/3160/2420 2867/3162/2422 2862/3161/2421
f 2860/3149/2411 2868/3093/2362 2870/3068/2340
f 2862/3161/2421 2869/3032/2308 2868/3093/2362
f 2861/3146/2408 2870/3068/2340 2871/3066/2338
f 2863/3150/2412 2871/3066/2338 2872/3056/2330
f 2872/3056/2330 2873/3058/2322 2865/3154/2416
f 2873/3047/2322 2874/3037/2313 2866/3159/2419
f 2874/3037/2313 2875/3030/2306 2867/3162/2422
f 2875/3030/2306 2869/3032/2308 2862/3161/2421
f 2876/3046/2321 2877/3071/2343 2884/3163/2423
f 2877/3071/2343 2878/2997/2274 2885/3165/2425
f 2886/3166/2426 2879/2996/2273 2880/3019/2295
f 2888/3168/2428 2881/3063/2297 2882/3054/2328
f 2889/3169/2429 2882/3054/2328 2883/3044/2319
f 2890/3170/2430 2883/3044/2319 2876/3046/2321
f 2887/3167/2427 2880/3019/2295 2881/3021/2297
f 2878/2997/2274 2879/2996/2273 2886/3166/2426
f 2833/3142/2404 2885/3165/2425 2886/3166/2426
f 2887/3167/2427 2888/3171/2428 2845/3172/2396
f 2853/3124/2389 2890/3170/2430 2891/3164/2424
f 2889/3169/2429 2890/3170/2430 2853/3124/2389
f 2888/3168/2428 2889/3169/2429 2849/3127/2392
f 2886/3166/2426 2887/3167/2427 2841/3133/2398
f 2828/3117/2382 2884/3163/2423 2885/3165/2425
f 2857/3119/2384 2891/3164/2424 2884/3163/2423
f 2918/3173/2431 2916/3523/2461 2900/3174/2432
f 2921/3176/2434 2923/3222/2463 2907/3177/2435
f 2895/3179/2437 2910/3224/2456 2913/3180/2438
f 2906/3182/2440 2922/3219/2464 2920/3183/2441
f 2912/3185/2443 2909/3220/2465 2894/3186/2444
f 2927/3188/2446 2917/3524/2460 2901/3189/2447
f 2907/3191/2435 2906/3525/2440 2904/3192/2442
f 2924/3194/2449 2926/3225/2459 2914/3195/2450
f 2903/3197/2452 2919/3217/2462 2921/3176/2434
f 2892/3198/2453 2906/3525/2440 2907/3191/2435
f 2908/3200/2455 2909/3256/2465 2910/3201/2456
f 2913/3203/2438 2939/3252/2476 2938/3204/2458
f 2914/3206/2450 2915/3237/2467 2913/3203/2438
f 2926/3207/2459 2916/3210/2461 2917/3208/2460
f 2916/3210/2461 2918/3212/2431 2919/3211/2462
f 2918/3212/2431 2920/3214/2441 2921/3213/2434
f 2920/3214/2441 2922/3216/2464 2923/3215/2463
f 2908/3200/2455 2911/3202/2457 2923/3215/2463
f 2901/3189/2447 2917/3524/2460 2919/3217/2462
f 2898/3196/2451 2914/3195/2450 2912/3185/2443
f 2892/3218/2453 2908/3526/2455 2922/3219/2464
f 2909/3220/2465 2908/3526/2455 2892/3218/2453
f 2913/3180/2438 2915/3226/2467 2899/3221/2466
f 2923/3222/2463 2911/3527/2457 2893/3223/2454
f 2893/3223/2454 2911/3527/2457 2910/3224/2456
f 2920/3183/2441 2918/3173/2431 2902/3175/2433
f 2900/3174/2432 2916/3523/2461 2926/3225/2459
f 2915/3226/2467 2927/3188/2446 2925/3190/2448
f 2928/3227/2468 2933/3528/2479 2927/3188/2446
f 2927/3228/2446 2933/3303/2479 2934/3229/2469
f 2926/3225/2459 2934/3529/2469 2931/3231/2470
f 2935/3232/2471 2932/3235/2474 2929/3233/2472
f 2932/3235/2474 2933/3528/2479 2928/3227/2468
f 2931/3231/2470 2934/3529/2469 2935/3232/2471
f 2931/3236/2470 2928/3306/2468 2915/3237/2467
f 2905/3193/2436 2904/3192/2442 2902/3238/2433
f 2903/3239/2452 2902/3238/2433 2900/3240/2432
f 2900/3242/2432 2924/3245/2449 2925/3243/2448
f 2924/3245/2449 2898/3247/2451 2899/3246/2466
f 2898/3247/2451 2896/3530/2445 2897/3248/2439
f 2897/3248/2439 2896/3530/2445 2894/3249/2444
f 2895/3250/2437 2894/3249/2444 2892/3198/2453
f 2937/3251/2475 2938/3204/2458 2939/3252/2476
f 2912/3185/2443 2938/3531/2458 2937/3254/2475
f 2936/3255/2477 2939/3532/2476 2913/3180/2438
f 2909/3256/2465 2937/3251/2475 2936/3253/2477
f 2659/3299/2206 2658/3533/2209 2657/3300/2208
f 2661/3301/2478 2660/3534/2210 2663/3302/2207
f 2933/3303/2479 2932/3535/2474 2935/3304/2471
f 2930/3305/2473 2929/3536/2472 2928/3306/2468
f 251/3307/2480 250/3323/2495 259/3308/2481
f 391/3310/2483 248/3390/2550 256/3311/2484
f 253/3313/2486 263/3327/2499 264/3314/2487
f 251/3307/2480 260/3309/2482 261/3316/2489
f 249/3318/2491 391/3310/2483 257/3312/2485
f 252/3317/2490 261/3316/2489 262/3321/2493
f 250/3323/2495 249/3318/2491 258/3319/2492
f 292/3324/2496 398/3413/2571 399/3325/2497
f 392/3322/2494 262/3321/2493 263/3327/2499
f 260/3309/2482 259/3308/2481 268/3328/2500
f 257/3312/2485 256/3311/2484 265/3330/2502
f 263/3327/2499 272/3339/2511 273/3332/2504
f 260/3309/2482 269/3329/2501 270/3333/2505
f 258/3319/2492 257/3312/2485 266/3331/2503
f 261/3316/2489 270/3333/2505 271/3335/2507
f 259/3308/2481 258/3319/2492 267/3334/2506
f 319/3336/2508 401/3486/1900 402/3337/2509
f 262/3321/2493 271/3335/2507 272/3339/2511
f 346/3340/2512 404/3402/2561 405/3341/2513
f 271/3335/2507 280/3351/2523 281/3343/2515
f 269/3329/2501 268/3328/2500 277/3344/2516
f 266/3331/2503 265/3330/2502 274/3346/2518
f 272/3339/2511 281/3343/2515 282/3348/2520
f 269/3329/2501 278/3345/2517 279/3349/2521
f 267/3334/2506 266/3331/2503 275/3347/2519
f 270/3333/2505 279/3349/2521 280/3351/2523
f 268/3328/2500 267/3334/2506 276/3350/2522
f 276/3352/2522 285/3369/2533 286/3353/2524
f 328/3338/2510 402/3337/2509 403/3355/2525
f 281/3357/2515 280/3371/2523 289/3358/2527
f 277/3354/2516 286/3353/2524 287/3360/2529
f 274/3362/2518 283/3377/2538 284/3363/2530
f 282/3365/2520 281/3357/2515 290/3359/2528
f 279/3367/2521 278/3361/2517 287/3360/2529
f 275/3364/2519 284/3363/2530 285/3369/2533
f 280/3371/2523 279/3367/2521 288/3368/2532
f 289/3358/2527 288/3368/2532 297/3373/2535
f 285/3369/2533 294/3381/2542 295/3375/2537
f 274/3362/2518 396/3537/2615 397/3376/1353
f 290/3359/2528 289/3358/2527 298/3374/2536
f 286/3353/2524 295/3375/2537 296/3379/2540
f 283/3377/2538 292/3324/2496 293/3380/2541
f 291/3366/2531 290/3359/2528 299/3378/2539
f 288/3368/2532 287/3360/2529 296/3379/2540
f 284/3363/2530 293/3380/2541 294/3381/2542
f 297/3373/2535 296/3379/2540 305/3382/2543
f 293/3380/2541 302/3392/2552 303/3384/2545
f 298/3374/2536 297/3373/2535 306/3383/2544
f 294/3381/2542 303/3384/2545 304/3387/2548
f 382/3388/2549 408/3476/2623 393/3389/1473
f 299/3378/2539 298/3374/2536 307/3386/2547
f 295/3375/2537 304/3387/2548 305/3382/2543
f 292/3324/2496 301/3326/2498 302/3392/2552
f 300/3372/2534 299/3378/2539 308/3391/2551
f 301/3326/2498 310/3411/2569 311/3393/2553
f 309/3385/2546 308/3391/2551 317/3394/2554
f 306/3383/2544 305/3382/2543 314/3396/2556
f 302/3392/2552 311/3393/2553 312/3398/2558
f 307/3386/2547 306/3383/2544 315/3397/2557
f 303/3384/2545 312/3398/2558 313/3400/2560
f 337/3401/2526 403/3538/2525 404/3402/2561
f 308/3391/2551 307/3386/2547 316/3399/2559
f 304/3387/2548 313/3400/2560 314/3396/2556
f 314/3396/2556 313/3400/2560 322/3403/2562
f 311/3393/2553 310/3411/2569 319/3336/2508
f 317/3394/2554 326/3412/2570 327/3406/2564
f 314/3396/2556 323/3404/1900 324/3407/2565
f 312/3398/2558 311/3393/2553 320/3405/2563
f 315/3397/2557 324/3407/2565 325/3409/2567
f 313/3400/2560 312/3398/2558 321/3408/2566
f 301/3326/2498 399/3325/2497 400/3410/2568
f 316/3399/2559 325/3409/2567 326/3412/2570
f 283/3377/2538 397/3376/1353 398/3413/2571
f 325/3409/2567 334/3421/2579 335/3414/2572
f 323/3404/1900 322/3403/2562 331/3415/2573
f 320/3405/2563 319/3336/2508 328/3338/2510
f 326/3412/2570 335/3414/2572 336/3418/2576
f 323/3404/1900 332/3416/2574 333/3419/2577
f 321/3408/2566 320/3405/2563 329/3417/2575
f 324/3407/2565 333/3419/2577 334/3421/2579
f 322/3403/2562 321/3408/2566 330/3420/2578
f 333/3419/2577 342/3431/2589 343/3422/2580
f 331/3415/2573 330/3420/2578 339/3423/2581
f 355/3342/2514 405/3341/2513 406/3425/2583
f 334/3421/2579 343/3422/2580 344/3427/2585
f 332/3416/2574 331/3415/2573 340/3424/2582
f 329/3417/2575 328/3338/2510 337/3356/2526
f 335/3414/2572 344/3427/2585 345/3430/2588
f 332/3416/2574 341/3428/2586 342/3431/2589
f 330/3420/2578 329/3417/2575 338/3429/2587
f 339/3432/2581 338/3447/2587 347/3433/2590
f 342/3437/2589 351/3448/2597 352/3438/2593
f 340/3440/2582 339/3432/2581 348/3434/2591
f 256/3311/2484 394/3478/2482 395/3442/2501
f 343/3439/2580 352/3438/2593 353/3443/2595
f 341/3445/2586 340/3440/2582 349/3441/2594
f 338/3447/2587 337/3401/2526 346/3340/2512
f 344/3444/2585 353/3443/2595 354/3436/2592
f 341/3445/2586 350/3446/2596 351/3448/2597
f 351/3448/2597 350/3446/2596 359/3449/1343
f 347/3433/2590 356/3458/2606 357/3451/2599
f 352/3438/2593 351/3448/2597 360/3450/2598
f 348/3434/2591 357/3451/2599 358/3454/2602
f 364/3426/2584 406/3425/2583 407/3455/2603
f 353/3443/2595 352/3438/2593 361/3453/2601
f 349/3441/2594 358/3454/2602 359/3449/1343
f 346/3340/2512 355/3342/2514 356/3458/2606
f 354/3436/2592 353/3443/2595 362/3457/2605
f 355/3342/2514 364/3426/2584 365/3459/2607
f 363/3452/2600 362/3457/2605 371/3460/2608
f 360/3450/2598 359/3449/1343 368/3462/2610
f 356/3458/2606 365/3459/2607 366/3464/2612
f 361/3453/2601 360/3450/2598 369/3463/2611
f 357/3451/2599 366/3464/2612 367/3466/2614
f 265/3330/2502 395/3442/2501 396/3467/2615
f 362/3457/2605 361/3453/2601 370/3465/2613
f 358/3454/2602 367/3466/2614 368/3462/2610
f 371/3460/2608 370/3465/2613 379/3468/2616
f 367/3466/2614 376/3475/2622 377/3470/2603
f 364/3426/2584 373/3456/2604 374/3471/2618
f 372/3461/2609 371/3460/2608 380/3469/2617
f 369/3463/2611 368/3462/2610 377/3470/2603
f 365/3459/2607 374/3471/2618 375/3474/2621
f 370/3465/2613 369/3463/2611 378/3473/2620
f 366/3464/2612 375/3474/2621 376/3475/2622
f 373/3456/2604 407/3455/2603 408/3476/2623
f 375/3474/2621 384/3485/2631 385/3477/2624
f 248/3390/2550 393/3389/1473 394/3478/2482
f 380/3469/2617 379/3468/2616 388/3479/2625
f 376/3475/2622 385/3477/2624 386/3481/2627
f 373/3456/2604 382/3388/2549 383/3482/2628
f 381/3472/2619 380/3469/2617 389/3480/2626
f 378/3473/2620 377/3470/2603 386/3481/2627
f 374/3471/2618 383/3482/2628 384/3485/2631
f 379/3468/2616 378/3473/2620 387/3484/2630
f 387/3484/2630 252/3317/2490 392/3322/2494
f 385/3477/2624 384/3485/2631 249/3318/2491
f 310/3411/2569 400/3410/2568 401/3486/1900
f 388/3479/2625 392/3322/2494 253/3313/2486
f 386/3481/2627 385/3477/2624 250/3323/2495
f 383/3482/2628 382/3388/2549 248/3390/2550
f 389/3480/2626 253/3313/2486 254/3315/2488
f 386/3481/2627 251/3307/2480 252/3317/2490
f 384/3485/2631 383/3482/2628 391/3310/2483
usemtl Material.009
f 2947/3539/2638 2946/3540/2638 2945/3541/2638
f 2951/3542/645 2948/3543/645 2947/3539/645
f 2945/3544/1186 2950/3545/1186 2949/3546/1186
f 2945/3547/2639 2951/3542/2639 2947/3548/2639
f 2950/3545/2640 2948/3549/2640 2952/3550/2640
f 2947/3539/2638 2948/3543/2638 2946/3540/2638
f 2951/3542/645 2952/3550/645 2948/3543/645
f 2945/3544/1186 2946/3551/1186 2950/3545/1186
f 2945/3547/2639 2949/3546/2639 2951/3542/2639
f 2950/3545/2640 2946/3552/2640 2948/3549/2640
usemtl Material.010
f 2949/3546/2641 2952/3550/2641 2951/3542/2641
f 2949/3546/2641 2950/3545/2641 2952/3550/2641
usemtl Material.018
f 2954/3553/2641 2955/3554/2641 2953/3555/2641
f 2954/3553/2641 2956/3556/2641 2955/3554/2641
usemtl Material.014
f 3052/3557/2641 3043/3558/2641 3053/3558/2641
f 3048/3559/2642 3037/3560/2642 3049/3560/2642
f 3034/3561/2643 3058/3561/2643 3044/3561/2643
f 3034/3561/645 3033/3562/645 3032/3563/645
f 3046/3564/2643 3034/3561/2643 3044/3561/2643
f 3047/3562/2641 3035/3564/2641 3046/3564/2641
f 3045/3563/2644 3033/3562/2644 3047/3562/2644
f 3038/3565/645 3037/3560/645 3036/3559/645
f 3049/3560/2641 3039/3566/2641 3050/3566/2641
f 3038/3565/2645 3063/3565/2645 3051/3565/2645
f 3050/3566/2645 3038/3565/2645 3051/3565/2645
f 3042/3567/645 3041/3557/645 3040/3568/645
f 3055/3568/2646 3065/3568/2646 3040/3568/2646
f 3053/3558/2647 3042/3567/2647 3054/3567/2647
f 3055/3568/2646 3041/3557/2646 3052/3557/2646
f 3022/3563/2644 3047/3562/2644 3008/3562/2644
f 3009/3564/2643 3044/3561/2643 3023/3561/2643
f 3011/3566/2645 3051/3565/2645 3025/3565/2645
f 3024/3559/2642 3049/3560/2642 3010/3560/2642
f 3026/3568/2646 3052/3557/2646 3012/3557/2646
f 3013/3558/2647 3054/3567/2647 3027/3567/2647
f 3059/3563/2638 3056/3561/2638 3057/3563/2638
f 3044/3561/1186 3059/3563/1186 3045/3563/1186
f 3032/3563/645 3056/3561/645 3034/3561/645
f 3045/3563/2644 3057/3563/2644 3032/3563/2644
f 3062/3559/2638 3060/3565/2638 3061/3559/2638
f 3051/3565/1186 3062/3559/1186 3048/3559/1186
f 3036/3559/645 3060/3565/645 3038/3565/645
f 3048/3559/2642 3061/3559/2642 3036/3559/2642
f 3067/3568/2638 3064/3567/2638 3065/3568/2638
f 3040/3568/645 3064/3567/645 3042/3567/645
f 3054/3567/1186 3067/3568/1186 3055/3568/1186
f 3042/3567/2647 3066/3567/2647 3054/3567/2647
f 3052/3557/2641 3041/3557/2641 3043/3558/2641
f 3048/3559/2642 3036/3559/2642 3037/3560/2642
f 3034/3561/2643 3056/3561/2643 3058/3561/2643
f 3034/3561/645 3035/3564/645 3033/3562/645
f 3046/3564/2643 3035/3564/2643 3034/3561/2643
f 3047/3562/2641 3033/3562/2641 3035/3564/2641
f 3045/3563/2644 3032/3563/2644 3033/3562/2644
f 3038/3565/645 3039/3566/645 3037/3560/645
f 3049/3560/2641 3037/3560/2641 3039/3566/2641
f 3038/3565/2645 3060/3565/2645 3063/3565/2645
f 3050/3566/2645 3039/3566/2645 3038/3565/2645
f 3042/3567/645 3043/3558/645 3041/3557/645
f 3055/3568/2646 3067/3568/2646 3065/3568/2646
f 3053/3558/2647 3043/3558/2647 3042/3567/2647
f 3055/3568/2646 3040/3568/2646 3041/3557/2646
f 3022/3563/2644 3045/3563/2644 3047/3562/2644
f 3009/3564/2643 3046/3564/2643 3044/3561/2643
f 3011/3566/2645 3050/3566/2645 3051/3565/2645
f 3024/3559/2642 3048/3559/2642 3049/3560/2642
f 3026/3568/2646 3055/3568/2646 3052/3557/2646
f 3013/3558/2647 3053/3558/2647 3054/3567/2647
f 3059/3563/2638 3058/3561/2638 3056/3561/2638
f 3044/3561/1186 3058/3561/1186 3059/3563/1186
f 3032/3563/645 3057/3563/645 3056/3561/645
f 3045/3563/2644 3059/3563/2644 3057/3563/2644
f 3062/3559/2638 3063/3565/2638 3060/3565/2638
f 3051/3565/1186 3063/3565/1186 3062/3559/1186
f 3036/3559/645 3061/3559/645 3060/3565/645
f 3048/3559/2642 3062/3559/2642 3061/3559/2642
f 3067/3568/2638 3066/3567/2638 3064/3567/2638
f 3040/3568/645 3065/3568/645 3064/3567/645
f 3054/3567/1186 3066/3567/1186 3067/3568/1186
f 3042/3567/2647 3064/3567/2647 3066/3567/2647
usemtl Material.015
f 2959/3569/645 2996/3570/645 2958/3570/645
f 2969/3571/1186 3003/3572/1186 2968/3572/1186
f 2971/3569/1186 3004/3573/1186 2970/3573/1186
f 2966/3574/645 2999/3572/645 2965/3572/645
f 2957/3575/645 3016/3576/645 3014/3576/645
f 2960/3577/645 2979/3578/645 2978/3577/645
f 2974/3550/2640 2958/3570/2640 2977/3570/2640
f 2967/3574/1186 3005/3577/1186 2973/3577/1186
f 2963/3579/645 2997/3573/645 2962/3573/645
f 2981/3577/2648 2979/3578/2648 2980/3578/2648
f 2960/3577/2649 2981/3577/2649 2973/3577/2649
f 2973/3577/1186 2980/3578/1186 2975/3578/1186
f 2975/3578/2650 2979/3578/2650 2961/3578/2650
f 2985/3578/2640 3020/3580/2640 3021/3581/2640
f 2972/3582/2641 2983/3582/2641 2957/3582/2641
f 2975/3578/1186 3021/3581/1186 3019/3580/1186
f 2961/3578/2638 2985/3578/2638 2975/3578/2638
f 2985/3578/2651 2986/3578/2651 2987/3578/2651
f 2982/3578/2652 2988/3578/2652 2989/3578/2652
f 2985/3578/2653 2990/3578/2653 2975/3578/2653
f 3002/3574/2654 3001/3577/2655 3005/3577/2656
f 3003/3572/2641 3000/3574/2641 3002/3574/2641
f 2992/3571/2641 2999/3572/2641 3003/3572/2641
f 2994/3569/2641 2997/3573/2641 3004/3573/2641
f 3004/3573/2641 2998/3579/2641 3006/3579/2641
f 3006/3579/2641 2993/3571/2641 2992/3571/2641
f 3007/3570/2641 2995/3569/2641 2994/3569/2641
f 2964/3571/645 2998/3579/645 2963/3579/645
f 2970/3573/1186 3006/3579/1186 2976/3579/1186
f 2958/3570/2640 3007/3570/2640 2977/3570/2640
f 2962/3573/645 2995/3569/645 2959/3569/645
f 2966/3574/645 3001/3577/645 3000/3574/645
f 2977/3570/1186 2994/3569/1186 2971/3569/1186
f 2968/3572/1186 3002/3574/1186 2967/3574/1186
f 2965/3572/645 2993/3571/645 2964/3571/645
f 2976/3579/1186 2992/3571/1186 2969/3571/1186
f 3015/3576/1186 2984/3575/1186 2972/3575/1186
f 3017/3583/2640 2983/3575/2640 2984/3575/2640
f 3014/3576/645 3030/3584/645 3028/3584/645
f 3018/3580/645 2982/3578/645 2961/3578/645
f 3019/3580/1186 3031/3585/1186 3029/3584/1186
f 3021/3581/2640 3030/3584/2640 3031/3585/2640
f 3031/3585/2640 3016/3576/2640 3017/3583/2640
f 3029/3584/1186 3017/3583/1186 3015/3576/1186
f 3028/3584/645 3020/3580/645 3018/3580/645
f 3008/3562/2641 3046/3564/2641 3009/3564/2641
f 3022/3563/2638 3044/3561/2638 3045/3563/2638
f 3024/3559/2638 3051/3565/2638 3048/3559/2638
f 3010/3560/2641 3050/3566/2641 3011/3566/2641
f 3026/3568/2638 3054/3567/2638 3055/3568/2638
f 3012/3557/2641 3053/3558/2641 3013/3558/2641
f 2959/3569/645 2995/3569/645 2996/3570/645
f 2969/3571/1186 2992/3571/1186 3003/3572/1186
f 2971/3569/1186 2994/3569/1186 3004/3573/1186
f 2966/3574/645 3000/3574/645 2999/3572/645
f 2957/3575/645 2983/3575/645 3016/3576/645
f 2960/3577/645 2961/3578/645 2979/3578/645
f 2960/3577/2639 2973/3577/2639 3005/3577/2639
f 2967/3574/1186 3002/3574/1186 3005/3577/1186
f 2963/3579/645 2998/3579/645 2997/3573/645
f 2981/3577/2648 2978/3577/2648 2979/3578/2648
f 2960/3577/2649 2978/3577/2649 2981/3577/2649
f 2973/3577/1186 2981/3577/1186 2980/3578/1186
f 2975/3578/2650 2980/3578/2650 2979/3578/2650
f 2985/3578/2640 2982/3578/2640 3020/3580/2640
f 2972/3582/2641 2984/3582/2641 2983/3582/2641
f 2975/3578/1186 2985/3578/1186 3021/3581/1186
f 2961/3578/2638 2982/3578/2638 2985/3578/2638
f 2985/3578/2651 2982/3578/2651 2986/3578/2651
f 2982/3578/2652 2961/3578/2652 2988/3578/2652
f 2985/3578/2653 2991/3578/2653 2990/3578/2653
f 3002/3574/2654 3000/3574/2657 3001/3577/2655
f 3003/3572/2641 2999/3572/2641 3000/3574/2641
f 2992/3571/2641 2993/3571/2641 2999/3572/2641
f 2994/3569/2641 2995/3569/2641 2997/3573/2641
f 3004/3573/2641 2997/3573/2641 2998/3579/2641
f 3006/3579/2641 2998/3579/2641 2993/3571/2641
f 3007/3570/2641 2996/3570/2641 2995/3569/2641
f 2964/3571/645 2993/3571/645 2998/3579/645
f 2970/3573/1186 3004/3573/1186 3006/3579/1186
f 2958/3570/2640 2996/3570/2640 3007/3570/2640
f 2962/3573/645 2997/3573/645 2995/3569/645
f 2966/3574/645 2960/3577/645 3001/3577/645
f 2977/3570/1186 3007/3570/1186 2994/3569/1186
f 2968/3572/1186 3003/3572/1186 3002/3574/1186
f 2965/3572/645 2999/3572/645 2993/3571/645
f 2976/3579/1186 3006/3579/1186 2992/3571/1186
f 3015/3576/1186 3017/3583/1186 2984/3575/1186
f 3017/3583/2640 3016/3576/2640 2983/3575/2640
f 3014/3576/645 3016/3576/645 3030/3584/645
f 3018/3580/645 3020/3580/645 2982/3578/645
f 3019/3580/1186 3021/3581/1186 3031/3585/1186
f 3021/3581/2640 3020/3580/2640 3030/3584/2640
f 3031/3585/2640 3030/3584/2640 3016/3576/2640
f 3029/3584/1186 3031/3585/1186 3017/3583/1186
f 3028/3584/645 3030/3584/645 3020/3580/645
f 3008/3562/2641 3047/3562/2641 3046/3564/2641
f 3022/3563/2638 3023/3561/2638 3044/3561/2638
f 3024/3559/2638 3025/3565/2638 3051/3565/2638
f 3010/3560/2641 3049/3560/2641 3050/3566/2641
f 3026/3568/2638 3027/3567/2638 3054/3567/2638
f 3012/3557/2641 3052/3557/2641 3053/3558/2641
f 3069/3586/1186 3070/3587/1186 3068/3588/1186
